ObjectType = Scene
NDims = 3
NObjects = 3
ObjectType = Group
NDims = 3
ID = 0
Color = 1 0 0 1
BinaryData = False
TransformMatrix = 1 0 0 0 1 0 0 0 1
Offset = 0 0 0
CenterOfRotation = 0 0 0
ElementSpacing = 1 1 1
EndGroup = 
ObjectType = Tube
ObjectSubType = Vessel
NDims = 3
ParentID = 0
Color = 0.8 0.1 0.8 1
BinaryData = False
TransformMatrix = 1 0 0 0 1 0 0 0 1
Offset = 0 0 0
CenterOfRotation = 0 0 0
ElementSpacing = 1 1 1
Root = False
Artery = True
PointDim = x y z r rn mn bn mk v1x v1y v1z v2x v2y v2z tx ty tz a1 a2 a3 red green blue alpha id
NPoints = 1001
Points = 
30 50 0 5 0 0 0 0 0 0 0 0 0 0 0 0 0 0 0 0 1 0 0 1 -1 
30.0018 50 0.1 4.991 0 0 0 0 0 0 0 0 0 0 0 0 0 0 0 0 1 0 0 1 -1 
30.0071 50 0.2 4.982 0 0 0 0 0 0 0 0 0 0 0 0 0 0 0 0 1 0 0 1 -1 
30.016 50 0.3 4.973 0 0 0 0 0 0 0 0 0 0 0 0 0 0 0 0 1 0 0 1 -1 
30.0284 50 0.4 4.964 0 0 0 0 0 0 0 0 0 0 0 0 0 0 0 0 1 0 0 1 -1 
30.0444 50 0.5 4.955 0 0 0 0 0 0 0 0 0 0 0 0 0 0 0 0 1 0 0 1 -1 
30.0639 50 0.6 4.946 0 0 0 0 0 0 0 0 0 0 0 0 0 0 0 0 1 0 0 1 -1 
30.0869 50 0.7 4.937 0 0 0 0 0 0 0 0 0 0 0 0 0 0 0 0 1 0 0 1 -1 
30.1135 50 0.8 4.928 0 0 0 0 0 0 0 0 0 0 0 0 0 0 0 0 1 0 0 1 -1 
30.1436 50 0.9 4.919 0 0 0 0 0 0 0 0 0 0 0 0 0 0 0 0 1 0 0 1 -1 
30.1771 50 1 4.91 0 0 0 0 0 0 0 0 0 0 0 0 0 0 0 0 1 0 0 1 -1 
30.2142 50 1.1 4.901 0 0 0 0 0 0 0 0 0 0 0 0 0 0 0 0 1 0 0 1 -1 
30.2547 50 1.2 4.892 0 0 0 0 0 0 0 0 0 0 0 0 0 0 0 0 1 0 0 1 -1 
30.2987 50 1.3 4.883 0 0 0 0 0 0 0 0 0 0 0 0 0 0 0 0 1 0 0 1 -1 
30.3462 50 1.4 4.874 0 0 0 0 0 0 0 0 0 0 0 0 0 0 0 0 1 0 0 1 -1 
30.3971 50 1.5 4.865 0 0 0 0 0 0 0 0 0 0 0 0 0 0 0 0 1 0 0 1 -1 
30.4514 50 1.6 4.856 0 0 0 0 0 0 0 0 0 0 0 0 0 0 0 0 1 0 0 1 -1 
30.509 50 1.7 4.847 0 0 0 0 0 0 0 0 0 0 0 0 0 0 0 0 1 0 0 1 -1 
30.5701 50 1.8 4.838 0 0 0 0 0 0 0 0 0 0 0 0 0 0 0 0 1 0 0 1 -1 
30.6345 50 1.9 4.829 0 0 0 0 0 0 0 0 0 0 0 0 0 0 0 0 1 0 0 1 -1 
30.7022 50 2 4.82 0 0 0 0 0 0 0 0 0 0 0 0 0 0 0 0 1 0 0 1 -1 
30.7733 50 2.1 4.811 0 0 0 0 0 0 0 0 0 0 0 0 0 0 0 0 1 0 0 1 -1 
30.8476 50 2.2 4.802 0 0 0 0 0 0 0 0 0 0 0 0 0 0 0 0 1 0 0 1 -1 
30.9252 50 2.3 4.793 0 0 0 0 0 0 0 0 0 0 0 0 0 0 0 0 1 0 0 1 -1 
31.0059 50 2.4 4.784 0 0 0 0 0 0 0 0 0 0 0 0 0 0 0 0 1 0 0 1 -1 
31.0899 50 2.5 4.775 0 0 0 0 0 0 0 0 0 0 0 0 0 0 0 0 1 0 0 1 -1 
31.1771 50 2.6 4.766 0 0 0 0 0 0 0 0 0 0 0 0 0 0 0 0 1 0 0 1 -1 
31.2674 50 2.7 4.757 0 0 0 0 0 0 0 0 0 0 0 0 0 0 0 0 1 0 0 1 -1 
31.3608 50 2.8 4.748 0 0 0 0 0 0 0 0 0 0 0 0 0 0 0 0 1 0 0 1 -1 
31.4572 50 2.9 4.739 0 0 0 0 0 0 0 0 0 0 0 0 0 0 0 0 1 0 0 1 -1 
31.5567 50 3 4.73 0 0 0 0 0 0 0 0 0 0 0 0 0 0 0 0 1 0 0 1 -1 
31.6592 50 3.1 4.721 0 0 0 0 0 0 0 0 0 0 0 0 0 0 0 0 1 0 0 1 -1 
31.7647 50 3.2 4.712 0 0 0 0 0 0 0 0 0 0 0 0 0 0 0 0 1 0 0 1 -1 
31.8731 50 3.3 4.703 0 0 0 0 0 0 0 0 0 0 0 0 0 0 0 0 1 0 0 1 -1 
31.9843 50 3.4 4.694 0 0 0 0 0 0 0 0 0 0 0 0 0 0 0 0 1 0 0 1 -1 
32.0984 50 3.5 4.685 0 0 0 0 0 0 0 0 0 0 0 0 0 0 0 0 1 0 0 1 -1 
32.2154 50 3.6 4.676 0 0 0 0 0 0 0 0 0 0 0 0 0 0 0 0 1 0 0 1 -1 
32.3351 50 3.7 4.667 0 0 0 0 0 0 0 0 0 0 0 0 0 0 0 0 1 0 0 1 -1 
32.4575 50 3.8 4.658 0 0 0 0 0 0 0 0 0 0 0 0 0 0 0 0 1 0 0 1 -1 
32.5826 50 3.9 4.649 0 0 0 0 0 0 0 0 0 0 0 0 0 0 0 0 1 0 0 1 -1 
32.7103 50 4 4.64 0 0 0 0 0 0 0 0 0 0 0 0 0 0 0 0 1 0 0 1 -1 
32.8406 50 4.1 4.631 0 0 0 0 0 0 0 0 0 0 0 0 0 0 0 0 1 0 0 1 -1 
32.9735 50 4.2 4.622 0 0 0 0 0 0 0 0 0 0 0 0 0 0 0 0 1 0 0 1 -1 
33.1089 50 4.3 4.613 0 0 0 0 0 0 0 0 0 0 0 0 0 0 0 0 1 0 0 1 -1 
33.2467 50 4.4 4.604 0 0 0 0 0 0 0 0 0 0 0 0 0 0 0 0 1 0 0 1 -1 
33.3869 50 4.5 4.595 0 0 0 0 0 0 0 0 0 0 0 0 0 0 0 0 1 0 0 1 -1 
33.5294 50 4.6 4.586 0 0 0 0 0 0 0 0 0 0 0 0 0 0 0 0 1 0 0 1 -1 
33.6743 50 4.7 4.577 0 0 0 0 0 0 0 0 0 0 0 0 0 0 0 0 1 0 0 1 -1 
33.8214 50 4.8 4.568 0 0 0 0 0 0 0 0 0 0 0 0 0 0 0 0 1 0 0 1 -1 
33.9707 50 4.9 4.559 0 0 0 0 0 0 0 0 0 0 0 0 0 0 0 0 1 0 0 1 -1 
34.1221 50 5 4.55 0 0 0 0 0 0 0 0 0 0 0 0 0 0 0 0 1 0 0 1 -1 
34.2757 50 5.1 4.541 0 0 0 0 0 0 0 0 0 0 0 0 0 0 0 0 1 0 0 1 -1 
34.4312 50 5.2 4.532 0 0 0 0 0 0 0 0 0 0 0 0 0 0 0 0 1 0 0 1 -1 
34.5888 50 5.3 4.523 0 0 0 0 0 0 0 0 0 0 0 0 0 0 0 0 1 0 0 1 -1 
34.7483 50 5.4 4.514 0 0 0 0 0 0 0 0 0 0 0 0 0 0 0 0 1 0 0 1 -1 
34.9096 50 5.5 4.505 0 0 0 0 0 0 0 0 0 0 0 0 0 0 0 0 1 0 0 1 -1 
35.0727 50 5.6 4.496 0 0 0 0 0 0 0 0 0 0 0 0 0 0 0 0 1 0 0 1 -1 
35.2376 50 5.7 4.487 0 0 0 0 0 0 0 0 0 0 0 0 0 0 0 0 1 0 0 1 -1 
35.4042 50 5.8 4.478 0 0 0 0 0 0 0 0 0 0 0 0 0 0 0 0 1 0 0 1 -1 
35.5724 50 5.9 4.469 0 0 0 0 0 0 0 0 0 0 0 0 0 0 0 0 1 0 0 1 -1 
35.7422 50 6 4.46 0 0 0 0 0 0 0 0 0 0 0 0 0 0 0 0 1 0 0 1 -1 
35.9135 50 6.1 4.451 0 0 0 0 0 0 0 0 0 0 0 0 0 0 0 0 1 0 0 1 -1 
36.0863 50 6.2 4.442 0 0 0 0 0 0 0 0 0 0 0 0 0 0 0 0 1 0 0 1 -1 
36.2604 50 6.3 4.433 0 0 0 0 0 0 0 0 0 0 0 0 0 0 0 0 1 0 0 1 -1 
36.4359 50 6.4 4.424 0 0 0 0 0 0 0 0 0 0 0 0 0 0 0 0 1 0 0 1 -1 
36.6126 50 6.5 4.415 0 0 0 0 0 0 0 0 0 0 0 0 0 0 0 0 1 0 0 1 -1 
36.7906 50 6.6 4.406 0 0 0 0 0 0 0 0 0 0 0 0 0 0 0 0 1 0 0 1 -1 
36.9696 50 6.7 4.397 0 0 0 0 0 0 0 0 0 0 0 0 0 0 0 0 1 0 0 1 -1 
37.1498 50 6.8 4.388 0 0 0 0 0 0 0 0 0 0 0 0 0 0 0 0 1 0 0 1 -1 
37.331 50 6.9 4.379 0 0 0 0 0 0 0 0 0 0 0 0 0 0 0 0 1 0 0 1 -1 
37.5131 50 7 4.37 0 0 0 0 0 0 0 0 0 0 0 0 0 0 0 0 1 0 0 1 -1 
37.6961 50 7.1 4.361 0 0 0 0 0 0 0 0 0 0 0 0 0 0 0 0 1 0 0 1 -1 
37.8799 50 7.2 4.352 0 0 0 0 0 0 0 0 0 0 0 0 0 0 0 0 1 0 0 1 -1 
38.0645 50 7.3 4.343 0 0 0 0 0 0 0 0 0 0 0 0 0 0 0 0 1 0 0 1 -1 
38.2498 50 7.4 4.334 0 0 0 0 0 0 0 0 0 0 0 0 0 0 0 0 1 0 0 1 -1 
38.4357 50 7.5 4.325 0 0 0 0 0 0 0 0 0 0 0 0 0 0 0 0 1 0 0 1 -1 
38.6221 50 7.6 4.316 0 0 0 0 0 0 0 0 0 0 0 0 0 0 0 0 1 0 0 1 -1 
38.809 50 7.7 4.307 0 0 0 0 0 0 0 0 0 0 0 0 0 0 0 0 1 0 0 1 -1 
38.9964 50 7.8 4.298 0 0 0 0 0 0 0 0 0 0 0 0 0 0 0 0 1 0 0 1 -1 
39.1841 50 7.9 4.289 0 0 0 0 0 0 0 0 0 0 0 0 0 0 0 0 1 0 0 1 -1 
39.3721 50 8 4.28 0 0 0 0 0 0 0 0 0 0 0 0 0 0 0 0 1 0 0 1 -1 
39.5603 50 8.1 4.271 0 0 0 0 0 0 0 0 0 0 0 0 0 0 0 0 1 0 0 1 -1 
39.7487 50 8.2 4.262 0 0 0 0 0 0 0 0 0 0 0 0 0 0 0 0 1 0 0 1 -1 
39.9372 50 8.3 4.253 0 0 0 0 0 0 0 0 0 0 0 0 0 0 0 0 1 0 0 1 -1 
40.1257 50 8.4 4.244 0 0 0 0 0 0 0 0 0 0 0 0 0 0 0 0 1 0 0 1 -1 
40.3141 50 8.5 4.235 0 0 0 0 0 0 0 0 0 0 0 0 0 0 0 0 1 0 0 1 -1 
40.5024 50 8.6 4.226 0 0 0 0 0 0 0 0 0 0 0 0 0 0 0 0 1 0 0 1 -1 
40.6906 50 8.7 4.217 0 0 0 0 0 0 0 0 0 0 0 0 0 0 0 0 1 0 0 1 -1 
40.8785 50 8.8 4.208 0 0 0 0 0 0 0 0 0 0 0 0 0 0 0 0 1 0 0 1 -1 
41.0661 50 8.9 4.199 0 0 0 0 0 0 0 0 0 0 0 0 0 0 0 0 1 0 0 1 -1 
41.2533 50 9 4.19 0 0 0 0 0 0 0 0 0 0 0 0 0 0 0 0 1 0 0 1 -1 
41.4401 50 9.1 4.181 0 0 0 0 0 0 0 0 0 0 0 0 0 0 0 0 1 0 0 1 -1 
41.6264 50 9.2 4.172 0 0 0 0 0 0 0 0 0 0 0 0 0 0 0 0 1 0 0 1 -1 
41.8121 50 9.3 4.163 0 0 0 0 0 0 0 0 0 0 0 0 0 0 0 0 1 0 0 1 -1 
41.9971 50 9.4 4.154 0 0 0 0 0 0 0 0 0 0 0 0 0 0 0 0 1 0 0 1 -1 
42.1814 50 9.5 4.145 0 0 0 0 0 0 0 0 0 0 0 0 0 0 0 0 1 0 0 1 -1 
42.365 50 9.6 4.136 0 0 0 0 0 0 0 0 0 0 0 0 0 0 0 0 1 0 0 1 -1 
42.5477 50 9.7 4.127 0 0 0 0 0 0 0 0 0 0 0 0 0 0 0 0 1 0 0 1 -1 
42.7295 50 9.8 4.118 0 0 0 0 0 0 0 0 0 0 0 0 0 0 0 0 1 0 0 1 -1 
42.9104 50 9.9 4.109 0 0 0 0 0 0 0 0 0 0 0 0 0 0 0 0 1 0 0 1 -1 
43.0902 50 10 4.1 0 0 0 0 0 0 0 0 0 0 0 0 0 0 0 0 1 0 0 1 -1 
43.2689 50 10.1 4.091 0 0 0 0 0 0 0 0 0 0 0 0 0 0 0 0 1 0 0 1 -1 
43.4464 50 10.2 4.082 0 0 0 0 0 0 0 0 0 0 0 0 0 0 0 0 1 0 0 1 -1 
43.6228 50 10.3 4.073 0 0 0 0 0 0 0 0 0 0 0 0 0 0 0 0 1 0 0 1 -1 
43.7978 50 10.4 4.064 0 0 0 0 0 0 0 0 0 0 0 0 0 0 0 0 1 0 0 1 -1 
43.9715 50 10.5 4.055 0 0 0 0 0 0 0 0 0 0 0 0 0 0 0 0 1 0 0 1 -1 
44.1438 50 10.6 4.046 0 0 0 0 0 0 0 0 0 0 0 0 0 0 0 0 1 0 0 1 -1 
44.3146 50 10.7 4.037 0 0 0 0 0 0 0 0 0 0 0 0 0 0 0 0 1 0 0 1 -1 
44.4838 50 10.8 4.028 0 0 0 0 0 0 0 0 0 0 0 0 0 0 0 0 1 0 0 1 -1 
44.6515 50 10.9 4.019 0 0 0 0 0 0 0 0 0 0 0 0 0 0 0 0 1 0 0 1 -1 
44.8175 50 11 4.01 0 0 0 0 0 0 0 0 0 0 0 0 0 0 0 0 1 0 0 1 -1 
44.9818 50 11.1 4.001 0 0 0 0 0 0 0 0 0 0 0 0 0 0 0 0 1 0 0 1 -1 
45.1444 50 11.2 3.992 0 0 0 0 0 0 0 0 0 0 0 0 0 0 0 0 1 0 0 1 -1 
45.3051 50 11.3 3.983 0 0 0 0 0 0 0 0 0 0 0 0 0 0 0 0 1 0 0 1 -1 
45.4639 50 11.4 3.974 0 0 0 0 0 0 0 0 0 0 0 0 0 0 0 0 1 0 0 1 -1 
45.6208 50 11.5 3.965 0 0 0 0 0 0 0 0 0 0 0 0 0 0 0 0 1 0 0 1 -1 
45.7757 50 11.6 3.956 0 0 0 0 0 0 0 0 0 0 0 0 0 0 0 0 1 0 0 1 -1 
45.9286 50 11.7 3.947 0 0 0 0 0 0 0 0 0 0 0 0 0 0 0 0 1 0 0 1 -1 
46.0793 50 11.8 3.938 0 0 0 0 0 0 0 0 0 0 0 0 0 0 0 0 1 0 0 1 -1 
46.2279 50 11.9 3.929 0 0 0 0 0 0 0 0 0 0 0 0 0 0 0 0 1 0 0 1 -1 
46.3742 50 12 3.92 0 0 0 0 0 0 0 0 0 0 0 0 0 0 0 0 1 0 0 1 -1 
46.5183 50 12.1 3.911 0 0 0 0 0 0 0 0 0 0 0 0 0 0 0 0 1 0 0 1 -1 
46.6601 50 12.2 3.902 0 0 0 0 0 0 0 0 0 0 0 0 0 0 0 0 1 0 0 1 -1 
46.7995 50 12.3 3.893 0 0 0 0 0 0 0 0 0 0 0 0 0 0 0 0 1 0 0 1 -1 
46.9365 50 12.4 3.884 0 0 0 0 0 0 0 0 0 0 0 0 0 0 0 0 1 0 0 1 -1 
47.0711 50 12.5 3.875 0 0 0 0 0 0 0 0 0 0 0 0 0 0 0 0 1 0 0 1 -1 
47.2031 50 12.6 3.866 0 0 0 0 0 0 0 0 0 0 0 0 0 0 0 0 1 0 0 1 -1 
47.3326 50 12.7 3.857 0 0 0 0 0 0 0 0 0 0 0 0 0 0 0 0 1 0 0 1 -1 
47.4594 50 12.8 3.848 0 0 0 0 0 0 0 0 0 0 0 0 0 0 0 0 1 0 0 1 -1 
47.5836 50 12.9 3.839 0 0 0 0 0 0 0 0 0 0 0 0 0 0 0 0 1 0 0 1 -1 
47.7051 50 13 3.83 0 0 0 0 0 0 0 0 0 0 0 0 0 0 0 0 1 0 0 1 -1 
47.8239 50 13.1 3.821 0 0 0 0 0 0 0 0 0 0 0 0 0 0 0 0 1 0 0 1 -1 
47.9399 50 13.2 3.812 0 0 0 0 0 0 0 0 0 0 0 0 0 0 0 0 1 0 0 1 -1 
48.0531 50 13.3 3.803 0 0 0 0 0 0 0 0 0 0 0 0 0 0 0 0 1 0 0 1 -1 
48.1634 50 13.4 3.794 0 0 0 0 0 0 0 0 0 0 0 0 0 0 0 0 1 0 0 1 -1 
48.2708 50 13.5 3.785 0 0 0 0 0 0 0 0 0 0 0 0 0 0 0 0 1 0 0 1 -1 
48.3753 50 13.6 3.776 0 0 0 0 0 0 0 0 0 0 0 0 0 0 0 0 1 0 0 1 -1 
48.4768 50 13.7 3.767 0 0 0 0 0 0 0 0 0 0 0 0 0 0 0 0 1 0 0 1 -1 
48.5753 50 13.8 3.758 0 0 0 0 0 0 0 0 0 0 0 0 0 0 0 0 1 0 0 1 -1 
48.6707 50 13.9 3.749 0 0 0 0 0 0 0 0 0 0 0 0 0 0 0 0 1 0 0 1 -1 
48.7631 50 14 3.74 0 0 0 0 0 0 0 0 0 0 0 0 0 0 0 0 1 0 0 1 -1 
48.8523 50 14.1 3.731 0 0 0 0 0 0 0 0 0 0 0 0 0 0 0 0 1 0 0 1 -1 
48.9384 50 14.2 3.722 0 0 0 0 0 0 0 0 0 0 0 0 0 0 0 0 1 0 0 1 -1 
49.0213 50 14.3 3.713 0 0 0 0 0 0 0 0 0 0 0 0 0 0 0 0 1 0 0 1 -1 
49.1011 50 14.4 3.704 0 0 0 0 0 0 0 0 0 0 0 0 0 0 0 0 1 0 0 1 -1 
49.1775 50 14.5 3.695 0 0 0 0 0 0 0 0 0 0 0 0 0 0 0 0 1 0 0 1 -1 
49.2508 50 14.6 3.686 0 0 0 0 0 0 0 0 0 0 0 0 0 0 0 0 1 0 0 1 -1 
49.3207 50 14.7 3.677 0 0 0 0 0 0 0 0 0 0 0 0 0 0 0 0 1 0 0 1 -1 
49.3873 50 14.8 3.668 0 0 0 0 0 0 0 0 0 0 0 0 0 0 0 0 1 0 0 1 -1 
49.4506 50 14.9 3.659 0 0 0 0 0 0 0 0 0 0 0 0 0 0 0 0 1 0 0 1 -1 
49.5106 50 15 3.65 0 0 0 0 0 0 0 0 0 0 0 0 0 0 0 0 1 0 0 1 -1 
49.5671 50 15.1 3.641 0 0 0 0 0 0 0 0 0 0 0 0 0 0 0 0 1 0 0 1 -1 
49.6203 50 15.2 3.632 0 0 0 0 0 0 0 0 0 0 0 0 0 0 0 0 1 0 0 1 -1 
49.67 50 15.3 3.623 0 0 0 0 0 0 0 0 0 0 0 0 0 0 0 0 1 0 0 1 -1 
49.7163 50 15.4 3.614 0 0 0 0 0 0 0 0 0 0 0 0 0 0 0 0 1 0 0 1 -1 
49.7592 50 15.5 3.605 0 0 0 0 0 0 0 0 0 0 0 0 0 0 0 0 1 0 0 1 -1 
49.7985 50 15.6 3.596 0 0 0 0 0 0 0 0 0 0 0 0 0 0 0 0 1 0 0 1 -1 
49.8345 50 15.7 3.587 0 0 0 0 0 0 0 0 0 0 0 0 0 0 0 0 1 0 0 1 -1 
49.8669 50 15.8 3.578 0 0 0 0 0 0 0 0 0 0 0 0 0 0 0 0 1 0 0 1 -1 
49.8958 50 15.9 3.569 0 0 0 0 0 0 0 0 0 0 0 0 0 0 0 0 1 0 0 1 -1 
49.9211 50 16 3.56 0 0 0 0 0 0 0 0 0 0 0 0 0 0 0 0 1 0 0 1 -1 
49.943 50 16.1 3.551 0 0 0 0 0 0 0 0 0 0 0 0 0 0 0 0 1 0 0 1 -1 
49.9613 50 16.2 3.542 0 0 0 0 0 0 0 0 0 0 0 0 0 0 0 0 1 0 0 1 -1 
49.9761 50 16.3 3.533 0 0 0 0 0 0 0 0 0 0 0 0 0 0 0 0 1 0 0 1 -1 
49.9874 50 16.4 3.524 0 0 0 0 0 0 0 0 0 0 0 0 0 0 0 0 1 0 0 1 -1 
49.9951 50 16.5 3.515 0 0 0 0 0 0 0 0 0 0 0 0 0 0 0 0 1 0 0 1 -1 
49.9992 50 16.6 3.506 0 0 0 0 0 0 0 0 0 0 0 0 0 0 0 0 1 0 0 1 -1 
49.9998 50 16.7 3.497 0 0 0 0 0 0 0 0 0 0 0 0 0 0 0 0 1 0 0 1 -1 
49.9968 50 16.8 3.488 0 0 0 0 0 0 0 0 0 0 0 0 0 0 0 0 1 0 0 1 -1 
49.9903 50 16.9 3.479 0 0 0 0 0 0 0 0 0 0 0 0 0 0 0 0 1 0 0 1 -1 
49.9803 50 17 3.47 0 0 0 0 0 0 0 0 0 0 0 0 0 0 0 0 1 0 0 1 -1 
49.9667 50 17.1 3.461 0 0 0 0 0 0 0 0 0 0 0 0 0 0 0 0 1 0 0 1 -1 
49.9495 50 17.2 3.452 0 0 0 0 0 0 0 0 0 0 0 0 0 0 0 0 1 0 0 1 -1 
49.9288 50 17.3 3.443 0 0 0 0 0 0 0 0 0 0 0 0 0 0 0 0 1 0 0 1 -1 
49.9046 50 17.4 3.434 0 0 0 0 0 0 0 0 0 0 0 0 0 0 0 0 1 0 0 1 -1 
49.8769 50 17.5 3.425 0 0 0 0 0 0 0 0 0 0 0 0 0 0 0 0 1 0 0 1 -1 
49.8456 50 17.6 3.416 0 0 0 0 0 0 0 0 0 0 0 0 0 0 0 0 1 0 0 1 -1 
49.8109 50 17.7 3.407 0 0 0 0 0 0 0 0 0 0 0 0 0 0 0 0 1 0 0 1 -1 
49.7727 50 17.8 3.398 0 0 0 0 0 0 0 0 0 0 0 0 0 0 0 0 1 0 0 1 -1 
49.731 50 17.9 3.389 0 0 0 0 0 0 0 0 0 0 0 0 0 0 0 0 1 0 0 1 -1 
49.6858 50 18 3.38 0 0 0 0 0 0 0 0 0 0 0 0 0 0 0 0 1 0 0 1 -1 
49.6372 50 18.1 3.371 0 0 0 0 0 0 0 0 0 0 0 0 0 0 0 0 1 0 0 1 -1 
49.5852 50 18.2 3.362 0 0 0 0 0 0 0 0 0 0 0 0 0 0 0 0 1 0 0 1 -1 
49.5298 50 18.3 3.353 0 0 0 0 0 0 0 0 0 0 0 0 0 0 0 0 1 0 0 1 -1 
49.471 50 18.4 3.344 0 0 0 0 0 0 0 0 0 0 0 0 0 0 0 0 1 0 0 1 -1 
49.4088 50 18.5 3.335 0 0 0 0 0 0 0 0 0 0 0 0 0 0 0 0 1 0 0 1 -1 
49.3433 50 18.6 3.326 0 0 0 0 0 0 0 0 0 0 0 0 0 0 0 0 1 0 0 1 -1 
49.2745 50 18.7 3.317 0 0 0 0 0 0 0 0 0 0 0 0 0 0 0 0 1 0 0 1 -1 
49.2023 50 18.8 3.308 0 0 0 0 0 0 0 0 0 0 0 0 0 0 0 0 1 0 0 1 -1 
49.1269 50 18.9 3.299 0 0 0 0 0 0 0 0 0 0 0 0 0 0 0 0 1 0 0 1 -1 
49.0483 50 19 3.29 0 0 0 0 0 0 0 0 0 0 0 0 0 0 0 0 1 0 0 1 -1 
48.9664 50 19.1 3.281 0 0 0 0 0 0 0 0 0 0 0 0 0 0 0 0 1 0 0 1 -1 
48.8814 50 19.2 3.272 0 0 0 0 0 0 0 0 0 0 0 0 0 0 0 0 1 0 0 1 -1 
48.7932 50 19.3 3.263 0 0 0 0 0 0 0 0 0 0 0 0 0 0 0 0 1 0 0 1 -1 
48.7018 50 19.4 3.254 0 0 0 0 0 0 0 0 0 0 0 0 0 0 0 0 1 0 0 1 -1 
48.6074 50 19.5 3.245 0 0 0 0 0 0 0 0 0 0 0 0 0 0 0 0 1 0 0 1 -1 
48.5099 50 19.6 3.236 0 0 0 0 0 0 0 0 0 0 0 0 0 0 0 0 1 0 0 1 -1 
48.4094 50 19.7 3.227 0 0 0 0 0 0 0 0 0 0 0 0 0 0 0 0 1 0 0 1 -1 
48.306 50 19.8 3.218 0 0 0 0 0 0 0 0 0 0 0 0 0 0 0 0 1 0 0 1 -1 
48.1995 50 19.9 3.209 0 0 0 0 0 0 0 0 0 0 0 0 0 0 0 0 1 0 0 1 -1 
48.0902 50 20 3.2 0 0 0 0 0 0 0 0 0 0 0 0 0 0 0 0 1 0 0 1 -1 
47.9779 50 20.1 3.191 0 0 0 0 0 0 0 0 0 0 0 0 0 0 0 0 1 0 0 1 -1 
47.8629 50 20.2 3.182 0 0 0 0 0 0 0 0 0 0 0 0 0 0 0 0 1 0 0 1 -1 
47.745 50 20.3 3.173 0 0 0 0 0 0 0 0 0 0 0 0 0 0 0 0 1 0 0 1 -1 
47.6244 50 20.4 3.164 0 0 0 0 0 0 0 0 0 0 0 0 0 0 0 0 1 0 0 1 -1 
47.5011 50 20.5 3.155 0 0 0 0 0 0 0 0 0 0 0 0 0 0 0 0 1 0 0 1 -1 
47.3751 50 20.6 3.146 0 0 0 0 0 0 0 0 0 0 0 0 0 0 0 0 1 0 0 1 -1 
47.2465 50 20.7 3.137 0 0 0 0 0 0 0 0 0 0 0 0 0 0 0 0 1 0 0 1 -1 
47.1154 50 20.8 3.128 0 0 0 0 0 0 0 0 0 0 0 0 0 0 0 0 1 0 0 1 -1 
46.9817 50 20.9 3.119 0 0 0 0 0 0 0 0 0 0 0 0 0 0 0 0 1 0 0 1 -1 
46.8455 50 21 3.11 0 0 0 0 0 0 0 0 0 0 0 0 0 0 0 0 1 0 0 1 -1 
46.7069 50 21.1 3.101 0 0 0 0 0 0 0 0 0 0 0 0 0 0 0 0 1 0 0 1 -1 
46.5659 50 21.2 3.092 0 0 0 0 0 0 0 0 0 0 0 0 0 0 0 0 1 0 0 1 -1 
46.4225 50 21.3 3.083 0 0 0 0 0 0 0 0 0 0 0 0 0 0 0 0 1 0 0 1 -1 
46.2769 50 21.4 3.074 0 0 0 0 0 0 0 0 0 0 0 0 0 0 0 0 1 0 0 1 -1 
46.1291 50 21.5 3.065 0 0 0 0 0 0 0 0 0 0 0 0 0 0 0 0 1 0 0 1 -1 
45.979 50 21.6 3.056 0 0 0 0 0 0 0 0 0 0 0 0 0 0 0 0 1 0 0 1 -1 
45.8269 50 21.7 3.047 0 0 0 0 0 0 0 0 0 0 0 0 0 0 0 0 1 0 0 1 -1 
45.6727 50 21.8 3.038 0 0 0 0 0 0 0 0 0 0 0 0 0 0 0 0 1 0 0 1 -1 
45.5165 50 21.9 3.029 0 0 0 0 0 0 0 0 0 0 0 0 0 0 0 0 1 0 0 1 -1 
45.3583 50 22 3.02 0 0 0 0 0 0 0 0 0 0 0 0 0 0 0 0 1 0 0 1 -1 
45.1982 50 22.1 3.011 0 0 0 0 0 0 0 0 0 0 0 0 0 0 0 0 1 0 0 1 -1 
45.0362 50 22.2 3.002 0 0 0 0 0 0 0 0 0 0 0 0 0 0 0 0 1 0 0 1 -1 
44.8725 50 22.3 2.993 0 0 0 0 0 0 0 0 0 0 0 0 0 0 0 0 1 0 0 1 -1 
44.707 50 22.4 2.984 0 0 0 0 0 0 0 0 0 0 0 0 0 0 0 0 1 0 0 1 -1 
44.5399 50 22.5 2.975 0 0 0 0 0 0 0 0 0 0 0 0 0 0 0 0 1 0 0 1 -1 
44.3712 50 22.6 2.966 0 0 0 0 0 0 0 0 0 0 0 0 0 0 0 0 1 0 0 1 -1 
44.2009 50 22.7 2.957 0 0 0 0 0 0 0 0 0 0 0 0 0 0 0 0 1 0 0 1 -1 
44.0291 50 22.8 2.948 0 0 0 0 0 0 0 0 0 0 0 0 0 0 0 0 1 0 0 1 -1 
43.8558 50 22.9 2.939 0 0 0 0 0 0 0 0 0 0 0 0 0 0 0 0 1 0 0 1 -1 
43.6812 50 23 2.93 0 0 0 0 0 0 0 0 0 0 0 0 0 0 0 0 1 0 0 1 -1 
43.5053 50 23.1 2.921 0 0 0 0 0 0 0 0 0 0 0 0 0 0 0 0 1 0 0 1 -1 
43.3282 50 23.2 2.912 0 0 0 0 0 0 0 0 0 0 0 0 0 0 0 0 1 0 0 1 -1 
43.1499 50 23.3 2.903 0 0 0 0 0 0 0 0 0 0 0 0 0 0 0 0 1 0 0 1 -1 
42.9704 50 23.4 2.894 0 0 0 0 0 0 0 0 0 0 0 0 0 0 0 0 1 0 0 1 -1 
42.7899 50 23.5 2.885 0 0 0 0 0 0 0 0 0 0 0 0 0 0 0 0 1 0 0 1 -1 
42.6084 50 23.6 2.876 0 0 0 0 0 0 0 0 0 0 0 0 0 0 0 0 1 0 0 1 -1 
42.426 50 23.7 2.867 0 0 0 0 0 0 0 0 0 0 0 0 0 0 0 0 1 0 0 1 -1 
42.2427 50 23.8 2.858 0 0 0 0 0 0 0 0 0 0 0 0 0 0 0 0 1 0 0 1 -1 
42.0586 50 23.9 2.849 0 0 0 0 0 0 0 0 0 0 0 0 0 0 0 0 1 0 0 1 -1 
41.8738 50 24 2.84 0 0 0 0 0 0 0 0 0 0 0 0 0 0 0 0 1 0 0 1 -1 
41.6883 50 24.1 2.831 0 0 0 0 0 0 0 0 0 0 0 0 0 0 0 0 1 0 0 1 -1 
41.5023 50 24.2 2.822 0 0 0 0 0 0 0 0 0 0 0 0 0 0 0 0 1 0 0 1 -1 
41.3156 50 24.3 2.813 0 0 0 0 0 0 0 0 0 0 0 0 0 0 0 0 1 0 0 1 -1 
41.1286 50 24.4 2.804 0 0 0 0 0 0 0 0 0 0 0 0 0 0 0 0 1 0 0 1 -1 
40.9411 50 24.5 2.795 0 0 0 0 0 0 0 0 0 0 0 0 0 0 0 0 1 0 0 1 -1 
40.7533 50 24.6 2.786 0 0 0 0 0 0 0 0 0 0 0 0 0 0 0 0 1 0 0 1 -1 
40.5652 50 24.7 2.777 0 0 0 0 0 0 0 0 0 0 0 0 0 0 0 0 1 0 0 1 -1 
40.3769 50 24.8 2.768 0 0 0 0 0 0 0 0 0 0 0 0 0 0 0 0 1 0 0 1 -1 
40.1885 50 24.9 2.759 0 0 0 0 0 0 0 0 0 0 0 0 0 0 0 0 1 0 0 1 -1 
40 50 25 2.75 0 0 0 0 0 0 0 0 0 0 0 0 0 0 0 0 1 0 0 1 -1 
39.8115 50 25.1 2.741 0 0 0 0 0 0 0 0 0 0 0 0 0 0 0 0 1 0 0 1 -1 
39.6231 50 25.2 2.732 0 0 0 0 0 0 0 0 0 0 0 0 0 0 0 0 1 0 0 1 -1 
39.4348 50 25.3 2.723 0 0 0 0 0 0 0 0 0 0 0 0 0 0 0 0 1 0 0 1 -1 
39.2467 50 25.4 2.714 0 0 0 0 0 0 0 0 0 0 0 0 0 0 0 0 1 0 0 1 -1 
39.0589 50 25.5 2.705 0 0 0 0 0 0 0 0 0 0 0 0 0 0 0 0 1 0 0 1 -1 
38.8714 50 25.6 2.696 0 0 0 0 0 0 0 0 0 0 0 0 0 0 0 0 1 0 0 1 -1 
38.6844 50 25.7 2.687 0 0 0 0 0 0 0 0 0 0 0 0 0 0 0 0 1 0 0 1 -1 
38.4977 50 25.8 2.678 0 0 0 0 0 0 0 0 0 0 0 0 0 0 0 0 1 0 0 1 -1 
38.3117 50 25.9 2.669 0 0 0 0 0 0 0 0 0 0 0 0 0 0 0 0 1 0 0 1 -1 
38.1262 50 26 2.66 0 0 0 0 0 0 0 0 0 0 0 0 0 0 0 0 1 0 0 1 -1 
37.9414 50 26.1 2.651 0 0 0 0 0 0 0 0 0 0 0 0 0 0 0 0 1 0 0 1 -1 
37.7573 50 26.2 2.642 0 0 0 0 0 0 0 0 0 0 0 0 0 0 0 0 1 0 0 1 -1 
37.574 50 26.3 2.633 0 0 0 0 0 0 0 0 0 0 0 0 0 0 0 0 1 0 0 1 -1 
37.3916 50 26.4 2.624 0 0 0 0 0 0 0 0 0 0 0 0 0 0 0 0 1 0 0 1 -1 
37.2101 50 26.5 2.615 0 0 0 0 0 0 0 0 0 0 0 0 0 0 0 0 1 0 0 1 -1 
37.0296 50 26.6 2.606 0 0 0 0 0 0 0 0 0 0 0 0 0 0 0 0 1 0 0 1 -1 
36.8501 50 26.7 2.597 0 0 0 0 0 0 0 0 0 0 0 0 0 0 0 0 1 0 0 1 -1 
36.6718 50 26.8 2.588 0 0 0 0 0 0 0 0 0 0 0 0 0 0 0 0 1 0 0 1 -1 
36.4947 50 26.9 2.579 0 0 0 0 0 0 0 0 0 0 0 0 0 0 0 0 1 0 0 1 -1 
36.3188 50 27 2.57 0 0 0 0 0 0 0 0 0 0 0 0 0 0 0 0 1 0 0 1 -1 
36.1442 50 27.1 2.561 0 0 0 0 0 0 0 0 0 0 0 0 0 0 0 0 1 0 0 1 -1 
35.9709 50 27.2 2.552 0 0 0 0 0 0 0 0 0 0 0 0 0 0 0 0 1 0 0 1 -1 
35.7991 50 27.3 2.543 0 0 0 0 0 0 0 0 0 0 0 0 0 0 0 0 1 0 0 1 -1 
35.6288 50 27.4 2.534 0 0 0 0 0 0 0 0 0 0 0 0 0 0 0 0 1 0 0 1 -1 
35.4601 50 27.5 2.525 0 0 0 0 0 0 0 0 0 0 0 0 0 0 0 0 1 0 0 1 -1 
35.293 50 27.6 2.516 0 0 0 0 0 0 0 0 0 0 0 0 0 0 0 0 1 0 0 1 -1 
35.1275 50 27.7 2.507 0 0 0 0 0 0 0 0 0 0 0 0 0 0 0 0 1 0 0 1 -1 
34.9638 50 27.8 2.498 0 0 0 0 0 0 0 0 0 0 0 0 0 0 0 0 1 0 0 1 -1 
34.8018 50 27.9 2.489 0 0 0 0 0 0 0 0 0 0 0 0 0 0 0 0 1 0 0 1 -1 
34.6417 50 28 2.48 0 0 0 0 0 0 0 0 0 0 0 0 0 0 0 0 1 0 0 1 -1 
34.4835 50 28.1 2.471 0 0 0 0 0 0 0 0 0 0 0 0 0 0 0 0 1 0 0 1 -1 
34.3273 50 28.2 2.462 0 0 0 0 0 0 0 0 0 0 0 0 0 0 0 0 1 0 0 1 -1 
34.1731 50 28.3 2.453 0 0 0 0 0 0 0 0 0 0 0 0 0 0 0 0 1 0 0 1 -1 
34.021 50 28.4 2.444 0 0 0 0 0 0 0 0 0 0 0 0 0 0 0 0 1 0 0 1 -1 
33.8709 50 28.5 2.435 0 0 0 0 0 0 0 0 0 0 0 0 0 0 0 0 1 0 0 1 -1 
33.7231 50 28.6 2.426 0 0 0 0 0 0 0 0 0 0 0 0 0 0 0 0 1 0 0 1 -1 
33.5775 50 28.7 2.417 0 0 0 0 0 0 0 0 0 0 0 0 0 0 0 0 1 0 0 1 -1 
33.4341 50 28.8 2.408 0 0 0 0 0 0 0 0 0 0 0 0 0 0 0 0 1 0 0 1 -1 
33.2931 50 28.9 2.399 0 0 0 0 0 0 0 0 0 0 0 0 0 0 0 0 1 0 0 1 -1 
33.1545 50 29 2.39 0 0 0 0 0 0 0 0 0 0 0 0 0 0 0 0 1 0 0 1 -1 
33.0183 50 29.1 2.381 0 0 0 0 0 0 0 0 0 0 0 0 0 0 0 0 1 0 0 1 -1 
32.8846 50 29.2 2.372 0 0 0 0 0 0 0 0 0 0 0 0 0 0 0 0 1 0 0 1 -1 
32.7535 50 29.3 2.363 0 0 0 0 0 0 0 0 0 0 0 0 0 0 0 0 1 0 0 1 -1 
32.6249 50 29.4 2.354 0 0 0 0 0 0 0 0 0 0 0 0 0 0 0 0 1 0 0 1 -1 
32.4989 50 29.5 2.345 0 0 0 0 0 0 0 0 0 0 0 0 0 0 0 0 1 0 0 1 -1 
32.3756 50 29.6 2.336 0 0 0 0 0 0 0 0 0 0 0 0 0 0 0 0 1 0 0 1 -1 
32.255 50 29.7 2.327 0 0 0 0 0 0 0 0 0 0 0 0 0 0 0 0 1 0 0 1 -1 
32.1371 50 29.8 2.318 0 0 0 0 0 0 0 0 0 0 0 0 0 0 0 0 1 0 0 1 -1 
32.0221 50 29.9 2.309 0 0 0 0 0 0 0 0 0 0 0 0 0 0 0 0 1 0 0 1 -1 
31.9098 50 30 2.3 0 0 0 0 0 0 0 0 0 0 0 0 0 0 0 0 1 0 0 1 -1 
31.8005 50 30.1 2.291 0 0 0 0 0 0 0 0 0 0 0 0 0 0 0 0 1 0 0 1 -1 
31.694 50 30.2 2.282 0 0 0 0 0 0 0 0 0 0 0 0 0 0 0 0 1 0 0 1 -1 
31.5906 50 30.3 2.273 0 0 0 0 0 0 0 0 0 0 0 0 0 0 0 0 1 0 0 1 -1 
31.4901 50 30.4 2.264 0 0 0 0 0 0 0 0 0 0 0 0 0 0 0 0 1 0 0 1 -1 
31.3926 50 30.5 2.255 0 0 0 0 0 0 0 0 0 0 0 0 0 0 0 0 1 0 0 1 -1 
31.2982 50 30.6 2.246 0 0 0 0 0 0 0 0 0 0 0 0 0 0 0 0 1 0 0 1 -1 
31.2068 50 30.7 2.237 0 0 0 0 0 0 0 0 0 0 0 0 0 0 0 0 1 0 0 1 -1 
31.1186 50 30.8 2.228 0 0 0 0 0 0 0 0 0 0 0 0 0 0 0 0 1 0 0 1 -1 
31.0336 50 30.9 2.219 0 0 0 0 0 0 0 0 0 0 0 0 0 0 0 0 1 0 0 1 -1 
30.9517 50 31 2.21 0 0 0 0 0 0 0 0 0 0 0 0 0 0 0 0 1 0 0 1 -1 
30.8731 50 31.1 2.201 0 0 0 0 0 0 0 0 0 0 0 0 0 0 0 0 1 0 0 1 -1 
30.7977 50 31.2 2.192 0 0 0 0 0 0 0 0 0 0 0 0 0 0 0 0 1 0 0 1 -1 
30.7255 50 31.3 2.183 0 0 0 0 0 0 0 0 0 0 0 0 0 0 0 0 1 0 0 1 -1 
30.6567 50 31.4 2.174 0 0 0 0 0 0 0 0 0 0 0 0 0 0 0 0 1 0 0 1 -1 
30.5912 50 31.5 2.165 0 0 0 0 0 0 0 0 0 0 0 0 0 0 0 0 1 0 0 1 -1 
30.529 50 31.6 2.156 0 0 0 0 0 0 0 0 0 0 0 0 0 0 0 0 1 0 0 1 -1 
30.4702 50 31.7 2.147 0 0 0 0 0 0 0 0 0 0 0 0 0 0 0 0 1 0 0 1 -1 
30.4148 50 31.8 2.138 0 0 0 0 0 0 0 0 0 0 0 0 0 0 0 0 1 0 0 1 -1 
30.3628 50 31.9 2.129 0 0 0 0 0 0 0 0 0 0 0 0 0 0 0 0 1 0 0 1 -1 
30.3142 50 32 2.12 0 0 0 0 0 0 0 0 0 0 0 0 0 0 0 0 1 0 0 1 -1 
30.269 50 32.1 2.111 0 0 0 0 0 0 0 0 0 0 0 0 0 0 0 0 1 0 0 1 -1 
30.2273 50 32.2 2.102 0 0 0 0 0 0 0 0 0 0 0 0 0 0 0 0 1 0 0 1 -1 
30.1891 50 32.3 2.093 0 0 0 0 0 0 0 0 0 0 0 0 0 0 0 0 1 0 0 1 -1 
30.1544 50 32.4 2.084 0 0 0 0 0 0 0 0 0 0 0 0 0 0 0 0 1 0 0 1 -1 
30.1231 50 32.5 2.075 0 0 0 0 0 0 0 0 0 0 0 0 0 0 0 0 1 0 0 1 -1 
30.0954 50 32.6 2.066 0 0 0 0 0 0 0 0 0 0 0 0 0 0 0 0 1 0 0 1 -1 
30.0712 50 32.7 2.057 0 0 0 0 0 0 0 0 0 0 0 0 0 0 0 0 1 0 0 1 -1 
30.0505 50 32.8 2.048 0 0 0 0 0 0 0 0 0 0 0 0 0 0 0 0 1 0 0 1 -1 
30.0333 50 32.9 2.039 0 0 0 0 0 0 0 0 0 0 0 0 0 0 0 0 1 0 0 1 -1 
30.0197 50 33 2.03 0 0 0 0 0 0 0 0 0 0 0 0 0 0 0 0 1 0 0 1 -1 
30.0097 50 33.1 2.021 0 0 0 0 0 0 0 0 0 0 0 0 0 0 0 0 1 0 0 1 -1 
30.0032 50 33.2 2.012 0 0 0 0 0 0 0 0 0 0 0 0 0 0 0 0 1 0 0 1 -1 
30.0002 50 33.3 2.003 0 0 0 0 0 0 0 0 0 0 0 0 0 0 0 0 1 0 0 1 -1 
30.0008 50 33.4 1.994 0 0 0 0 0 0 0 0 0 0 0 0 0 0 0 0 1 0 0 1 -1 
30.0049 50 33.5 1.985 0 0 0 0 0 0 0 0 0 0 0 0 0 0 0 0 1 0 0 1 -1 
30.0126 50 33.6 1.976 0 0 0 0 0 0 0 0 0 0 0 0 0 0 0 0 1 0 0 1 -1 
30.0239 50 33.7 1.967 0 0 0 0 0 0 0 0 0 0 0 0 0 0 0 0 1 0 0 1 -1 
30.0387 50 33.8 1.958 0 0 0 0 0 0 0 0 0 0 0 0 0 0 0 0 1 0 0 1 -1 
30.057 50 33.9 1.949 0 0 0 0 0 0 0 0 0 0 0 0 0 0 0 0 1 0 0 1 -1 
30.0789 50 34 1.94 0 0 0 0 0 0 0 0 0 0 0 0 0 0 0 0 1 0 0 1 -1 
30.1042 50 34.1 1.931 0 0 0 0 0 0 0 0 0 0 0 0 0 0 0 0 1 0 0 1 -1 
30.1331 50 34.2 1.922 0 0 0 0 0 0 0 0 0 0 0 0 0 0 0 0 1 0 0 1 -1 
30.1655 50 34.3 1.913 0 0 0 0 0 0 0 0 0 0 0 0 0 0 0 0 1 0 0 1 -1 
30.2014 50 34.4 1.904 0 0 0 0 0 0 0 0 0 0 0 0 0 0 0 0 1 0 0 1 -1 
30.2408 50 34.5 1.895 0 0 0 0 0 0 0 0 0 0 0 0 0 0 0 0 1 0 0 1 -1 
30.2837 50 34.6 1.886 0 0 0 0 0 0 0 0 0 0 0 0 0 0 0 0 1 0 0 1 -1 
30.33 50 34.7 1.877 0 0 0 0 0 0 0 0 0 0 0 0 0 0 0 0 1 0 0 1 -1 
30.3797 50 34.8 1.868 0 0 0 0 0 0 0 0 0 0 0 0 0 0 0 0 1 0 0 1 -1 
30.4329 50 34.9 1.859 0 0 0 0 0 0 0 0 0 0 0 0 0 0 0 0 1 0 0 1 -1 
30.4894 50 35 1.85 0 0 0 0 0 0 0 0 0 0 0 0 0 0 0 0 1 0 0 1 -1 
30.5494 50 35.1 1.841 0 0 0 0 0 0 0 0 0 0 0 0 0 0 0 0 1 0 0 1 -1 
30.6127 50 35.2 1.832 0 0 0 0 0 0 0 0 0 0 0 0 0 0 0 0 1 0 0 1 -1 
30.6793 50 35.3 1.823 0 0 0 0 0 0 0 0 0 0 0 0 0 0 0 0 1 0 0 1 -1 
30.7492 50 35.4 1.814 0 0 0 0 0 0 0 0 0 0 0 0 0 0 0 0 1 0 0 1 -1 
30.8225 50 35.5 1.805 0 0 0 0 0 0 0 0 0 0 0 0 0 0 0 0 1 0 0 1 -1 
30.8989 50 35.6 1.796 0 0 0 0 0 0 0 0 0 0 0 0 0 0 0 0 1 0 0 1 -1 
30.9787 50 35.7 1.787 0 0 0 0 0 0 0 0 0 0 0 0 0 0 0 0 1 0 0 1 -1 
31.0616 50 35.8 1.778 0 0 0 0 0 0 0 0 0 0 0 0 0 0 0 0 1 0 0 1 -1 
31.1477 50 35.9 1.769 0 0 0 0 0 0 0 0 0 0 0 0 0 0 0 0 1 0 0 1 -1 
31.2369 50 36 1.76 0 0 0 0 0 0 0 0 0 0 0 0 0 0 0 0 1 0 0 1 -1 
31.3293 50 36.1 1.751 0 0 0 0 0 0 0 0 0 0 0 0 0 0 0 0 1 0 0 1 -1 
31.4247 50 36.2 1.742 0 0 0 0 0 0 0 0 0 0 0 0 0 0 0 0 1 0 0 1 -1 
31.5232 50 36.3 1.733 0 0 0 0 0 0 0 0 0 0 0 0 0 0 0 0 1 0 0 1 -1 
31.6247 50 36.4 1.724 0 0 0 0 0 0 0 0 0 0 0 0 0 0 0 0 1 0 0 1 -1 
31.7292 50 36.5 1.715 0 0 0 0 0 0 0 0 0 0 0 0 0 0 0 0 1 0 0 1 -1 
31.8366 50 36.6 1.706 0 0 0 0 0 0 0 0 0 0 0 0 0 0 0 0 1 0 0 1 -1 
31.9469 50 36.7 1.697 0 0 0 0 0 0 0 0 0 0 0 0 0 0 0 0 1 0 0 1 -1 
32.0601 50 36.8 1.688 0 0 0 0 0 0 0 0 0 0 0 0 0 0 0 0 1 0 0 1 -1 
32.1761 50 36.9 1.679 0 0 0 0 0 0 0 0 0 0 0 0 0 0 0 0 1 0 0 1 -1 
32.2949 50 37 1.67 0 0 0 0 0 0 0 0 0 0 0 0 0 0 0 0 1 0 0 1 -1 
32.4164 50 37.1 1.661 0 0 0 0 0 0 0 0 0 0 0 0 0 0 0 0 1 0 0 1 -1 
32.5406 50 37.2 1.652 0 0 0 0 0 0 0 0 0 0 0 0 0 0 0 0 1 0 0 1 -1 
32.6674 50 37.3 1.643 0 0 0 0 0 0 0 0 0 0 0 0 0 0 0 0 1 0 0 1 -1 
32.7969 50 37.4 1.634 0 0 0 0 0 0 0 0 0 0 0 0 0 0 0 0 1 0 0 1 -1 
32.9289 50 37.5 1.625 0 0 0 0 0 0 0 0 0 0 0 0 0 0 0 0 1 0 0 1 -1 
33.0635 50 37.6 1.616 0 0 0 0 0 0 0 0 0 0 0 0 0 0 0 0 1 0 0 1 -1 
33.2005 50 37.7 1.607 0 0 0 0 0 0 0 0 0 0 0 0 0 0 0 0 1 0 0 1 -1 
33.3399 50 37.8 1.598 0 0 0 0 0 0 0 0 0 0 0 0 0 0 0 0 1 0 0 1 -1 
33.4817 50 37.9 1.589 0 0 0 0 0 0 0 0 0 0 0 0 0 0 0 0 1 0 0 1 -1 
33.6258 50 38 1.58 0 0 0 0 0 0 0 0 0 0 0 0 0 0 0 0 1 0 0 1 -1 
33.7721 50 38.1 1.571 0 0 0 0 0 0 0 0 0 0 0 0 0 0 0 0 1 0 0 1 -1 
33.9207 50 38.2 1.562 0 0 0 0 0 0 0 0 0 0 0 0 0 0 0 0 1 0 0 1 -1 
34.0714 50 38.3 1.553 0 0 0 0 0 0 0 0 0 0 0 0 0 0 0 0 1 0 0 1 -1 
34.2243 50 38.4 1.544 0 0 0 0 0 0 0 0 0 0 0 0 0 0 0 0 1 0 0 1 -1 
34.3792 50 38.5 1.535 0 0 0 0 0 0 0 0 0 0 0 0 0 0 0 0 1 0 0 1 -1 
34.5361 50 38.6 1.526 0 0 0 0 0 0 0 0 0 0 0 0 0 0 0 0 1 0 0 1 -1 
34.6949 50 38.7 1.517 0 0 0 0 0 0 0 0 0 0 0 0 0 0 0 0 1 0 0 1 -1 
34.8556 50 38.8 1.508 0 0 0 0 0 0 0 0 0 0 0 0 0 0 0 0 1 0 0 1 -1 
35.0182 50 38.9 1.499 0 0 0 0 0 0 0 0 0 0 0 0 0 0 0 0 1 0 0 1 -1 
35.1825 50 39 1.49 0 0 0 0 0 0 0 0 0 0 0 0 0 0 0 0 1 0 0 1 -1 
35.3485 50 39.1 1.481 0 0 0 0 0 0 0 0 0 0 0 0 0 0 0 0 1 0 0 1 -1 
35.5162 50 39.2 1.472 0 0 0 0 0 0 0 0 0 0 0 0 0 0 0 0 1 0 0 1 -1 
35.6854 50 39.3 1.463 0 0 0 0 0 0 0 0 0 0 0 0 0 0 0 0 1 0 0 1 -1 
35.8562 50 39.4 1.454 0 0 0 0 0 0 0 0 0 0 0 0 0 0 0 0 1 0 0 1 -1 
36.0285 50 39.5 1.445 0 0 0 0 0 0 0 0 0 0 0 0 0 0 0 0 1 0 0 1 -1 
36.2022 50 39.6 1.436 0 0 0 0 0 0 0 0 0 0 0 0 0 0 0 0 1 0 0 1 -1 
36.3772 50 39.7 1.427 0 0 0 0 0 0 0 0 0 0 0 0 0 0 0 0 1 0 0 1 -1 
36.5536 50 39.8 1.418 0 0 0 0 0 0 0 0 0 0 0 0 0 0 0 0 1 0 0 1 -1 
36.7311 50 39.9 1.409 0 0 0 0 0 0 0 0 0 0 0 0 0 0 0 0 1 0 0 1 -1 
36.9098 50 40 1.4 0 0 0 0 0 0 0 0 0 0 0 0 0 0 0 0 1 0 0 1 -1 
37.0896 50 40.1 1.391 0 0 0 0 0 0 0 0 0 0 0 0 0 0 0 0 1 0 0 1 -1 
37.2705 50 40.2 1.382 0 0 0 0 0 0 0 0 0 0 0 0 0 0 0 0 1 0 0 1 -1 
37.4523 50 40.3 1.373 0 0 0 0 0 0 0 0 0 0 0 0 0 0 0 0 1 0 0 1 -1 
37.635 50 40.4 1.364 0 0 0 0 0 0 0 0 0 0 0 0 0 0 0 0 1 0 0 1 -1 
37.8186 50 40.5 1.355 0 0 0 0 0 0 0 0 0 0 0 0 0 0 0 0 1 0 0 1 -1 
38.0029 50 40.6 1.346 0 0 0 0 0 0 0 0 0 0 0 0 0 0 0 0 1 0 0 1 -1 
38.1879 50 40.7 1.337 0 0 0 0 0 0 0 0 0 0 0 0 0 0 0 0 1 0 0 1 -1 
38.3736 50 40.8 1.328 0 0 0 0 0 0 0 0 0 0 0 0 0 0 0 0 1 0 0 1 -1 
38.5599 50 40.9 1.319 0 0 0 0 0 0 0 0 0 0 0 0 0 0 0 0 1 0 0 1 -1 
38.7467 50 41 1.31 0 0 0 0 0 0 0 0 0 0 0 0 0 0 0 0 1 0 0 1 -1 
38.9339 50 41.1 1.301 0 0 0 0 0 0 0 0 0 0 0 0 0 0 0 0 1 0 0 1 -1 
39.1215 50 41.2 1.292 0 0 0 0 0 0 0 0 0 0 0 0 0 0 0 0 1 0 0 1 -1 
39.3094 50 41.3 1.283 0 0 0 0 0 0 0 0 0 0 0 0 0 0 0 0 1 0 0 1 -1 
39.4976 50 41.4 1.274 0 0 0 0 0 0 0 0 0 0 0 0 0 0 0 0 1 0 0 1 -1 
39.6859 50 41.5 1.265 0 0 0 0 0 0 0 0 0 0 0 0 0 0 0 0 1 0 0 1 -1 
39.8743 50 41.6 1.256 0 0 0 0 0 0 0 0 0 0 0 0 0 0 0 0 1 0 0 1 -1 
40.0628 50 41.7 1.247 0 0 0 0 0 0 0 0 0 0 0 0 0 0 0 0 1 0 0 1 -1 
40.2513 50 41.8 1.238 0 0 0 0 0 0 0 0 0 0 0 0 0 0 0 0 1 0 0 1 -1 
40.4397 50 41.9 1.229 0 0 0 0 0 0 0 0 0 0 0 0 0 0 0 0 1 0 0 1 -1 
40.6279 50 42 1.22 0 0 0 0 0 0 0 0 0 0 0 0 0 0 0 0 1 0 0 1 -1 
40.8159 50 42.1 1.211 0 0 0 0 0 0 0 0 0 0 0 0 0 0 0 0 1 0 0 1 -1 
41.0036 50 42.2 1.202 0 0 0 0 0 0 0 0 0 0 0 0 0 0 0 0 1 0 0 1 -1 
41.191 50 42.3 1.193 0 0 0 0 0 0 0 0 0 0 0 0 0 0 0 0 1 0 0 1 -1 
41.3779 50 42.4 1.184 0 0 0 0 0 0 0 0 0 0 0 0 0 0 0 0 1 0 0 1 -1 
41.5643 50 42.5 1.175 0 0 0 0 0 0 0 0 0 0 0 0 0 0 0 0 1 0 0 1 -1 
41.7502 50 42.6 1.166 0 0 0 0 0 0 0 0 0 0 0 0 0 0 0 0 1 0 0 1 -1 
41.9355 50 42.7 1.157 0 0 0 0 0 0 0 0 0 0 0 0 0 0 0 0 1 0 0 1 -1 
42.1201 50 42.8 1.148 0 0 0 0 0 0 0 0 0 0 0 0 0 0 0 0 1 0 0 1 -1 
42.3039 50 42.9 1.139 0 0 0 0 0 0 0 0 0 0 0 0 0 0 0 0 1 0 0 1 -1 
42.4869 50 43 1.13 0 0 0 0 0 0 0 0 0 0 0 0 0 0 0 0 1 0 0 1 -1 
42.669 50 43.1 1.121 0 0 0 0 0 0 0 0 0 0 0 0 0 0 0 0 1 0 0 1 -1 
42.8502 50 43.2 1.112 0 0 0 0 0 0 0 0 0 0 0 0 0 0 0 0 1 0 0 1 -1 
43.0304 50 43.3 1.103 0 0 0 0 0 0 0 0 0 0 0 0 0 0 0 0 1 0 0 1 -1 
43.2094 50 43.4 1.094 0 0 0 0 0 0 0 0 0 0 0 0 0 0 0 0 1 0 0 1 -1 
43.3874 50 43.5 1.085 0 0 0 0 0 0 0 0 0 0 0 0 0 0 0 0 1 0 0 1 -1 
43.5641 50 43.6 1.076 0 0 0 0 0 0 0 0 0 0 0 0 0 0 0 0 1 0 0 1 -1 
43.7396 50 43.7 1.067 0 0 0 0 0 0 0 0 0 0 0 0 0 0 0 0 1 0 0 1 -1 
43.9137 50 43.8 1.058 0 0 0 0 0 0 0 0 0 0 0 0 0 0 0 0 1 0 0 1 -1 
44.0865 50 43.9 1.049 0 0 0 0 0 0 0 0 0 0 0 0 0 0 0 0 1 0 0 1 -1 
44.2578 50 44 1.04 0 0 0 0 0 0 0 0 0 0 0 0 0 0 0 0 1 0 0 1 -1 
44.4276 50 44.1 1.031 0 0 0 0 0 0 0 0 0 0 0 0 0 0 0 0 1 0 0 1 -1 
44.5958 50 44.2 1.022 0 0 0 0 0 0 0 0 0 0 0 0 0 0 0 0 1 0 0 1 -1 
44.7624 50 44.3 1.013 0 0 0 0 0 0 0 0 0 0 0 0 0 0 0 0 1 0 0 1 -1 
44.9273 50 44.4 1.004 0 0 0 0 0 0 0 0 0 0 0 0 0 0 0 0 1 0 0 1 -1 
45.0904 50 44.5 0.995 0 0 0 0 0 0 0 0 0 0 0 0 0 0 0 0 1 0 0 1 -1 
45.2517 50 44.6 0.986 0 0 0 0 0 0 0 0 0 0 0 0 0 0 0 0 1 0 0 1 -1 
45.4112 50 44.7 0.977 0 0 0 0 0 0 0 0 0 0 0 0 0 0 0 0 1 0 0 1 -1 
45.5688 50 44.8 0.968 0 0 0 0 0 0 0 0 0 0 0 0 0 0 0 0 1 0 0 1 -1 
45.7243 50 44.9 0.959 0 0 0 0 0 0 0 0 0 0 0 0 0 0 0 0 1 0 0 1 -1 
45.8779 50 45 0.95 0 0 0 0 0 0 0 0 0 0 0 0 0 0 0 0 1 0 0 1 -1 
46.0293 50 45.1 0.941 0 0 0 0 0 0 0 0 0 0 0 0 0 0 0 0 1 0 0 1 -1 
46.1786 50 45.2 0.932 0 0 0 0 0 0 0 0 0 0 0 0 0 0 0 0 1 0 0 1 -1 
46.3257 50 45.3 0.923 0 0 0 0 0 0 0 0 0 0 0 0 0 0 0 0 1 0 0 1 -1 
46.4706 50 45.4 0.914 0 0 0 0 0 0 0 0 0 0 0 0 0 0 0 0 1 0 0 1 -1 
46.6131 50 45.5 0.905 0 0 0 0 0 0 0 0 0 0 0 0 0 0 0 0 1 0 0 1 -1 
46.7533 50 45.6 0.896 0 0 0 0 0 0 0 0 0 0 0 0 0 0 0 0 1 0 0 1 -1 
46.8911 50 45.7 0.887 0 0 0 0 0 0 0 0 0 0 0 0 0 0 0 0 1 0 0 1 -1 
47.0265 50 45.8 0.878 0 0 0 0 0 0 0 0 0 0 0 0 0 0 0 0 1 0 0 1 -1 
47.1594 50 45.9 0.869 0 0 0 0 0 0 0 0 0 0 0 0 0 0 0 0 1 0 0 1 -1 
47.2897 50 46 0.86 0 0 0 0 0 0 0 0 0 0 0 0 0 0 0 0 1 0 0 1 -1 
47.4174 50 46.1 0.851 0 0 0 0 0 0 0 0 0 0 0 0 0 0 0 0 1 0 0 1 -1 
47.5425 50 46.2 0.842 0 0 0 0 0 0 0 0 0 0 0 0 0 0 0 0 1 0 0 1 -1 
47.6649 50 46.3 0.833 0 0 0 0 0 0 0 0 0 0 0 0 0 0 0 0 1 0 0 1 -1 
47.7846 50 46.4 0.824 0 0 0 0 0 0 0 0 0 0 0 0 0 0 0 0 1 0 0 1 -1 
47.9016 50 46.5 0.815 0 0 0 0 0 0 0 0 0 0 0 0 0 0 0 0 1 0 0 1 -1 
48.0157 50 46.6 0.806 0 0 0 0 0 0 0 0 0 0 0 0 0 0 0 0 1 0 0 1 -1 
48.1269 50 46.7 0.797 0 0 0 0 0 0 0 0 0 0 0 0 0 0 0 0 1 0 0 1 -1 
48.2353 50 46.8 0.788 0 0 0 0 0 0 0 0 0 0 0 0 0 0 0 0 1 0 0 1 -1 
48.3408 50 46.9 0.779 0 0 0 0 0 0 0 0 0 0 0 0 0 0 0 0 1 0 0 1 -1 
48.4433 50 47 0.77 0 0 0 0 0 0 0 0 0 0 0 0 0 0 0 0 1 0 0 1 -1 
48.5428 50 47.1 0.761 0 0 0 0 0 0 0 0 0 0 0 0 0 0 0 0 1 0 0 1 -1 
48.6392 50 47.2 0.752 0 0 0 0 0 0 0 0 0 0 0 0 0 0 0 0 1 0 0 1 -1 
48.7326 50 47.3 0.743 0 0 0 0 0 0 0 0 0 0 0 0 0 0 0 0 1 0 0 1 -1 
48.8229 50 47.4 0.734 0 0 0 0 0 0 0 0 0 0 0 0 0 0 0 0 1 0 0 1 -1 
48.9101 50 47.5 0.725 0 0 0 0 0 0 0 0 0 0 0 0 0 0 0 0 1 0 0 1 -1 
48.9941 50 47.6 0.716 0 0 0 0 0 0 0 0 0 0 0 0 0 0 0 0 1 0 0 1 -1 
49.0748 50 47.7 0.707 0 0 0 0 0 0 0 0 0 0 0 0 0 0 0 0 1 0 0 1 -1 
49.1524 50 47.8 0.698 0 0 0 0 0 0 0 0 0 0 0 0 0 0 0 0 1 0 0 1 -1 
49.2267 50 47.9 0.689 0 0 0 0 0 0 0 0 0 0 0 0 0 0 0 0 1 0 0 1 -1 
49.2978 50 48 0.68 0 0 0 0 0 0 0 0 0 0 0 0 0 0 0 0 1 0 0 1 -1 
49.3655 50 48.1 0.671 0 0 0 0 0 0 0 0 0 0 0 0 0 0 0 0 1 0 0 1 -1 
49.4299 50 48.2 0.662 0 0 0 0 0 0 0 0 0 0 0 0 0 0 0 0 1 0 0 1 -1 
49.491 50 48.3 0.653 0 0 0 0 0 0 0 0 0 0 0 0 0 0 0 0 1 0 0 1 -1 
49.5486 50 48.4 0.644 0 0 0 0 0 0 0 0 0 0 0 0 0 0 0 0 1 0 0 1 -1 
49.6029 50 48.5 0.635 0 0 0 0 0 0 0 0 0 0 0 0 0 0 0 0 1 0 0 1 -1 
49.6538 50 48.6 0.626 0 0 0 0 0 0 0 0 0 0 0 0 0 0 0 0 1 0 0 1 -1 
49.7013 50 48.7 0.617 0 0 0 0 0 0 0 0 0 0 0 0 0 0 0 0 1 0 0 1 -1 
49.7453 50 48.8 0.608 0 0 0 0 0 0 0 0 0 0 0 0 0 0 0 0 1 0 0 1 -1 
49.7858 50 48.9 0.599 0 0 0 0 0 0 0 0 0 0 0 0 0 0 0 0 1 0 0 1 -1 
49.8229 50 49 0.59 0 0 0 0 0 0 0 0 0 0 0 0 0 0 0 0 1 0 0 1 -1 
49.8564 50 49.1 0.581 0 0 0 0 0 0 0 0 0 0 0 0 0 0 0 0 1 0 0 1 -1 
49.8865 50 49.2 0.572 0 0 0 0 0 0 0 0 0 0 0 0 0 0 0 0 1 0 0 1 -1 
49.9131 50 49.3 0.563 0 0 0 0 0 0 0 0 0 0 0 0 0 0 0 0 1 0 0 1 -1 
49.9361 50 49.4 0.554 0 0 0 0 0 0 0 0 0 0 0 0 0 0 0 0 1 0 0 1 -1 
49.9556 50 49.5 0.545 0 0 0 0 0 0 0 0 0 0 0 0 0 0 0 0 1 0 0 1 -1 
49.9716 50 49.6 0.536 0 0 0 0 0 0 0 0 0 0 0 0 0 0 0 0 1 0 0 1 -1 
49.984 50 49.7 0.527 0 0 0 0 0 0 0 0 0 0 0 0 0 0 0 0 1 0 0 1 -1 
49.9929 50 49.8 0.518 0 0 0 0 0 0 0 0 0 0 0 0 0 0 0 0 1 0 0 1 -1 
49.9982 50 49.9 0.509 0 0 0 0 0 0 0 0 0 0 0 0 0 0 0 0 1 0 0 1 -1 
50 50.5 50 0.5 0 0 0 0 0 0 0 0 0 0 0 0 0 0 0 0 1 0 0 1 -1 
49.9982 50.55 50.1 0.509 0 0 0 0 0 0 0 0 0 0 0 0 0 0 0 0 1 0 0 1 -1 
49.9929 50.6 50.2 0.518 0 0 0 0 0 0 0 0 0 0 0 0 0 0 0 0 1 0 0 1 -1 
49.984 50.65 50.3 0.527 0 0 0 0 0 0 0 0 0 0 0 0 0 0 0 0 1 0 0 1 -1 
49.9716 50.7 50.4 0.536 0 0 0 0 0 0 0 0 0 0 0 0 0 0 0 0 1 0 0 1 -1 
49.9556 50.75 50.5 0.545 0 0 0 0 0 0 0 0 0 0 0 0 0 0 0 0 1 0 0 1 -1 
49.9361 50.8 50.6 0.554 0 0 0 0 0 0 0 0 0 0 0 0 0 0 0 0 1 0 0 1 -1 
49.9131 50.85 50.7 0.563 0 0 0 0 0 0 0 0 0 0 0 0 0 0 0 0 1 0 0 1 -1 
49.8865 50.9 50.8 0.572 0 0 0 0 0 0 0 0 0 0 0 0 0 0 0 0 1 0 0 1 -1 
49.8564 50.95 50.9 0.581 0 0 0 0 0 0 0 0 0 0 0 0 0 0 0 0 1 0 0 1 -1 
49.8229 51 51 0.59 0 0 0 0 0 0 0 0 0 0 0 0 0 0 0 0 1 0 0 1 -1 
49.7858 51.05 51.1 0.599 0 0 0 0 0 0 0 0 0 0 0 0 0 0 0 0 1 0 0 1 -1 
49.7453 51.1 51.2 0.608 0 0 0 0 0 0 0 0 0 0 0 0 0 0 0 0 1 0 0 1 -1 
49.7013 51.15 51.3 0.617 0 0 0 0 0 0 0 0 0 0 0 0 0 0 0 0 1 0 0 1 -1 
49.6538 51.2 51.4 0.626 0 0 0 0 0 0 0 0 0 0 0 0 0 0 0 0 1 0 0 1 -1 
49.6029 51.25 51.5 0.635 0 0 0 0 0 0 0 0 0 0 0 0 0 0 0 0 1 0 0 1 -1 
49.5486 51.3 51.6 0.644 0 0 0 0 0 0 0 0 0 0 0 0 0 0 0 0 1 0 0 1 -1 
49.491 51.35 51.7 0.653 0 0 0 0 0 0 0 0 0 0 0 0 0 0 0 0 1 0 0 1 -1 
49.4299 51.4 51.8 0.662 0 0 0 0 0 0 0 0 0 0 0 0 0 0 0 0 1 0 0 1 -1 
49.3655 51.45 51.9 0.671 0 0 0 0 0 0 0 0 0 0 0 0 0 0 0 0 1 0 0 1 -1 
49.2978 51.5 52 0.68 0 0 0 0 0 0 0 0 0 0 0 0 0 0 0 0 1 0 0 1 -1 
49.2267 51.55 52.1 0.689 0 0 0 0 0 0 0 0 0 0 0 0 0 0 0 0 1 0 0 1 -1 
49.1524 51.6 52.2 0.698 0 0 0 0 0 0 0 0 0 0 0 0 0 0 0 0 1 0 0 1 -1 
49.0748 51.65 52.3 0.707 0 0 0 0 0 0 0 0 0 0 0 0 0 0 0 0 1 0 0 1 -1 
48.9941 51.7 52.4 0.716 0 0 0 0 0 0 0 0 0 0 0 0 0 0 0 0 1 0 0 1 -1 
48.9101 51.75 52.5 0.725 0 0 0 0 0 0 0 0 0 0 0 0 0 0 0 0 1 0 0 1 -1 
48.8229 51.8 52.6 0.734 0 0 0 0 0 0 0 0 0 0 0 0 0 0 0 0 1 0 0 1 -1 
48.7326 51.85 52.7 0.743 0 0 0 0 0 0 0 0 0 0 0 0 0 0 0 0 1 0 0 1 -1 
48.6392 51.9 52.8 0.752 0 0 0 0 0 0 0 0 0 0 0 0 0 0 0 0 1 0 0 1 -1 
48.5428 51.95 52.9 0.761 0 0 0 0 0 0 0 0 0 0 0 0 0 0 0 0 1 0 0 1 -1 
48.4433 52 53 0.77 0 0 0 0 0 0 0 0 0 0 0 0 0 0 0 0 1 0 0 1 -1 
48.3408 52.05 53.1 0.779 0 0 0 0 0 0 0 0 0 0 0 0 0 0 0 0 1 0 0 1 -1 
48.2353 52.1 53.2 0.788 0 0 0 0 0 0 0 0 0 0 0 0 0 0 0 0 1 0 0 1 -1 
48.1269 52.15 53.3 0.797 0 0 0 0 0 0 0 0 0 0 0 0 0 0 0 0 1 0 0 1 -1 
48.0157 52.2 53.4 0.806 0 0 0 0 0 0 0 0 0 0 0 0 0 0 0 0 1 0 0 1 -1 
47.9016 52.25 53.5 0.815 0 0 0 0 0 0 0 0 0 0 0 0 0 0 0 0 1 0 0 1 -1 
47.7846 52.3 53.6 0.824 0 0 0 0 0 0 0 0 0 0 0 0 0 0 0 0 1 0 0 1 -1 
47.6649 52.35 53.7 0.833 0 0 0 0 0 0 0 0 0 0 0 0 0 0 0 0 1 0 0 1 -1 
47.5425 52.4 53.8 0.842 0 0 0 0 0 0 0 0 0 0 0 0 0 0 0 0 1 0 0 1 -1 
47.4174 52.45 53.9 0.851 0 0 0 0 0 0 0 0 0 0 0 0 0 0 0 0 1 0 0 1 -1 
47.2897 52.5 54 0.86 0 0 0 0 0 0 0 0 0 0 0 0 0 0 0 0 1 0 0 1 -1 
47.1594 52.55 54.1 0.869 0 0 0 0 0 0 0 0 0 0 0 0 0 0 0 0 1 0 0 1 -1 
47.0265 52.6 54.2 0.878 0 0 0 0 0 0 0 0 0 0 0 0 0 0 0 0 1 0 0 1 -1 
46.8911 52.65 54.3 0.887 0 0 0 0 0 0 0 0 0 0 0 0 0 0 0 0 1 0 0 1 -1 
46.7533 52.7 54.4 0.896 0 0 0 0 0 0 0 0 0 0 0 0 0 0 0 0 1 0 0 1 -1 
46.6131 52.75 54.5 0.905 0 0 0 0 0 0 0 0 0 0 0 0 0 0 0 0 1 0 0 1 -1 
46.4706 52.8 54.6 0.914 0 0 0 0 0 0 0 0 0 0 0 0 0 0 0 0 1 0 0 1 -1 
46.3257 52.85 54.7 0.923 0 0 0 0 0 0 0 0 0 0 0 0 0 0 0 0 1 0 0 1 -1 
46.1786 52.9 54.8 0.932 0 0 0 0 0 0 0 0 0 0 0 0 0 0 0 0 1 0 0 1 -1 
46.0293 52.95 54.9 0.941 0 0 0 0 0 0 0 0 0 0 0 0 0 0 0 0 1 0 0 1 -1 
45.8779 53 55 0.95 0 0 0 0 0 0 0 0 0 0 0 0 0 0 0 0 1 0 0 1 -1 
45.7243 53.05 55.1 0.959 0 0 0 0 0 0 0 0 0 0 0 0 0 0 0 0 1 0 0 1 -1 
45.5688 53.1 55.2 0.968 0 0 0 0 0 0 0 0 0 0 0 0 0 0 0 0 1 0 0 1 -1 
45.4112 53.15 55.3 0.977 0 0 0 0 0 0 0 0 0 0 0 0 0 0 0 0 1 0 0 1 -1 
45.2517 53.2 55.4 0.986 0 0 0 0 0 0 0 0 0 0 0 0 0 0 0 0 1 0 0 1 -1 
45.0904 53.25 55.5 0.995 0 0 0 0 0 0 0 0 0 0 0 0 0 0 0 0 1 0 0 1 -1 
44.9273 53.3 55.6 1.004 0 0 0 0 0 0 0 0 0 0 0 0 0 0 0 0 1 0 0 1 -1 
44.7624 53.35 55.7 1.013 0 0 0 0 0 0 0 0 0 0 0 0 0 0 0 0 1 0 0 1 -1 
44.5958 53.4 55.8 1.022 0 0 0 0 0 0 0 0 0 0 0 0 0 0 0 0 1 0 0 1 -1 
44.4276 53.45 55.9 1.031 0 0 0 0 0 0 0 0 0 0 0 0 0 0 0 0 1 0 0 1 -1 
44.2578 53.5 56 1.04 0 0 0 0 0 0 0 0 0 0 0 0 0 0 0 0 1 0 0 1 -1 
44.0865 53.55 56.1 1.049 0 0 0 0 0 0 0 0 0 0 0 0 0 0 0 0 1 0 0 1 -1 
43.9137 53.6 56.2 1.058 0 0 0 0 0 0 0 0 0 0 0 0 0 0 0 0 1 0 0 1 -1 
43.7396 53.65 56.3 1.067 0 0 0 0 0 0 0 0 0 0 0 0 0 0 0 0 1 0 0 1 -1 
43.5641 53.7 56.4 1.076 0 0 0 0 0 0 0 0 0 0 0 0 0 0 0 0 1 0 0 1 -1 
43.3874 53.75 56.5 1.085 0 0 0 0 0 0 0 0 0 0 0 0 0 0 0 0 1 0 0 1 -1 
43.2094 53.8 56.6 1.094 0 0 0 0 0 0 0 0 0 0 0 0 0 0 0 0 1 0 0 1 -1 
43.0304 53.85 56.7 1.103 0 0 0 0 0 0 0 0 0 0 0 0 0 0 0 0 1 0 0 1 -1 
42.8502 53.9 56.8 1.112 0 0 0 0 0 0 0 0 0 0 0 0 0 0 0 0 1 0 0 1 -1 
42.669 53.95 56.9 1.121 0 0 0 0 0 0 0 0 0 0 0 0 0 0 0 0 1 0 0 1 -1 
42.4869 54 57 1.13 0 0 0 0 0 0 0 0 0 0 0 0 0 0 0 0 1 0 0 1 -1 
42.3039 54.05 57.1 1.139 0 0 0 0 0 0 0 0 0 0 0 0 0 0 0 0 1 0 0 1 -1 
42.1201 54.1 57.2 1.148 0 0 0 0 0 0 0 0 0 0 0 0 0 0 0 0 1 0 0 1 -1 
41.9355 54.15 57.3 1.157 0 0 0 0 0 0 0 0 0 0 0 0 0 0 0 0 1 0 0 1 -1 
41.7502 54.2 57.4 1.166 0 0 0 0 0 0 0 0 0 0 0 0 0 0 0 0 1 0 0 1 -1 
41.5643 54.25 57.5 1.175 0 0 0 0 0 0 0 0 0 0 0 0 0 0 0 0 1 0 0 1 -1 
41.3779 54.3 57.6 1.184 0 0 0 0 0 0 0 0 0 0 0 0 0 0 0 0 1 0 0 1 -1 
41.191 54.35 57.7 1.193 0 0 0 0 0 0 0 0 0 0 0 0 0 0 0 0 1 0 0 1 -1 
41.0036 54.4 57.8 1.202 0 0 0 0 0 0 0 0 0 0 0 0 0 0 0 0 1 0 0 1 -1 
40.8159 54.45 57.9 1.211 0 0 0 0 0 0 0 0 0 0 0 0 0 0 0 0 1 0 0 1 -1 
40.6279 54.5 58 1.22 0 0 0 0 0 0 0 0 0 0 0 0 0 0 0 0 1 0 0 1 -1 
40.4397 54.55 58.1 1.229 0 0 0 0 0 0 0 0 0 0 0 0 0 0 0 0 1 0 0 1 -1 
40.2513 54.6 58.2 1.238 0 0 0 0 0 0 0 0 0 0 0 0 0 0 0 0 1 0 0 1 -1 
40.0628 54.65 58.3 1.247 0 0 0 0 0 0 0 0 0 0 0 0 0 0 0 0 1 0 0 1 -1 
39.8743 54.7 58.4 1.256 0 0 0 0 0 0 0 0 0 0 0 0 0 0 0 0 1 0 0 1 -1 
39.6859 54.75 58.5 1.265 0 0 0 0 0 0 0 0 0 0 0 0 0 0 0 0 1 0 0 1 -1 
39.4976 54.8 58.6 1.274 0 0 0 0 0 0 0 0 0 0 0 0 0 0 0 0 1 0 0 1 -1 
39.3094 54.85 58.7 1.283 0 0 0 0 0 0 0 0 0 0 0 0 0 0 0 0 1 0 0 1 -1 
39.1215 54.9 58.8 1.292 0 0 0 0 0 0 0 0 0 0 0 0 0 0 0 0 1 0 0 1 -1 
38.9339 54.95 58.9 1.301 0 0 0 0 0 0 0 0 0 0 0 0 0 0 0 0 1 0 0 1 -1 
38.7467 55 59 1.31 0 0 0 0 0 0 0 0 0 0 0 0 0 0 0 0 1 0 0 1 -1 
38.5599 55.05 59.1 1.319 0 0 0 0 0 0 0 0 0 0 0 0 0 0 0 0 1 0 0 1 -1 
38.3736 55.1 59.2 1.328 0 0 0 0 0 0 0 0 0 0 0 0 0 0 0 0 1 0 0 1 -1 
38.1879 55.15 59.3 1.337 0 0 0 0 0 0 0 0 0 0 0 0 0 0 0 0 1 0 0 1 -1 
38.0029 55.2 59.4 1.346 0 0 0 0 0 0 0 0 0 0 0 0 0 0 0 0 1 0 0 1 -1 
37.8186 55.25 59.5 1.355 0 0 0 0 0 0 0 0 0 0 0 0 0 0 0 0 1 0 0 1 -1 
37.635 55.3 59.6 1.364 0 0 0 0 0 0 0 0 0 0 0 0 0 0 0 0 1 0 0 1 -1 
37.4523 55.35 59.7 1.373 0 0 0 0 0 0 0 0 0 0 0 0 0 0 0 0 1 0 0 1 -1 
37.2705 55.4 59.8 1.382 0 0 0 0 0 0 0 0 0 0 0 0 0 0 0 0 1 0 0 1 -1 
37.0896 55.45 59.9 1.391 0 0 0 0 0 0 0 0 0 0 0 0 0 0 0 0 1 0 0 1 -1 
36.9098 55.5 60 1.4 0 0 0 0 0 0 0 0 0 0 0 0 0 0 0 0 1 0 0 1 -1 
36.7311 55.55 60.1 1.409 0 0 0 0 0 0 0 0 0 0 0 0 0 0 0 0 1 0 0 1 -1 
36.5536 55.6 60.2 1.418 0 0 0 0 0 0 0 0 0 0 0 0 0 0 0 0 1 0 0 1 -1 
36.3772 55.65 60.3 1.427 0 0 0 0 0 0 0 0 0 0 0 0 0 0 0 0 1 0 0 1 -1 
36.2022 55.7 60.4 1.436 0 0 0 0 0 0 0 0 0 0 0 0 0 0 0 0 1 0 0 1 -1 
36.0285 55.75 60.5 1.445 0 0 0 0 0 0 0 0 0 0 0 0 0 0 0 0 1 0 0 1 -1 
35.8562 55.8 60.6 1.454 0 0 0 0 0 0 0 0 0 0 0 0 0 0 0 0 1 0 0 1 -1 
35.6854 55.85 60.7 1.463 0 0 0 0 0 0 0 0 0 0 0 0 0 0 0 0 1 0 0 1 -1 
35.5162 55.9 60.8 1.472 0 0 0 0 0 0 0 0 0 0 0 0 0 0 0 0 1 0 0 1 -1 
35.3485 55.95 60.9 1.481 0 0 0 0 0 0 0 0 0 0 0 0 0 0 0 0 1 0 0 1 -1 
35.1825 56 61 1.49 0 0 0 0 0 0 0 0 0 0 0 0 0 0 0 0 1 0 0 1 -1 
35.0182 56.05 61.1 1.499 0 0 0 0 0 0 0 0 0 0 0 0 0 0 0 0 1 0 0 1 -1 
34.8556 56.1 61.2 1.508 0 0 0 0 0 0 0 0 0 0 0 0 0 0 0 0 1 0 0 1 -1 
34.6949 56.15 61.3 1.517 0 0 0 0 0 0 0 0 0 0 0 0 0 0 0 0 1 0 0 1 -1 
34.5361 56.2 61.4 1.526 0 0 0 0 0 0 0 0 0 0 0 0 0 0 0 0 1 0 0 1 -1 
34.3792 56.25 61.5 1.535 0 0 0 0 0 0 0 0 0 0 0 0 0 0 0 0 1 0 0 1 -1 
34.2243 56.3 61.6 1.544 0 0 0 0 0 0 0 0 0 0 0 0 0 0 0 0 1 0 0 1 -1 
34.0714 56.35 61.7 1.553 0 0 0 0 0 0 0 0 0 0 0 0 0 0 0 0 1 0 0 1 -1 
33.9207 56.4 61.8 1.562 0 0 0 0 0 0 0 0 0 0 0 0 0 0 0 0 1 0 0 1 -1 
33.7721 56.45 61.9 1.571 0 0 0 0 0 0 0 0 0 0 0 0 0 0 0 0 1 0 0 1 -1 
33.6258 56.5 62 1.58 0 0 0 0 0 0 0 0 0 0 0 0 0 0 0 0 1 0 0 1 -1 
33.4817 56.55 62.1 1.589 0 0 0 0 0 0 0 0 0 0 0 0 0 0 0 0 1 0 0 1 -1 
33.3399 56.6 62.2 1.598 0 0 0 0 0 0 0 0 0 0 0 0 0 0 0 0 1 0 0 1 -1 
33.2005 56.65 62.3 1.607 0 0 0 0 0 0 0 0 0 0 0 0 0 0 0 0 1 0 0 1 -1 
33.0635 56.7 62.4 1.616 0 0 0 0 0 0 0 0 0 0 0 0 0 0 0 0 1 0 0 1 -1 
32.9289 56.75 62.5 1.625 0 0 0 0 0 0 0 0 0 0 0 0 0 0 0 0 1 0 0 1 -1 
32.7969 56.8 62.6 1.634 0 0 0 0 0 0 0 0 0 0 0 0 0 0 0 0 1 0 0 1 -1 
32.6674 56.85 62.7 1.643 0 0 0 0 0 0 0 0 0 0 0 0 0 0 0 0 1 0 0 1 -1 
32.5406 56.9 62.8 1.652 0 0 0 0 0 0 0 0 0 0 0 0 0 0 0 0 1 0 0 1 -1 
32.4164 56.95 62.9 1.661 0 0 0 0 0 0 0 0 0 0 0 0 0 0 0 0 1 0 0 1 -1 
32.2949 57 63 1.67 0 0 0 0 0 0 0 0 0 0 0 0 0 0 0 0 1 0 0 1 -1 
32.1761 57.05 63.1 1.679 0 0 0 0 0 0 0 0 0 0 0 0 0 0 0 0 1 0 0 1 -1 
32.0601 57.1 63.2 1.688 0 0 0 0 0 0 0 0 0 0 0 0 0 0 0 0 1 0 0 1 -1 
31.9469 57.15 63.3 1.697 0 0 0 0 0 0 0 0 0 0 0 0 0 0 0 0 1 0 0 1 -1 
31.8366 57.2 63.4 1.706 0 0 0 0 0 0 0 0 0 0 0 0 0 0 0 0 1 0 0 1 -1 
31.7292 57.25 63.5 1.715 0 0 0 0 0 0 0 0 0 0 0 0 0 0 0 0 1 0 0 1 -1 
31.6247 57.3 63.6 1.724 0 0 0 0 0 0 0 0 0 0 0 0 0 0 0 0 1 0 0 1 -1 
31.5232 57.35 63.7 1.733 0 0 0 0 0 0 0 0 0 0 0 0 0 0 0 0 1 0 0 1 -1 
31.4247 57.4 63.8 1.742 0 0 0 0 0 0 0 0 0 0 0 0 0 0 0 0 1 0 0 1 -1 
31.3293 57.45 63.9 1.751 0 0 0 0 0 0 0 0 0 0 0 0 0 0 0 0 1 0 0 1 -1 
31.2369 57.5 64 1.76 0 0 0 0 0 0 0 0 0 0 0 0 0 0 0 0 1 0 0 1 -1 
31.1477 57.55 64.1 1.769 0 0 0 0 0 0 0 0 0 0 0 0 0 0 0 0 1 0 0 1 -1 
31.0616 57.6 64.2 1.778 0 0 0 0 0 0 0 0 0 0 0 0 0 0 0 0 1 0 0 1 -1 
30.9787 57.65 64.3 1.787 0 0 0 0 0 0 0 0 0 0 0 0 0 0 0 0 1 0 0 1 -1 
30.8989 57.7 64.4 1.796 0 0 0 0 0 0 0 0 0 0 0 0 0 0 0 0 1 0 0 1 -1 
30.8225 57.75 64.5 1.805 0 0 0 0 0 0 0 0 0 0 0 0 0 0 0 0 1 0 0 1 -1 
30.7492 57.8 64.6 1.814 0 0 0 0 0 0 0 0 0 0 0 0 0 0 0 0 1 0 0 1 -1 
30.6793 57.85 64.7 1.823 0 0 0 0 0 0 0 0 0 0 0 0 0 0 0 0 1 0 0 1 -1 
30.6127 57.9 64.8 1.832 0 0 0 0 0 0 0 0 0 0 0 0 0 0 0 0 1 0 0 1 -1 
30.5494 57.95 64.9 1.841 0 0 0 0 0 0 0 0 0 0 0 0 0 0 0 0 1 0 0 1 -1 
30.4894 58 65 1.85 0 0 0 0 0 0 0 0 0 0 0 0 0 0 0 0 1 0 0 1 -1 
30.4329 58.05 65.1 1.859 0 0 0 0 0 0 0 0 0 0 0 0 0 0 0 0 1 0 0 1 -1 
30.3797 58.1 65.2 1.868 0 0 0 0 0 0 0 0 0 0 0 0 0 0 0 0 1 0 0 1 -1 
30.33 58.15 65.3 1.877 0 0 0 0 0 0 0 0 0 0 0 0 0 0 0 0 1 0 0 1 -1 
30.2837 58.2 65.4 1.886 0 0 0 0 0 0 0 0 0 0 0 0 0 0 0 0 1 0 0 1 -1 
30.2408 58.25 65.5 1.895 0 0 0 0 0 0 0 0 0 0 0 0 0 0 0 0 1 0 0 1 -1 
30.2014 58.3 65.6 1.904 0 0 0 0 0 0 0 0 0 0 0 0 0 0 0 0 1 0 0 1 -1 
30.1655 58.35 65.7 1.913 0 0 0 0 0 0 0 0 0 0 0 0 0 0 0 0 1 0 0 1 -1 
30.1331 58.4 65.8 1.922 0 0 0 0 0 0 0 0 0 0 0 0 0 0 0 0 1 0 0 1 -1 
30.1042 58.45 65.9 1.931 0 0 0 0 0 0 0 0 0 0 0 0 0 0 0 0 1 0 0 1 -1 
30.0789 58.5 66 1.94 0 0 0 0 0 0 0 0 0 0 0 0 0 0 0 0 1 0 0 1 -1 
30.057 58.55 66.1 1.949 0 0 0 0 0 0 0 0 0 0 0 0 0 0 0 0 1 0 0 1 -1 
30.0387 58.6 66.2 1.958 0 0 0 0 0 0 0 0 0 0 0 0 0 0 0 0 1 0 0 1 -1 
30.0239 58.65 66.3 1.967 0 0 0 0 0 0 0 0 0 0 0 0 0 0 0 0 1 0 0 1 -1 
30.0126 58.7 66.4 1.976 0 0 0 0 0 0 0 0 0 0 0 0 0 0 0 0 1 0 0 1 -1 
30.0049 58.75 66.5 1.985 0 0 0 0 0 0 0 0 0 0 0 0 0 0 0 0 1 0 0 1 -1 
30.0008 58.8 66.6 1.994 0 0 0 0 0 0 0 0 0 0 0 0 0 0 0 0 1 0 0 1 -1 
30.0002 58.85 66.7 2.003 0 0 0 0 0 0 0 0 0 0 0 0 0 0 0 0 1 0 0 1 -1 
30.0032 58.9 66.8 2.012 0 0 0 0 0 0 0 0 0 0 0 0 0 0 0 0 1 0 0 1 -1 
30.0097 58.95 66.9 2.021 0 0 0 0 0 0 0 0 0 0 0 0 0 0 0 0 1 0 0 1 -1 
30.0197 59 67 2.03 0 0 0 0 0 0 0 0 0 0 0 0 0 0 0 0 1 0 0 1 -1 
30.0333 59.05 67.1 2.039 0 0 0 0 0 0 0 0 0 0 0 0 0 0 0 0 1 0 0 1 -1 
30.0505 59.1 67.2 2.048 0 0 0 0 0 0 0 0 0 0 0 0 0 0 0 0 1 0 0 1 -1 
30.0712 59.15 67.3 2.057 0 0 0 0 0 0 0 0 0 0 0 0 0 0 0 0 1 0 0 1 -1 
30.0954 59.2 67.4 2.066 0 0 0 0 0 0 0 0 0 0 0 0 0 0 0 0 1 0 0 1 -1 
30.1231 59.25 67.5 2.075 0 0 0 0 0 0 0 0 0 0 0 0 0 0 0 0 1 0 0 1 -1 
30.1544 59.3 67.6 2.084 0 0 0 0 0 0 0 0 0 0 0 0 0 0 0 0 1 0 0 1 -1 
30.1891 59.35 67.7 2.093 0 0 0 0 0 0 0 0 0 0 0 0 0 0 0 0 1 0 0 1 -1 
30.2273 59.4 67.8 2.102 0 0 0 0 0 0 0 0 0 0 0 0 0 0 0 0 1 0 0 1 -1 
30.269 59.45 67.9 2.111 0 0 0 0 0 0 0 0 0 0 0 0 0 0 0 0 1 0 0 1 -1 
30.3142 59.5 68 2.12 0 0 0 0 0 0 0 0 0 0 0 0 0 0 0 0 1 0 0 1 -1 
30.3628 59.55 68.1 2.129 0 0 0 0 0 0 0 0 0 0 0 0 0 0 0 0 1 0 0 1 -1 
30.4148 59.6 68.2 2.138 0 0 0 0 0 0 0 0 0 0 0 0 0 0 0 0 1 0 0 1 -1 
30.4702 59.65 68.3 2.147 0 0 0 0 0 0 0 0 0 0 0 0 0 0 0 0 1 0 0 1 -1 
30.529 59.7 68.4 2.156 0 0 0 0 0 0 0 0 0 0 0 0 0 0 0 0 1 0 0 1 -1 
30.5912 59.75 68.5 2.165 0 0 0 0 0 0 0 0 0 0 0 0 0 0 0 0 1 0 0 1 -1 
30.6567 59.8 68.6 2.174 0 0 0 0 0 0 0 0 0 0 0 0 0 0 0 0 1 0 0 1 -1 
30.7255 59.85 68.7 2.183 0 0 0 0 0 0 0 0 0 0 0 0 0 0 0 0 1 0 0 1 -1 
30.7977 59.9 68.8 2.192 0 0 0 0 0 0 0 0 0 0 0 0 0 0 0 0 1 0 0 1 -1 
30.8731 59.95 68.9 2.201 0 0 0 0 0 0 0 0 0 0 0 0 0 0 0 0 1 0 0 1 -1 
30.9517 60 69 2.21 0 0 0 0 0 0 0 0 0 0 0 0 0 0 0 0 1 0 0 1 -1 
31.0336 60.05 69.1 2.219 0 0 0 0 0 0 0 0 0 0 0 0 0 0 0 0 1 0 0 1 -1 
31.1186 60.1 69.2 2.228 0 0 0 0 0 0 0 0 0 0 0 0 0 0 0 0 1 0 0 1 -1 
31.2068 60.15 69.3 2.237 0 0 0 0 0 0 0 0 0 0 0 0 0 0 0 0 1 0 0 1 -1 
31.2982 60.2 69.4 2.246 0 0 0 0 0 0 0 0 0 0 0 0 0 0 0 0 1 0 0 1 -1 
31.3926 60.25 69.5 2.255 0 0 0 0 0 0 0 0 0 0 0 0 0 0 0 0 1 0 0 1 -1 
31.4901 60.3 69.6 2.264 0 0 0 0 0 0 0 0 0 0 0 0 0 0 0 0 1 0 0 1 -1 
31.5906 60.35 69.7 2.273 0 0 0 0 0 0 0 0 0 0 0 0 0 0 0 0 1 0 0 1 -1 
31.694 60.4 69.8 2.282 0 0 0 0 0 0 0 0 0 0 0 0 0 0 0 0 1 0 0 1 -1 
31.8005 60.45 69.9 2.291 0 0 0 0 0 0 0 0 0 0 0 0 0 0 0 0 1 0 0 1 -1 
31.9098 60.5 70 2.3 0 0 0 0 0 0 0 0 0 0 0 0 0 0 0 0 1 0 0 1 -1 
32.0221 60.55 70.1 2.309 0 0 0 0 0 0 0 0 0 0 0 0 0 0 0 0 1 0 0 1 -1 
32.1371 60.6 70.2 2.318 0 0 0 0 0 0 0 0 0 0 0 0 0 0 0 0 1 0 0 1 -1 
32.255 60.65 70.3 2.327 0 0 0 0 0 0 0 0 0 0 0 0 0 0 0 0 1 0 0 1 -1 
32.3756 60.7 70.4 2.336 0 0 0 0 0 0 0 0 0 0 0 0 0 0 0 0 1 0 0 1 -1 
32.4989 60.75 70.5 2.345 0 0 0 0 0 0 0 0 0 0 0 0 0 0 0 0 1 0 0 1 -1 
32.6249 60.8 70.6 2.354 0 0 0 0 0 0 0 0 0 0 0 0 0 0 0 0 1 0 0 1 -1 
32.7535 60.85 70.7 2.363 0 0 0 0 0 0 0 0 0 0 0 0 0 0 0 0 1 0 0 1 -1 
32.8846 60.9 70.8 2.372 0 0 0 0 0 0 0 0 0 0 0 0 0 0 0 0 1 0 0 1 -1 
33.0183 60.95 70.9 2.381 0 0 0 0 0 0 0 0 0 0 0 0 0 0 0 0 1 0 0 1 -1 
33.1545 61 71 2.39 0 0 0 0 0 0 0 0 0 0 0 0 0 0 0 0 1 0 0 1 -1 
33.2931 61.05 71.1 2.399 0 0 0 0 0 0 0 0 0 0 0 0 0 0 0 0 1 0 0 1 -1 
33.4341 61.1 71.2 2.408 0 0 0 0 0 0 0 0 0 0 0 0 0 0 0 0 1 0 0 1 -1 
33.5775 61.15 71.3 2.417 0 0 0 0 0 0 0 0 0 0 0 0 0 0 0 0 1 0 0 1 -1 
33.7231 61.2 71.4 2.426 0 0 0 0 0 0 0 0 0 0 0 0 0 0 0 0 1 0 0 1 -1 
33.8709 61.25 71.5 2.435 0 0 0 0 0 0 0 0 0 0 0 0 0 0 0 0 1 0 0 1 -1 
34.021 61.3 71.6 2.444 0 0 0 0 0 0 0 0 0 0 0 0 0 0 0 0 1 0 0 1 -1 
34.1731 61.35 71.7 2.453 0 0 0 0 0 0 0 0 0 0 0 0 0 0 0 0 1 0 0 1 -1 
34.3273 61.4 71.8 2.462 0 0 0 0 0 0 0 0 0 0 0 0 0 0 0 0 1 0 0 1 -1 
34.4835 61.45 71.9 2.471 0 0 0 0 0 0 0 0 0 0 0 0 0 0 0 0 1 0 0 1 -1 
34.6417 61.5 72 2.48 0 0 0 0 0 0 0 0 0 0 0 0 0 0 0 0 1 0 0 1 -1 
34.8018 61.55 72.1 2.489 0 0 0 0 0 0 0 0 0 0 0 0 0 0 0 0 1 0 0 1 -1 
34.9638 61.6 72.2 2.498 0 0 0 0 0 0 0 0 0 0 0 0 0 0 0 0 1 0 0 1 -1 
35.1275 61.65 72.3 2.507 0 0 0 0 0 0 0 0 0 0 0 0 0 0 0 0 1 0 0 1 -1 
35.293 61.7 72.4 2.516 0 0 0 0 0 0 0 0 0 0 0 0 0 0 0 0 1 0 0 1 -1 
35.4601 61.75 72.5 2.525 0 0 0 0 0 0 0 0 0 0 0 0 0 0 0 0 1 0 0 1 -1 
35.6288 61.8 72.6 2.534 0 0 0 0 0 0 0 0 0 0 0 0 0 0 0 0 1 0 0 1 -1 
35.7991 61.85 72.7 2.543 0 0 0 0 0 0 0 0 0 0 0 0 0 0 0 0 1 0 0 1 -1 
35.9709 61.9 72.8 2.552 0 0 0 0 0 0 0 0 0 0 0 0 0 0 0 0 1 0 0 1 -1 
36.1442 61.95 72.9 2.561 0 0 0 0 0 0 0 0 0 0 0 0 0 0 0 0 1 0 0 1 -1 
36.3188 62 73 2.57 0 0 0 0 0 0 0 0 0 0 0 0 0 0 0 0 1 0 0 1 -1 
36.4947 62.05 73.1 2.579 0 0 0 0 0 0 0 0 0 0 0 0 0 0 0 0 1 0 0 1 -1 
36.6718 62.1 73.2 2.588 0 0 0 0 0 0 0 0 0 0 0 0 0 0 0 0 1 0 0 1 -1 
36.8501 62.15 73.3 2.597 0 0 0 0 0 0 0 0 0 0 0 0 0 0 0 0 1 0 0 1 -1 
37.0296 62.2 73.4 2.606 0 0 0 0 0 0 0 0 0 0 0 0 0 0 0 0 1 0 0 1 -1 
37.2101 62.25 73.5 2.615 0 0 0 0 0 0 0 0 0 0 0 0 0 0 0 0 1 0 0 1 -1 
37.3916 62.3 73.6 2.624 0 0 0 0 0 0 0 0 0 0 0 0 0 0 0 0 1 0 0 1 -1 
37.574 62.35 73.7 2.633 0 0 0 0 0 0 0 0 0 0 0 0 0 0 0 0 1 0 0 1 -1 
37.7573 62.4 73.8 2.642 0 0 0 0 0 0 0 0 0 0 0 0 0 0 0 0 1 0 0 1 -1 
37.9414 62.45 73.9 2.651 0 0 0 0 0 0 0 0 0 0 0 0 0 0 0 0 1 0 0 1 -1 
38.1262 62.5 74 2.66 0 0 0 0 0 0 0 0 0 0 0 0 0 0 0 0 1 0 0 1 -1 
38.3117 62.55 74.1 2.669 0 0 0 0 0 0 0 0 0 0 0 0 0 0 0 0 1 0 0 1 -1 
38.4977 62.6 74.2 2.678 0 0 0 0 0 0 0 0 0 0 0 0 0 0 0 0 1 0 0 1 -1 
38.6844 62.65 74.3 2.687 0 0 0 0 0 0 0 0 0 0 0 0 0 0 0 0 1 0 0 1 -1 
38.8714 62.7 74.4 2.696 0 0 0 0 0 0 0 0 0 0 0 0 0 0 0 0 1 0 0 1 -1 
39.0589 62.75 74.5 2.705 0 0 0 0 0 0 0 0 0 0 0 0 0 0 0 0 1 0 0 1 -1 
39.2467 62.8 74.6 2.714 0 0 0 0 0 0 0 0 0 0 0 0 0 0 0 0 1 0 0 1 -1 
39.4348 62.85 74.7 2.723 0 0 0 0 0 0 0 0 0 0 0 0 0 0 0 0 1 0 0 1 -1 
39.6231 62.9 74.8 2.732 0 0 0 0 0 0 0 0 0 0 0 0 0 0 0 0 1 0 0 1 -1 
39.8115 62.95 74.9 2.741 0 0 0 0 0 0 0 0 0 0 0 0 0 0 0 0 1 0 0 1 -1 
40 63 75 2.75 0 0 0 0 0 0 0 0 0 0 0 0 0 0 0 0 1 0 0 1 -1 
40.1885 63.05 75.1 2.759 0 0 0 0 0 0 0 0 0 0 0 0 0 0 0 0 1 0 0 1 -1 
40.3769 63.1 75.2 2.768 0 0 0 0 0 0 0 0 0 0 0 0 0 0 0 0 1 0 0 1 -1 
40.5652 63.15 75.3 2.777 0 0 0 0 0 0 0 0 0 0 0 0 0 0 0 0 1 0 0 1 -1 
40.7533 63.2 75.4 2.786 0 0 0 0 0 0 0 0 0 0 0 0 0 0 0 0 1 0 0 1 -1 
40.9411 63.25 75.5 2.795 0 0 0 0 0 0 0 0 0 0 0 0 0 0 0 0 1 0 0 1 -1 
41.1286 63.3 75.6 2.804 0 0 0 0 0 0 0 0 0 0 0 0 0 0 0 0 1 0 0 1 -1 
41.3156 63.35 75.7 2.813 0 0 0 0 0 0 0 0 0 0 0 0 0 0 0 0 1 0 0 1 -1 
41.5023 63.4 75.8 2.822 0 0 0 0 0 0 0 0 0 0 0 0 0 0 0 0 1 0 0 1 -1 
41.6883 63.45 75.9 2.831 0 0 0 0 0 0 0 0 0 0 0 0 0 0 0 0 1 0 0 1 -1 
41.8738 63.5 76 2.84 0 0 0 0 0 0 0 0 0 0 0 0 0 0 0 0 1 0 0 1 -1 
42.0586 63.55 76.1 2.849 0 0 0 0 0 0 0 0 0 0 0 0 0 0 0 0 1 0 0 1 -1 
42.2427 63.6 76.2 2.858 0 0 0 0 0 0 0 0 0 0 0 0 0 0 0 0 1 0 0 1 -1 
42.426 63.65 76.3 2.867 0 0 0 0 0 0 0 0 0 0 0 0 0 0 0 0 1 0 0 1 -1 
42.6084 63.7 76.4 2.876 0 0 0 0 0 0 0 0 0 0 0 0 0 0 0 0 1 0 0 1 -1 
42.7899 63.75 76.5 2.885 0 0 0 0 0 0 0 0 0 0 0 0 0 0 0 0 1 0 0 1 -1 
42.9704 63.8 76.6 2.894 0 0 0 0 0 0 0 0 0 0 0 0 0 0 0 0 1 0 0 1 -1 
43.1499 63.85 76.7 2.903 0 0 0 0 0 0 0 0 0 0 0 0 0 0 0 0 1 0 0 1 -1 
43.3282 63.9 76.8 2.912 0 0 0 0 0 0 0 0 0 0 0 0 0 0 0 0 1 0 0 1 -1 
43.5053 63.95 76.9 2.921 0 0 0 0 0 0 0 0 0 0 0 0 0 0 0 0 1 0 0 1 -1 
43.6812 64 77 2.93 0 0 0 0 0 0 0 0 0 0 0 0 0 0 0 0 1 0 0 1 -1 
43.8558 64.05 77.1 2.939 0 0 0 0 0 0 0 0 0 0 0 0 0 0 0 0 1 0 0 1 -1 
44.0291 64.1 77.2 2.948 0 0 0 0 0 0 0 0 0 0 0 0 0 0 0 0 1 0 0 1 -1 
44.2009 64.15 77.3 2.957 0 0 0 0 0 0 0 0 0 0 0 0 0 0 0 0 1 0 0 1 -1 
44.3712 64.2 77.4 2.966 0 0 0 0 0 0 0 0 0 0 0 0 0 0 0 0 1 0 0 1 -1 
44.5399 64.25 77.5 2.975 0 0 0 0 0 0 0 0 0 0 0 0 0 0 0 0 1 0 0 1 -1 
44.707 64.3 77.6 2.984 0 0 0 0 0 0 0 0 0 0 0 0 0 0 0 0 1 0 0 1 -1 
44.8725 64.35 77.7 2.993 0 0 0 0 0 0 0 0 0 0 0 0 0 0 0 0 1 0 0 1 -1 
45.0362 64.4 77.8 3.002 0 0 0 0 0 0 0 0 0 0 0 0 0 0 0 0 1 0 0 1 -1 
45.1982 64.45 77.9 3.011 0 0 0 0 0 0 0 0 0 0 0 0 0 0 0 0 1 0 0 1 -1 
45.3583 64.5 78 3.02 0 0 0 0 0 0 0 0 0 0 0 0 0 0 0 0 1 0 0 1 -1 
45.5165 64.55 78.1 3.029 0 0 0 0 0 0 0 0 0 0 0 0 0 0 0 0 1 0 0 1 -1 
45.6727 64.6 78.2 3.038 0 0 0 0 0 0 0 0 0 0 0 0 0 0 0 0 1 0 0 1 -1 
45.8269 64.65 78.3 3.047 0 0 0 0 0 0 0 0 0 0 0 0 0 0 0 0 1 0 0 1 -1 
45.979 64.7 78.4 3.056 0 0 0 0 0 0 0 0 0 0 0 0 0 0 0 0 1 0 0 1 -1 
46.1291 64.75 78.5 3.065 0 0 0 0 0 0 0 0 0 0 0 0 0 0 0 0 1 0 0 1 -1 
46.2769 64.8 78.6 3.074 0 0 0 0 0 0 0 0 0 0 0 0 0 0 0 0 1 0 0 1 -1 
46.4225 64.85 78.7 3.083 0 0 0 0 0 0 0 0 0 0 0 0 0 0 0 0 1 0 0 1 -1 
46.5659 64.9 78.8 3.092 0 0 0 0 0 0 0 0 0 0 0 0 0 0 0 0 1 0 0 1 -1 
46.7069 64.95 78.9 3.101 0 0 0 0 0 0 0 0 0 0 0 0 0 0 0 0 1 0 0 1 -1 
46.8455 65 79 3.11 0 0 0 0 0 0 0 0 0 0 0 0 0 0 0 0 1 0 0 1 -1 
46.9817 65.05 79.1 3.119 0 0 0 0 0 0 0 0 0 0 0 0 0 0 0 0 1 0 0 1 -1 
47.1154 65.1 79.2 3.128 0 0 0 0 0 0 0 0 0 0 0 0 0 0 0 0 1 0 0 1 -1 
47.2465 65.15 79.3 3.137 0 0 0 0 0 0 0 0 0 0 0 0 0 0 0 0 1 0 0 1 -1 
47.3751 65.2 79.4 3.146 0 0 0 0 0 0 0 0 0 0 0 0 0 0 0 0 1 0 0 1 -1 
47.5011 65.25 79.5 3.155 0 0 0 0 0 0 0 0 0 0 0 0 0 0 0 0 1 0 0 1 -1 
47.6244 65.3 79.6 3.164 0 0 0 0 0 0 0 0 0 0 0 0 0 0 0 0 1 0 0 1 -1 
47.745 65.35 79.7 3.173 0 0 0 0 0 0 0 0 0 0 0 0 0 0 0 0 1 0 0 1 -1 
47.8629 65.4 79.8 3.182 0 0 0 0 0 0 0 0 0 0 0 0 0 0 0 0 1 0 0 1 -1 
47.9779 65.45 79.9 3.191 0 0 0 0 0 0 0 0 0 0 0 0 0 0 0 0 1 0 0 1 -1 
48.0902 65.5 80 3.2 0 0 0 0 0 0 0 0 0 0 0 0 0 0 0 0 1 0 0 1 -1 
48.1995 65.55 80.1 3.209 0 0 0 0 0 0 0 0 0 0 0 0 0 0 0 0 1 0 0 1 -1 
48.306 65.6 80.2 3.218 0 0 0 0 0 0 0 0 0 0 0 0 0 0 0 0 1 0 0 1 -1 
48.4094 65.65 80.3 3.227 0 0 0 0 0 0 0 0 0 0 0 0 0 0 0 0 1 0 0 1 -1 
48.5099 65.7 80.4 3.236 0 0 0 0 0 0 0 0 0 0 0 0 0 0 0 0 1 0 0 1 -1 
48.6074 65.75 80.5 3.245 0 0 0 0 0 0 0 0 0 0 0 0 0 0 0 0 1 0 0 1 -1 
48.7018 65.8 80.6 3.254 0 0 0 0 0 0 0 0 0 0 0 0 0 0 0 0 1 0 0 1 -1 
48.7932 65.85 80.7 3.263 0 0 0 0 0 0 0 0 0 0 0 0 0 0 0 0 1 0 0 1 -1 
48.8814 65.9 80.8 3.272 0 0 0 0 0 0 0 0 0 0 0 0 0 0 0 0 1 0 0 1 -1 
48.9664 65.95 80.9 3.281 0 0 0 0 0 0 0 0 0 0 0 0 0 0 0 0 1 0 0 1 -1 
49.0483 66 81 3.29 0 0 0 0 0 0 0 0 0 0 0 0 0 0 0 0 1 0 0 1 -1 
49.1269 66.05 81.1 3.299 0 0 0 0 0 0 0 0 0 0 0 0 0 0 0 0 1 0 0 1 -1 
49.2023 66.1 81.2 3.308 0 0 0 0 0 0 0 0 0 0 0 0 0 0 0 0 1 0 0 1 -1 
49.2745 66.15 81.3 3.317 0 0 0 0 0 0 0 0 0 0 0 0 0 0 0 0 1 0 0 1 -1 
49.3433 66.2 81.4 3.326 0 0 0 0 0 0 0 0 0 0 0 0 0 0 0 0 1 0 0 1 -1 
49.4088 66.25 81.5 3.335 0 0 0 0 0 0 0 0 0 0 0 0 0 0 0 0 1 0 0 1 -1 
49.471 66.3 81.6 3.344 0 0 0 0 0 0 0 0 0 0 0 0 0 0 0 0 1 0 0 1 -1 
49.5298 66.35 81.7 3.353 0 0 0 0 0 0 0 0 0 0 0 0 0 0 0 0 1 0 0 1 -1 
49.5852 66.4 81.8 3.362 0 0 0 0 0 0 0 0 0 0 0 0 0 0 0 0 1 0 0 1 -1 
49.6372 66.45 81.9 3.371 0 0 0 0 0 0 0 0 0 0 0 0 0 0 0 0 1 0 0 1 -1 
49.6858 66.5 82 3.38 0 0 0 0 0 0 0 0 0 0 0 0 0 0 0 0 1 0 0 1 -1 
49.731 66.55 82.1 3.389 0 0 0 0 0 0 0 0 0 0 0 0 0 0 0 0 1 0 0 1 -1 
49.7727 66.6 82.2 3.398 0 0 0 0 0 0 0 0 0 0 0 0 0 0 0 0 1 0 0 1 -1 
49.8109 66.65 82.3 3.407 0 0 0 0 0 0 0 0 0 0 0 0 0 0 0 0 1 0 0 1 -1 
49.8456 66.7 82.4 3.416 0 0 0 0 0 0 0 0 0 0 0 0 0 0 0 0 1 0 0 1 -1 
49.8769 66.75 82.5 3.425 0 0 0 0 0 0 0 0 0 0 0 0 0 0 0 0 1 0 0 1 -1 
49.9046 66.8 82.6 3.434 0 0 0 0 0 0 0 0 0 0 0 0 0 0 0 0 1 0 0 1 -1 
49.9288 66.85 82.7 3.443 0 0 0 0 0 0 0 0 0 0 0 0 0 0 0 0 1 0 0 1 -1 
49.9495 66.9 82.8 3.452 0 0 0 0 0 0 0 0 0 0 0 0 0 0 0 0 1 0 0 1 -1 
49.9667 66.95 82.9 3.461 0 0 0 0 0 0 0 0 0 0 0 0 0 0 0 0 1 0 0 1 -1 
49.9803 67 83 3.47 0 0 0 0 0 0 0 0 0 0 0 0 0 0 0 0 1 0 0 1 -1 
49.9903 67.05 83.1 3.479 0 0 0 0 0 0 0 0 0 0 0 0 0 0 0 0 1 0 0 1 -1 
49.9968 67.1 83.2 3.488 0 0 0 0 0 0 0 0 0 0 0 0 0 0 0 0 1 0 0 1 -1 
49.9998 67.15 83.3 3.497 0 0 0 0 0 0 0 0 0 0 0 0 0 0 0 0 1 0 0 1 -1 
49.9992 67.2 83.4 3.506 0 0 0 0 0 0 0 0 0 0 0 0 0 0 0 0 1 0 0 1 -1 
49.9951 67.25 83.5 3.515 0 0 0 0 0 0 0 0 0 0 0 0 0 0 0 0 1 0 0 1 -1 
49.9874 67.3 83.6 3.524 0 0 0 0 0 0 0 0 0 0 0 0 0 0 0 0 1 0 0 1 -1 
49.9761 67.35 83.7 3.533 0 0 0 0 0 0 0 0 0 0 0 0 0 0 0 0 1 0 0 1 -1 
49.9613 67.4 83.8 3.542 0 0 0 0 0 0 0 0 0 0 0 0 0 0 0 0 1 0 0 1 -1 
49.943 67.45 83.9 3.551 0 0 0 0 0 0 0 0 0 0 0 0 0 0 0 0 1 0 0 1 -1 
49.9211 67.5 84 3.56 0 0 0 0 0 0 0 0 0 0 0 0 0 0 0 0 1 0 0 1 -1 
49.8958 67.55 84.1 3.569 0 0 0 0 0 0 0 0 0 0 0 0 0 0 0 0 1 0 0 1 -1 
49.8669 67.6 84.2 3.578 0 0 0 0 0 0 0 0 0 0 0 0 0 0 0 0 1 0 0 1 -1 
49.8345 67.65 84.3 3.587 0 0 0 0 0 0 0 0 0 0 0 0 0 0 0 0 1 0 0 1 -1 
49.7985 67.7 84.4 3.596 0 0 0 0 0 0 0 0 0 0 0 0 0 0 0 0 1 0 0 1 -1 
49.7592 67.75 84.5 3.605 0 0 0 0 0 0 0 0 0 0 0 0 0 0 0 0 1 0 0 1 -1 
49.7163 67.8 84.6 3.614 0 0 0 0 0 0 0 0 0 0 0 0 0 0 0 0 1 0 0 1 -1 
49.67 67.85 84.7 3.623 0 0 0 0 0 0 0 0 0 0 0 0 0 0 0 0 1 0 0 1 -1 
49.6203 67.9 84.8 3.632 0 0 0 0 0 0 0 0 0 0 0 0 0 0 0 0 1 0 0 1 -1 
49.5671 67.95 84.9 3.641 0 0 0 0 0 0 0 0 0 0 0 0 0 0 0 0 1 0 0 1 -1 
49.5106 68 85 3.65 0 0 0 0 0 0 0 0 0 0 0 0 0 0 0 0 1 0 0 1 -1 
49.4506 68.05 85.1 3.659 0 0 0 0 0 0 0 0 0 0 0 0 0 0 0 0 1 0 0 1 -1 
49.3873 68.1 85.2 3.668 0 0 0 0 0 0 0 0 0 0 0 0 0 0 0 0 1 0 0 1 -1 
49.3207 68.15 85.3 3.677 0 0 0 0 0 0 0 0 0 0 0 0 0 0 0 0 1 0 0 1 -1 
49.2508 68.2 85.4 3.686 0 0 0 0 0 0 0 0 0 0 0 0 0 0 0 0 1 0 0 1 -1 
49.1775 68.25 85.5 3.695 0 0 0 0 0 0 0 0 0 0 0 0 0 0 0 0 1 0 0 1 -1 
49.1011 68.3 85.6 3.704 0 0 0 0 0 0 0 0 0 0 0 0 0 0 0 0 1 0 0 1 -1 
49.0213 68.35 85.7 3.713 0 0 0 0 0 0 0 0 0 0 0 0 0 0 0 0 1 0 0 1 -1 
48.9384 68.4 85.8 3.722 0 0 0 0 0 0 0 0 0 0 0 0 0 0 0 0 1 0 0 1 -1 
48.8523 68.45 85.9 3.731 0 0 0 0 0 0 0 0 0 0 0 0 0 0 0 0 1 0 0 1 -1 
48.7631 68.5 86 3.74 0 0 0 0 0 0 0 0 0 0 0 0 0 0 0 0 1 0 0 1 -1 
48.6707 68.55 86.1 3.749 0 0 0 0 0 0 0 0 0 0 0 0 0 0 0 0 1 0 0 1 -1 
48.5753 68.6 86.2 3.758 0 0 0 0 0 0 0 0 0 0 0 0 0 0 0 0 1 0 0 1 -1 
48.4768 68.65 86.3 3.767 0 0 0 0 0 0 0 0 0 0 0 0 0 0 0 0 1 0 0 1 -1 
48.3753 68.7 86.4 3.776 0 0 0 0 0 0 0 0 0 0 0 0 0 0 0 0 1 0 0 1 -1 
48.2708 68.75 86.5 3.785 0 0 0 0 0 0 0 0 0 0 0 0 0 0 0 0 1 0 0 1 -1 
48.1634 68.8 86.6 3.794 0 0 0 0 0 0 0 0 0 0 0 0 0 0 0 0 1 0 0 1 -1 
48.0531 68.85 86.7 3.803 0 0 0 0 0 0 0 0 0 0 0 0 0 0 0 0 1 0 0 1 -1 
47.9399 68.9 86.8 3.812 0 0 0 0 0 0 0 0 0 0 0 0 0 0 0 0 1 0 0 1 -1 
47.8239 68.95 86.9 3.821 0 0 0 0 0 0 0 0 0 0 0 0 0 0 0 0 1 0 0 1 -1 
47.7051 69 87 3.83 0 0 0 0 0 0 0 0 0 0 0 0 0 0 0 0 1 0 0 1 -1 
47.5836 69.05 87.1 3.839 0 0 0 0 0 0 0 0 0 0 0 0 0 0 0 0 1 0 0 1 -1 
47.4594 69.1 87.2 3.848 0 0 0 0 0 0 0 0 0 0 0 0 0 0 0 0 1 0 0 1 -1 
47.3326 69.15 87.3 3.857 0 0 0 0 0 0 0 0 0 0 0 0 0 0 0 0 1 0 0 1 -1 
47.2031 69.2 87.4 3.866 0 0 0 0 0 0 0 0 0 0 0 0 0 0 0 0 1 0 0 1 -1 
47.0711 69.25 87.5 3.875 0 0 0 0 0 0 0 0 0 0 0 0 0 0 0 0 1 0 0 1 -1 
46.9365 69.3 87.6 3.884 0 0 0 0 0 0 0 0 0 0 0 0 0 0 0 0 1 0 0 1 -1 
46.7995 69.35 87.7 3.893 0 0 0 0 0 0 0 0 0 0 0 0 0 0 0 0 1 0 0 1 -1 
46.6601 69.4 87.8 3.902 0 0 0 0 0 0 0 0 0 0 0 0 0 0 0 0 1 0 0 1 -1 
46.5183 69.45 87.9 3.911 0 0 0 0 0 0 0 0 0 0 0 0 0 0 0 0 1 0 0 1 -1 
46.3742 69.5 88 3.92 0 0 0 0 0 0 0 0 0 0 0 0 0 0 0 0 1 0 0 1 -1 
46.2279 69.55 88.1 3.929 0 0 0 0 0 0 0 0 0 0 0 0 0 0 0 0 1 0 0 1 -1 
46.0793 69.6 88.2 3.938 0 0 0 0 0 0 0 0 0 0 0 0 0 0 0 0 1 0 0 1 -1 
45.9286 69.65 88.3 3.947 0 0 0 0 0 0 0 0 0 0 0 0 0 0 0 0 1 0 0 1 -1 
45.7757 69.7 88.4 3.956 0 0 0 0 0 0 0 0 0 0 0 0 0 0 0 0 1 0 0 1 -1 
45.6208 69.75 88.5 3.965 0 0 0 0 0 0 0 0 0 0 0 0 0 0 0 0 1 0 0 1 -1 
45.4639 69.8 88.6 3.974 0 0 0 0 0 0 0 0 0 0 0 0 0 0 0 0 1 0 0 1 -1 
45.3051 69.85 88.7 3.983 0 0 0 0 0 0 0 0 0 0 0 0 0 0 0 0 1 0 0 1 -1 
45.1444 69.9 88.8 3.992 0 0 0 0 0 0 0 0 0 0 0 0 0 0 0 0 1 0 0 1 -1 
44.9818 69.95 88.9 4.001 0 0 0 0 0 0 0 0 0 0 0 0 0 0 0 0 1 0 0 1 -1 
44.8175 70 89 4.01 0 0 0 0 0 0 0 0 0 0 0 0 0 0 0 0 1 0 0 1 -1 
44.6515 70.05 89.1 4.019 0 0 0 0 0 0 0 0 0 0 0 0 0 0 0 0 1 0 0 1 -1 
44.4838 70.1 89.2 4.028 0 0 0 0 0 0 0 0 0 0 0 0 0 0 0 0 1 0 0 1 -1 
44.3146 70.15 89.3 4.037 0 0 0 0 0 0 0 0 0 0 0 0 0 0 0 0 1 0 0 1 -1 
44.1438 70.2 89.4 4.046 0 0 0 0 0 0 0 0 0 0 0 0 0 0 0 0 1 0 0 1 -1 
43.9715 70.25 89.5 4.055 0 0 0 0 0 0 0 0 0 0 0 0 0 0 0 0 1 0 0 1 -1 
43.7978 70.3 89.6 4.064 0 0 0 0 0 0 0 0 0 0 0 0 0 0 0 0 1 0 0 1 -1 
43.6228 70.35 89.7 4.073 0 0 0 0 0 0 0 0 0 0 0 0 0 0 0 0 1 0 0 1 -1 
43.4464 70.4 89.8 4.082 0 0 0 0 0 0 0 0 0 0 0 0 0 0 0 0 1 0 0 1 -1 
43.2689 70.45 89.9 4.091 0 0 0 0 0 0 0 0 0 0 0 0 0 0 0 0 1 0 0 1 -1 
43.0902 70.5 90 4.1 0 0 0 0 0 0 0 0 0 0 0 0 0 0 0 0 1 0 0 1 -1 
42.9104 70.55 90.1 4.109 0 0 0 0 0 0 0 0 0 0 0 0 0 0 0 0 1 0 0 1 -1 
42.7295 70.6 90.2 4.118 0 0 0 0 0 0 0 0 0 0 0 0 0 0 0 0 1 0 0 1 -1 
42.5477 70.65 90.3 4.127 0 0 0 0 0 0 0 0 0 0 0 0 0 0 0 0 1 0 0 1 -1 
42.365 70.7 90.4 4.136 0 0 0 0 0 0 0 0 0 0 0 0 0 0 0 0 1 0 0 1 -1 
42.1814 70.75 90.5 4.145 0 0 0 0 0 0 0 0 0 0 0 0 0 0 0 0 1 0 0 1 -1 
41.9971 70.8 90.6 4.154 0 0 0 0 0 0 0 0 0 0 0 0 0 0 0 0 1 0 0 1 -1 
41.8121 70.85 90.7 4.163 0 0 0 0 0 0 0 0 0 0 0 0 0 0 0 0 1 0 0 1 -1 
41.6264 70.9 90.8 4.172 0 0 0 0 0 0 0 0 0 0 0 0 0 0 0 0 1 0 0 1 -1 
41.4401 70.95 90.9 4.181 0 0 0 0 0 0 0 0 0 0 0 0 0 0 0 0 1 0 0 1 -1 
41.2533 71 91 4.19 0 0 0 0 0 0 0 0 0 0 0 0 0 0 0 0 1 0 0 1 -1 
41.0661 71.05 91.1 4.199 0 0 0 0 0 0 0 0 0 0 0 0 0 0 0 0 1 0 0 1 -1 
40.8785 71.1 91.2 4.208 0 0 0 0 0 0 0 0 0 0 0 0 0 0 0 0 1 0 0 1 -1 
40.6906 71.15 91.3 4.217 0 0 0 0 0 0 0 0 0 0 0 0 0 0 0 0 1 0 0 1 -1 
40.5024 71.2 91.4 4.226 0 0 0 0 0 0 0 0 0 0 0 0 0 0 0 0 1 0 0 1 -1 
40.3141 71.25 91.5 4.235 0 0 0 0 0 0 0 0 0 0 0 0 0 0 0 0 1 0 0 1 -1 
40.1257 71.3 91.6 4.244 0 0 0 0 0 0 0 0 0 0 0 0 0 0 0 0 1 0 0 1 -1 
39.9372 71.35 91.7 4.253 0 0 0 0 0 0 0 0 0 0 0 0 0 0 0 0 1 0 0 1 -1 
39.7487 71.4 91.8 4.262 0 0 0 0 0 0 0 0 0 0 0 0 0 0 0 0 1 0 0 1 -1 
39.5603 71.45 91.9 4.271 0 0 0 0 0 0 0 0 0 0 0 0 0 0 0 0 1 0 0 1 -1 
39.3721 71.5 92 4.28 0 0 0 0 0 0 0 0 0 0 0 0 0 0 0 0 1 0 0 1 -1 
39.1841 71.55 92.1 4.289 0 0 0 0 0 0 0 0 0 0 0 0 0 0 0 0 1 0 0 1 -1 
38.9964 71.6 92.2 4.298 0 0 0 0 0 0 0 0 0 0 0 0 0 0 0 0 1 0 0 1 -1 
38.809 71.65 92.3 4.307 0 0 0 0 0 0 0 0 0 0 0 0 0 0 0 0 1 0 0 1 -1 
38.6221 71.7 92.4 4.316 0 0 0 0 0 0 0 0 0 0 0 0 0 0 0 0 1 0 0 1 -1 
38.4357 71.75 92.5 4.325 0 0 0 0 0 0 0 0 0 0 0 0 0 0 0 0 1 0 0 1 -1 
38.2498 71.8 92.6 4.334 0 0 0 0 0 0 0 0 0 0 0 0 0 0 0 0 1 0 0 1 -1 
38.0645 71.85 92.7 4.343 0 0 0 0 0 0 0 0 0 0 0 0 0 0 0 0 1 0 0 1 -1 
37.8799 71.9 92.8 4.352 0 0 0 0 0 0 0 0 0 0 0 0 0 0 0 0 1 0 0 1 -1 
37.6961 71.95 92.9 4.361 0 0 0 0 0 0 0 0 0 0 0 0 0 0 0 0 1 0 0 1 -1 
37.5131 72 93 4.37 0 0 0 0 0 0 0 0 0 0 0 0 0 0 0 0 1 0 0 1 -1 
37.331 72.05 93.1 4.379 0 0 0 0 0 0 0 0 0 0 0 0 0 0 0 0 1 0 0 1 -1 
37.1498 72.1 93.2 4.388 0 0 0 0 0 0 0 0 0 0 0 0 0 0 0 0 1 0 0 1 -1 
36.9696 72.15 93.3 4.397 0 0 0 0 0 0 0 0 0 0 0 0 0 0 0 0 1 0 0 1 -1 
36.7906 72.2 93.4 4.406 0 0 0 0 0 0 0 0 0 0 0 0 0 0 0 0 1 0 0 1 -1 
36.6126 72.25 93.5 4.415 0 0 0 0 0 0 0 0 0 0 0 0 0 0 0 0 1 0 0 1 -1 
36.4359 72.3 93.6 4.424 0 0 0 0 0 0 0 0 0 0 0 0 0 0 0 0 1 0 0 1 -1 
36.2604 72.35 93.7 4.433 0 0 0 0 0 0 0 0 0 0 0 0 0 0 0 0 1 0 0 1 -1 
36.0863 72.4 93.8 4.442 0 0 0 0 0 0 0 0 0 0 0 0 0 0 0 0 1 0 0 1 -1 
35.9135 72.45 93.9 4.451 0 0 0 0 0 0 0 0 0 0 0 0 0 0 0 0 1 0 0 1 -1 
35.7422 72.5 94 4.46 0 0 0 0 0 0 0 0 0 0 0 0 0 0 0 0 1 0 0 1 -1 
35.5724 72.55 94.1 4.469 0 0 0 0 0 0 0 0 0 0 0 0 0 0 0 0 1 0 0 1 -1 
35.4042 72.6 94.2 4.478 0 0 0 0 0 0 0 0 0 0 0 0 0 0 0 0 1 0 0 1 -1 
35.2376 72.65 94.3 4.487 0 0 0 0 0 0 0 0 0 0 0 0 0 0 0 0 1 0 0 1 -1 
35.0727 72.7 94.4 4.496 0 0 0 0 0 0 0 0 0 0 0 0 0 0 0 0 1 0 0 1 -1 
34.9096 72.75 94.5 4.505 0 0 0 0 0 0 0 0 0 0 0 0 0 0 0 0 1 0 0 1 -1 
34.7483 72.8 94.6 4.514 0 0 0 0 0 0 0 0 0 0 0 0 0 0 0 0 1 0 0 1 -1 
34.5888 72.85 94.7 4.523 0 0 0 0 0 0 0 0 0 0 0 0 0 0 0 0 1 0 0 1 -1 
34.4312 72.9 94.8 4.532 0 0 0 0 0 0 0 0 0 0 0 0 0 0 0 0 1 0 0 1 -1 
34.2757 72.95 94.9 4.541 0 0 0 0 0 0 0 0 0 0 0 0 0 0 0 0 1 0 0 1 -1 
34.1221 73 95 4.55 0 0 0 0 0 0 0 0 0 0 0 0 0 0 0 0 1 0 0 1 -1 
33.9707 73.05 95.1 4.559 0 0 0 0 0 0 0 0 0 0 0 0 0 0 0 0 1 0 0 1 -1 
33.8214 73.1 95.2 4.568 0 0 0 0 0 0 0 0 0 0 0 0 0 0 0 0 1 0 0 1 -1 
33.6743 73.15 95.3 4.577 0 0 0 0 0 0 0 0 0 0 0 0 0 0 0 0 1 0 0 1 -1 
33.5294 73.2 95.4 4.586 0 0 0 0 0 0 0 0 0 0 0 0 0 0 0 0 1 0 0 1 -1 
33.3869 73.25 95.5 4.595 0 0 0 0 0 0 0 0 0 0 0 0 0 0 0 0 1 0 0 1 -1 
33.2467 73.3 95.6 4.604 0 0 0 0 0 0 0 0 0 0 0 0 0 0 0 0 1 0 0 1 -1 
33.1089 73.35 95.7 4.613 0 0 0 0 0 0 0 0 0 0 0 0 0 0 0 0 1 0 0 1 -1 
32.9735 73.4 95.8 4.622 0 0 0 0 0 0 0 0 0 0 0 0 0 0 0 0 1 0 0 1 -1 
32.8406 73.45 95.9 4.631 0 0 0 0 0 0 0 0 0 0 0 0 0 0 0 0 1 0 0 1 -1 
32.7103 73.5 96 4.64 0 0 0 0 0 0 0 0 0 0 0 0 0 0 0 0 1 0 0 1 -1 
32.5826 73.55 96.1 4.649 0 0 0 0 0 0 0 0 0 0 0 0 0 0 0 0 1 0 0 1 -1 
32.4575 73.6 96.2 4.658 0 0 0 0 0 0 0 0 0 0 0 0 0 0 0 0 1 0 0 1 -1 
32.3351 73.65 96.3 4.667 0 0 0 0 0 0 0 0 0 0 0 0 0 0 0 0 1 0 0 1 -1 
32.2154 73.7 96.4 4.676 0 0 0 0 0 0 0 0 0 0 0 0 0 0 0 0 1 0 0 1 -1 
32.0984 73.75 96.5 4.685 0 0 0 0 0 0 0 0 0 0 0 0 0 0 0 0 1 0 0 1 -1 
31.9843 73.8 96.6 4.694 0 0 0 0 0 0 0 0 0 0 0 0 0 0 0 0 1 0 0 1 -1 
31.8731 73.85 96.7 4.703 0 0 0 0 0 0 0 0 0 0 0 0 0 0 0 0 1 0 0 1 -1 
31.7647 73.9 96.8 4.712 0 0 0 0 0 0 0 0 0 0 0 0 0 0 0 0 1 0 0 1 -1 
31.6592 73.95 96.9 4.721 0 0 0 0 0 0 0 0 0 0 0 0 0 0 0 0 1 0 0 1 -1 
31.5567 74 97 4.73 0 0 0 0 0 0 0 0 0 0 0 0 0 0 0 0 1 0 0 1 -1 
31.4572 74.05 97.1 4.739 0 0 0 0 0 0 0 0 0 0 0 0 0 0 0 0 1 0 0 1 -1 
31.3608 74.1 97.2 4.748 0 0 0 0 0 0 0 0 0 0 0 0 0 0 0 0 1 0 0 1 -1 
31.2674 74.15 97.3 4.757 0 0 0 0 0 0 0 0 0 0 0 0 0 0 0 0 1 0 0 1 -1 
31.1771 74.2 97.4 4.766 0 0 0 0 0 0 0 0 0 0 0 0 0 0 0 0 1 0 0 1 -1 
31.0899 74.25 97.5 4.775 0 0 0 0 0 0 0 0 0 0 0 0 0 0 0 0 1 0 0 1 -1 
31.0059 74.3 97.6 4.784 0 0 0 0 0 0 0 0 0 0 0 0 0 0 0 0 1 0 0 1 -1 
30.9252 74.35 97.7 4.793 0 0 0 0 0 0 0 0 0 0 0 0 0 0 0 0 1 0 0 1 -1 
30.8476 74.4 97.8 4.802 0 0 0 0 0 0 0 0 0 0 0 0 0 0 0 0 1 0 0 1 -1 
30.7733 74.45 97.9 4.811 0 0 0 0 0 0 0 0 0 0 0 0 0 0 0 0 1 0 0 1 -1 
30.7022 74.5 98 4.82 0 0 0 0 0 0 0 0 0 0 0 0 0 0 0 0 1 0 0 1 -1 
30.6345 74.55 98.1 4.829 0 0 0 0 0 0 0 0 0 0 0 0 0 0 0 0 1 0 0 1 -1 
30.5701 74.6 98.2 4.838 0 0 0 0 0 0 0 0 0 0 0 0 0 0 0 0 1 0 0 1 -1 
30.509 74.65 98.3 4.847 0 0 0 0 0 0 0 0 0 0 0 0 0 0 0 0 1 0 0 1 -1 
30.4514 74.7 98.4 4.856 0 0 0 0 0 0 0 0 0 0 0 0 0 0 0 0 1 0 0 1 -1 
30.3971 74.75 98.5 4.865 0 0 0 0 0 0 0 0 0 0 0 0 0 0 0 0 1 0 0 1 -1 
30.3462 74.8 98.6 4.874 0 0 0 0 0 0 0 0 0 0 0 0 0 0 0 0 1 0 0 1 -1 
30.2987 74.85 98.7 4.883 0 0 0 0 0 0 0 0 0 0 0 0 0 0 0 0 1 0 0 1 -1 
30.2547 74.9 98.8 4.892 0 0 0 0 0 0 0 0 0 0 0 0 0 0 0 0 1 0 0 1 -1 
30.2142 74.95 98.9 4.901 0 0 0 0 0 0 0 0 0 0 0 0 0 0 0 0 1 0 0 1 -1 
30.1771 75 99 4.91 0 0 0 0 0 0 0 0 0 0 0 0 0 0 0 0 1 0 0 1 -1 
30.1436 75.05 99.1 4.919 0 0 0 0 0 0 0 0 0 0 0 0 0 0 0 0 1 0 0 1 -1 
30.1135 75.1 99.2 4.928 0 0 0 0 0 0 0 0 0 0 0 0 0 0 0 0 1 0 0 1 -1 
30.0869 75.15 99.3 4.937 0 0 0 0 0 0 0 0 0 0 0 0 0 0 0 0 1 0 0 1 -1 
30.0639 75.2 99.4 4.946 0 0 0 0 0 0 0 0 0 0 0 0 0 0 0 0 1 0 0 1 -1 
30.0444 75.25 99.5 4.955 0 0 0 0 0 0 0 0 0 0 0 0 0 0 0 0 1 0 0 1 -1 
30.0284 75.3 99.6 4.964 0 0 0 0 0 0 0 0 0 0 0 0 0 0 0 0 1 0 0 1 -1 
30.016 75.35 99.7 4.973 0 0 0 0 0 0 0 0 0 0 0 0 0 0 0 0 1 0 0 1 -1 
30.0071 75.4 99.8 4.982 0 0 0 0 0 0 0 0 0 0 0 0 0 0 0 0 1 0 0 1 -1 
30.0018 75.45 99.9 4.991 0 0 0 0 0 0 0 0 0 0 0 0 0 0 0 0 1 0 0 1 -1 
30 75.5 100 5 0 0 0 0 0 0 0 0 0 0 0 0 0 0 0 0 1 0 0 1 -1 
ObjectType = Tube
ObjectSubType = Vessel
NDims = 3
ParentID = 0
Color = 0.8 0.1 0.8 1
BinaryData = False
TransformMatrix = 1 0 0 0 1 0 0 0 1
Offset = 0 0 0
CenterOfRotation = 0 0 0
ElementSpacing = 1 1 1
Root = False
Artery = True
PointDim = x y z r rn mn bn mk v1x v1y v1z v2x v2y v2z tx ty tz a1 a2 a3 red green blue alpha id
NPoints = 500
Points = 
49.9982 50.45 50.1 0.509 0 0 0 0 0 0 0 0 0 0 0 0 0 0 0 0 1 0 0 1 -1 
49.9929 50.4 50.2 0.518 0 0 0 0 0 0 0 0 0 0 0 0 0 0 0 0 1 0 0 1 -1 
49.984 50.35 50.3 0.527 0 0 0 0 0 0 0 0 0 0 0 0 0 0 0 0 1 0 0 1 -1 
49.9716 50.3 50.4 0.536 0 0 0 0 0 0 0 0 0 0 0 0 0 0 0 0 1 0 0 1 -1 
49.9556 50.25 50.5 0.545 0 0 0 0 0 0 0 0 0 0 0 0 0 0 0 0 1 0 0 1 -1 
49.9361 50.2 50.6 0.554 0 0 0 0 0 0 0 0 0 0 0 0 0 0 0 0 1 0 0 1 -1 
49.9131 50.15 50.7 0.563 0 0 0 0 0 0 0 0 0 0 0 0 0 0 0 0 1 0 0 1 -1 
49.8865 50.1 50.8 0.572 0 0 0 0 0 0 0 0 0 0 0 0 0 0 0 0 1 0 0 1 -1 
49.8564 50.05 50.9 0.581 0 0 0 0 0 0 0 0 0 0 0 0 0 0 0 0 1 0 0 1 -1 
49.8229 50 51 0.59 0 0 0 0 0 0 0 0 0 0 0 0 0 0 0 0 1 0 0 1 -1 
49.7858 49.95 51.1 0.599 0 0 0 0 0 0 0 0 0 0 0 0 0 0 0 0 1 0 0 1 -1 
49.7453 49.9 51.2 0.608 0 0 0 0 0 0 0 0 0 0 0 0 0 0 0 0 1 0 0 1 -1 
49.7013 49.85 51.3 0.617 0 0 0 0 0 0 0 0 0 0 0 0 0 0 0 0 1 0 0 1 -1 
49.6538 49.8 51.4 0.626 0 0 0 0 0 0 0 0 0 0 0 0 0 0 0 0 1 0 0 1 -1 
49.6029 49.75 51.5 0.635 0 0 0 0 0 0 0 0 0 0 0 0 0 0 0 0 1 0 0 1 -1 
49.5486 49.7 51.6 0.644 0 0 0 0 0 0 0 0 0 0 0 0 0 0 0 0 1 0 0 1 -1 
49.491 49.65 51.7 0.653 0 0 0 0 0 0 0 0 0 0 0 0 0 0 0 0 1 0 0 1 -1 
49.4299 49.6 51.8 0.662 0 0 0 0 0 0 0 0 0 0 0 0 0 0 0 0 1 0 0 1 -1 
49.3655 49.55 51.9 0.671 0 0 0 0 0 0 0 0 0 0 0 0 0 0 0 0 1 0 0 1 -1 
49.2978 49.5 52 0.68 0 0 0 0 0 0 0 0 0 0 0 0 0 0 0 0 1 0 0 1 -1 
49.2267 49.45 52.1 0.689 0 0 0 0 0 0 0 0 0 0 0 0 0 0 0 0 1 0 0 1 -1 
49.1524 49.4 52.2 0.698 0 0 0 0 0 0 0 0 0 0 0 0 0 0 0 0 1 0 0 1 -1 
49.0748 49.35 52.3 0.707 0 0 0 0 0 0 0 0 0 0 0 0 0 0 0 0 1 0 0 1 -1 
48.9941 49.3 52.4 0.716 0 0 0 0 0 0 0 0 0 0 0 0 0 0 0 0 1 0 0 1 -1 
48.9101 49.25 52.5 0.725 0 0 0 0 0 0 0 0 0 0 0 0 0 0 0 0 1 0 0 1 -1 
48.8229 49.2 52.6 0.734 0 0 0 0 0 0 0 0 0 0 0 0 0 0 0 0 1 0 0 1 -1 
48.7326 49.15 52.7 0.743 0 0 0 0 0 0 0 0 0 0 0 0 0 0 0 0 1 0 0 1 -1 
48.6392 49.1 52.8 0.752 0 0 0 0 0 0 0 0 0 0 0 0 0 0 0 0 1 0 0 1 -1 
48.5428 49.05 52.9 0.761 0 0 0 0 0 0 0 0 0 0 0 0 0 0 0 0 1 0 0 1 -1 
48.4433 49 53 0.77 0 0 0 0 0 0 0 0 0 0 0 0 0 0 0 0 1 0 0 1 -1 
48.3408 48.95 53.1 0.779 0 0 0 0 0 0 0 0 0 0 0 0 0 0 0 0 1 0 0 1 -1 
48.2353 48.9 53.2 0.788 0 0 0 0 0 0 0 0 0 0 0 0 0 0 0 0 1 0 0 1 -1 
48.1269 48.85 53.3 0.797 0 0 0 0 0 0 0 0 0 0 0 0 0 0 0 0 1 0 0 1 -1 
48.0157 48.8 53.4 0.806 0 0 0 0 0 0 0 0 0 0 0 0 0 0 0 0 1 0 0 1 -1 
47.9016 48.75 53.5 0.815 0 0 0 0 0 0 0 0 0 0 0 0 0 0 0 0 1 0 0 1 -1 
47.7846 48.7 53.6 0.824 0 0 0 0 0 0 0 0 0 0 0 0 0 0 0 0 1 0 0 1 -1 
47.6649 48.65 53.7 0.833 0 0 0 0 0 0 0 0 0 0 0 0 0 0 0 0 1 0 0 1 -1 
47.5425 48.6 53.8 0.842 0 0 0 0 0 0 0 0 0 0 0 0 0 0 0 0 1 0 0 1 -1 
47.4174 48.55 53.9 0.851 0 0 0 0 0 0 0 0 0 0 0 0 0 0 0 0 1 0 0 1 -1 
47.2897 48.5 54 0.86 0 0 0 0 0 0 0 0 0 0 0 0 0 0 0 0 1 0 0 1 -1 
47.1594 48.45 54.1 0.869 0 0 0 0 0 0 0 0 0 0 0 0 0 0 0 0 1 0 0 1 -1 
47.0265 48.4 54.2 0.878 0 0 0 0 0 0 0 0 0 0 0 0 0 0 0 0 1 0 0 1 -1 
46.8911 48.35 54.3 0.887 0 0 0 0 0 0 0 0 0 0 0 0 0 0 0 0 1 0 0 1 -1 
46.7533 48.3 54.4 0.896 0 0 0 0 0 0 0 0 0 0 0 0 0 0 0 0 1 0 0 1 -1 
46.6131 48.25 54.5 0.905 0 0 0 0 0 0 0 0 0 0 0 0 0 0 0 0 1 0 0 1 -1 
46.4706 48.2 54.6 0.914 0 0 0 0 0 0 0 0 0 0 0 0 0 0 0 0 1 0 0 1 -1 
46.3257 48.15 54.7 0.923 0 0 0 0 0 0 0 0 0 0 0 0 0 0 0 0 1 0 0 1 -1 
46.1786 48.1 54.8 0.932 0 0 0 0 0 0 0 0 0 0 0 0 0 0 0 0 1 0 0 1 -1 
46.0293 48.05 54.9 0.941 0 0 0 0 0 0 0 0 0 0 0 0 0 0 0 0 1 0 0 1 -1 
45.8779 48 55 0.95 0 0 0 0 0 0 0 0 0 0 0 0 0 0 0 0 1 0 0 1 -1 
45.7243 47.95 55.1 0.959 0 0 0 0 0 0 0 0 0 0 0 0 0 0 0 0 1 0 0 1 -1 
45.5688 47.9 55.2 0.968 0 0 0 0 0 0 0 0 0 0 0 0 0 0 0 0 1 0 0 1 -1 
45.4112 47.85 55.3 0.977 0 0 0 0 0 0 0 0 0 0 0 0 0 0 0 0 1 0 0 1 -1 
45.2517 47.8 55.4 0.986 0 0 0 0 0 0 0 0 0 0 0 0 0 0 0 0 1 0 0 1 -1 
45.0904 47.75 55.5 0.995 0 0 0 0 0 0 0 0 0 0 0 0 0 0 0 0 1 0 0 1 -1 
44.9273 47.7 55.6 1.004 0 0 0 0 0 0 0 0 0 0 0 0 0 0 0 0 1 0 0 1 -1 
44.7624 47.65 55.7 1.013 0 0 0 0 0 0 0 0 0 0 0 0 0 0 0 0 1 0 0 1 -1 
44.5958 47.6 55.8 1.022 0 0 0 0 0 0 0 0 0 0 0 0 0 0 0 0 1 0 0 1 -1 
44.4276 47.55 55.9 1.031 0 0 0 0 0 0 0 0 0 0 0 0 0 0 0 0 1 0 0 1 -1 
44.2578 47.5 56 1.04 0 0 0 0 0 0 0 0 0 0 0 0 0 0 0 0 1 0 0 1 -1 
44.0865 47.45 56.1 1.049 0 0 0 0 0 0 0 0 0 0 0 0 0 0 0 0 1 0 0 1 -1 
43.9137 47.4 56.2 1.058 0 0 0 0 0 0 0 0 0 0 0 0 0 0 0 0 1 0 0 1 -1 
43.7396 47.35 56.3 1.067 0 0 0 0 0 0 0 0 0 0 0 0 0 0 0 0 1 0 0 1 -1 
43.5641 47.3 56.4 1.076 0 0 0 0 0 0 0 0 0 0 0 0 0 0 0 0 1 0 0 1 -1 
43.3874 47.25 56.5 1.085 0 0 0 0 0 0 0 0 0 0 0 0 0 0 0 0 1 0 0 1 -1 
43.2094 47.2 56.6 1.094 0 0 0 0 0 0 0 0 0 0 0 0 0 0 0 0 1 0 0 1 -1 
43.0304 47.15 56.7 1.103 0 0 0 0 0 0 0 0 0 0 0 0 0 0 0 0 1 0 0 1 -1 
42.8502 47.1 56.8 1.112 0 0 0 0 0 0 0 0 0 0 0 0 0 0 0 0 1 0 0 1 -1 
42.669 47.05 56.9 1.121 0 0 0 0 0 0 0 0 0 0 0 0 0 0 0 0 1 0 0 1 -1 
42.4869 47 57 1.13 0 0 0 0 0 0 0 0 0 0 0 0 0 0 0 0 1 0 0 1 -1 
42.3039 46.95 57.1 1.139 0 0 0 0 0 0 0 0 0 0 0 0 0 0 0 0 1 0 0 1 -1 
42.1201 46.9 57.2 1.148 0 0 0 0 0 0 0 0 0 0 0 0 0 0 0 0 1 0 0 1 -1 
41.9355 46.85 57.3 1.157 0 0 0 0 0 0 0 0 0 0 0 0 0 0 0 0 1 0 0 1 -1 
41.7502 46.8 57.4 1.166 0 0 0 0 0 0 0 0 0 0 0 0 0 0 0 0 1 0 0 1 -1 
41.5643 46.75 57.5 1.175 0 0 0 0 0 0 0 0 0 0 0 0 0 0 0 0 1 0 0 1 -1 
41.3779 46.7 57.6 1.184 0 0 0 0 0 0 0 0 0 0 0 0 0 0 0 0 1 0 0 1 -1 
41.191 46.65 57.7 1.193 0 0 0 0 0 0 0 0 0 0 0 0 0 0 0 0 1 0 0 1 -1 
41.0036 46.6 57.8 1.202 0 0 0 0 0 0 0 0 0 0 0 0 0 0 0 0 1 0 0 1 -1 
40.8159 46.55 57.9 1.211 0 0 0 0 0 0 0 0 0 0 0 0 0 0 0 0 1 0 0 1 -1 
40.6279 46.5 58 1.22 0 0 0 0 0 0 0 0 0 0 0 0 0 0 0 0 1 0 0 1 -1 
40.4397 46.45 58.1 1.229 0 0 0 0 0 0 0 0 0 0 0 0 0 0 0 0 1 0 0 1 -1 
40.2513 46.4 58.2 1.238 0 0 0 0 0 0 0 0 0 0 0 0 0 0 0 0 1 0 0 1 -1 
40.0628 46.35 58.3 1.247 0 0 0 0 0 0 0 0 0 0 0 0 0 0 0 0 1 0 0 1 -1 
39.8743 46.3 58.4 1.256 0 0 0 0 0 0 0 0 0 0 0 0 0 0 0 0 1 0 0 1 -1 
39.6859 46.25 58.5 1.265 0 0 0 0 0 0 0 0 0 0 0 0 0 0 0 0 1 0 0 1 -1 
39.4976 46.2 58.6 1.274 0 0 0 0 0 0 0 0 0 0 0 0 0 0 0 0 1 0 0 1 -1 
39.3094 46.15 58.7 1.283 0 0 0 0 0 0 0 0 0 0 0 0 0 0 0 0 1 0 0 1 -1 
39.1215 46.1 58.8 1.292 0 0 0 0 0 0 0 0 0 0 0 0 0 0 0 0 1 0 0 1 -1 
38.9339 46.05 58.9 1.301 0 0 0 0 0 0 0 0 0 0 0 0 0 0 0 0 1 0 0 1 -1 
38.7467 46 59 1.31 0 0 0 0 0 0 0 0 0 0 0 0 0 0 0 0 1 0 0 1 -1 
38.5599 45.95 59.1 1.319 0 0 0 0 0 0 0 0 0 0 0 0 0 0 0 0 1 0 0 1 -1 
38.3736 45.9 59.2 1.328 0 0 0 0 0 0 0 0 0 0 0 0 0 0 0 0 1 0 0 1 -1 
38.1879 45.85 59.3 1.337 0 0 0 0 0 0 0 0 0 0 0 0 0 0 0 0 1 0 0 1 -1 
38.0029 45.8 59.4 1.346 0 0 0 0 0 0 0 0 0 0 0 0 0 0 0 0 1 0 0 1 -1 
37.8186 45.75 59.5 1.355 0 0 0 0 0 0 0 0 0 0 0 0 0 0 0 0 1 0 0 1 -1 
37.635 45.7 59.6 1.364 0 0 0 0 0 0 0 0 0 0 0 0 0 0 0 0 1 0 0 1 -1 
37.4523 45.65 59.7 1.373 0 0 0 0 0 0 0 0 0 0 0 0 0 0 0 0 1 0 0 1 -1 
37.2705 45.6 59.8 1.382 0 0 0 0 0 0 0 0 0 0 0 0 0 0 0 0 1 0 0 1 -1 
37.0896 45.55 59.9 1.391 0 0 0 0 0 0 0 0 0 0 0 0 0 0 0 0 1 0 0 1 -1 
36.9098 45.5 60 1.4 0 0 0 0 0 0 0 0 0 0 0 0 0 0 0 0 1 0 0 1 -1 
36.7311 45.45 60.1 1.409 0 0 0 0 0 0 0 0 0 0 0 0 0 0 0 0 1 0 0 1 -1 
36.5536 45.4 60.2 1.418 0 0 0 0 0 0 0 0 0 0 0 0 0 0 0 0 1 0 0 1 -1 
36.3772 45.35 60.3 1.427 0 0 0 0 0 0 0 0 0 0 0 0 0 0 0 0 1 0 0 1 -1 
36.2022 45.3 60.4 1.436 0 0 0 0 0 0 0 0 0 0 0 0 0 0 0 0 1 0 0 1 -1 
36.0285 45.25 60.5 1.445 0 0 0 0 0 0 0 0 0 0 0 0 0 0 0 0 1 0 0 1 -1 
35.8562 45.2 60.6 1.454 0 0 0 0 0 0 0 0 0 0 0 0 0 0 0 0 1 0 0 1 -1 
35.6854 45.15 60.7 1.463 0 0 0 0 0 0 0 0 0 0 0 0 0 0 0 0 1 0 0 1 -1 
35.5162 45.1 60.8 1.472 0 0 0 0 0 0 0 0 0 0 0 0 0 0 0 0 1 0 0 1 -1 
35.3485 45.05 60.9 1.481 0 0 0 0 0 0 0 0 0 0 0 0 0 0 0 0 1 0 0 1 -1 
35.1825 45 61 1.49 0 0 0 0 0 0 0 0 0 0 0 0 0 0 0 0 1 0 0 1 -1 
35.0182 44.95 61.1 1.499 0 0 0 0 0 0 0 0 0 0 0 0 0 0 0 0 1 0 0 1 -1 
34.8556 44.9 61.2 1.508 0 0 0 0 0 0 0 0 0 0 0 0 0 0 0 0 1 0 0 1 -1 
34.6949 44.85 61.3 1.517 0 0 0 0 0 0 0 0 0 0 0 0 0 0 0 0 1 0 0 1 -1 
34.5361 44.8 61.4 1.526 0 0 0 0 0 0 0 0 0 0 0 0 0 0 0 0 1 0 0 1 -1 
34.3792 44.75 61.5 1.535 0 0 0 0 0 0 0 0 0 0 0 0 0 0 0 0 1 0 0 1 -1 
34.2243 44.7 61.6 1.544 0 0 0 0 0 0 0 0 0 0 0 0 0 0 0 0 1 0 0 1 -1 
34.0714 44.65 61.7 1.553 0 0 0 0 0 0 0 0 0 0 0 0 0 0 0 0 1 0 0 1 -1 
33.9207 44.6 61.8 1.562 0 0 0 0 0 0 0 0 0 0 0 0 0 0 0 0 1 0 0 1 -1 
33.7721 44.55 61.9 1.571 0 0 0 0 0 0 0 0 0 0 0 0 0 0 0 0 1 0 0 1 -1 
33.6258 44.5 62 1.58 0 0 0 0 0 0 0 0 0 0 0 0 0 0 0 0 1 0 0 1 -1 
33.4817 44.45 62.1 1.589 0 0 0 0 0 0 0 0 0 0 0 0 0 0 0 0 1 0 0 1 -1 
33.3399 44.4 62.2 1.598 0 0 0 0 0 0 0 0 0 0 0 0 0 0 0 0 1 0 0 1 -1 
33.2005 44.35 62.3 1.607 0 0 0 0 0 0 0 0 0 0 0 0 0 0 0 0 1 0 0 1 -1 
33.0635 44.3 62.4 1.616 0 0 0 0 0 0 0 0 0 0 0 0 0 0 0 0 1 0 0 1 -1 
32.9289 44.25 62.5 1.625 0 0 0 0 0 0 0 0 0 0 0 0 0 0 0 0 1 0 0 1 -1 
32.7969 44.2 62.6 1.634 0 0 0 0 0 0 0 0 0 0 0 0 0 0 0 0 1 0 0 1 -1 
32.6674 44.15 62.7 1.643 0 0 0 0 0 0 0 0 0 0 0 0 0 0 0 0 1 0 0 1 -1 
32.5406 44.1 62.8 1.652 0 0 0 0 0 0 0 0 0 0 0 0 0 0 0 0 1 0 0 1 -1 
32.4164 44.05 62.9 1.661 0 0 0 0 0 0 0 0 0 0 0 0 0 0 0 0 1 0 0 1 -1 
32.2949 44 63 1.67 0 0 0 0 0 0 0 0 0 0 0 0 0 0 0 0 1 0 0 1 -1 
32.1761 43.95 63.1 1.679 0 0 0 0 0 0 0 0 0 0 0 0 0 0 0 0 1 0 0 1 -1 
32.0601 43.9 63.2 1.688 0 0 0 0 0 0 0 0 0 0 0 0 0 0 0 0 1 0 0 1 -1 
31.9469 43.85 63.3 1.697 0 0 0 0 0 0 0 0 0 0 0 0 0 0 0 0 1 0 0 1 -1 
31.8366 43.8 63.4 1.706 0 0 0 0 0 0 0 0 0 0 0 0 0 0 0 0 1 0 0 1 -1 
31.7292 43.75 63.5 1.715 0 0 0 0 0 0 0 0 0 0 0 0 0 0 0 0 1 0 0 1 -1 
31.6247 43.7 63.6 1.724 0 0 0 0 0 0 0 0 0 0 0 0 0 0 0 0 1 0 0 1 -1 
31.5232 43.65 63.7 1.733 0 0 0 0 0 0 0 0 0 0 0 0 0 0 0 0 1 0 0 1 -1 
31.4247 43.6 63.8 1.742 0 0 0 0 0 0 0 0 0 0 0 0 0 0 0 0 1 0 0 1 -1 
31.3293 43.55 63.9 1.751 0 0 0 0 0 0 0 0 0 0 0 0 0 0 0 0 1 0 0 1 -1 
31.2369 43.5 64 1.76 0 0 0 0 0 0 0 0 0 0 0 0 0 0 0 0 1 0 0 1 -1 
31.1477 43.45 64.1 1.769 0 0 0 0 0 0 0 0 0 0 0 0 0 0 0 0 1 0 0 1 -1 
31.0616 43.4 64.2 1.778 0 0 0 0 0 0 0 0 0 0 0 0 0 0 0 0 1 0 0 1 -1 
30.9787 43.35 64.3 1.787 0 0 0 0 0 0 0 0 0 0 0 0 0 0 0 0 1 0 0 1 -1 
30.8989 43.3 64.4 1.796 0 0 0 0 0 0 0 0 0 0 0 0 0 0 0 0 1 0 0 1 -1 
30.8225 43.25 64.5 1.805 0 0 0 0 0 0 0 0 0 0 0 0 0 0 0 0 1 0 0 1 -1 
30.7492 43.2 64.6 1.814 0 0 0 0 0 0 0 0 0 0 0 0 0 0 0 0 1 0 0 1 -1 
30.6793 43.15 64.7 1.823 0 0 0 0 0 0 0 0 0 0 0 0 0 0 0 0 1 0 0 1 -1 
30.6127 43.1 64.8 1.832 0 0 0 0 0 0 0 0 0 0 0 0 0 0 0 0 1 0 0 1 -1 
30.5494 43.05 64.9 1.841 0 0 0 0 0 0 0 0 0 0 0 0 0 0 0 0 1 0 0 1 -1 
30.4894 43 65 1.85 0 0 0 0 0 0 0 0 0 0 0 0 0 0 0 0 1 0 0 1 -1 
30.4329 42.95 65.1 1.859 0 0 0 0 0 0 0 0 0 0 0 0 0 0 0 0 1 0 0 1 -1 
30.3797 42.9 65.2 1.868 0 0 0 0 0 0 0 0 0 0 0 0 0 0 0 0 1 0 0 1 -1 
30.33 42.85 65.3 1.877 0 0 0 0 0 0 0 0 0 0 0 0 0 0 0 0 1 0 0 1 -1 
30.2837 42.8 65.4 1.886 0 0 0 0 0 0 0 0 0 0 0 0 0 0 0 0 1 0 0 1 -1 
30.2408 42.75 65.5 1.895 0 0 0 0 0 0 0 0 0 0 0 0 0 0 0 0 1 0 0 1 -1 
30.2014 42.7 65.6 1.904 0 0 0 0 0 0 0 0 0 0 0 0 0 0 0 0 1 0 0 1 -1 
30.1655 42.65 65.7 1.913 0 0 0 0 0 0 0 0 0 0 0 0 0 0 0 0 1 0 0 1 -1 
30.1331 42.6 65.8 1.922 0 0 0 0 0 0 0 0 0 0 0 0 0 0 0 0 1 0 0 1 -1 
30.1042 42.55 65.9 1.931 0 0 0 0 0 0 0 0 0 0 0 0 0 0 0 0 1 0 0 1 -1 
30.0789 42.5 66 1.94 0 0 0 0 0 0 0 0 0 0 0 0 0 0 0 0 1 0 0 1 -1 
30.057 42.45 66.1 1.949 0 0 0 0 0 0 0 0 0 0 0 0 0 0 0 0 1 0 0 1 -1 
30.0387 42.4 66.2 1.958 0 0 0 0 0 0 0 0 0 0 0 0 0 0 0 0 1 0 0 1 -1 
30.0239 42.35 66.3 1.967 0 0 0 0 0 0 0 0 0 0 0 0 0 0 0 0 1 0 0 1 -1 
30.0126 42.3 66.4 1.976 0 0 0 0 0 0 0 0 0 0 0 0 0 0 0 0 1 0 0 1 -1 
30.0049 42.25 66.5 1.985 0 0 0 0 0 0 0 0 0 0 0 0 0 0 0 0 1 0 0 1 -1 
30.0008 42.2 66.6 1.994 0 0 0 0 0 0 0 0 0 0 0 0 0 0 0 0 1 0 0 1 -1 
30.0002 42.15 66.7 2.003 0 0 0 0 0 0 0 0 0 0 0 0 0 0 0 0 1 0 0 1 -1 
30.0032 42.1 66.8 2.012 0 0 0 0 0 0 0 0 0 0 0 0 0 0 0 0 1 0 0 1 -1 
30.0097 42.05 66.9 2.021 0 0 0 0 0 0 0 0 0 0 0 0 0 0 0 0 1 0 0 1 -1 
30.0197 42 67 2.03 0 0 0 0 0 0 0 0 0 0 0 0 0 0 0 0 1 0 0 1 -1 
30.0333 41.95 67.1 2.039 0 0 0 0 0 0 0 0 0 0 0 0 0 0 0 0 1 0 0 1 -1 
30.0505 41.9 67.2 2.048 0 0 0 0 0 0 0 0 0 0 0 0 0 0 0 0 1 0 0 1 -1 
30.0712 41.85 67.3 2.057 0 0 0 0 0 0 0 0 0 0 0 0 0 0 0 0 1 0 0 1 -1 
30.0954 41.8 67.4 2.066 0 0 0 0 0 0 0 0 0 0 0 0 0 0 0 0 1 0 0 1 -1 
30.1231 41.75 67.5 2.075 0 0 0 0 0 0 0 0 0 0 0 0 0 0 0 0 1 0 0 1 -1 
30.1544 41.7 67.6 2.084 0 0 0 0 0 0 0 0 0 0 0 0 0 0 0 0 1 0 0 1 -1 
30.1891 41.65 67.7 2.093 0 0 0 0 0 0 0 0 0 0 0 0 0 0 0 0 1 0 0 1 -1 
30.2273 41.6 67.8 2.102 0 0 0 0 0 0 0 0 0 0 0 0 0 0 0 0 1 0 0 1 -1 
30.269 41.55 67.9 2.111 0 0 0 0 0 0 0 0 0 0 0 0 0 0 0 0 1 0 0 1 -1 
30.3142 41.5 68 2.12 0 0 0 0 0 0 0 0 0 0 0 0 0 0 0 0 1 0 0 1 -1 
30.3628 41.45 68.1 2.129 0 0 0 0 0 0 0 0 0 0 0 0 0 0 0 0 1 0 0 1 -1 
30.4148 41.4 68.2 2.138 0 0 0 0 0 0 0 0 0 0 0 0 0 0 0 0 1 0 0 1 -1 
30.4702 41.35 68.3 2.147 0 0 0 0 0 0 0 0 0 0 0 0 0 0 0 0 1 0 0 1 -1 
30.529 41.3 68.4 2.156 0 0 0 0 0 0 0 0 0 0 0 0 0 0 0 0 1 0 0 1 -1 
30.5912 41.25 68.5 2.165 0 0 0 0 0 0 0 0 0 0 0 0 0 0 0 0 1 0 0 1 -1 
30.6567 41.2 68.6 2.174 0 0 0 0 0 0 0 0 0 0 0 0 0 0 0 0 1 0 0 1 -1 
30.7255 41.15 68.7 2.183 0 0 0 0 0 0 0 0 0 0 0 0 0 0 0 0 1 0 0 1 -1 
30.7977 41.1 68.8 2.192 0 0 0 0 0 0 0 0 0 0 0 0 0 0 0 0 1 0 0 1 -1 
30.8731 41.05 68.9 2.201 0 0 0 0 0 0 0 0 0 0 0 0 0 0 0 0 1 0 0 1 -1 
30.9517 41 69 2.21 0 0 0 0 0 0 0 0 0 0 0 0 0 0 0 0 1 0 0 1 -1 
31.0336 40.95 69.1 2.219 0 0 0 0 0 0 0 0 0 0 0 0 0 0 0 0 1 0 0 1 -1 
31.1186 40.9 69.2 2.228 0 0 0 0 0 0 0 0 0 0 0 0 0 0 0 0 1 0 0 1 -1 
31.2068 40.85 69.3 2.237 0 0 0 0 0 0 0 0 0 0 0 0 0 0 0 0 1 0 0 1 -1 
31.2982 40.8 69.4 2.246 0 0 0 0 0 0 0 0 0 0 0 0 0 0 0 0 1 0 0 1 -1 
31.3926 40.75 69.5 2.255 0 0 0 0 0 0 0 0 0 0 0 0 0 0 0 0 1 0 0 1 -1 
31.4901 40.7 69.6 2.264 0 0 0 0 0 0 0 0 0 0 0 0 0 0 0 0 1 0 0 1 -1 
31.5906 40.65 69.7 2.273 0 0 0 0 0 0 0 0 0 0 0 0 0 0 0 0 1 0 0 1 -1 
31.694 40.6 69.8 2.282 0 0 0 0 0 0 0 0 0 0 0 0 0 0 0 0 1 0 0 1 -1 
31.8005 40.55 69.9 2.291 0 0 0 0 0 0 0 0 0 0 0 0 0 0 0 0 1 0 0 1 -1 
31.9098 40.5 70 2.3 0 0 0 0 0 0 0 0 0 0 0 0 0 0 0 0 1 0 0 1 -1 
32.0221 40.45 70.1 2.309 0 0 0 0 0 0 0 0 0 0 0 0 0 0 0 0 1 0 0 1 -1 
32.1371 40.4 70.2 2.318 0 0 0 0 0 0 0 0 0 0 0 0 0 0 0 0 1 0 0 1 -1 
32.255 40.35 70.3 2.327 0 0 0 0 0 0 0 0 0 0 0 0 0 0 0 0 1 0 0 1 -1 
32.3756 40.3 70.4 2.336 0 0 0 0 0 0 0 0 0 0 0 0 0 0 0 0 1 0 0 1 -1 
32.4989 40.25 70.5 2.345 0 0 0 0 0 0 0 0 0 0 0 0 0 0 0 0 1 0 0 1 -1 
32.6249 40.2 70.6 2.354 0 0 0 0 0 0 0 0 0 0 0 0 0 0 0 0 1 0 0 1 -1 
32.7535 40.15 70.7 2.363 0 0 0 0 0 0 0 0 0 0 0 0 0 0 0 0 1 0 0 1 -1 
32.8846 40.1 70.8 2.372 0 0 0 0 0 0 0 0 0 0 0 0 0 0 0 0 1 0 0 1 -1 
33.0183 40.05 70.9 2.381 0 0 0 0 0 0 0 0 0 0 0 0 0 0 0 0 1 0 0 1 -1 
33.1545 40 71 2.39 0 0 0 0 0 0 0 0 0 0 0 0 0 0 0 0 1 0 0 1 -1 
33.2931 39.95 71.1 2.399 0 0 0 0 0 0 0 0 0 0 0 0 0 0 0 0 1 0 0 1 -1 
33.4341 39.9 71.2 2.408 0 0 0 0 0 0 0 0 0 0 0 0 0 0 0 0 1 0 0 1 -1 
33.5775 39.85 71.3 2.417 0 0 0 0 0 0 0 0 0 0 0 0 0 0 0 0 1 0 0 1 -1 
33.7231 39.8 71.4 2.426 0 0 0 0 0 0 0 0 0 0 0 0 0 0 0 0 1 0 0 1 -1 
33.8709 39.75 71.5 2.435 0 0 0 0 0 0 0 0 0 0 0 0 0 0 0 0 1 0 0 1 -1 
34.021 39.7 71.6 2.444 0 0 0 0 0 0 0 0 0 0 0 0 0 0 0 0 1 0 0 1 -1 
34.1731 39.65 71.7 2.453 0 0 0 0 0 0 0 0 0 0 0 0 0 0 0 0 1 0 0 1 -1 
34.3273 39.6 71.8 2.462 0 0 0 0 0 0 0 0 0 0 0 0 0 0 0 0 1 0 0 1 -1 
34.4835 39.55 71.9 2.471 0 0 0 0 0 0 0 0 0 0 0 0 0 0 0 0 1 0 0 1 -1 
34.6417 39.5 72 2.48 0 0 0 0 0 0 0 0 0 0 0 0 0 0 0 0 1 0 0 1 -1 
34.8018 39.45 72.1 2.489 0 0 0 0 0 0 0 0 0 0 0 0 0 0 0 0 1 0 0 1 -1 
34.9638 39.4 72.2 2.498 0 0 0 0 0 0 0 0 0 0 0 0 0 0 0 0 1 0 0 1 -1 
35.1275 39.35 72.3 2.507 0 0 0 0 0 0 0 0 0 0 0 0 0 0 0 0 1 0 0 1 -1 
35.293 39.3 72.4 2.516 0 0 0 0 0 0 0 0 0 0 0 0 0 0 0 0 1 0 0 1 -1 
35.4601 39.25 72.5 2.525 0 0 0 0 0 0 0 0 0 0 0 0 0 0 0 0 1 0 0 1 -1 
35.6288 39.2 72.6 2.534 0 0 0 0 0 0 0 0 0 0 0 0 0 0 0 0 1 0 0 1 -1 
35.7991 39.15 72.7 2.543 0 0 0 0 0 0 0 0 0 0 0 0 0 0 0 0 1 0 0 1 -1 
35.9709 39.1 72.8 2.552 0 0 0 0 0 0 0 0 0 0 0 0 0 0 0 0 1 0 0 1 -1 
36.1442 39.05 72.9 2.561 0 0 0 0 0 0 0 0 0 0 0 0 0 0 0 0 1 0 0 1 -1 
36.3188 39 73 2.57 0 0 0 0 0 0 0 0 0 0 0 0 0 0 0 0 1 0 0 1 -1 
36.4947 38.95 73.1 2.579 0 0 0 0 0 0 0 0 0 0 0 0 0 0 0 0 1 0 0 1 -1 
36.6718 38.9 73.2 2.588 0 0 0 0 0 0 0 0 0 0 0 0 0 0 0 0 1 0 0 1 -1 
36.8501 38.85 73.3 2.597 0 0 0 0 0 0 0 0 0 0 0 0 0 0 0 0 1 0 0 1 -1 
37.0296 38.8 73.4 2.606 0 0 0 0 0 0 0 0 0 0 0 0 0 0 0 0 1 0 0 1 -1 
37.2101 38.75 73.5 2.615 0 0 0 0 0 0 0 0 0 0 0 0 0 0 0 0 1 0 0 1 -1 
37.3916 38.7 73.6 2.624 0 0 0 0 0 0 0 0 0 0 0 0 0 0 0 0 1 0 0 1 -1 
37.574 38.65 73.7 2.633 0 0 0 0 0 0 0 0 0 0 0 0 0 0 0 0 1 0 0 1 -1 
37.7573 38.6 73.8 2.642 0 0 0 0 0 0 0 0 0 0 0 0 0 0 0 0 1 0 0 1 -1 
37.9414 38.55 73.9 2.651 0 0 0 0 0 0 0 0 0 0 0 0 0 0 0 0 1 0 0 1 -1 
38.1262 38.5 74 2.66 0 0 0 0 0 0 0 0 0 0 0 0 0 0 0 0 1 0 0 1 -1 
38.3117 38.45 74.1 2.669 0 0 0 0 0 0 0 0 0 0 0 0 0 0 0 0 1 0 0 1 -1 
38.4977 38.4 74.2 2.678 0 0 0 0 0 0 0 0 0 0 0 0 0 0 0 0 1 0 0 1 -1 
38.6844 38.35 74.3 2.687 0 0 0 0 0 0 0 0 0 0 0 0 0 0 0 0 1 0 0 1 -1 
38.8714 38.3 74.4 2.696 0 0 0 0 0 0 0 0 0 0 0 0 0 0 0 0 1 0 0 1 -1 
39.0589 38.25 74.5 2.705 0 0 0 0 0 0 0 0 0 0 0 0 0 0 0 0 1 0 0 1 -1 
39.2467 38.2 74.6 2.714 0 0 0 0 0 0 0 0 0 0 0 0 0 0 0 0 1 0 0 1 -1 
39.4348 38.15 74.7 2.723 0 0 0 0 0 0 0 0 0 0 0 0 0 0 0 0 1 0 0 1 -1 
39.6231 38.1 74.8 2.732 0 0 0 0 0 0 0 0 0 0 0 0 0 0 0 0 1 0 0 1 -1 
39.8115 38.05 74.9 2.741 0 0 0 0 0 0 0 0 0 0 0 0 0 0 0 0 1 0 0 1 -1 
40 38 75 2.75 0 0 0 0 0 0 0 0 0 0 0 0 0 0 0 0 1 0 0 1 -1 
40.1885 37.95 75.1 2.759 0 0 0 0 0 0 0 0 0 0 0 0 0 0 0 0 1 0 0 1 -1 
40.3769 37.9 75.2 2.768 0 0 0 0 0 0 0 0 0 0 0 0 0 0 0 0 1 0 0 1 -1 
40.5652 37.85 75.3 2.777 0 0 0 0 0 0 0 0 0 0 0 0 0 0 0 0 1 0 0 1 -1 
40.7533 37.8 75.4 2.786 0 0 0 0 0 0 0 0 0 0 0 0 0 0 0 0 1 0 0 1 -1 
40.9411 37.75 75.5 2.795 0 0 0 0 0 0 0 0 0 0 0 0 0 0 0 0 1 0 0 1 -1 
41.1286 37.7 75.6 2.804 0 0 0 0 0 0 0 0 0 0 0 0 0 0 0 0 1 0 0 1 -1 
41.3156 37.65 75.7 2.813 0 0 0 0 0 0 0 0 0 0 0 0 0 0 0 0 1 0 0 1 -1 
41.5023 37.6 75.8 2.822 0 0 0 0 0 0 0 0 0 0 0 0 0 0 0 0 1 0 0 1 -1 
41.6883 37.55 75.9 2.831 0 0 0 0 0 0 0 0 0 0 0 0 0 0 0 0 1 0 0 1 -1 
41.8738 37.5 76 2.84 0 0 0 0 0 0 0 0 0 0 0 0 0 0 0 0 1 0 0 1 -1 
42.0586 37.45 76.1 2.849 0 0 0 0 0 0 0 0 0 0 0 0 0 0 0 0 1 0 0 1 -1 
42.2427 37.4 76.2 2.858 0 0 0 0 0 0 0 0 0 0 0 0 0 0 0 0 1 0 0 1 -1 
42.426 37.35 76.3 2.867 0 0 0 0 0 0 0 0 0 0 0 0 0 0 0 0 1 0 0 1 -1 
42.6084 37.3 76.4 2.876 0 0 0 0 0 0 0 0 0 0 0 0 0 0 0 0 1 0 0 1 -1 
42.7899 37.25 76.5 2.885 0 0 0 0 0 0 0 0 0 0 0 0 0 0 0 0 1 0 0 1 -1 
42.9704 37.2 76.6 2.894 0 0 0 0 0 0 0 0 0 0 0 0 0 0 0 0 1 0 0 1 -1 
43.1499 37.15 76.7 2.903 0 0 0 0 0 0 0 0 0 0 0 0 0 0 0 0 1 0 0 1 -1 
43.3282 37.1 76.8 2.912 0 0 0 0 0 0 0 0 0 0 0 0 0 0 0 0 1 0 0 1 -1 
43.5053 37.05 76.9 2.921 0 0 0 0 0 0 0 0 0 0 0 0 0 0 0 0 1 0 0 1 -1 
43.6812 37 77 2.93 0 0 0 0 0 0 0 0 0 0 0 0 0 0 0 0 1 0 0 1 -1 
43.8558 36.95 77.1 2.939 0 0 0 0 0 0 0 0 0 0 0 0 0 0 0 0 1 0 0 1 -1 
44.0291 36.9 77.2 2.948 0 0 0 0 0 0 0 0 0 0 0 0 0 0 0 0 1 0 0 1 -1 
44.2009 36.85 77.3 2.957 0 0 0 0 0 0 0 0 0 0 0 0 0 0 0 0 1 0 0 1 -1 
44.3712 36.8 77.4 2.966 0 0 0 0 0 0 0 0 0 0 0 0 0 0 0 0 1 0 0 1 -1 
44.5399 36.75 77.5 2.975 0 0 0 0 0 0 0 0 0 0 0 0 0 0 0 0 1 0 0 1 -1 
44.707 36.7 77.6 2.984 0 0 0 0 0 0 0 0 0 0 0 0 0 0 0 0 1 0 0 1 -1 
44.8725 36.65 77.7 2.993 0 0 0 0 0 0 0 0 0 0 0 0 0 0 0 0 1 0 0 1 -1 
45.0362 36.6 77.8 3.002 0 0 0 0 0 0 0 0 0 0 0 0 0 0 0 0 1 0 0 1 -1 
45.1982 36.55 77.9 3.011 0 0 0 0 0 0 0 0 0 0 0 0 0 0 0 0 1 0 0 1 -1 
45.3583 36.5 78 3.02 0 0 0 0 0 0 0 0 0 0 0 0 0 0 0 0 1 0 0 1 -1 
45.5165 36.45 78.1 3.029 0 0 0 0 0 0 0 0 0 0 0 0 0 0 0 0 1 0 0 1 -1 
45.6727 36.4 78.2 3.038 0 0 0 0 0 0 0 0 0 0 0 0 0 0 0 0 1 0 0 1 -1 
45.8269 36.35 78.3 3.047 0 0 0 0 0 0 0 0 0 0 0 0 0 0 0 0 1 0 0 1 -1 
45.979 36.3 78.4 3.056 0 0 0 0 0 0 0 0 0 0 0 0 0 0 0 0 1 0 0 1 -1 
46.1291 36.25 78.5 3.065 0 0 0 0 0 0 0 0 0 0 0 0 0 0 0 0 1 0 0 1 -1 
46.2769 36.2 78.6 3.074 0 0 0 0 0 0 0 0 0 0 0 0 0 0 0 0 1 0 0 1 -1 
46.4225 36.15 78.7 3.083 0 0 0 0 0 0 0 0 0 0 0 0 0 0 0 0 1 0 0 1 -1 
46.5659 36.1 78.8 3.092 0 0 0 0 0 0 0 0 0 0 0 0 0 0 0 0 1 0 0 1 -1 
46.7069 36.05 78.9 3.101 0 0 0 0 0 0 0 0 0 0 0 0 0 0 0 0 1 0 0 1 -1 
46.8455 36 79 3.11 0 0 0 0 0 0 0 0 0 0 0 0 0 0 0 0 1 0 0 1 -1 
46.9817 35.95 79.1 3.119 0 0 0 0 0 0 0 0 0 0 0 0 0 0 0 0 1 0 0 1 -1 
47.1154 35.9 79.2 3.128 0 0 0 0 0 0 0 0 0 0 0 0 0 0 0 0 1 0 0 1 -1 
47.2465 35.85 79.3 3.137 0 0 0 0 0 0 0 0 0 0 0 0 0 0 0 0 1 0 0 1 -1 
47.3751 35.8 79.4 3.146 0 0 0 0 0 0 0 0 0 0 0 0 0 0 0 0 1 0 0 1 -1 
47.5011 35.75 79.5 3.155 0 0 0 0 0 0 0 0 0 0 0 0 0 0 0 0 1 0 0 1 -1 
47.6244 35.7 79.6 3.164 0 0 0 0 0 0 0 0 0 0 0 0 0 0 0 0 1 0 0 1 -1 
47.745 35.65 79.7 3.173 0 0 0 0 0 0 0 0 0 0 0 0 0 0 0 0 1 0 0 1 -1 
47.8629 35.6 79.8 3.182 0 0 0 0 0 0 0 0 0 0 0 0 0 0 0 0 1 0 0 1 -1 
47.9779 35.55 79.9 3.191 0 0 0 0 0 0 0 0 0 0 0 0 0 0 0 0 1 0 0 1 -1 
48.0902 35.5 80 3.2 0 0 0 0 0 0 0 0 0 0 0 0 0 0 0 0 1 0 0 1 -1 
48.1995 35.45 80.1 3.209 0 0 0 0 0 0 0 0 0 0 0 0 0 0 0 0 1 0 0 1 -1 
48.306 35.4 80.2 3.218 0 0 0 0 0 0 0 0 0 0 0 0 0 0 0 0 1 0 0 1 -1 
48.4094 35.35 80.3 3.227 0 0 0 0 0 0 0 0 0 0 0 0 0 0 0 0 1 0 0 1 -1 
48.5099 35.3 80.4 3.236 0 0 0 0 0 0 0 0 0 0 0 0 0 0 0 0 1 0 0 1 -1 
48.6074 35.25 80.5 3.245 0 0 0 0 0 0 0 0 0 0 0 0 0 0 0 0 1 0 0 1 -1 
48.7018 35.2 80.6 3.254 0 0 0 0 0 0 0 0 0 0 0 0 0 0 0 0 1 0 0 1 -1 
48.7932 35.15 80.7 3.263 0 0 0 0 0 0 0 0 0 0 0 0 0 0 0 0 1 0 0 1 -1 
48.8814 35.1 80.8 3.272 0 0 0 0 0 0 0 0 0 0 0 0 0 0 0 0 1 0 0 1 -1 
48.9664 35.05 80.9 3.281 0 0 0 0 0 0 0 0 0 0 0 0 0 0 0 0 1 0 0 1 -1 
49.0483 35 81 3.29 0 0 0 0 0 0 0 0 0 0 0 0 0 0 0 0 1 0 0 1 -1 
49.1269 34.95 81.1 3.299 0 0 0 0 0 0 0 0 0 0 0 0 0 0 0 0 1 0 0 1 -1 
49.2023 34.9 81.2 3.308 0 0 0 0 0 0 0 0 0 0 0 0 0 0 0 0 1 0 0 1 -1 
49.2745 34.85 81.3 3.317 0 0 0 0 0 0 0 0 0 0 0 0 0 0 0 0 1 0 0 1 -1 
49.3433 34.8 81.4 3.326 0 0 0 0 0 0 0 0 0 0 0 0 0 0 0 0 1 0 0 1 -1 
49.4088 34.75 81.5 3.335 0 0 0 0 0 0 0 0 0 0 0 0 0 0 0 0 1 0 0 1 -1 
49.471 34.7 81.6 3.344 0 0 0 0 0 0 0 0 0 0 0 0 0 0 0 0 1 0 0 1 -1 
49.5298 34.65 81.7 3.353 0 0 0 0 0 0 0 0 0 0 0 0 0 0 0 0 1 0 0 1 -1 
49.5852 34.6 81.8 3.362 0 0 0 0 0 0 0 0 0 0 0 0 0 0 0 0 1 0 0 1 -1 
49.6372 34.55 81.9 3.371 0 0 0 0 0 0 0 0 0 0 0 0 0 0 0 0 1 0 0 1 -1 
49.6858 34.5 82 3.38 0 0 0 0 0 0 0 0 0 0 0 0 0 0 0 0 1 0 0 1 -1 
49.731 34.45 82.1 3.389 0 0 0 0 0 0 0 0 0 0 0 0 0 0 0 0 1 0 0 1 -1 
49.7727 34.4 82.2 3.398 0 0 0 0 0 0 0 0 0 0 0 0 0 0 0 0 1 0 0 1 -1 
49.8109 34.35 82.3 3.407 0 0 0 0 0 0 0 0 0 0 0 0 0 0 0 0 1 0 0 1 -1 
49.8456 34.3 82.4 3.416 0 0 0 0 0 0 0 0 0 0 0 0 0 0 0 0 1 0 0 1 -1 
49.8769 34.25 82.5 3.425 0 0 0 0 0 0 0 0 0 0 0 0 0 0 0 0 1 0 0 1 -1 
49.9046 34.2 82.6 3.434 0 0 0 0 0 0 0 0 0 0 0 0 0 0 0 0 1 0 0 1 -1 
49.9288 34.15 82.7 3.443 0 0 0 0 0 0 0 0 0 0 0 0 0 0 0 0 1 0 0 1 -1 
49.9495 34.1 82.8 3.452 0 0 0 0 0 0 0 0 0 0 0 0 0 0 0 0 1 0 0 1 -1 
49.9667 34.05 82.9 3.461 0 0 0 0 0 0 0 0 0 0 0 0 0 0 0 0 1 0 0 1 -1 
49.9803 34 83 3.47 0 0 0 0 0 0 0 0 0 0 0 0 0 0 0 0 1 0 0 1 -1 
49.9903 33.95 83.1 3.479 0 0 0 0 0 0 0 0 0 0 0 0 0 0 0 0 1 0 0 1 -1 
49.9968 33.9 83.2 3.488 0 0 0 0 0 0 0 0 0 0 0 0 0 0 0 0 1 0 0 1 -1 
49.9998 33.85 83.3 3.497 0 0 0 0 0 0 0 0 0 0 0 0 0 0 0 0 1 0 0 1 -1 
49.9992 33.8 83.4 3.506 0 0 0 0 0 0 0 0 0 0 0 0 0 0 0 0 1 0 0 1 -1 
49.9951 33.75 83.5 3.515 0 0 0 0 0 0 0 0 0 0 0 0 0 0 0 0 1 0 0 1 -1 
49.9874 33.7 83.6 3.524 0 0 0 0 0 0 0 0 0 0 0 0 0 0 0 0 1 0 0 1 -1 
49.9761 33.65 83.7 3.533 0 0 0 0 0 0 0 0 0 0 0 0 0 0 0 0 1 0 0 1 -1 
49.9613 33.6 83.8 3.542 0 0 0 0 0 0 0 0 0 0 0 0 0 0 0 0 1 0 0 1 -1 
49.943 33.55 83.9 3.551 0 0 0 0 0 0 0 0 0 0 0 0 0 0 0 0 1 0 0 1 -1 
49.9211 33.5 84 3.56 0 0 0 0 0 0 0 0 0 0 0 0 0 0 0 0 1 0 0 1 -1 
49.8958 33.45 84.1 3.569 0 0 0 0 0 0 0 0 0 0 0 0 0 0 0 0 1 0 0 1 -1 
49.8669 33.4 84.2 3.578 0 0 0 0 0 0 0 0 0 0 0 0 0 0 0 0 1 0 0 1 -1 
49.8345 33.35 84.3 3.587 0 0 0 0 0 0 0 0 0 0 0 0 0 0 0 0 1 0 0 1 -1 
49.7985 33.3 84.4 3.596 0 0 0 0 0 0 0 0 0 0 0 0 0 0 0 0 1 0 0 1 -1 
49.7592 33.25 84.5 3.605 0 0 0 0 0 0 0 0 0 0 0 0 0 0 0 0 1 0 0 1 -1 
49.7163 33.2 84.6 3.614 0 0 0 0 0 0 0 0 0 0 0 0 0 0 0 0 1 0 0 1 -1 
49.67 33.15 84.7 3.623 0 0 0 0 0 0 0 0 0 0 0 0 0 0 0 0 1 0 0 1 -1 
49.6203 33.1 84.8 3.632 0 0 0 0 0 0 0 0 0 0 0 0 0 0 0 0 1 0 0 1 -1 
49.5671 33.05 84.9 3.641 0 0 0 0 0 0 0 0 0 0 0 0 0 0 0 0 1 0 0 1 -1 
49.5106 33 85 3.65 0 0 0 0 0 0 0 0 0 0 0 0 0 0 0 0 1 0 0 1 -1 
49.4506 32.95 85.1 3.659 0 0 0 0 0 0 0 0 0 0 0 0 0 0 0 0 1 0 0 1 -1 
49.3873 32.9 85.2 3.668 0 0 0 0 0 0 0 0 0 0 0 0 0 0 0 0 1 0 0 1 -1 
49.3207 32.85 85.3 3.677 0 0 0 0 0 0 0 0 0 0 0 0 0 0 0 0 1 0 0 1 -1 
49.2508 32.8 85.4 3.686 0 0 0 0 0 0 0 0 0 0 0 0 0 0 0 0 1 0 0 1 -1 
49.1775 32.75 85.5 3.695 0 0 0 0 0 0 0 0 0 0 0 0 0 0 0 0 1 0 0 1 -1 
49.1011 32.7 85.6 3.704 0 0 0 0 0 0 0 0 0 0 0 0 0 0 0 0 1 0 0 1 -1 
49.0213 32.65 85.7 3.713 0 0 0 0 0 0 0 0 0 0 0 0 0 0 0 0 1 0 0 1 -1 
48.9384 32.6 85.8 3.722 0 0 0 0 0 0 0 0 0 0 0 0 0 0 0 0 1 0 0 1 -1 
48.8523 32.55 85.9 3.731 0 0 0 0 0 0 0 0 0 0 0 0 0 0 0 0 1 0 0 1 -1 
48.7631 32.5 86 3.74 0 0 0 0 0 0 0 0 0 0 0 0 0 0 0 0 1 0 0 1 -1 
48.6707 32.45 86.1 3.749 0 0 0 0 0 0 0 0 0 0 0 0 0 0 0 0 1 0 0 1 -1 
48.5753 32.4 86.2 3.758 0 0 0 0 0 0 0 0 0 0 0 0 0 0 0 0 1 0 0 1 -1 
48.4768 32.35 86.3 3.767 0 0 0 0 0 0 0 0 0 0 0 0 0 0 0 0 1 0 0 1 -1 
48.3753 32.3 86.4 3.776 0 0 0 0 0 0 0 0 0 0 0 0 0 0 0 0 1 0 0 1 -1 
48.2708 32.25 86.5 3.785 0 0 0 0 0 0 0 0 0 0 0 0 0 0 0 0 1 0 0 1 -1 
48.1634 32.2 86.6 3.794 0 0 0 0 0 0 0 0 0 0 0 0 0 0 0 0 1 0 0 1 -1 
48.0531 32.15 86.7 3.803 0 0 0 0 0 0 0 0 0 0 0 0 0 0 0 0 1 0 0 1 -1 
47.9399 32.1 86.8 3.812 0 0 0 0 0 0 0 0 0 0 0 0 0 0 0 0 1 0 0 1 -1 
47.8239 32.05 86.9 3.821 0 0 0 0 0 0 0 0 0 0 0 0 0 0 0 0 1 0 0 1 -1 
47.7051 32 87 3.83 0 0 0 0 0 0 0 0 0 0 0 0 0 0 0 0 1 0 0 1 -1 
47.5836 31.95 87.1 3.839 0 0 0 0 0 0 0 0 0 0 0 0 0 0 0 0 1 0 0 1 -1 
47.4594 31.9 87.2 3.848 0 0 0 0 0 0 0 0 0 0 0 0 0 0 0 0 1 0 0 1 -1 
47.3326 31.85 87.3 3.857 0 0 0 0 0 0 0 0 0 0 0 0 0 0 0 0 1 0 0 1 -1 
47.2031 31.8 87.4 3.866 0 0 0 0 0 0 0 0 0 0 0 0 0 0 0 0 1 0 0 1 -1 
47.0711 31.75 87.5 3.875 0 0 0 0 0 0 0 0 0 0 0 0 0 0 0 0 1 0 0 1 -1 
46.9365 31.7 87.6 3.884 0 0 0 0 0 0 0 0 0 0 0 0 0 0 0 0 1 0 0 1 -1 
46.7995 31.65 87.7 3.893 0 0 0 0 0 0 0 0 0 0 0 0 0 0 0 0 1 0 0 1 -1 
46.6601 31.6 87.8 3.902 0 0 0 0 0 0 0 0 0 0 0 0 0 0 0 0 1 0 0 1 -1 
46.5183 31.55 87.9 3.911 0 0 0 0 0 0 0 0 0 0 0 0 0 0 0 0 1 0 0 1 -1 
46.3742 31.5 88 3.92 0 0 0 0 0 0 0 0 0 0 0 0 0 0 0 0 1 0 0 1 -1 
46.2279 31.45 88.1 3.929 0 0 0 0 0 0 0 0 0 0 0 0 0 0 0 0 1 0 0 1 -1 
46.0793 31.4 88.2 3.938 0 0 0 0 0 0 0 0 0 0 0 0 0 0 0 0 1 0 0 1 -1 
45.9286 31.35 88.3 3.947 0 0 0 0 0 0 0 0 0 0 0 0 0 0 0 0 1 0 0 1 -1 
45.7757 31.3 88.4 3.956 0 0 0 0 0 0 0 0 0 0 0 0 0 0 0 0 1 0 0 1 -1 
45.6208 31.25 88.5 3.965 0 0 0 0 0 0 0 0 0 0 0 0 0 0 0 0 1 0 0 1 -1 
45.4639 31.2 88.6 3.974 0 0 0 0 0 0 0 0 0 0 0 0 0 0 0 0 1 0 0 1 -1 
45.3051 31.15 88.7 3.983 0 0 0 0 0 0 0 0 0 0 0 0 0 0 0 0 1 0 0 1 -1 
45.1444 31.1 88.8 3.992 0 0 0 0 0 0 0 0 0 0 0 0 0 0 0 0 1 0 0 1 -1 
44.9818 31.05 88.9 4.001 0 0 0 0 0 0 0 0 0 0 0 0 0 0 0 0 1 0 0 1 -1 
44.8175 31 89 4.01 0 0 0 0 0 0 0 0 0 0 0 0 0 0 0 0 1 0 0 1 -1 
44.6515 30.95 89.1 4.019 0 0 0 0 0 0 0 0 0 0 0 0 0 0 0 0 1 0 0 1 -1 
44.4838 30.9 89.2 4.028 0 0 0 0 0 0 0 0 0 0 0 0 0 0 0 0 1 0 0 1 -1 
44.3146 30.85 89.3 4.037 0 0 0 0 0 0 0 0 0 0 0 0 0 0 0 0 1 0 0 1 -1 
44.1438 30.8 89.4 4.046 0 0 0 0 0 0 0 0 0 0 0 0 0 0 0 0 1 0 0 1 -1 
43.9715 30.75 89.5 4.055 0 0 0 0 0 0 0 0 0 0 0 0 0 0 0 0 1 0 0 1 -1 
43.7978 30.7 89.6 4.064 0 0 0 0 0 0 0 0 0 0 0 0 0 0 0 0 1 0 0 1 -1 
43.6228 30.65 89.7 4.073 0 0 0 0 0 0 0 0 0 0 0 0 0 0 0 0 1 0 0 1 -1 
43.4464 30.6 89.8 4.082 0 0 0 0 0 0 0 0 0 0 0 0 0 0 0 0 1 0 0 1 -1 
43.2689 30.55 89.9 4.091 0 0 0 0 0 0 0 0 0 0 0 0 0 0 0 0 1 0 0 1 -1 
43.0902 30.5 90 4.1 0 0 0 0 0 0 0 0 0 0 0 0 0 0 0 0 1 0 0 1 -1 
42.9104 30.45 90.1 4.109 0 0 0 0 0 0 0 0 0 0 0 0 0 0 0 0 1 0 0 1 -1 
42.7295 30.4 90.2 4.118 0 0 0 0 0 0 0 0 0 0 0 0 0 0 0 0 1 0 0 1 -1 
42.5477 30.35 90.3 4.127 0 0 0 0 0 0 0 0 0 0 0 0 0 0 0 0 1 0 0 1 -1 
42.365 30.3 90.4 4.136 0 0 0 0 0 0 0 0 0 0 0 0 0 0 0 0 1 0 0 1 -1 
42.1814 30.25 90.5 4.145 0 0 0 0 0 0 0 0 0 0 0 0 0 0 0 0 1 0 0 1 -1 
41.9971 30.2 90.6 4.154 0 0 0 0 0 0 0 0 0 0 0 0 0 0 0 0 1 0 0 1 -1 
41.8121 30.15 90.7 4.163 0 0 0 0 0 0 0 0 0 0 0 0 0 0 0 0 1 0 0 1 -1 
41.6264 30.1 90.8 4.172 0 0 0 0 0 0 0 0 0 0 0 0 0 0 0 0 1 0 0 1 -1 
41.4401 30.05 90.9 4.181 0 0 0 0 0 0 0 0 0 0 0 0 0 0 0 0 1 0 0 1 -1 
41.2533 30 91 4.19 0 0 0 0 0 0 0 0 0 0 0 0 0 0 0 0 1 0 0 1 -1 
41.0661 29.95 91.1 4.199 0 0 0 0 0 0 0 0 0 0 0 0 0 0 0 0 1 0 0 1 -1 
40.8785 29.9 91.2 4.208 0 0 0 0 0 0 0 0 0 0 0 0 0 0 0 0 1 0 0 1 -1 
40.6906 29.85 91.3 4.217 0 0 0 0 0 0 0 0 0 0 0 0 0 0 0 0 1 0 0 1 -1 
40.5024 29.8 91.4 4.226 0 0 0 0 0 0 0 0 0 0 0 0 0 0 0 0 1 0 0 1 -1 
40.3141 29.75 91.5 4.235 0 0 0 0 0 0 0 0 0 0 0 0 0 0 0 0 1 0 0 1 -1 
40.1257 29.7 91.6 4.244 0 0 0 0 0 0 0 0 0 0 0 0 0 0 0 0 1 0 0 1 -1 
39.9372 29.65 91.7 4.253 0 0 0 0 0 0 0 0 0 0 0 0 0 0 0 0 1 0 0 1 -1 
39.7487 29.6 91.8 4.262 0 0 0 0 0 0 0 0 0 0 0 0 0 0 0 0 1 0 0 1 -1 
39.5603 29.55 91.9 4.271 0 0 0 0 0 0 0 0 0 0 0 0 0 0 0 0 1 0 0 1 -1 
39.3721 29.5 92 4.28 0 0 0 0 0 0 0 0 0 0 0 0 0 0 0 0 1 0 0 1 -1 
39.1841 29.45 92.1 4.289 0 0 0 0 0 0 0 0 0 0 0 0 0 0 0 0 1 0 0 1 -1 
38.9964 29.4 92.2 4.298 0 0 0 0 0 0 0 0 0 0 0 0 0 0 0 0 1 0 0 1 -1 
38.809 29.35 92.3 4.307 0 0 0 0 0 0 0 0 0 0 0 0 0 0 0 0 1 0 0 1 -1 
38.6221 29.3 92.4 4.316 0 0 0 0 0 0 0 0 0 0 0 0 0 0 0 0 1 0 0 1 -1 
38.4357 29.25 92.5 4.325 0 0 0 0 0 0 0 0 0 0 0 0 0 0 0 0 1 0 0 1 -1 
38.2498 29.2 92.6 4.334 0 0 0 0 0 0 0 0 0 0 0 0 0 0 0 0 1 0 0 1 -1 
38.0645 29.15 92.7 4.343 0 0 0 0 0 0 0 0 0 0 0 0 0 0 0 0 1 0 0 1 -1 
37.8799 29.1 92.8 4.352 0 0 0 0 0 0 0 0 0 0 0 0 0 0 0 0 1 0 0 1 -1 
37.6961 29.05 92.9 4.361 0 0 0 0 0 0 0 0 0 0 0 0 0 0 0 0 1 0 0 1 -1 
37.5131 29 93 4.37 0 0 0 0 0 0 0 0 0 0 0 0 0 0 0 0 1 0 0 1 -1 
37.331 28.95 93.1 4.379 0 0 0 0 0 0 0 0 0 0 0 0 0 0 0 0 1 0 0 1 -1 
37.1498 28.9 93.2 4.388 0 0 0 0 0 0 0 0 0 0 0 0 0 0 0 0 1 0 0 1 -1 
36.9696 28.85 93.3 4.397 0 0 0 0 0 0 0 0 0 0 0 0 0 0 0 0 1 0 0 1 -1 
36.7906 28.8 93.4 4.406 0 0 0 0 0 0 0 0 0 0 0 0 0 0 0 0 1 0 0 1 -1 
36.6126 28.75 93.5 4.415 0 0 0 0 0 0 0 0 0 0 0 0 0 0 0 0 1 0 0 1 -1 
36.4359 28.7 93.6 4.424 0 0 0 0 0 0 0 0 0 0 0 0 0 0 0 0 1 0 0 1 -1 
36.2604 28.65 93.7 4.433 0 0 0 0 0 0 0 0 0 0 0 0 0 0 0 0 1 0 0 1 -1 
36.0863 28.6 93.8 4.442 0 0 0 0 0 0 0 0 0 0 0 0 0 0 0 0 1 0 0 1 -1 
35.9135 28.55 93.9 4.451 0 0 0 0 0 0 0 0 0 0 0 0 0 0 0 0 1 0 0 1 -1 
35.7422 28.5 94 4.46 0 0 0 0 0 0 0 0 0 0 0 0 0 0 0 0 1 0 0 1 -1 
35.5724 28.45 94.1 4.469 0 0 0 0 0 0 0 0 0 0 0 0 0 0 0 0 1 0 0 1 -1 
35.4042 28.4 94.2 4.478 0 0 0 0 0 0 0 0 0 0 0 0 0 0 0 0 1 0 0 1 -1 
35.2376 28.35 94.3 4.487 0 0 0 0 0 0 0 0 0 0 0 0 0 0 0 0 1 0 0 1 -1 
35.0727 28.3 94.4 4.496 0 0 0 0 0 0 0 0 0 0 0 0 0 0 0 0 1 0 0 1 -1 
34.9096 28.25 94.5 4.505 0 0 0 0 0 0 0 0 0 0 0 0 0 0 0 0 1 0 0 1 -1 
34.7483 28.2 94.6 4.514 0 0 0 0 0 0 0 0 0 0 0 0 0 0 0 0 1 0 0 1 -1 
34.5888 28.15 94.7 4.523 0 0 0 0 0 0 0 0 0 0 0 0 0 0 0 0 1 0 0 1 -1 
34.4312 28.1 94.8 4.532 0 0 0 0 0 0 0 0 0 0 0 0 0 0 0 0 1 0 0 1 -1 
34.2757 28.05 94.9 4.541 0 0 0 0 0 0 0 0 0 0 0 0 0 0 0 0 1 0 0 1 -1 
34.1221 28 95 4.55 0 0 0 0 0 0 0 0 0 0 0 0 0 0 0 0 1 0 0 1 -1 
33.9707 27.95 95.1 4.559 0 0 0 0 0 0 0 0 0 0 0 0 0 0 0 0 1 0 0 1 -1 
33.8214 27.9 95.2 4.568 0 0 0 0 0 0 0 0 0 0 0 0 0 0 0 0 1 0 0 1 -1 
33.6743 27.85 95.3 4.577 0 0 0 0 0 0 0 0 0 0 0 0 0 0 0 0 1 0 0 1 -1 
33.5294 27.8 95.4 4.586 0 0 0 0 0 0 0 0 0 0 0 0 0 0 0 0 1 0 0 1 -1 
33.3869 27.75 95.5 4.595 0 0 0 0 0 0 0 0 0 0 0 0 0 0 0 0 1 0 0 1 -1 
33.2467 27.7 95.6 4.604 0 0 0 0 0 0 0 0 0 0 0 0 0 0 0 0 1 0 0 1 -1 
33.1089 27.65 95.7 4.613 0 0 0 0 0 0 0 0 0 0 0 0 0 0 0 0 1 0 0 1 -1 
32.9735 27.6 95.8 4.622 0 0 0 0 0 0 0 0 0 0 0 0 0 0 0 0 1 0 0 1 -1 
32.8406 27.55 95.9 4.631 0 0 0 0 0 0 0 0 0 0 0 0 0 0 0 0 1 0 0 1 -1 
32.7103 27.5 96 4.64 0 0 0 0 0 0 0 0 0 0 0 0 0 0 0 0 1 0 0 1 -1 
32.5826 27.45 96.1 4.649 0 0 0 0 0 0 0 0 0 0 0 0 0 0 0 0 1 0 0 1 -1 
32.4575 27.4 96.2 4.658 0 0 0 0 0 0 0 0 0 0 0 0 0 0 0 0 1 0 0 1 -1 
32.3351 27.35 96.3 4.667 0 0 0 0 0 0 0 0 0 0 0 0 0 0 0 0 1 0 0 1 -1 
32.2154 27.3 96.4 4.676 0 0 0 0 0 0 0 0 0 0 0 0 0 0 0 0 1 0 0 1 -1 
32.0984 27.25 96.5 4.685 0 0 0 0 0 0 0 0 0 0 0 0 0 0 0 0 1 0 0 1 -1 
31.9843 27.2 96.6 4.694 0 0 0 0 0 0 0 0 0 0 0 0 0 0 0 0 1 0 0 1 -1 
31.8731 27.15 96.7 4.703 0 0 0 0 0 0 0 0 0 0 0 0 0 0 0 0 1 0 0 1 -1 
31.7647 27.1 96.8 4.712 0 0 0 0 0 0 0 0 0 0 0 0 0 0 0 0 1 0 0 1 -1 
31.6592 27.05 96.9 4.721 0 0 0 0 0 0 0 0 0 0 0 0 0 0 0 0 1 0 0 1 -1 
31.5567 27 97 4.73 0 0 0 0 0 0 0 0 0 0 0 0 0 0 0 0 1 0 0 1 -1 
31.4572 26.95 97.1 4.739 0 0 0 0 0 0 0 0 0 0 0 0 0 0 0 0 1 0 0 1 -1 
31.3608 26.9 97.2 4.748 0 0 0 0 0 0 0 0 0 0 0 0 0 0 0 0 1 0 0 1 -1 
31.2674 26.85 97.3 4.757 0 0 0 0 0 0 0 0 0 0 0 0 0 0 0 0 1 0 0 1 -1 
31.1771 26.8 97.4 4.766 0 0 0 0 0 0 0 0 0 0 0 0 0 0 0 0 1 0 0 1 -1 
31.0899 26.75 97.5 4.775 0 0 0 0 0 0 0 0 0 0 0 0 0 0 0 0 1 0 0 1 -1 
31.0059 26.7 97.6 4.784 0 0 0 0 0 0 0 0 0 0 0 0 0 0 0 0 1 0 0 1 -1 
30.9252 26.65 97.7 4.793 0 0 0 0 0 0 0 0 0 0 0 0 0 0 0 0 1 0 0 1 -1 
30.8476 26.6 97.8 4.802 0 0 0 0 0 0 0 0 0 0 0 0 0 0 0 0 1 0 0 1 -1 
30.7733 26.55 97.9 4.811 0 0 0 0 0 0 0 0 0 0 0 0 0 0 0 0 1 0 0 1 -1 
30.7022 26.5 98 4.82 0 0 0 0 0 0 0 0 0 0 0 0 0 0 0 0 1 0 0 1 -1 
30.6345 26.45 98.1 4.829 0 0 0 0 0 0 0 0 0 0 0 0 0 0 0 0 1 0 0 1 -1 
30.5701 26.4 98.2 4.838 0 0 0 0 0 0 0 0 0 0 0 0 0 0 0 0 1 0 0 1 -1 
30.509 26.35 98.3 4.847 0 0 0 0 0 0 0 0 0 0 0 0 0 0 0 0 1 0 0 1 -1 
30.4514 26.3 98.4 4.856 0 0 0 0 0 0 0 0 0 0 0 0 0 0 0 0 1 0 0 1 -1 
30.3971 26.25 98.5 4.865 0 0 0 0 0 0 0 0 0 0 0 0 0 0 0 0 1 0 0 1 -1 
30.3462 26.2 98.6 4.874 0 0 0 0 0 0 0 0 0 0 0 0 0 0 0 0 1 0 0 1 -1 
30.2987 26.15 98.7 4.883 0 0 0 0 0 0 0 0 0 0 0 0 0 0 0 0 1 0 0 1 -1 
30.2547 26.1 98.8 4.892 0 0 0 0 0 0 0 0 0 0 0 0 0 0 0 0 1 0 0 1 -1 
30.2142 26.05 98.9 4.901 0 0 0 0 0 0 0 0 0 0 0 0 0 0 0 0 1 0 0 1 -1 
30.1771 26 99 4.91 0 0 0 0 0 0 0 0 0 0 0 0 0 0 0 0 1 0 0 1 -1 
30.1436 25.95 99.1 4.919 0 0 0 0 0 0 0 0 0 0 0 0 0 0 0 0 1 0 0 1 -1 
30.1135 25.9 99.2 4.928 0 0 0 0 0 0 0 0 0 0 0 0 0 0 0 0 1 0 0 1 -1 
30.0869 25.85 99.3 4.937 0 0 0 0 0 0 0 0 0 0 0 0 0 0 0 0 1 0 0 1 -1 
30.0639 25.8 99.4 4.946 0 0 0 0 0 0 0 0 0 0 0 0 0 0 0 0 1 0 0 1 -1 
30.0444 25.75 99.5 4.955 0 0 0 0 0 0 0 0 0 0 0 0 0 0 0 0 1 0 0 1 -1 
30.0284 25.7 99.6 4.964 0 0 0 0 0 0 0 0 0 0 0 0 0 0 0 0 1 0 0 1 -1 
30.016 25.65 99.7 4.973 0 0 0 0 0 0 0 0 0 0 0 0 0 0 0 0 1 0 0 1 -1 
30.0071 25.6 99.8 4.982 0 0 0 0 0 0 0 0 0 0 0 0 0 0 0 0 1 0 0 1 -1 
30.0018 25.55 99.9 4.991 0 0 0 0 0 0 0 0 0 0 0 0 0 0 0 0 1 0 0 1 -1 
30 25.5 100 5 0 0 0 0 0 0 0 0 0 0 0 0 0 0 0 0 1 0 0 1 -1 
