GDS0015_Large.mha,ES0015_Large.mha,Class
0,-0.268572,127
255,-0.249503,255
255,-0.241259,255
255,-0.271253,255
255,-0.228393,255
255,-0.277739,255
0,-0.235669,127
0,-0.246126,127
0,-0.255757,127
255,-0.288717,255
255,-0.243213,255
255,-0.246568,255
255,-0.256302,255
255,-0.256892,255
0,-0.238817,127
0,-0.262572,127
0,-0.21398,127
255,-0.236552,255
255,-0.234052,255
255,-0.230847,255
255,-0.242657,255
0,-0.29798,127
0,-0.258877,127
0,-0.316445,127
255,-0.225038,255
255,-0.246944,255
255,-0.224804,255
255,-0.227259,255
255,-0.244676,255
0,-0.222423,127
0,-0.258657,127
0,-0.222183,127
255,-0.216291,255
255,-0.205177,255
255,-0.240078,255
255,-0.207133,255
255,-0.248855,255
0,-0.260724,127
0,-0.27306,127
0,-0.237684,127
255,-0.288322,255
255,-0.270318,255
255,-0.258469,255
255,-0.250087,255
0,-0.214108,127
0,-0.210641,127
255,-0.202581,255
255,-0.254309,255
255,-0.256421,255
255,-0.285517,255
255,-0.258261,255
255,-0.227884,255
0,-0.261809,127
0,-0.244862,127
255,-0.205683,255
255,-0.239947,255
255,-0.275596,255
255,-0.182485,255
255,-0.228498,255
255,-0.248102,255
0,-0.295093,127
0,-0.273892,127
255,-0.20901,255
255,-0.257432,255
255,-0.270268,255
255,-0.25823,255
0,-0.244756,127
0,-0.25057,127
0,-0.250158,127
255,-0.236216,255
255,-0.261044,255
255,-0.262172,255
255,-0.248869,255
255,-0.281814,255
0,-0.253683,127
0,-0.27495,127
0,-0.221832,127
255,-0.306029,255
255,-0.250205,255
255,-0.274656,255
255,-0.220306,255
255,-0.243981,255
0,-0.276592,127
0,-0.266437,127
0,-0.292617,127
255,-0.244557,255
255,-0.220175,255
255,-0.283821,255
255,-0.228077,255
0,-0.269964,127
0,-0.264657,127
0,-0.256167,127
255,-0.252423,255
255,-0.231012,255
255,-0.288589,255
255,-0.24498,255
255,-0.252676,255
0,-0.250636,127
0,-0.247519,127
0,-0.268857,127
255,-0.219486,255
255,-0.283336,255
255,-0.256431,255
255,-0.234328,255
255,-0.269622,255
0,-0.285973,127
0,-0.22236,127
0,-0.231024,127
255,-0.25495,255
255,-0.248319,255
255,-0.249109,255
255,-0.225295,255
0,-0.249385,127
0,-0.288362,127
255,-0.404044,255
255,-0.432882,255
255,-0.408465,255
255,-0.359147,255
255,-0.364931,255
255,-0.305129,255
0,-0.245335,127
0,-0.356467,127
255,-0.439835,255
255,-0.395487,255
255,-0.357271,255
255,-0.405455,255
255,-0.386517,255
255,-0.310294,255
0,-0.216214,127
0,-0.318607,127
255,-0.379013,255
255,-0.375662,255
255,-0.353163,255
255,-0.300979,255
0,-0.253376,127
0,-0.257333,127
0,-0.313897,127
255,-0.39874,255
255,-0.43837,255
255,-0.360662,255
255,-0.341868,255
255,-0.342607,255
0,-0.205715,127
0,-0.248034,127
0,-0.337543,127
255,-0.42431,255
255,-0.476634,255
255,-0.370558,255
255,-0.411046,255
255,-0.330268,255
0,-0.265643,127
0,-0.260837,127
0,-0.304548,127
255,-0.4524,255
255,-0.390148,255
255,-0.384293,255
255,-0.309552,255
0,-0.248642,127
0,-0.323584,127
0,-0.343403,127
255,-0.415418,255
255,-0.446121,255
255,-0.364622,255
255,-0.389249,255
255,-0.299604,255
0,-0.232883,127
0,-0.271498,127
0,-0.334608,127
255,-0.443214,255
255,-0.398464,255
255,-0.37096,255
255,-0.327051,255
255,-0.360516,255
0,-0.277605,127
0,-0.268903,127
0,-0.348488,127
255,-0.364207,255
255,-0.394883,255
255,-0.302123,255
255,-0.333297,255
0,-0.245932,127
0,-0.307975,127
255,-0.425742,255
255,-0.397266,255
255,-0.401248,255
255,-0.398911,255
255,-0.32047,255
255,-0.358175,255
0,-0.268259,127
0,-0.302655,127
255,-0.390359,255
255,-0.448708,255
255,-0.438703,255
255,-0.395522,255
255,-0.37598,255
255,-0.276404,255
0,-0.268842,127
0,-0.332415,127
255,-0.375619,255
255,-0.380841,255
255,-0.366529,255
255,-0.310251,255
0,-0.285387,127
0,-0.269492,127
0,-0.371079,127
255,-0.389966,255
255,-0.435513,255
255,-0.372844,255
255,-0.344808,255
255,-0.322146,255
0,-0.264145,127
0,-0.270245,127
0,-0.299918,127
255,-0.36855,255
255,-0.441921,255
255,-0.380849,255
255,-0.383922,255
255,-0.34379,255
0,-0.256729,127
0,-0.255662,127
0,-0.326346,127
255,-0.406723,255
255,-0.376708,255
255,-0.355514,255
255,-0.345845,255
0,-0.253231,127
0,-0.329937,127
0,-0.351466,127
255,-0.422404,255
255,-0.404981,255
255,-0.425141,255
255,-0.376206,255
255,-0.310151,255
0,-0.235885,127
0,-0.320766,127
0,-0.346292,127
255,-0.428996,255
255,-0.432546,255
255,-0.348837,255
255,-0.364378,255
255,-0.344129,255
0,-0.22277,127
0,-0.344428,127
0,-0.366574,127
255,-0.381824,255
255,-0.371207,255
255,-0.306126,255
255,-0.311888,255
0,-0.224864,127
0,-0.308714,127
255,-0.440312,255
255,-0.452987,255
255,-0.407738,255
255,-0.368869,255
255,-0.330863,255
255,-0.340934,255
0,-0.28054,127
0,-0.291788,127
255,-0.428277,255
255,-0.422895,255
255,-0.404552,255
255,-0.378761,255
255,-0.327039,255
255,-0.357994,255
0,-0.230604,127
0,-0.295836,127
255,-0.385363,255
255,-0.405711,255
255,-0.349289,255
255,-0.36186,255
0,-0.24918,127
0,-0.203079,127
0,-0.386145,127
255,-0.394357,255
255,-0.409316,255
255,-0.389719,255
255,-0.33446,255
255,-0.353373,255
0,-0.273166,127
0,-0.314635,127
0,-0.332773,127
255,-0.430145,255
255,-0.413239,255
255,-0.450712,255
255,-0.368935,255
255,-0.347431,255
0,-0.278927,127
0,-0.240681,127
0,-0.319177,127
255,-0.392377,255
255,-0.374218,255
255,-0.365859,255
255,-0.32499,255
0,-0.206877,127
0,-0.291026,127
0,-0.307133,127
255,-0.447785,255
255,-0.43876,255
255,-0.422649,255
255,-0.32082,255
255,-0.333117,255
0,-0.301635,127
0,-0.312436,127
0,-0.338305,127
255,-0.456448,255
255,-0.411456,255
255,-0.404984,255
255,-0.373111,255
255,-0.281878,255
0,-0.226316,127
0,-0.312081,127
0,-0.340067,127
255,-0.402991,255
255,-0.360321,255
255,-0.385194,255
255,-0.32949,255
0,-0.28449,127
0,-0.332451,127
255,-0.396615,255
255,-0.431012,255
255,-0.406679,255
255,-0.374774,255
255,-0.341903,255
255,-0.368961,255
0,-0.263412,127
0,-0.330678,127
255,-0.392919,255
255,-0.409614,255
255,-0.372616,255
255,-0.352991,255
255,-0.343617,255
255,-0.32408,255
0,-0.25441,127
0,-0.327944,127
255,-0.400883,255
255,-0.384798,255
255,-0.382676,255
255,-0.353907,255
0,-0.263542,127
0,-0.201224,127
0,-0.353685,127
255,-0.433155,255
255,-0.394731,255
255,-0.395943,255
255,-0.334894,255
255,-0.319294,255
0,-0.238301,127
0,-0.240292,127
0,-0.347217,127
255,-0.424981,255
255,-0.413105,255
255,-0.424099,255
255,-0.346988,255
255,-0.361573,255
0,-0.214941,127
0,-0.24023,127
0,-0.343042,127
255,-0.398038,255
255,-0.391004,255
255,-0.348328,255
255,-0.369747,255
0,-0.225903,127
0,-0.318569,127
0,-0.359692,127
255,-0.423049,255
255,-0.381984,255
255,-0.358987,255
255,-0.360975,255
255,-0.367458,255
0,-0.251497,127
0,-0.313882,127
0,-0.339387,127
255,-0.369439,255
255,-0.429657,255
255,-0.371529,255
255,-0.356572,255
255,-0.371019,255
0,-0.23557,127
0,-0.35936,127
0,-0.33657,127
255,-0.389178,255
255,-0.366549,255
255,-0.317441,255
255,-0.292891,255
0,-0.274122,127
0,-0.305258,127
255,-0.410973,255
255,-0.411272,255
255,-0.386426,255
255,-0.393006,255
255,-0.376856,255
255,-0.325966,255
0,-0.295554,127
0,-0.308987,127
255,-0.473697,255
255,-0.384994,255
255,-0.410827,255
255,-0.375695,255
255,-0.355905,255
255,-0.293193,255
0,-0.219941,127
0,-0.333925,127
255,-0.477205,255
255,-0.424126,255
255,-0.360387,255
255,-0.362448,255
0,-0.302426,127
0,-0.22132,127
0,-0.318029,127
255,-0.406382,255
255,-0.415059,255
255,-0.385075,255
255,-0.350041,255
255,-0.33581,255
0,-0.26531,127
0,-0.260477,127
0,-0.292218,127
255,-0.440518,255
255,-0.404145,255
255,-0.395877,255
255,-0.342504,255
255,-0.323228,255
0,-0.266334,127
0,-0.219057,127
0,-0.369085,127
255,-0.388254,255
255,-0.376022,255
255,-0.401215,255
255,-0.355507,255
0,-0.239041,127
0,-0.296613,127
0,-0.275258,127
255,-0.369977,255
255,-0.362123,255
255,-0.362267,255
255,-0.344081,255
255,-0.326188,255
0,-0.280493,127
0,-0.326001,127
0,-0.308475,127
255,-0.436355,255
255,-0.461463,255
255,-0.373815,255
255,-0.328948,255
255,-0.340959,255
0,-0.211598,127
0,-0.312566,127
0,-0.28907,127
255,-0.433945,255
255,-0.386413,255
255,-0.340945,255
255,-0.347555,255
0,-0.209733,127
0,-0.302066,127
255,-0.403875,255
255,-0.485505,255
255,-0.38867,255
255,-0.380913,255
255,-0.371955,255
255,-0.300953,255
0,-0.27295,127
0,-0.311537,127
255,-0.469259,255
255,-0.409118,255
255,-0.411305,255
255,-0.382753,255
255,-0.321669,255
255,-0.330612,255
0,-0.244067,127
0,-0.328722,127
255,-0.368007,255
255,-0.407039,255
255,-0.401485,255
255,-0.368358,255
0,-0.2624,127
0,-0.261379,127
0,-0.347051,127
255,-0.415081,255
255,-0.413882,255
255,-0.384054,255
255,-0.338102,255
255,-0.299499,255
0,-0.260121,127
0,-0.25444,127
0,-0.293706,127
255,-0.403642,255
255,-0.428918,255
255,-0.415644,255
255,-0.410151,255
255,-0.336234,255
0,-0.263181,127
0,-0.303635,127
0,-0.299954,127
255,-0.425464,255
255,-0.423588,255
255,-0.352436,255
255,-0.322409,255
0,-0.199964,127
0,-0.327664,127
0,-0.30578,127
255,-0.415218,255
255,-0.406971,255
255,-0.371599,255
255,-0.354265,255
255,-0.322636,255
0,-0.250499,127
0,-0.310582,127
0,-0.329786,127
255,-0.420481,255
255,-0.455279,255
255,-0.389711,255
255,-0.391794,255
255,-0.347657,255
0,-0.237939,127
0,-0.303162,127
0,-0.340057,127
255,-0.400899,255
255,-0.33633,255
255,-0.33625,255
255,-0.318853,255
0,-0.236971,127
0,-0.346703,127
255,-0.420452,255
255,-0.402659,255
255,-0.378405,255
255,-0.358883,255
255,-0.406787,255
255,-0.277739,255
0,-0.253944,127
0,-0.33693,127
255,-0.414388,255
255,-0.415448,255
255,-0.381293,255
255,-0.406107,255
255,-0.396618,255
255,-0.312165,255
0,-0.230707,127
0,-0.335134,127
255,-0.451011,255
255,-0.409669,255
255,-0.330151,255
255,-0.369251,255
0,-0.270691,127
0,-0.328119,127
0,-0.328516,127
255,-0.417241,255
255,-0.379412,255
255,-0.386976,255
255,-0.350356,255
255,-0.324533,255
0,-0.279887,127
0,-0.28135,127
0,-0.286295,127
255,-0.442873,255
255,-0.400328,255
255,-0.437113,255
255,-0.357083,255
255,-0.350457,255
0,-0.217485,127
0,-0.243233,127
0,-0.38222,127
255,-0.419692,255
255,-0.396411,255
255,-0.372848,255
255,-0.306731,255
0,-0.264276,127
0,-0.361701,127
0,-0.337236,127
255,-0.45851,255
255,-0.382887,255
255,-0.422581,255
255,-0.33776,255
255,-0.315,255
0,-0.222971,127
0,-0.346988,127
0,-0.344081,127
255,-0.423589,255
255,-0.40099,255
255,-0.375758,255
255,-0.380928,255
255,-0.291324,255
0,-0.286473,127
0,-0.282353,127
0,-0.352773,127
255,-0.436993,255
255,-0.375761,255
255,-0.335742,255
255,-0.30377,255
0,-0.28589,127
0,-0.302471,127
255,-0.422183,255
255,-0.39681,255
255,-0.386787,255
255,-0.434376,255
255,-0.318228,255
255,-0.286771,255
0,-0.2786,127
0,-0.325462,127
255,-0.482677,255
255,-0.424884,255
255,-0.397639,255
255,-0.410143,255
255,-0.349748,255
255,-0.299913,255
0,-0.212665,127
0,-0.301141,127
255,-0.391154,255
255,-0.381984,255
255,-0.388376,255
255,-0.328362,255
0,-0.243349,127
0,-0.230955,127
0,-0.289026,127
255,-0.402543,255
255,-0.381179,255
255,-0.332556,255
255,-0.388766,255
255,-0.368481,255
0,-0.291312,127
0,-0.300693,127
0,-0.313923,127
255,-0.438229,255
255,-0.407647,255
255,-0.351412,255
255,-0.398205,255
255,-0.311148,255
0,-0.274105,127
0,-0.269664,127
0,-0.306944,127
255,-0.392441,255
255,-0.371657,255
255,-0.352161,255
255,-0.320107,255
0,-0.298051,127
0,-0.292197,127
0,-0.313797,127
255,-0.420276,255
255,-0.365852,255
255,-0.377089,255
255,-0.347939,255
255,-0.323741,255
0,-0.282236,127
0,-0.368387,127
0,-0.346956,127
255,-0.450795,255
255,-0.388056,255
255,-0.386768,255
255,-0.379351,255
255,-0.359908,255
0,-0.234068,127
0,-0.313182,127
0,-0.322267,127
255,-0.330987,255
255,-0.389521,255
255,-0.365279,255
255,-0.313812,255
0,-0.246011,127
0,-0.289998,127
0,-0.238689,127
0,-0.313813,127
255,-0.405848,255
255,-0.394798,255
255,-0.419317,255
255,-0.356932,255
0,-0.274105,127
0,-0.321464,127
255,-0.408856,255
255,-0.432539,255
255,-0.390234,255
255,-0.350905,255
0,-0.282449,127
0,-0.202664,127
0,-0.347326,127
0,-0.240244,127
0,-0.292338,127
0,-0.390055,127
255,-0.414069,255
255,-0.394111,255
255,-0.412118,255
255,-0.374471,255
0,-0.257479,127
0,-0.228036,127
0,-0.36645,127
255,-0.391141,255
255,-0.407232,255
255,-0.383268,255
255,-0.33876,255
0,-0.296316,127
0,-0.309569,127
0,-0.315972,127
0,-0.242279,127
0,-0.312038,127
0,-0.333748,127
255,-0.413733,255
255,-0.413233,255
255,-0.342349,255
255,-0.327311,255
0,-0.271511,127
0,-0.316313,127
0,-0.353841,127
255,-0.376245,255
255,-0.395632,255
255,-0.320974,255
255,-0.310202,255
0,-0.244636,127
0,-0.321474,127
0,-0.276072,127
0,-0.328634,127
255,-0.413191,255
255,-0.401996,255
255,-0.390767,255
255,-0.37559,255
0,-0.230581,127
0,-0.307341,127
255,-0.411189,255
255,-0.411015,255
255,-0.421141,255
255,-0.374931,255
0,-0.239248,127
0,-0.235172,127
0,-0.346454,127
0,-0.231912,127
0,-0.253359,127
0,-0.310543,127
255,-0.406802,255
255,-0.397266,255
255,-0.366913,255
255,-0.34008,255
0,-0.241042,127
0,-0.265683,127
0,-0.320159,127
255,-0.424043,255
255,-0.362019,255
255,-0.353555,255
255,-0.311198,255
0,-0.232547,127
0,-0.298163,127
0,-0.293993,127
0,-0.284549,127
0,-0.313503,127
0,-0.324452,127
255,-0.419337,255
255,-0.402428,255
255,-0.382218,255
255,-0.306289,255
0,-0.269043,127
0,-0.324555,127
0,-0.328376,127
255,-0.438967,255
255,-0.33761,255
255,-0.351935,255
255,-0.307055,255
0,-0.241047,127
0,-0.309261,127
0,-0.251693,127
0,-0.309837,127
255,-0.448058,255
255,-0.441711,255
255,-0.39096,255
255,-0.34564,255
0,-0.28099,127
0,-0.331866,127
255,-0.419693,255
255,-0.402032,255
255,-0.407334,255
255,-0.362189,255
0,-0.286833,127
0,-0.261236,127
0,-0.30092,127
0,-0.249355,127
0,-0.255475,127
0,-0.310085,127
255,-0.465684,255
255,-0.371447,255
255,-0.395555,255
255,-0.362953,255
0,-0.207982,127
0,-0.232635,127
0,-0.338817,127
255,-0.415215,255
255,-0.394274,255
255,-0.381229,255
255,-0.374257,255
0,-0.277264,127
0,-0.255275,127
0,-0.282406,127
0,-0.241808,127
0,-0.321158,127
0,-0.355394,127
255,-0.414648,255
255,-0.428661,255
255,-0.324003,255
255,-0.332567,255
0,-0.231251,127
0,-0.320024,127
0,-0.342352,127
255,-0.402768,255
255,-0.408618,255
255,-0.313159,255
255,-0.354806,255
0,-0.187059,127
0,-0.25028,127
0,-0.259709,127
0,-0.318366,127
255,-0.437498,255
255,-0.392517,255
255,-0.387573,255
255,-0.307326,255
0,-0.281509,127
0,-0.301336,127
255,-0.419854,255
255,-0.37704,255
255,-0.352366,255
255,-0.329915,255
0,-0.279664,127
0,-0.249689,127
0,-0.261174,127
0,-0.207735,127
0,-0.260485,127
0,-0.309888,127
255,-0.387413,255
255,-0.391881,255
255,-0.388128,255
255,-0.335439,255
0,-0.261725,127
0,-0.222482,127
0,-0.331995,127
255,-0.405767,255
255,-0.396693,255
255,-0.373419,255
255,-0.329015,255
0,-0.294093,127
0,-0.294321,127
0,-0.30178,127
0,-0.226195,127
0,-0.317274,127
0,-0.30364,127
255,-0.393012,255
255,-0.390412,255
255,-0.382696,255
255,-0.334038,255
0,-0.315752,127
0,-0.315545,127
0,-0.337087,127
255,-0.422451,255
255,-0.323165,255
255,-0.366544,255
255,-0.35238,255
0,-0.20828,127
0,-0.284946,127
0,-0.219758,127
0,-0.302055,127
0,-0.279414,127
0,-0.291133,127
0,-0.300354,127
0,-0.292808,127
0,-0.292325,127
0,-0.283407,127
0,-0.293269,127
0,-0.274309,127
0,-0.260957,127
0,-0.211822,127
0,-0.250761,127
0,-0.280818,127
0,-0.272771,127
0,-0.348965,127
255,-0.44901,255
255,-0.440059,255
255,-0.351426,255
255,-0.318254,255
0,-0.268739,127
0,-0.224919,127
0,-0.255873,127
0,-0.324686,127
255,-0.350068,255
255,-0.381396,255
255,-0.361917,255
255,-0.317703,255
0,-0.247212,127
0,-0.245016,127
0,-0.251868,127
0,-0.264008,127
0,-0.294126,127
0,-0.299767,127
0,-0.326329,127
0,-0.269414,127
0,-0.339411,127
0,-0.268561,127
0,-0.2942,127
0,-0.286617,127
0,-0.251624,127
0,-0.245229,127
0,-0.220673,127
0,-0.241938,127
0,-0.248262,127
0,-0.232953,127
0,-0.335199,127
255,-0.402187,255
255,-0.376834,255
255,-0.359129,255
255,-0.3589,255
0,-0.237518,127
0,-0.242176,127
0,-0.211969,127
0,-0.34813,127
255,-0.384426,255
255,-0.357618,255
255,-0.385615,255
255,-0.312686,255
0,-0.281044,127
0,-0.240638,127
0,-0.31277,127
0,-0.285449,127
0,-0.26099,127
0,-0.291797,127
0,-0.254837,127
0,-0.304342,127
0,-0.336501,127
0,-0.336212,127
0,-0.256945,127
0,-0.281735,127
0,-0.265324,127
0,-0.217993,127
0,-0.265022,127
0,-0.247879,127
0,-0.225742,127
0,-0.32292,127
0,-0.339681,127
255,-0.442514,255
255,-0.390312,255
255,-0.34615,255
255,-0.356645,255
0,-0.232155,127
0,-0.211629,127
0,-0.353169,127
0,-0.371511,127
255,-0.409432,255
255,-0.400802,255
255,-0.345155,255
255,-0.366275,255
0,-0.277468,127
0,-0.254292,127
0,-0.29008,127
0,-0.289825,127
0,-0.279727,127
0,-0.300089,127
0,-0.271376,127
0,-0.298159,127
0,-0.257826,127
0,-0.280177,127
0,-0.295028,127
0,-0.236672,127
0,-0.276824,127
0,-0.269444,127
0,-0.233162,127
0,-0.266505,127
0,-0.198925,127
0,-0.325413,127
255,-0.419774,255
255,-0.366866,255
255,-0.376035,255
255,-0.363346,255
0,-0.280414,127
0,-0.26061,127
0,-0.284279,127
0,-0.339872,127
255,-0.380222,255
255,-0.422226,255
255,-0.388598,255
255,-0.341871,255
0,-0.283804,127
0,-0.264911,127
0,-0.353457,127
255,-0.39815,255
255,-0.425662,255
255,-0.398623,255
255,-0.36255,255
0,-0.271723,127
0,-0.300076,127
255,-0.433254,255
255,-0.374126,255
255,-0.327969,255
255,-0.289081,255
0,-0.265964,127
0,-0.340125,127
0,-0.367012,127
255,-0.421033,255
255,-0.363764,255
255,-0.326182,255
255,-0.302598,255
0,-0.260479,127
0,-0.300575,127
0,-0.348247,127
255,-0.421241,255
255,-0.359069,255
255,-0.385932,255
255,-0.332251,255
0,-0.245146,127
0,-0.301178,127
255,-0.435152,255
255,-0.355716,255
255,-0.360489,255
255,-0.336133,255
0,-0.236795,127
0,-0.263981,127
0,-0.263621,127
255,-0.433142,255
255,-0.331433,255
255,-0.378318,255
255,-0.3533,255
0,-0.301511,127
0,-0.265627,127
0,-0.32039,127
255,-0.385689,255
255,-0.359632,255
255,-0.313561,255
255,-0.351938,255
0,-0.263064,127
0,-0.319531,127
255,-0.442076,255
255,-0.407288,255
255,-0.351568,255
255,-0.365922,255
0,-0.267597,127
0,-0.335791,127
0,-0.369622,127
255,-0.442373,255
255,-0.385021,255
255,-0.364452,255
255,-0.316475,255
0,-0.231039,127
0,-0.282952,127
0,-0.378662,127
255,-0.415764,255
255,-0.367485,255
255,-0.353277,255
255,-0.344913,255
0,-0.249069,127
0,-0.278556,127
255,-0.380358,255
255,-0.351532,255
255,-0.336804,255
255,-0.318515,255
0,-0.245417,127
0,-0.253131,127
0,-0.299402,127
255,-0.418126,255
255,-0.410894,255
255,-0.363955,255
255,-0.363025,255
0,-0.257349,127
0,-0.213072,127
0,-0.280189,127
255,-0.39465,255
255,-0.365887,255
255,-0.338846,255
255,-0.342875,255
0,-0.297741,127
0,-0.354793,127
255,-0.407009,255
255,-0.39005,255
255,-0.39975,255
255,-0.330864,255
0,-0.241804,127
0,-0.308208,127
0,-0.343984,127
255,-0.444839,255
255,-0.399338,255
255,-0.404798,255
255,-0.330137,255
0,-0.191186,127
0,-0.306861,127
0,-0.356578,127
255,-0.362552,255
255,-0.361942,255
255,-0.3249,255
255,-0.320066,255
0,-0.270776,127
0,-0.339995,127
255,-0.414656,255
255,-0.338572,255
255,-0.383357,255
255,-0.302051,255
0,-0.229311,127
0,-0.250399,127
0,-0.303648,127
255,-0.386728,255
255,-0.370923,255
255,-0.359519,255
255,-0.337757,255
0,-0.242598,127
0,-0.229091,127
0,-0.30828,127
255,-0.419384,255
255,-0.36915,255
255,-0.315499,255
255,-0.305694,255
0,-0.222193,127
0,-0.27622,127
255,-0.379066,255
255,-0.395755,255
255,-0.33004,255
255,-0.358527,255
0,-0.241785,127
0,-0.319876,127
0,-0.335402,127
255,-0.43301,255
255,-0.359551,255
255,-0.362063,255
255,-0.373405,255
0,-0.252965,127
0,-0.285153,127
0,-0.36404,127
255,-0.402179,255
255,-0.365659,255
255,-0.313194,255
255,-0.33735,255
0,-0.246808,127
0,-0.296274,127
255,-0.391972,255
255,-0.403756,255
255,-0.346089,255
255,-0.344019,255
0,-0.236801,127
0,-0.262608,127
0,-0.313722,127
255,-0.389361,255
255,-0.36317,255
255,-0.370719,255
255,-0.331501,255
0,-0.271161,127
0,-0.217971,127
0,-0.321246,127
255,-0.421932,255
255,-0.394566,255
255,-0.340137,255
255,-0.316063,255
0,-0.266914,127
0,-0.33378,127
255,-0.375943,255
255,-0.423012,255
255,-0.373598,255
255,-0.340789,255
0,-0.257342,127
0,-0.372911,127
0,-0.295264,127
255,-0.387028,255
255,-0.338265,255
255,-0.325957,255
255,-0.304441,255
0,-0.253289,127
0,-0.32903,127
0,-0.297559,127
255,-0.37914,255
255,-0.287879,255
255,-0.365372,255
255,-0.255881,255
0,-0.221671,127
0,-0.312765,127
255,-0.40868,255
255,-0.406738,255
255,-0.33219,255
255,-0.331271,255
0,-0.28082,127
0,-0.252934,127
0,-0.297377,127
255,-0.427259,255
255,-0.408389,255
255,-0.320483,255
255,-0.329418,255
0,-0.261139,127
0,-0.281719,127
0,-0.293605,127
255,-0.386421,255
255,-0.385306,255
255,-0.325901,255
255,-0.321834,255
0,-0.243132,127
0,-0.325863,127
255,-0.448714,255
255,-0.405482,255
255,-0.365279,255
255,-0.355692,255
0,-0.258348,127
0,-0.310011,127
0,-0.361731,127
255,-0.433896,255
255,-0.400716,255
255,-0.320438,255
255,-0.350814,255
0,-0.301728,127
0,-0.316517,127
0,-0.350798,127
255,-0.424361,255
255,-0.348691,255
255,-0.35687,255
255,-0.326702,255
0,-0.293153,127
0,-0.295934,127
255,-0.391967,255
255,-0.387507,255
255,-0.387795,255
255,-0.346995,255
0,-0.253423,127
0,-0.235175,127
0,-0.30967,127
255,-0.427336,255
255,-0.397023,255
255,-0.357578,255
255,-0.345643,255
0,-0.236626,127
0,-0.243338,127
0,-0.357531,127
255,-0.438732,255
255,-0.398627,255
255,-0.374065,255
255,-0.334526,255
0,-0.239432,127
0,-0.330584,127
255,-0.422642,255
255,-0.377045,255
255,-0.362162,255
255,-0.299255,255
0,-0.320862,127
0,-0.345336,127
0,-0.338287,127
255,-0.44091,255
255,-0.436624,255
255,-0.327627,255
255,-0.367247,255
0,-0.217494,127
0,-0.317649,127
0,-0.331653,127
255,-0.393217,255
255,-0.353058,255
255,-0.329593,255
255,-0.323668,255
0,-0.284308,127
0,-0.357135,127
255,-0.406403,255
255,-0.42639,255
255,-0.366788,255
255,-0.351887,255
0,-0.250895,127
0,-0.258167,127
0,-0.350856,127
255,-0.4443,255
255,-0.389038,255
255,-0.342178,255
255,-0.28594,255
0,-0.274513,127
0,-0.231728,127
0,-0.320367,127
255,-0.378114,255
255,-0.363841,255
255,-0.342535,255
255,-0.280479,255
0,-0.228669,127
0,-0.357495,127
255,-0.431775,255
255,-0.372408,255
255,-0.344007,255
255,-0.301821,255
0,-0.265154,127
0,-0.345904,127
0,-0.336874,127
255,-0.378475,255
255,-0.381618,255
255,-0.331917,255
255,-0.308301,255
0,-0.268092,127
0,-0.288283,127
0,-0.332757,127
255,-0.373837,255
255,-0.370172,255
255,-0.344127,255
255,-0.292983,255
0,-0.213853,127
0,-0.331112,127
255,-0.409396,255
255,-0.436024,255
255,-0.409276,255
255,-0.304679,255
0,-0.250605,127
0,-0.282446,127
0,-0.322617,127
255,-0.389283,255
255,-0.397652,255
255,-0.412765,255
255,-0.375303,255
0,-0.263174,127
0,-0.255988,127
0,-0.315742,127
255,-0.45977,255
255,-0.392733,255
255,-0.354829,255
255,-0.332581,255
0,-0.240173,127
0,-0.332313,127
255,-0.447472,255
255,-0.404749,255
255,-0.389995,255
255,-0.334126,255
0,-0.25097,127
0,-0.307452,127
0,-0.317796,127
255,-0.419617,255
255,-0.432397,255
255,-0.380916,255
255,-0.340192,255
0,-0.231509,127
0,-0.307738,127
0,-0.359271,127
255,-0.36652,255
255,-0.393534,255
255,-0.324435,255
255,-0.294351,255
0,-0.248344,127
0,-0.311173,127
255,-0.372461,255
255,-0.418672,255
255,-0.359518,255
255,-0.401944,255
0,-0.218658,127
0,-0.20749,127
0,-0.285088,127
255,-0.423612,255
255,-0.376517,255
255,-0.373011,255
255,-0.32181,255
0,-0.259778,127
0,-0.246806,127
0,-0.323626,127
255,-0.436748,255
255,-0.411054,255
255,-0.362903,255
255,-0.321947,255
0,-0.284431,127
0,-0.360782,127
255,-0.424422,255
255,-0.428042,255
255,-0.410472,255
255,-0.340572,255
0,-0.296795,127
0,-0.341747,127
0,-0.292681,127
255,-0.391231,255
255,-0.399388,255
255,-0.367119,255
255,-0.296722,255
0,-0.195191,127
0,-0.337291,127
0,-0.335218,127
255,-0.372471,255
255,-0.384013,255
255,-0.34104,255
255,-0.287724,255
0,-0.252861,127
0,-0.347829,127
255,-0.392364,255
255,-0.337739,255
255,-0.378789,255
255,-0.330071,255
0,-0.216874,127
0,-0.250454,127
0,-0.367259,127
255,-0.392952,255
255,-0.392762,255
255,-0.366579,255
255,-0.320821,255
0,-0.218028,127
0,-0.258676,127
0,-0.287355,127
255,-0.40187,255
255,-0.4313,255
255,-0.367028,255
255,-0.330973,255
0,-0.234824,127
0,-0.319157,127
255,-0.414687,255
255,-0.392198,255
255,-0.321396,255
255,-0.298359,255
0,-0.269258,127
0,-0.31599,127
0,-0.365852,127
255,-0.407599,255
255,-0.371346,255
255,-0.371463,255
255,-0.319753,255
0,-0.27277,127
0,-0.323529,127
0,-0.349217,127
255,-0.43829,255
255,-0.388455,255
255,-0.391521,255
255,-0.369473,255
0,-0.287082,127
0,-0.306098,127
255,-0.433905,255
255,-0.420289,255
255,-0.358583,255
255,-0.337577,255
0,-0.301722,127
0,-0.26724,127
0,-0.310017,127
255,-0.436361,255
255,-0.432959,255
255,-0.383698,255
255,-0.340495,255
0,-0.294478,127
0,-0.266442,127
0,-0.384726,127
255,-0.399395,255
255,-0.373664,255
255,-0.382897,255
255,-0.366879,255
0,-0.264016,127
0,-0.261955,127
255,-0.41562,255
255,-0.379065,255
255,-0.381379,255
255,-0.28735,255
0,-0.225699,127
0,-0.300248,127
0,-0.326848,127
255,-0.414632,255
255,-0.355521,255
255,-0.365114,255
255,-0.285237,255
0,-0.249938,127
0,-0.305775,127
0,-0.364038,127
255,-0.405895,255
255,-0.386752,255
255,-0.360282,255
255,-0.283831,255
0,-0.235311,127
0,-0.291807,127
255,-0.40267,255
255,-0.43781,255
255,-0.348767,255
255,-0.353385,255
0,-0.264278,127
0,-0.273802,127
0,-0.319675,127
255,-0.366616,255
255,-0.361302,255
255,-0.332148,255
255,-0.39193,255
0,-0.24989,127
0,-0.289265,127
0,-0.302396,127
255,-0.38106,255
255,-0.364393,255
255,-0.41118,255
255,-0.303271,255
0,-0.241674,127
0,-0.348092,127
255,-0.371826,255
255,-0.342682,255
255,-0.375398,255
255,-0.322228,255
0,-0.24909,127
0,-0.262076,127
0,-0.337557,127
255,-0.36498,255
255,-0.384786,255
255,-0.358681,255
255,-0.339149,255
0,-0.270425,127
0,-0.325201,127
0,-0.368252,127
255,-0.375416,255
255,-0.393575,255
255,-0.328583,255
255,-0.304979,255
0,-0.215029,127
0,-0.35448,127
255,-0.39119,255
255,-0.360076,255
255,-0.415357,255
255,-0.329344,255
0,-0.274209,127
0,-0.279841,127
0,-0.340478,127
255,-0.397337,255
255,-0.425954,255
255,-0.393327,255
255,-0.328507,255
0,-0.30521,127
0,-0.239652,127
0,-0.309469,127
255,-0.382916,255
255,-0.367102,255
255,-0.420872,255
255,-0.355567,255
0,-0.289504,127
0,-0.292453,127
255,-0.380514,255
255,-0.37121,255
255,-0.368837,255
255,-0.33772,255
0,-0.262388,127
0,-0.327059,127
0,-0.353209,127
255,-0.404901,255
255,-0.365514,255
255,-0.364969,255
255,-0.301379,255
0,-0.258679,127
0,-0.324004,127
0,-0.326766,127
255,-0.436584,255
255,-0.433926,255
255,-0.330454,255
255,-0.301262,255
0,-0.296684,127
0,-0.303713,127
255,-0.369866,255
255,-0.383182,255
255,-0.363763,255
255,-0.339197,255
0,-0.234919,127
0,-0.256614,127
0,-0.326377,127
255,-0.400242,255
255,-0.386378,255
255,-0.369124,255
255,-0.361442,255
0,-0.246908,127
0,-0.282956,127
0,-0.349739,127
255,-0.42274,255
255,-0.427243,255
255,-0.398664,255
255,-0.335494,255
0,-0.230094,127
0,-0.311665,127
255,-0.397501,255
255,-0.392722,255
255,-0.31054,255
255,-0.339927,255
0,-0.250843,127
0,-0.328701,127
0,-0.342402,127
255,-0.390326,255
255,-0.344538,255
255,-0.270942,255
255,-0.324941,255
0,-0.276483,127
0,-0.285811,127
0,-0.337752,127
255,-0.415289,255
255,-0.364875,255
255,-0.341789,255
255,-0.322505,255
0,-0.281845,127
0,-0.326079,127
255,-0.40768,255
255,-0.388754,255
255,-0.358804,255
255,-0.321395,255
0,-0.206944,127
0,-0.300848,127
0,-0.282331,127
255,-0.414244,255
255,-0.404961,255
255,-0.356201,255
255,-0.354486,255
0,-0.261142,127
0,-0.241577,127
0,-0.322764,127
255,-0.359546,255
255,-0.36831,255
255,-0.372986,255
255,-0.293179,255
0,-0.229811,127
0,-0.301774,127
255,-0.399173,255
255,-0.39367,255
255,-0.352233,255
255,-0.388364,255
0,-0.277582,127
0,-0.294734,127
0,-0.339128,127
255,-0.380306,255
255,-0.396616,255
255,-0.369621,255
255,-0.348244,255
0,-0.272473,127
0,-0.312684,127
0,-0.3612,127
255,-0.365723,255
255,-0.396799,255
255,-0.350513,255
255,-0.347406,255
0,-0.242285,127
0,-0.265274,127
255,-0.4111,255
255,-0.394027,255
255,-0.343654,255
255,-0.351169,255
0,-0.281428,127
0,-0.244369,127
0,-0.348239,127
255,-0.40964,255
255,-0.381274,255
255,-0.393948,255
255,-0.340946,255
0,-0.3016,127
0,-0.299728,127
0,-0.338496,127
255,-0.398862,255
255,-0.390836,255
255,-0.373682,255
255,-0.311698,255
0,-0.232296,127
0,-0.299637,127
255,-0.435717,255
255,-0.381212,255
255,-0.356031,255
255,-0.347182,255
0,-0.196529,127
0,-0.287872,127
0,-0.33412,127
255,-0.44056,255
255,-0.36404,255
255,-0.37224,255
255,-0.332481,255
0,-0.22767,127
0,-0.343336,127
0,-0.350258,127
255,-0.40184,255
255,-0.354305,255
255,-0.333194,255
255,-0.354552,255
0,-0.237111,127
0,-0.343837,127
255,-0.424764,255
255,-0.421978,255
255,-0.349234,255
255,-0.294344,255
0,-0.264033,127
0,-0.227795,127
0,-0.319252,127
255,-0.456672,255
255,-0.400494,255
255,-0.337119,255
255,-0.339165,255
0,-0.231965,127
0,-0.262782,127
0,-0.35428,127
255,-0.414304,255
255,-0.394325,255
255,-0.36859,255
255,-0.382362,255
0,-0.271299,127
0,-0.397807,127
255,-0.425919,255
255,-0.358374,255
255,-0.388533,255
255,-0.331935,255
0,-0.232734,127
0,-0.277806,127
0,-0.333781,127
255,-0.376309,255
255,-0.381852,255
255,-0.403406,255
255,-0.2916,255
0,-0.234408,127
0,-0.326558,127
0,-0.394892,127
255,-0.359336,255
255,-0.388511,255
255,-0.345144,255
255,-0.361523,255
0,-0.262892,127
0,-0.29683,127
255,-0.400505,255
255,-0.386431,255
255,-0.441748,255
255,-0.304506,255
0,-0.285541,127
0,-0.225539,127
0,-0.32943,127
255,-0.39565,255
255,-0.416137,255
255,-0.349837,255
255,-0.300808,255
0,-0.291306,127
0,-0.25036,127
0,-0.349324,127
255,-0.404127,255
255,-0.378667,255
255,-0.366666,255
255,-0.326234,255
0,-0.29683,127
0,-0.352355,127
255,-0.403039,255
255,-0.377177,255
255,-0.328468,255
255,-0.329438,255
0,-0.243481,127
0,-0.316941,127
0,-0.336316,127
255,-0.378011,255
255,-0.327189,255
255,-0.345878,255
255,-0.327263,255
0,-0.300549,127
0,-0.317739,127
0,-0.371438,127
255,-0.418071,255
255,-0.312836,255
255,-0.345397,255
255,-0.32188,255
0,-0.285732,127
0,-0.27846,127
255,-0.394734,255
255,-0.438798,255
255,-0.351082,255
255,-0.345824,255
0,-0.290786,127
0,-0.271154,127
0,-0.290871,127
255,-0.401764,255
255,-0.372147,255
255,-0.327154,255
255,-0.322875,255
0,-0.259023,127
0,-0.194528,127
0,-0.335402,127
255,-0.416367,255
255,-0.425037,255
255,-0.34579,255
255,-0.367417,255
0,-0.276429,127
0,-0.327631,127
255,-0.382164,255
255,-0.38894,255
255,-0.353095,255
255,-0.310349,255
0,-0.247759,127
0,-0.375372,127
0,-0.292993,127
255,-0.365773,255
255,-0.376783,255
255,-0.337616,255
255,-0.32623,255
0,-0.233331,127
0,-0.300825,127
0,-0.289175,127
255,-0.40232,255
255,-0.395327,255
255,-0.319127,255
255,-0.327705,255
0,-0.232988,127
0,-0.328237,127
255,-0.419839,255
255,-0.429189,255
255,-0.387371,255
255,-0.336384,255
0,-0.248183,127
0,-0.236529,127
0,-0.325069,127
255,-0.437685,255
255,-0.353729,255
255,-0.345079,255
255,-0.317986,255
0,-0.260084,127
0,-0.235559,127
0,-0.332764,127
255,-0.450002,255
255,-0.406813,255
255,-0.394777,255
255,-0.327575,255
0,-0.253637,127
0,-0.345049,127
255,-0.420845,255
255,-0.40457,255
255,-0.381443,255
255,-0.279722,255
0,-0.193874,127
0,-0.291549,127
0,-0.37555,127
255,-0.452348,255
255,-0.361438,255
255,-0.369149,255
255,-0.262452,255
0,-0.256037,127
0,-0.275711,127
0,-0.325374,127
255,-0.400323,255
255,-0.432534,255
255,-0.339278,255
255,-0.340424,255
0,-0.271853,127
0,-0.32427,127
255,-0.425543,255
255,-0.407626,255
255,-0.356419,255
255,-0.359651,255
0,-0.220362,127
0,-0.307753,127
0,-0.356016,127
255,-0.385843,255
255,-0.360906,255
255,-0.377037,255
255,-0.395286,255
0,-0.240729,127
0,-0.264014,127
0,-0.337556,127
255,-0.404042,255
255,-0.353103,255
255,-0.34999,255
255,-0.306529,255
0,-0.256502,127
0,-0.325949,127
255,-0.465404,255
255,-0.407233,255
255,-0.359733,255
255,-0.331732,255
0,-0.241222,127
0,-0.313156,127
0,-0.304225,127
255,-0.414094,255
255,-0.417531,255
255,-0.331796,255
255,-0.320239,255
0,-0.273962,127
0,-0.321064,127
0,-0.332699,127
255,-0.386796,255
255,-0.364923,255
255,-0.337145,255
255,-0.271119,255
0,-0.214507,127
0,-0.32868,127
255,-0.441743,255
255,-0.418453,255
255,-0.34657,255
255,-0.319705,255
0,-0.24983,127
0,-0.257015,127
0,-0.320381,127
255,-0.382258,255
255,-0.425759,255
255,-0.345268,255
255,-0.353229,255
0,-0.27619,127
0,-0.263811,127
0,-0.357909,127
255,-0.345768,255
255,-0.385508,255
255,-0.299841,255
255,-0.325816,255
0,-0.213136,127
0,-0.319471,127
255,-0.396804,255
255,-0.365554,255
255,-0.351238,255
255,-0.31873,255
0,-0.31625,127
0,-0.341762,127
0,-0.327552,127
255,-0.401289,255
255,-0.40334,255
255,-0.349441,255
255,-0.303105,255
0,-0.270254,127
0,-0.334831,127
0,-0.359328,127
255,-0.427062,255
255,-0.334155,255
255,-0.355613,255
255,-0.349046,255
0,-0.226223,127
0,-0.302586,127
255,-0.381972,255
255,-0.36051,255
255,-0.321621,255
255,-0.357134,255
0,-0.219343,127
0,-0.239139,127
0,-0.296176,127
255,-0.387266,255
255,-0.365275,255
255,-0.350019,255
255,-0.352686,255
0,-0.266476,127
0,-0.266419,127
0,-0.28392,127
255,-0.373786,255
255,-0.359703,255
255,-0.343998,255
255,-0.377276,255
0,-0.296118,127
0,-0.335152,127
255,-0.428517,255
255,-0.365459,255
255,-0.398176,255
255,-0.354952,255
0,-0.265709,127
0,-0.288783,127
0,-0.319957,127
255,-0.409008,255
255,-0.386773,255
255,-0.370679,255
255,-0.332169,255
0,-0.238106,127
0,-0.3249,127
0,-0.3254,127
255,-0.367068,255
255,-0.364562,255
255,-0.409934,255
255,-0.32822,255
0,-0.280211,127
0,-0.304115,127
255,-0.459182,255
255,-0.345685,255
255,-0.358205,255
255,-0.322324,255
0,-0.23347,127
0,-0.206492,127
0,-0.29307,127
255,-0.394347,255
255,-0.39631,255
255,-0.370793,255
255,-0.343237,255
0,-0.231909,127
0,-0.264887,127
0,-0.332722,127
255,-0.453207,255
255,-0.409659,255
255,-0.343306,255
255,-0.372056,255
0,-0.284049,127
0,-0.33783,127
255,-0.403548,255
255,-0.367051,255
255,-0.339306,255
255,-0.269692,255
0,-0.177877,127
0,-0.308287,127
0,-0.329501,127
255,-0.440307,255
255,-0.405177,255
255,-0.395958,255
255,-0.327794,255
0,-0.263713,127
0,-0.28559,127
0,-0.379057,127
255,-0.416849,255
255,-0.4302,255
255,-0.3399,255
255,-0.340848,255
0,-0.27399,127
0,-0.345362,127
255,-0.386877,255
255,-0.416755,255
255,-0.363594,255
255,-0.355451,255
0,-0.262156,127
0,-0.214093,127
0,-0.273234,127
255,-0.386326,255
255,-0.424239,255
255,-0.353174,255
255,-0.345445,255
0,-0.251092,127
0,-0.268791,127
0,-0.322302,127
255,-0.370955,255
255,-0.420361,255
255,-0.361115,255
255,-0.350518,255
0,-0.289372,127
0,-0.309371,127
255,-0.400682,255
255,-0.35348,255
255,-0.390825,255
255,-0.345428,255
0,-0.261543,127
0,-0.315749,127
0,-0.317007,127
255,-0.376708,255
255,-0.424628,255
255,-0.349476,255
255,-0.27411,255
0,-0.26495,127
0,-0.288177,127
0,-0.334273,127
255,-0.355946,255
255,-0.417274,255
255,-0.306154,255
255,-0.309604,255
0,-0.22438,127
0,-0.319499,127
255,-0.440726,255
255,-0.39874,255
255,-0.428804,255
255,-0.303979,255
0,-0.25793,127
0,-0.222985,127
0,-0.327998,127
255,-0.415284,255
255,-0.38796,255
255,-0.422035,255
255,-0.350248,255
0,-0.247031,127
0,-0.254264,127
0,-0.339159,127
255,-0.393013,255
255,-0.379053,255
255,-0.324145,255
255,-0.373183,255
0,-0.277437,127
0,-0.357041,127
255,-0.415055,255
255,-0.359814,255
255,-0.330101,255
255,-0.321853,255
0,-0.255729,127
0,-0.303734,127
0,-0.337927,127
255,-0.371372,255
255,-0.366476,255
255,-0.367728,255
255,-0.334128,255
0,-0.267638,127
0,-0.340194,127
0,-0.371517,127
255,-0.375225,255
255,-0.402802,255
255,-0.386195,255
255,-0.307529,255
0,-0.262668,127
0,-0.312855,127
255,-0.403833,255
255,-0.381134,255
255,-0.365414,255
255,-0.329605,255
0,-0.254842,127
0,-0.260243,127
0,-0.290595,127
255,-0.410155,255
255,-0.380201,255
255,-0.328962,255
255,-0.321264,255
0,-0.232546,127
0,-0.22616,127
0,-0.363004,127
255,-0.379493,255
255,-0.358871,255
255,-0.332609,255
255,-0.372641,255
0,-0.251693,127
0,-0.289028,127
255,-0.443457,255
255,-0.42211,255
255,-0.361879,255
255,-0.349965,255
0,-0.235372,127
0,-0.340608,127
0,-0.314696,127
255,-0.417957,255
255,-0.371651,255
255,-0.34603,255
255,-0.326537,255
0,-0.334598,127
0,-0.322854,127
0,-0.367622,127
255,-0.403483,255
255,-0.382119,255
255,-0.327004,255
255,-0.320091,255
0,-0.258314,127
0,-0.319776,127
255,-0.449033,255
255,-0.39606,255
255,-0.371352,255
255,-0.319635,255
0,-0.251734,127
0,-0.289848,127
0,-0.328275,127
255,-0.416767,255
255,-0.375584,255
255,-0.389034,255
255,-0.328527,255
0,-0.25083,127
0,-0.245548,127
0,-0.279523,127
255,-0.379999,255
255,-0.399288,255
255,-0.347851,255
255,-0.340208,255
0,-0.248619,127
0,-0.334933,127
255,-0.399898,255
255,-0.425075,255
255,-0.346578,255
255,-0.297662,255
0,-0.228466,127
0,-0.32461,127
0,-0.317662,127
255,-0.433216,255
255,-0.415686,255
255,-0.326263,255
255,-0.274483,255
0,-0.237717,127
0,-0.278969,127
0,-0.342884,127
255,-0.388332,255
255,-0.381389,255
255,-0.339155,255
255,-0.2932,255
0,-0.277309,127
0,-0.34318,127
255,-0.397449,255
255,-0.412212,255
255,-0.363991,255
255,-0.386868,255
0,-0.259014,127
0,-0.26228,127
0,-0.319436,127
255,-0.414,255
255,-0.402876,255
255,-0.38119,255
255,-0.320186,255
0,-0.248077,127
0,-0.23642,127
0,-0.360544,127
255,-0.394674,255
255,-0.374912,255
255,-0.380311,255
255,-0.272046,255
0,-0.232565,127
0,-0.334062,127
255,-0.437824,255
255,-0.394573,255
255,-0.389118,255
255,-0.315232,255
0,-0.259119,127
0,-0.276975,127
0,-0.350035,127
255,-0.376106,255
255,-0.339427,255
255,-0.337756,255
255,-0.35613,255
0,-0.267762,127
0,-0.321663,127
0,-0.328878,127
255,-0.399418,255
255,-0.366722,255
255,-0.349531,255
255,-0.322163,255
0,-0.299261,127
0,-0.293007,127
255,-0.441677,255
255,-0.405091,255
255,-0.350943,255
255,-0.295287,255
0,-0.20592,127
0,-0.235866,127
0,-0.300697,127
255,-0.41885,255
255,-0.378678,255
255,-0.369566,255
255,-0.327266,255
0,-0.280226,127
0,-0.219626,127
0,-0.390545,127
255,-0.397744,255
255,-0.418531,255
255,-0.408139,255
255,-0.274436,255
0,-0.268653,127
0,-0.323205,127
255,-0.423177,255
255,-0.425411,255
255,-0.357138,255
255,-0.334117,255
0,-0.258452,127
0,-0.305118,127
0,-0.298062,127
255,-0.430907,255
255,-0.339754,255
255,-0.306282,255
255,-0.333837,255
0,-0.295477,127
0,-0.304949,127
0,-0.317663,127
255,-0.385501,255
255,-0.377776,255
255,-0.361388,255
255,-0.302743,255
0,-0.246356,127
0,-0.32748,127
255,-0.379265,255
255,-0.330931,255
255,-0.346881,255
255,-0.335725,255
0,-0.259861,127
0,-0.297756,127
0,-0.319583,127
255,-0.353928,255
255,-0.355442,255
255,-0.369916,255
255,-0.367541,255
0,-0.273896,127
0,-0.267307,127
0,-0.296142,127
255,-0.416267,255
255,-0.359507,255
255,-0.387,255
255,-0.386053,255
0,-0.290776,127
0,-0.315497,127
255,-0.455081,255
255,-0.354192,255
255,-0.399374,255
255,-0.307738,255
0,-0.236177,127
0,-0.310181,127
0,-0.312386,127
255,-0.379919,255
255,-0.361695,255
255,-0.390329,255
255,-0.295974,255
0,-0.251151,127
0,-0.312049,127
0,-0.353659,127
255,-0.43454,255
255,-0.394606,255
255,-0.349526,255
255,-0.354307,255
0,-0.227201,127
0,-0.329342,127
255,-0.384924,255
255,-0.4246,255
255,-0.432857,255
255,-0.380157,255
0,-0.260263,127
0,-0.242403,127
0,-0.321315,127
255,-0.414288,255
255,-0.378876,255
255,-0.362006,255
255,-0.343441,255
0,-0.249104,127
0,-0.2177,127
0,-0.316604,127
255,-0.426593,255
255,-0.373374,255
255,-0.35773,255
255,-0.344838,255
0,-0.258975,127
0,-0.32293,127
255,-0.363682,255
255,-0.398693,255
255,-0.366485,255
255,-0.341566,255
0,-0.219811,127
0,-0.288357,127
0,-0.356935,127
255,-0.408244,255
255,-0.368863,255
255,-0.353178,255
255,-0.330162,255
0,-0.205444,127
0,-0.336275,127
0,-0.331942,127
255,-0.411825,255
255,-0.390736,255
255,-0.352872,255
255,-0.361805,255
0,-0.23791,127
0,-0.318717,127
255,-0.413684,255
255,-0.337591,255
255,-0.349399,255
255,-0.374337,255
0,-0.296252,127
0,-0.248118,127
0,-0.312143,127
255,-0.397234,255
255,-0.387547,255
255,-0.334679,255
255,-0.346159,255
0,-0.222856,127
0,-0.229738,127
0,-0.335126,127
255,-0.384317,255
255,-0.363221,255
255,-0.332349,255
255,-0.333224,255
0,-0.260616,127
0,-0.307643,127
255,-0.421352,255
255,-0.418047,255
255,-0.344426,255
255,-0.36874,255
0,-0.297294,127
0,-0.225381,127
0,-0.279895,127
0,-0.272462,127
0,-0.284266,127
0,-0.241444,127
0,-0.265055,127
0,-0.270993,127
0,-0.242492,127
0,-0.266929,127
0,-0.261133,127
0,-0.272877,127
0,-0.274801,127
0,-0.224353,127
0,-0.224557,127
0,-0.266759,127
0,-0.250955,127
0,-0.267108,127
0,-0.272247,127
0,-0.243924,127
0,-0.238789,127
0,-0.249177,127
0,-0.267287,127
0,-0.263082,127
0,-0.258332,127
0,-0.311833,127
0,-0.285517,127
0,-0.269167,127
0,-0.226597,127
0,-0.254786,127
0,-0.308488,127
0,-0.290783,127
0,-0.247811,127
0,-0.245316,127
0,-0.22877,127
0,-0.28725,127
0,-0.258974,127
0,-0.243506,127
0,-0.256509,127
0,-0.22785,127
0,-0.353959,127
0,-0.255613,127
0,-0.295742,127
0,-0.234463,127
0,-0.221511,127
0,-0.255232,127
0,-0.297767,127
0,-0.315249,127
0,-0.2379,127
0,-0.256152,127
0,-0.278312,127
0,-0.268068,127
0,-0.23139,127
0,-0.248207,127
0,-0.232116,127
0,-0.222384,127
0,-0.234437,127
0,-0.289392,127
0,-0.249262,127
0,-0.271212,127
0,-0.211732,127
0,-0.271459,127
0,-0.303299,127
0,-0.3098,127
0,-0.281319,127
0,-0.331916,127
255,-0.358665,255
255,-0.371073,255
255,-0.358598,255
255,-0.310539,255
0,-0.306332,127
0,-0.237981,127
0,-0.221108,127
0,-0.21869,127
0,-0.307278,127
0,-0.270549,127
0,-0.19705,127
0,-0.235509,127
0,-0.217607,127
0,-0.198206,127
0,-0.261832,127
0,-0.210002,127
0,-0.254107,127
0,-0.239278,127
0,-0.23767,127
0,-0.278564,127
0,-0.241998,127
0,-0.216096,127
0,-0.218897,127
0,-0.284594,127
0,-0.252715,127
0,-0.250689,127
0,-0.232952,127
0,-0.277978,127
0,-0.255664,127
0,-0.26596,127
0,-0.244591,127
0,-0.235411,127
0,-0.259939,127
0,-0.263293,127
0,-0.269112,127
0,-0.283967,127
0,-0.257287,127
0,-0.230752,127
0,-0.282551,127
0,-0.292852,127
0,-0.284648,127
0,-0.222534,127
0,-0.229221,127
0,-0.249417,127
0,-0.242134,127
0,-0.250177,127
0,-0.28286,127
0,-0.265579,127
0,-0.288038,127
0,-0.242397,127
0,-0.273092,127
0,-0.286639,127
0,-0.317858,127
0,-0.351162,127
255,-0.399826,255
255,-0.376867,255
255,-0.311534,255
255,-0.28172,255
0,-0.287287,127
0,-0.223091,127
0,-0.241452,127
0,-0.23622,127
0,-0.24012,127
0,-0.263302,127
0,-0.224224,127
0,-0.240011,127
0,-0.260974,127
0,-0.29751,127
0,-0.25072,127
0,-0.196639,127
0,-0.330814,127
0,-0.240816,127
0,-0.241182,127
0,-0.25748,127
0,-0.254416,127
0,-0.242662,127
0,-0.242446,127
0,-0.250697,127
0,-0.301267,127
0,-0.270688,127
0,-0.220316,127
0,-0.266637,127
0,-0.224429,127
0,-0.256204,127
0,-0.268757,127
0,-0.282605,127
0,-0.247918,127
0,-0.296323,127
0,-0.231115,127
0,-0.213841,127
0,-0.263221,127
0,-0.278308,127
0,-0.251417,127
0,-0.232763,127
0,-0.251315,127
0,-0.255621,127
0,-0.227988,127
0,-0.241959,127
0,-0.248362,127
0,-0.280907,127
0,-0.199157,127
0,-0.2321,127
0,-0.282193,127
0,-0.244173,127
0,-0.25976,127
0,-0.284374,127
0,-0.25551,127
0,-0.293879,127
0,-0.243455,127
0,-0.257245,127
0,-0.25876,127
0,-0.248996,127
0,-0.257244,127
0,-0.246704,127
0,-0.240105,127
0,-0.307133,127
0,-0.217957,127
0,-0.21842,127
0,-0.250649,127
0,-0.240322,127
0,-0.287872,127
0,-0.219818,127
0,-0.241763,127
0,-0.259935,127
0,-0.271488,127
0,-0.242083,127
0,-0.296614,127
0,-0.258993,127
0,-0.210263,127
0,-0.303483,127
0,-0.212449,127
0,-0.27323,127
0,-0.234741,127
0,-0.277533,127
0,-0.237357,127
0,-0.268823,127
0,-0.282316,127
0,-0.290171,127
0,-0.287841,127
0,-0.290027,127
0,-0.207116,127
0,-0.204081,127
0,-0.329005,127
0,-0.215527,127
0,-0.254098,127
0,-0.242905,127
0,-0.252074,127
0,-0.254645,127
0,-0.309739,127
0,-0.222227,127
0,-0.263986,127
0,-0.257293,127
0,-0.298988,127
0,-0.315203,127
255,-0.420334,255
255,-0.373987,255
255,-0.379447,255
255,-0.38134,255
0,-0.282737,127
0,-0.230506,127
0,-0.276496,127
0,-0.249419,127
0,-0.256058,127
0,-0.215947,127
0,-0.266823,127
0,-0.238135,127
0,-0.25928,127
0,-0.252231,127
0,-0.213481,127
0,-0.284435,127
0,-0.243295,127
0,-0.224752,127
0,-0.257514,127
0,-0.287592,127
0,-0.196581,127
0,-0.279979,127
0,-0.229267,127
0,-0.243329,127
0,-0.252739,127
0,-0.234073,127
0,-0.248927,127
0,-0.248116,127
0,-0.271757,127
0,-0.272059,127
0,-0.267598,127
0,-0.245817,127
0,-0.241222,127
0,-0.257425,127
0,-0.253018,127
0,-0.252726,127
0,-0.318267,127
0,-0.248812,127
0,-0.289245,127
0,-0.26501,127
0,-0.272508,127
0,-0.256156,127
0,-0.238137,127
0,-0.209626,127
0,-0.261807,127
0,-0.257416,127
0,-0.267074,127
0,-0.231518,127
0,-0.284809,127
0,-0.2761,127
0,-0.300957,127
0,-0.290193,127
0,-0.313428,127
0,-0.284488,127
255,-0.410744,255
255,-0.386507,255
255,-0.373201,255
255,-0.341914,255
0,-0.27207,127
0,-0.214798,127
0,-0.246495,127
0,-0.249099,127
0,-0.246816,127
0,-0.248299,127
0,-0.257917,127
0,-0.262314,127
0,-0.254045,127
0,-0.207803,127
0,-0.242013,127
0,-0.244736,127
0,-0.266567,127
0,-0.252581,127
0,-0.216267,127
0,-0.274757,127
0,-0.224677,127
0,-0.219053,127
0,-0.270607,127
0,-0.292702,127
0,-0.267404,127
0,-0.306695,127
0,-0.243992,127
0,-0.233028,127
0,-0.279329,127
0,-0.264712,127
0,-0.247115,127
0,-0.294559,127
0,-0.293969,127
0,-0.232008,127
0,-0.261657,127
0,-0.240142,127
0,-0.284826,127
0,-0.178248,127
0,-0.196063,127
0,-0.24011,127
0,-0.220676,127
0,-0.216386,127
0,-0.275548,127
0,-0.26521,127
0,-0.26115,127
0,-0.231845,127
0,-0.238422,127
0,-0.301326,127
0,-0.284862,127
0,-0.245746,127
0,-0.24273,127
0,-0.230192,127
0,-0.285136,127
0,-0.290018,127
0,-0.18875,127
0,-0.252795,127
0,-0.286628,127
0,-0.27806,127
0,-0.243958,127
0,-0.254882,127
0,-0.300612,127
0,-0.24578,127
0,-0.295634,127
0,-0.237713,127
0,-0.247264,127
0,-0.223246,127
0,-0.216406,127
0,-0.263071,127
0,-0.254502,127
0,-0.226195,127
0,-0.285125,127
0,-0.278433,127
0,-0.255382,127
0,-0.23599,127
0,-0.288559,127
0,-0.238137,127
0,-0.249217,127
0,-0.244594,127
0,-0.258987,127
0,-0.280647,127
0,-0.279269,127
0,-0.256346,127
0,-0.205718,127
0,-0.282318,127
0,-0.245821,127
0,-0.256701,127
0,-0.28537,127
0,-0.293105,127
0,-0.262024,127
0,-0.309477,127
0,-0.250453,127
0,-0.226833,127
0,-0.258239,127
0,-0.244779,127
0,-0.307216,127
0,-0.308545,127
0,-0.290964,127
0,-0.306244,127
0,-0.324888,127
0,-0.31717,127
0,-0.375128,127
255,-0.39486,255
255,-0.394761,255
255,-0.36819,255
255,-0.351362,255
0,-0.260709,127
0,-0.287787,127
0,-0.269767,127
0,-0.264041,127
0,-0.28972,127
0,-0.270779,127
0,-0.304601,127
0,-0.273008,127
0,-0.222287,127
0,-0.267147,127
0,-0.303905,127
0,-0.276247,127
0,-0.212867,127
0,-0.232267,127
0,-0.239778,127
0,-0.224373,127
0,-0.294812,127
0,-0.245408,127
0,-0.253542,127
0,-0.25382,127
0,-0.270309,127
0,-0.234281,127
0,-0.257862,127
0,-0.274382,127
0,-0.254258,127
0,-0.234001,127
0,-0.241783,127
0,-0.274924,127
0,-0.261812,127
0,-0.267061,127
0,-0.251252,127
0,-0.244047,127
0,-0.268877,127
0,-0.25288,127
0,-0.249109,127
0,-0.295124,127
0,-0.243861,127
0,-0.242433,127
0,-0.245585,127
0,-0.284748,127
0,-0.247942,127
0,-0.257103,127
0,-0.207125,127
0,-0.234711,127
0,-0.255929,127
0,-0.201874,127
0,-0.268838,127
0,-0.348383,127
0,-0.303886,127
0,-0.332654,127
255,-0.411739,255
255,-0.381638,255
255,-0.322794,255
255,-0.349542,255
0,-0.302504,127
0,-0.249263,127
0,-0.234948,127
0,-0.28686,127
0,-0.253855,127
0,-0.232687,127
0,-0.23548,127
0,-0.230495,127
0,-0.282388,127
0,-0.257805,127
0,-0.260463,127
0,-0.237722,127
0,-0.266883,127
0,-0.302659,127
0,-0.24298,127
0,-0.259472,127
0,-0.25774,127
0,-0.241311,127
0,-0.256454,127
0,-0.300044,127
0,-0.254844,127
0,-0.282515,127
0,-0.247098,127
0,-0.252415,127
0,-0.224248,127
0,-0.290086,127
0,-0.279682,127
0,-0.245242,127
0,-0.263078,127
0,-0.23302,127
0,-0.260314,127
0,-0.255224,127
0,-0.28723,127
0,-0.285599,127
0,-0.262042,127
0,-0.25089,127
0,-0.224385,127
0,-0.25367,127
0,-0.246827,127
0,-0.243024,127
0,-0.253696,127
0,-0.245735,127
0,-0.252605,127
0,-0.25857,127
0,-0.236221,127
0,-0.268066,127
0,-0.283161,127
0,-0.26792,127
0,-0.277287,127
0,-0.250684,127
0,-0.281865,127
0,-0.242649,127
0,-0.196146,127
0,-0.282903,127
0,-0.208555,127
0,-0.199902,127
0,-0.287228,127
0,-0.252764,127
0,-0.266214,127
0,-0.218821,127
0,-0.251686,127
0,-0.214449,127
0,-0.269931,127
0,-0.240674,127
0,-0.309044,127
0,-0.263051,127
0,-0.251087,127
0,-0.22569,127
0,-0.247209,127
0,-0.274947,127
0,-0.298489,127
0,-0.333011,127
0,-0.245656,127
0,-0.287778,127
0,-0.277009,127
0,-0.250524,127
0,-0.273472,127
0,-0.269555,127
0,-0.218791,127
0,-0.25913,127
0,-0.227009,127
0,-0.298316,127
0,-0.259592,127
0,-0.258394,127
0,-0.2708,127
0,-0.270376,127
0,-0.268991,127
0,-0.300694,127
0,-0.255136,127
0,-0.255622,127
0,-0.248633,127
0,-0.285909,127
0,-0.228413,127
0,-0.244868,127
0,-0.276356,127
0,-0.34115,127
0,-0.388673,127
255,-0.421037,255
255,-0.377206,255
255,-0.333547,255
255,-0.359781,255
0,-0.257009,127
0,-0.254044,127
0,-0.295104,127
0,-0.243344,127
0,-0.272831,127
0,-0.25994,127
0,-0.26044,127
0,-0.309626,127
0,-0.228912,127
0,-0.287168,127
0,-0.268375,127
0,-0.245887,127
0,-0.225342,127
0,-0.324537,127
0,-0.257834,127
0,-0.217773,127
0,-0.273727,127
0,-0.276257,127
0,-0.217136,127
0,-0.288247,127
0,-0.263939,127
0,-0.288912,127
0,-0.256948,127
0,-0.253723,127
0,-0.266521,127
0,-0.202886,127
0,-0.2517,127
0,-0.296664,127
0,-0.20817,127
0,-0.246221,127
0,-0.248895,127
0,-0.26173,127
0,-0.255943,127
0,-0.26785,127
0,-0.219682,127
0,-0.271338,127
0,-0.264967,127
0,-0.230331,127
0,-0.208215,127
0,-0.271526,127
0,-0.244706,127
0,-0.278917,127
0,-0.301743,127
0,-0.286632,127
0,-0.219409,127
0,-0.273869,127
0,-0.27738,127
0,-0.251305,127
0,-0.359545,127
0,-0.341071,127
255,-0.409419,255
255,-0.380743,255
255,-0.35511,255
255,-0.316968,255
0,-0.243242,127
0,-0.252431,127
0,-0.2573,127
0,-0.254306,127
0,-0.260787,127
0,-0.213415,127
0,-0.290961,127
0,-0.26273,127
0,-0.276597,127
0,-0.295646,127
0,-0.22835,127
0,-0.252582,127
0,-0.281797,127
0,-0.229616,127
0,-0.254613,127
0,-0.270063,127
0,-0.261253,127
0,-0.259791,127
0,-0.237318,127
0,-0.265006,127
0,-0.292875,127
0,-0.284055,127
0,-0.254971,127
0,-0.270369,127
0,-0.226123,127
0,-0.219687,127
0,-0.192367,127
0,-0.259485,127
0,-0.306659,127
0,-0.263516,127
0,-0.194564,127
0,-0.215204,127
255,-0.416421,255
255,-0.374379,255
255,-0.379874,255
255,-0.376682,255
255,-0.372901,255
255,-0.356388,255
255,-0.376808,255
255,-0.303098,255
255,-0.43736,255
255,-0.369386,255
255,-0.334795,255
255,-0.332448,255
255,-0.423324,255
255,-0.372485,255
255,-0.351271,255
255,-0.346701,255
255,-0.424971,255
255,-0.374493,255
255,-0.360264,255
255,-0.322784,255
255,-0.404318,255
255,-0.391645,255
255,-0.352704,255
255,-0.314182,255
255,-0.424806,255
255,-0.373803,255
255,-0.402078,255
255,-0.306391,255
255,-0.417299,255
255,-0.381069,255
255,-0.338839,255
255,-0.327436,255
255,-0.43779,255
255,-0.401494,255
255,-0.343564,255
255,-0.288733,255
255,-0.40441,255
255,-0.356538,255
255,-0.394851,255
255,-0.285119,255
255,-0.378011,255
255,-0.385319,255
255,-0.350856,255
255,-0.335594,255
255,-0.389253,255
255,-0.390772,255
255,-0.359041,255
255,-0.293836,255
255,-0.409461,255
255,-0.422159,255
255,-0.369903,255
255,-0.332688,255
255,-0.373643,255
255,-0.389339,255
255,-0.421273,255
255,-0.396961,255
255,-0.365128,255
255,-0.415754,255
255,-0.375491,255
255,-0.390766,255
255,-0.386216,255
255,-0.411491,255
255,-0.37291,255
255,-0.421291,255
255,-0.433873,255
255,-0.423153,255
255,-0.430871,255
255,-0.352165,255
255,-0.388665,255
255,-0.364041,255
255,-0.399629,255
255,-0.375025,255
255,-0.4413,255
255,-0.399439,255
255,-0.413299,255
255,-0.366907,255
255,-0.44729,255
255,-0.431873,255
255,-0.367202,255
255,-0.411463,255
255,-0.413157,255
255,-0.387137,255
255,-0.446822,255
255,-0.378918,255
255,-0.44117,255
255,-0.38542,255
255,-0.375682,255
255,-0.33492,255
255,-0.418547,255
255,-0.413867,255
255,-0.362553,255
255,-0.366997,255
255,-0.452696,255
255,-0.450002,255
255,-0.462772,255
255,-0.372397,255
255,-0.352085,255
255,-0.351802,255
255,-0.362354,255
255,-0.338818,255
255,-0.349728,255
255,-0.371941,255
255,-0.348049,255
255,-0.369953,255
255,-0.353228,255
255,-0.385642,255
255,-0.357763,255
255,-0.355076,255
255,-0.344838,255
255,-0.354798,255
255,-0.373778,255
255,-0.328839,255
255,-0.340959,255
255,-0.381744,255
255,-0.34844,255
255,-0.343152,255
255,-0.359291,255
255,-0.338183,255
255,-0.308174,255
255,-0.356389,255
255,-0.357047,255
255,-0.356639,255
255,-0.334401,255
255,-0.331142,255
255,-0.331037,255
255,-0.348141,255
255,-0.327208,255
255,-0.381707,255
255,-0.337569,255
255,-0.354577,255
255,-0.360089,255
255,-0.354393,255
255,-0.3319,255
255,-0.384664,255
255,-0.381046,255
255,-0.383765,255
255,-0.388421,255
255,-0.399857,255
255,-0.337139,255
255,-0.335712,255
255,-0.375368,255
255,-0.394575,255
255,-0.370283,255
255,-0.331131,255
255,-0.320615,255
255,-0.381635,255
255,-0.3537,255
255,-0.291696,255
255,-0.351902,255
255,-0.382854,255
255,-0.355827,255
255,-0.354428,255
255,-0.365246,255
255,-0.356101,255
255,-0.359593,255
255,-0.317922,255
255,-0.360581,255
255,-0.372582,255
255,-0.354065,255
255,-0.401301,255
255,-0.421201,255
255,-0.419534,255
255,-0.419311,255
255,-0.392411,255
255,-0.409131,255
255,-0.42519,255
255,-0.417761,255
255,-0.371273,255
255,-0.40237,255
255,-0.408167,255
255,-0.369617,255
255,-0.301541,255
255,-0.332138,255
255,-0.376934,255
255,-0.365316,255
255,-0.363274,255
255,-0.386032,255
255,-0.316578,255
255,-0.34131,255
255,-0.397071,255
255,-0.344644,255
255,-0.345418,255
255,-0.36413,255
255,-0.33316,255
255,-0.352261,255
255,-0.332308,255
255,-0.324151,255
255,-0.371042,255
255,-0.35014,255
255,-0.349055,255
255,-0.346756,255
255,-0.3419,255
255,-0.302304,255
255,-0.307361,255
255,-0.346844,255
255,-0.316143,255
255,-0.311346,255
255,-0.354912,255
255,-0.378695,255
255,-0.294872,255
255,-0.312857,255
255,-0.334001,255
255,-0.295415,255
255,-0.299391,255
255,-0.335985,255
255,-0.402068,255
255,-0.30771,255
255,-0.339591,255
255,-0.371192,255
255,-0.345612,255
255,-0.374377,255
255,-0.359461,255
255,-0.347701,255
255,-0.337688,255
255,-0.341513,255
255,-0.386867,255
255,-0.351298,255
255,-0.374107,255
255,-0.413159,255
255,-0.309005,255
255,-0.358419,255
255,-0.355382,255
255,-0.380123,255
255,-0.386328,255
255,-0.417336,255
255,-0.420216,255
255,-0.435932,255
255,-0.455131,255
255,-0.425363,255
255,-0.392511,255
255,-0.356341,255
255,-0.360967,255
255,-0.35612,255
255,-0.354192,255
255,-0.345712,255
255,-0.358634,255
255,-0.366427,255
255,-0.340788,255
255,-0.335406,255
255,-0.350642,255
255,-0.351533,255
255,-0.304567,255
255,-0.31989,255
255,-0.346004,255
255,-0.399196,255
255,-0.369718,255
255,-0.388157,255
255,-0.347547,255
255,-0.329403,255
255,-0.34287,255
255,-0.337296,255
255,-0.368959,255
255,-0.360352,255
255,-0.311858,255
255,-0.37941,255
255,-0.360165,255
255,-0.342645,255
255,-0.362058,255
255,-0.342238,255
255,-0.343535,255
255,-0.325705,255
255,-0.32568,255
255,-0.341261,255
255,-0.297236,255
255,-0.239869,255
255,-0.230784,255
255,-0.332053,255
255,-0.339053,255
255,-0.358831,255
255,-0.335973,255
255,-0.345588,255
255,-0.355354,255
255,-0.355769,255
255,-0.338413,255
255,-0.371401,255
255,-0.347514,255
255,-0.380334,255
255,-0.32855,255
255,-0.380387,255
255,-0.392429,255
255,-0.296264,255
255,-0.343963,255
255,-0.368685,255
255,-0.342582,255
255,-0.368645,255
255,-0.329319,255
255,-0.340652,255
255,-0.369783,255
255,-0.390298,255
255,-0.315731,255
255,-0.368953,255
255,-0.390842,255
255,-0.395677,255
255,-0.340902,255
255,-0.358941,255
255,-0.374903,255
255,-0.378514,255
255,-0.319314,255
255,-0.290339,255
255,-0.363374,255
255,-0.358283,255
255,-0.356161,255
255,-0.353704,255
255,-0.370074,255
255,-0.311673,255
255,-0.372241,255
255,-0.365866,255
255,-0.388329,255
255,-0.402684,255
255,-0.369134,255
255,-0.315149,255
255,-0.342868,255
255,-0.359424,255
255,-0.309695,255
255,-0.371951,255
255,-0.292397,255
255,-0.389191,255
255,-0.340193,255
255,-0.396792,255
255,-0.406962,255
255,-0.336953,255
255,-0.383107,255
255,-0.365697,255
255,-0.352347,255
255,-0.383116,255
255,-0.35794,255
255,-0.349307,255
255,-0.43746,255
255,-0.375576,255
255,-0.402329,255
255,-0.372537,255
255,-0.368174,255
255,-0.435579,255
255,-0.384623,255
255,-0.437672,255
255,-0.454372,255
255,-0.42519,255
255,-0.448063,255
255,-0.387772,255
255,-0.384189,255
255,-0.349691,255
255,-0.368917,255
255,-0.364686,255
255,-0.325182,255
255,-0.356517,255
255,-0.351296,255
255,-0.374303,255
255,-0.320043,255
255,-0.369139,255
255,-0.311385,255
255,-0.36957,255
255,-0.39699,255
255,-0.298535,255
255,-0.322327,255
255,-0.389637,255
255,-0.378381,255
255,-0.332794,255
255,-0.353701,255
255,-0.392006,255
255,-0.334753,255
255,-0.370847,255
255,-0.3874,255
255,-0.31842,255
255,-0.362788,255
255,-0.368516,255
255,-0.330294,255
255,-0.352619,255
255,-0.36653,255
255,-0.316842,255
255,-0.391986,255
255,-0.381719,255
255,-0.407304,255
255,-0.35615,255
255,-0.347969,255
255,-0.384764,255
255,-0.370809,255
255,-0.346556,255
255,-0.38806,255
255,-0.34077,255
255,-0.314559,255
255,-0.363563,255
255,-0.359147,255
255,-0.390714,255
255,-0.365307,255
255,-0.324659,255
255,-0.355256,255
255,-0.319671,255
255,-0.38563,255
255,-0.372772,255
255,-0.350015,255
255,-0.36241,255
255,-0.430898,255
255,-0.381411,255
255,-0.429544,255
255,-0.402609,255
255,-0.471146,255
255,-0.464392,255
255,-0.453655,255
255,-0.426134,255
255,-0.441764,255
255,-0.424673,255
255,-0.37884,255
255,-0.369313,255
255,-0.367199,255
255,-0.334179,255
255,-0.415985,255
255,-0.413223,255
255,-0.324577,255
255,-0.330573,255
255,-0.311921,255
255,-0.369425,255
255,-0.386444,255
255,-0.351981,255
255,-0.333496,255
255,-0.353787,255
255,-0.335674,255
255,-0.32542,255
255,-0.304433,255
255,-0.363416,255
255,-0.347799,255
255,-0.432451,255
255,-0.377996,255
255,-0.351853,255
255,-0.36274,255
255,-0.386341,255
255,-0.352887,255
255,-0.358172,255
255,-0.396292,255
255,-0.361191,255
255,-0.350899,255
255,-0.390782,255
255,-0.318048,255
255,-0.337009,255
255,-0.380266,255
255,-0.284684,255
255,-0.255777,255
255,-0.223375,255
255,-0.355905,255
255,-0.381412,255
255,-0.388903,255
255,-0.39356,255
255,-0.359854,255
255,-0.365001,255
255,-0.331813,255
255,-0.38705,255
255,-0.360303,255
255,-0.334057,255
255,-0.365962,255
255,-0.414258,255
255,-0.374793,255
255,-0.381207,255
255,-0.320352,255
255,-0.376301,255
255,-0.420536,255
255,-0.37939,255
255,-0.347413,255
255,-0.342451,255
255,-0.347741,255
255,-0.39613,255
255,-0.376796,255
255,-0.383347,255
255,-0.352206,255
255,-0.356864,255
255,-0.341015,255
255,-0.382995,255
255,-0.398049,255
255,-0.416428,255
255,-0.38293,255
255,-0.354962,255
255,-0.376215,255
255,-0.413497,255
255,-0.421257,255
255,-0.381019,255
255,-0.376477,255
255,-0.406674,255
255,-0.379942,255
255,-0.383065,255
255,-0.401635,255
255,-0.351723,255
255,-0.35206,255
255,-0.396065,255
255,-0.377412,255
255,-0.412686,255
255,-0.411839,255
255,-0.423156,255
255,-0.397747,255
255,-0.367845,255
255,-0.365231,255
255,-0.351537,255
255,-0.366983,255
255,-0.401109,255
255,-0.336729,255
255,-0.346404,255
255,-0.361461,255
255,-0.373623,255
255,-0.384598,255
255,-0.383176,255
255,-0.312588,255
255,-0.355348,255
255,-0.363696,255
255,-0.360139,255
255,-0.367925,255
255,-0.420082,255
255,-0.463953,255
255,-0.410273,255
255,-0.422893,255
255,-0.446528,255
255,-0.456547,255
255,-0.423179,255
255,-0.371886,255
255,-0.399719,255
255,-0.351717,255
255,-0.322727,255
255,-0.412257,255
255,-0.374567,255
255,-0.40896,255
255,-0.305028,255
255,-0.407396,255
255,-0.364687,255
255,-0.392817,255
255,-0.367956,255
255,-0.377997,255
255,-0.338627,255
255,-0.335134,255
255,-0.35035,255
255,-0.39342,255
255,-0.348594,255
255,-0.320251,255
255,-0.377893,255
255,-0.363038,255
255,-0.414157,255
255,-0.334643,255
255,-0.416937,255
255,-0.391297,255
255,-0.342271,255
255,-0.388868,255
255,-0.344651,255
255,-0.343071,255
255,-0.391733,255
255,-0.383627,255
255,-0.371881,255
255,-0.358465,255
255,-0.37134,255
255,-0.407899,255
255,-0.374128,255
255,-0.379321,255
255,-0.381768,255
255,-0.381342,255
255,-0.331492,255
255,-0.410412,255
255,-0.336691,255
255,-0.405368,255
255,-0.376961,255
255,-0.343209,255
255,-0.369724,255
255,-0.362113,255
255,-0.347277,255
255,-0.345687,255
255,-0.362285,255
255,-0.369809,255
255,-0.342921,255
255,-0.394115,255
255,-0.434827,255
255,-0.435757,255
255,-0.394103,255
255,-0.416717,255
255,-0.47289,255
255,-0.424057,255
255,-0.46882,255
255,-0.443767,255
255,-0.379397,255
255,-0.389411,255
255,-0.408805,255
255,-0.369314,255
255,-0.412654,255
255,-0.370955,255
255,-0.345913,255
255,-0.366908,255
255,-0.396099,255
255,-0.33127,255
255,-0.327952,255
255,-0.396448,255
255,-0.338851,255
255,-0.33222,255
255,-0.372422,255
255,-0.393301,255
255,-0.379517,255
255,-0.388285,255
255,-0.389594,255
255,-0.352455,255
255,-0.352947,255
255,-0.347348,255
255,-0.415554,255
255,-0.379534,255
255,-0.392056,255
255,-0.374023,255
255,-0.379246,255
255,-0.385812,255
255,-0.336038,255
255,-0.386567,255
255,-0.413939,255
255,-0.400368,255
255,-0.378755,255
255,-0.375494,255
255,-0.369321,255
255,-0.280698,255
255,-0.247723,255
255,-0.242518,255
255,-0.390311,255
255,-0.38915,255
255,-0.403112,255
255,-0.348948,255
255,-0.3815,255
255,-0.355312,255
255,-0.406427,255
255,-0.36172,255
255,-0.397196,255
255,-0.352874,255
255,-0.377816,255
255,-0.353141,255
255,-0.405102,255
255,-0.408353,255
255,-0.424496,255
255,-0.368135,255
255,-0.405702,255
255,-0.395135,255
255,-0.342292,255
255,-0.342903,255
255,-0.382863,255
255,-0.39111,255
255,-0.372172,255
255,-0.389728,255
255,-0.379239,255
255,-0.406983,255
255,-0.387188,255
255,-0.35647,255
255,-0.361862,255
255,-0.360583,255
255,-0.392219,255
255,-0.373658,255
255,-0.410279,255
255,-0.351436,255
255,-0.411048,255
255,-0.428522,255
255,-0.377612,255
255,-0.386328,255
255,-0.368385,255
255,-0.343491,255
255,-0.398556,255
255,-0.342964,255
255,-0.381594,255
255,-0.372441,255
255,-0.348282,255
255,-0.369541,255
255,-0.389697,255
255,-0.358037,255
255,-0.3543,255
255,-0.406947,255
255,-0.333603,255
255,-0.39894,255
255,-0.381456,255
255,-0.385361,255
255,-0.366829,255
255,-0.394184,255
255,-0.332395,255
255,-0.379126,255
255,-0.360632,255
255,-0.368477,255
255,-0.425841,255
255,-0.387246,255
255,-0.384354,255
255,-0.415742,255
255,-0.387322,255
255,-0.451727,255
255,-0.418096,255
255,-0.400198,255
255,-0.470195,255
255,-0.448729,255
255,-0.395424,255
255,-0.383974,255
255,-0.366918,255
255,-0.366945,255
255,-0.404645,255
255,-0.371187,255
255,-0.363372,255
255,-0.366889,255
255,-0.398714,255
255,-0.414624,255
255,-0.364785,255
255,-0.382484,255
255,-0.356302,255
255,-0.368721,255
255,-0.380187,255
255,-0.351061,255
255,-0.379302,255
255,-0.394165,255
255,-0.3841,255
255,-0.418045,255
255,-0.38742,255
255,-0.369003,255
255,-0.376464,255
255,-0.400283,255
255,-0.377484,255
255,-0.37495,255
255,-0.380894,255
255,-0.34895,255
255,-0.381889,255
255,-0.341929,255
255,-0.343121,255
255,-0.41353,255
255,-0.369849,255
255,-0.365472,255
255,-0.353536,255
255,-0.382111,255
255,-0.351568,255
255,-0.404204,255
255,-0.429123,255
255,-0.362034,255
255,-0.392176,255
255,-0.358352,255
255,-0.377046,255
255,-0.379455,255
255,-0.395835,255
255,-0.398187,255
255,-0.357242,255
255,-0.40034,255
255,-0.361272,255
255,-0.385507,255
255,-0.369676,255
255,-0.370711,255
255,-0.385966,255
255,-0.364153,255
255,-0.437829,255
255,-0.368413,255
255,-0.414442,255
255,-0.458532,255
255,-0.467541,255
255,-0.459971,255
255,-0.449155,255
255,-0.477913,255
255,-0.405724,255
255,-0.404883,255
255,-0.396536,255
255,-0.375862,255
255,-0.380161,255
255,-0.410485,255
255,-0.368246,255
255,-0.424153,255
255,-0.357617,255
255,-0.372814,255
255,-0.346775,255
255,-0.400649,255
255,-0.366865,255
255,-0.363356,255
255,-0.346699,255
255,-0.320526,255
255,-0.35405,255
255,-0.395526,255
255,-0.337341,255
255,-0.404737,255
255,-0.421483,255
255,-0.386609,255
255,-0.391547,255
255,-0.389875,255
255,-0.314096,255
255,-0.417159,255
255,-0.36842,255
255,-0.404129,255
255,-0.377955,255
255,-0.395254,255
255,-0.375573,255
255,-0.342809,255
255,-0.34417,255
255,-0.38325,255
255,-0.355696,255
255,-0.422076,255
255,-0.240133,255
255,-0.236653,255
255,-0.362377,255
255,-0.420676,255
255,-0.395402,255
255,-0.372267,255
255,-0.394051,255
255,-0.376162,255
255,-0.381156,255
255,-0.39756,255
255,-0.371725,255
255,-0.368933,255
255,-0.400501,255
255,-0.397732,255
255,-0.408995,255
255,-0.414555,255
255,-0.38637,255
255,-0.367487,255
255,-0.417735,255
255,-0.394103,255
255,-0.40878,255
255,-0.364825,255
255,-0.432688,255
255,-0.378175,255
255,-0.389336,255
255,-0.391157,255
255,-0.421774,255
255,-0.379578,255
255,-0.434439,255
255,-0.400269,255
255,-0.395855,255
255,-0.374227,255
255,-0.351383,255
255,-0.350998,255
255,-0.424353,255
255,-0.417325,255
255,-0.402128,255
255,-0.382427,255
255,-0.395629,255
255,-0.366619,255
255,-0.41061,255
255,-0.386078,255
255,-0.397072,255
255,-0.403632,255
255,-0.378583,255
255,-0.381492,255
255,-0.414535,255
255,-0.400123,255
255,-0.392903,255
255,-0.366607,255
255,-0.381517,255
255,-0.43087,255
255,-0.394732,255
255,-0.412187,255
255,-0.397382,255
255,-0.392231,255
255,-0.458541,255
255,-0.365014,255
255,-0.363813,255
255,-0.407877,255
255,-0.422091,255
255,-0.417497,255
255,-0.404604,255
255,-0.43108,255
255,-0.436912,255
255,-0.330041,255
255,-0.402133,255
255,-0.405102,255
255,-0.435467,255
255,-0.431471,255
255,-0.519184,255
255,-0.43028,255
255,-0.442121,255
255,-0.404508,255
255,-0.427073,255
255,-0.402312,255
255,-0.389542,255
255,-0.398367,255
255,-0.379668,255
255,-0.33412,255
255,-0.371778,255
255,-0.38575,255
255,-0.386596,255
255,-0.398284,255
255,-0.376082,255
255,-0.370169,255
255,-0.344813,255
255,-0.353514,255
255,-0.393051,255
255,-0.406959,255
255,-0.363921,255
255,-0.448395,255
255,-0.334445,255
255,-0.362165,255
255,-0.377803,255
255,-0.38504,255
255,-0.378883,255
255,-0.369494,255
255,-0.333291,255
255,-0.376856,255
255,-0.382373,255
255,-0.393864,255
255,-0.405733,255
255,-0.429924,255
255,-0.389151,255
255,-0.353681,255
255,-0.371112,255
255,-0.425942,255
255,-0.411737,255
255,-0.354549,255
255,-0.399302,255
255,-0.407889,255
255,-0.406731,255
255,-0.345156,255
255,-0.381222,255
255,-0.409545,255
255,-0.40862,255
255,-0.371757,255
255,-0.376224,255
255,-0.393991,255
255,-0.3923,255
255,-0.360604,255
255,-0.363494,255
255,-0.404057,255
255,-0.372969,255
255,-0.37863,255
255,-0.401629,255
255,-0.390209,255
255,-0.477038,255
255,-0.406863,255
255,-0.4251,255
255,-0.470359,255
255,-0.431704,255
255,-0.44213,255
255,-0.416967,255
255,-0.452058,255
255,-0.406904,255
255,-0.424734,255
255,-0.355398,255
255,-0.342523,255
255,-0.422982,255
255,-0.398245,255
255,-0.37398,255
255,-0.400497,255
255,-0.373237,255
255,-0.405873,255
255,-0.385104,255
255,-0.393121,255
255,-0.390316,255
255,-0.383191,255
255,-0.399881,255
255,-0.401415,255
255,-0.400989,255
255,-0.367408,255
255,-0.369629,255
255,-0.431893,255
255,-0.425356,255
255,-0.358815,255
255,-0.398177,255
255,-0.358028,255
255,-0.372793,255
255,-0.438886,255
255,-0.394079,255
255,-0.403193,255
255,-0.347108,255
255,-0.401082,255
255,-0.392531,255
255,-0.375165,255
255,-0.419818,255
255,-0.410517,255
255,-0.28882,255
255,-0.262967,255
255,-0.239095,255
255,-0.397219,255
255,-0.405189,255
255,-0.388469,255
255,-0.399335,255
255,-0.42089,255
255,-0.426414,255
255,-0.411983,255
255,-0.417701,255
255,-0.385032,255
255,-0.419536,255
255,-0.40889,255
255,-0.420955,255
255,-0.378147,255
255,-0.419483,255
255,-0.399095,255
255,-0.379202,255
255,-0.434479,255
255,-0.416233,255
255,-0.414947,255
255,-0.399257,255
255,-0.421546,255
255,-0.404433,255
255,-0.399012,255
255,-0.384926,255
255,-0.408884,255
255,-0.421642,255
255,-0.410044,255
255,-0.396362,255
255,-0.383205,255
255,-0.407527,255
255,-0.357973,255
255,-0.425414,255
255,-0.383248,255
255,-0.407164,255
255,-0.399184,255
255,-0.403995,255
255,-0.4217,255
255,-0.393569,255
255,-0.37235,255
255,-0.461891,255
255,-0.347153,255
255,-0.4329,255
255,-0.428873,255
255,-0.407026,255
255,-0.389722,255
255,-0.390198,255
255,-0.436587,255
255,-0.392097,255
255,-0.360245,255
255,-0.399851,255
255,-0.450189,255
255,-0.384748,255
255,-0.383265,255
255,-0.392603,255
255,-0.395154,255
255,-0.419507,255
255,-0.396201,255
255,-0.374981,255
255,-0.440981,255
255,-0.378243,255
255,-0.356256,255
255,-0.416882,255
255,-0.383405,255
255,-0.427925,255
255,-0.418664,255
255,-0.441209,255
255,-0.422547,255
255,-0.468103,255
255,-0.463089,255
255,-0.438119,255
255,-0.425413,255
255,-0.41345,255
255,-0.392561,255
255,-0.465848,255
255,-0.416533,255
255,-0.377845,255
255,-0.417084,255
255,-0.366442,255
255,-0.378919,255
255,-0.4168,255
255,-0.417133,255
255,-0.393839,255
255,-0.402127,255
255,-0.427538,255
255,-0.333684,255
255,-0.408838,255
255,-0.343933,255
255,-0.436625,255
255,-0.372954,255
255,-0.376884,255
255,-0.415442,255
255,-0.425126,255
255,-0.376761,255
255,-0.370784,255
255,-0.358444,255
255,-0.396642,255
255,-0.393309,255
255,-0.351718,255
255,-0.390244,255
255,-0.390541,255
255,-0.425746,255
255,-0.384751,255
255,-0.414645,255
255,-0.404648,255
255,-0.40582,255
255,-0.376381,255
255,-0.368077,255
255,-0.409826,255
255,-0.383558,255
255,-0.400955,255
255,-0.360425,255
255,-0.411735,255
255,-0.379587,255
255,-0.392502,255
255,-0.432115,255
255,-0.400483,255
255,-0.378775,255
255,-0.41457,255
255,-0.366973,255
255,-0.39831,255
255,-0.383151,255
255,-0.391192,255
255,-0.418119,255
255,-0.432837,255
255,-0.374391,255
255,-0.390552,255
255,-0.410187,255
255,-0.432406,255
255,-0.431719,255
255,-0.439903,255
255,-0.474165,255
255,-0.478853,255
255,-0.39174,255
255,-0.407175,255
255,-0.372329,255
255,-0.392687,255
255,-0.394976,255
255,-0.409858,255
255,-0.403585,255
255,-0.370546,255
255,-0.344088,255
255,-0.353709,255
255,-0.403725,255
255,-0.352727,255
255,-0.417834,255
255,-0.416968,255
255,-0.408839,255
255,-0.411571,255
255,-0.376787,255
255,-0.366432,255
255,-0.38375,255
255,-0.370381,255
255,-0.393741,255
255,-0.415082,255
255,-0.401824,255
255,-0.400946,255
255,-0.388762,255
255,-0.424568,255
255,-0.427764,255
255,-0.402553,255
255,-0.405101,255
255,-0.416735,255
255,-0.360056,255
255,-0.415085,255
255,-0.400677,255
255,-0.405773,255
255,-0.367809,255
255,-0.425396,255
255,-0.269862,255
255,-0.206454,255
255,-0.243298,255
255,-0.418837,255
255,-0.439439,255
255,-0.409435,255
255,-0.415275,255
255,-0.43349,255
255,-0.404311,255
255,-0.413585,255
255,-0.41935,255
255,-0.394612,255
255,-0.390903,255
255,-0.379443,255
255,-0.363412,255
255,-0.434702,255
255,-0.387603,255
255,-0.412242,255
255,-0.416892,255
255,-0.41389,255
255,-0.402251,255
255,-0.390292,255
255,-0.361001,255
255,-0.430839,255
255,-0.41356,255
255,-0.374281,255
255,-0.423119,255
255,-0.405443,255
255,-0.378271,255
255,-0.41258,255
255,-0.411578,255
255,-0.391952,255
255,-0.384882,255
255,-0.378929,255
255,-0.410783,255
255,-0.431153,255
255,-0.414319,255
255,-0.392485,255
255,-0.419642,255
255,-0.342972,255
255,-0.415707,255
255,-0.370913,255
255,-0.424132,255
255,-0.404979,255
255,-0.35584,255
255,-0.36205,255
255,-0.417394,255
255,-0.426629,255
255,-0.438558,255
255,-0.402663,255
255,-0.429422,255
255,-0.381985,255
255,-0.368636,255
255,-0.421703,255
255,-0.394387,255
255,-0.395897,255
255,-0.380061,255
255,-0.432906,255
255,-0.424221,255
255,-0.393754,255
255,-0.385668,255
255,-0.402758,255
255,-0.453304,255
255,-0.37439,255
255,-0.401251,255
255,-0.418483,255
255,-0.447237,255
255,-0.418835,255
255,-0.45536,255
255,-0.454722,255
255,-0.475566,255
255,-0.43915,255
255,-0.455017,255
255,-0.41171,255
255,-0.389854,255
255,-0.431053,255
255,-0.410761,255
255,-0.414109,255
255,-0.383381,255
255,-0.391474,255
255,-0.371475,255
255,-0.409483,255
255,-0.378843,255
255,-0.429438,255
255,-0.407148,255
255,-0.3998,255
255,-0.395639,255
255,-0.411301,255
255,-0.402005,255
255,-0.404659,255
255,-0.425764,255
255,-0.414032,255
255,-0.427261,255
255,-0.436154,255
255,-0.387115,255
255,-0.392801,255
255,-0.382591,255
255,-0.396539,255
255,-0.429859,255
255,-0.341844,255
255,-0.393846,255
255,-0.421345,255
255,-0.436578,255
255,-0.381285,255
255,-0.388621,255
255,-0.38326,255
255,-0.417454,255
255,-0.419417,255
255,-0.396304,255
255,-0.397409,255
255,-0.420058,255
255,-0.388776,255
255,-0.383642,255
255,-0.433321,255
255,-0.395401,255
255,-0.411572,255
255,-0.432,255
255,-0.403287,255
255,-0.36267,255
255,-0.396125,255
255,-0.432946,255
255,-0.396272,255
255,-0.40999,255
255,-0.408841,255
255,-0.424091,255
255,-0.444761,255
255,-0.391429,255
255,-0.407937,255
255,-0.426426,255
255,-0.461701,255
255,-0.432948,255
255,-0.444023,255
255,-0.445014,255
255,-0.437897,255
255,-0.435923,255
255,-0.422381,255
255,-0.341666,255
255,-0.433305,255
255,-0.428985,255
255,-0.44074,255
255,-0.366163,255
255,-0.413998,255
255,-0.375787,255
255,-0.396096,255
255,-0.44833,255
255,-0.380104,255
255,-0.444383,255
255,-0.40987,255
255,-0.360013,255
255,-0.386957,255
255,-0.407198,255
255,-0.43443,255
255,-0.411298,255
255,-0.408382,255
255,-0.442297,255
255,-0.422534,255
255,-0.399174,255
255,-0.390267,255
255,-0.413696,255
255,-0.380795,255
255,-0.411258,255
255,-0.382056,255
255,-0.405345,255
255,-0.447854,255
255,-0.405421,255
255,-0.431768,255
255,-0.40081,255
255,-0.379986,255
255,-0.376123,255
255,-0.371644,255
255,-0.425572,255
255,-0.259369,255
255,-0.240722,255
255,-0.379722,255
255,-0.398958,255
255,-0.426208,255
255,-0.421387,255
255,-0.39435,255
255,-0.421735,255
255,-0.418776,255
255,-0.380129,255
255,-0.426333,255
255,-0.443015,255
255,-0.421896,255
255,-0.382251,255
255,-0.393563,255
255,-0.407837,255
255,-0.42891,255
255,-0.41098,255
255,-0.452682,255
255,-0.429084,255
255,-0.42494,255
255,-0.411487,255
255,-0.404648,255
255,-0.435141,255
255,-0.40883,255
255,-0.405191,255
255,-0.405187,255
255,-0.416534,255
255,-0.429685,255
255,-0.419639,255
255,-0.405562,255
255,-0.377182,255
255,-0.439595,255
255,-0.414536,255
255,-0.403483,255
255,-0.382244,255
255,-0.434122,255
255,-0.456215,255
255,-0.368633,255
255,-0.413867,255
255,-0.400102,255
255,-0.406555,255
255,-0.433154,255
255,-0.4264,255
255,-0.430417,255
255,-0.424669,255
255,-0.401015,255
255,-0.41684,255
255,-0.42018,255
255,-0.406227,255
255,-0.417659,255
255,-0.426249,255
255,-0.383593,255
255,-0.423058,255
255,-0.421427,255
255,-0.41501,255
255,-0.412403,255
255,-0.410655,255
255,-0.433219,255
255,-0.409403,255
255,-0.427456,255
255,-0.408879,255
255,-0.428661,255
255,-0.409016,255
255,-0.460645,255
255,-0.453972,255
255,-0.428572,255
255,-0.465597,255
255,-0.458909,255
255,-0.417565,255
255,-0.396403,255
255,-0.4795,255
255,-0.448735,255
255,-0.433423,255
255,-0.427834,255
255,-0.463583,255
255,-0.414794,255
255,-0.39943,255
255,-0.464916,255
255,-0.456082,255
255,-0.453842,255
255,-0.429509,255
255,-0.345215,255
255,-0.395092,255
255,-0.376344,255
255,-0.397008,255
255,-0.387329,255
255,-0.363041,255
255,-0.389285,255
255,-0.420252,255
255,-0.415897,255
255,-0.436412,255
255,-0.401227,255
255,-0.366096,255
255,-0.39978,255
255,-0.424793,255
255,-0.39284,255
255,-0.382498,255
255,-0.435971,255
255,-0.421659,255
255,-0.423161,255
255,-0.353671,255
255,-0.437426,255
255,-0.39443,255
255,-0.392788,255
255,-0.428894,255
255,-0.409408,255
255,-0.424526,255
255,-0.399497,255
255,-0.402058,255
255,-0.399744,255
255,-0.43248,255
255,-0.427308,255
255,-0.441668,255
255,-0.470832,255
255,-0.433777,255
255,-0.38821,255
255,-0.421127,255
255,-0.401485,255
255,-0.420438,255
255,-0.397484,255
255,-0.462216,255
255,-0.412142,255
255,-0.350005,255
255,-0.418783,255
255,-0.441832,255
255,-0.385547,255
255,-0.429896,255
255,-0.415018,255
255,-0.484934,255
255,-0.464777,255
255,-0.443718,255
255,-0.408447,255
255,-0.393906,255
255,-0.444653,255
255,-0.427666,255
255,-0.466724,255
255,-0.464107,255
255,-0.422522,255
255,-0.406252,255
255,-0.436349,255
255,-0.43154,255
255,-0.415766,255
255,-0.418248,255
255,-0.420343,255
255,-0.390377,255
255,-0.401092,255
255,-0.37769,255
255,-0.411102,255
255,-0.410814,255
255,-0.372254,255
255,-0.397668,255
255,-0.438823,255
255,-0.438231,255
255,-0.401868,255
255,-0.447623,255
255,-0.421997,255
255,-0.381022,255
255,-0.409895,255
255,-0.42782,255
255,-0.424233,255
255,-0.403238,255
255,-0.375068,255
255,-0.393324,255
255,-0.407303,255
255,-0.402863,255
255,-0.449871,255
255,-0.430523,255
255,-0.442368,255
255,-0.342764,255
255,-0.256611,255
255,-0.229919,255
255,-0.246706,255
255,-0.387043,255
255,-0.424191,255
255,-0.431838,255
255,-0.444203,255
255,-0.440486,255
255,-0.447033,255
255,-0.37096,255
255,-0.40348,255
255,-0.474317,255
255,-0.380462,255
255,-0.401473,255
255,-0.381303,255
255,-0.421297,255
255,-0.389281,255
255,-0.417465,255
255,-0.414321,255
255,-0.407786,255
255,-0.421807,255
255,-0.394138,255
255,-0.43939,255
255,-0.44084,255
255,-0.411115,255
255,-0.442753,255
255,-0.414217,255
255,-0.393016,255
255,-0.414016,255
255,-0.396546,255
255,-0.418509,255
255,-0.402329,255
255,-0.390668,255
255,-0.424549,255
255,-0.436402,255
255,-0.412702,255
255,-0.415727,255
255,-0.384144,255
255,-0.428776,255
255,-0.397462,255
255,-0.417107,255
255,-0.43838,255
255,-0.418081,255
255,-0.437718,255
255,-0.390397,255
255,-0.41138,255
255,-0.409398,255
255,-0.447043,255
255,-0.445038,255
255,-0.412256,255
255,-0.378099,255
255,-0.380744,255
255,-0.428842,255
255,-0.448454,255
255,-0.414913,255
255,-0.424494,255
255,-0.463347,255
255,-0.424754,255
255,-0.433541,255
255,-0.387914,255
255,-0.446187,255
255,-0.422939,255
255,-0.464481,255
255,-0.435286,255
255,-0.453293,255
255,-0.430115,255
255,-0.47285,255
255,-0.396094,255
255,-0.389526,255
255,-0.468853,255
255,-0.421819,255
255,-0.466995,255
255,-0.462607,255
255,-0.468387,255
255,-0.415579,255
255,-0.44116,255
255,-0.412626,255
255,-0.427378,255
255,-0.412927,255
255,-0.375603,255
255,-0.404434,255
255,-0.395884,255
255,-0.436852,255
255,-0.357156,255
255,-0.434851,255
255,-0.376235,255
255,-0.469922,255
255,-0.418862,255
255,-0.381587,255
255,-0.406132,255
255,-0.459421,255
255,-0.389423,255
255,-0.425269,255
255,-0.416147,255
255,-0.402648,255
255,-0.417594,255
255,-0.405722,255
255,-0.415678,255
255,-0.387108,255
255,-0.457621,255
255,-0.410811,255
255,-0.411704,255
255,-0.352144,255
255,-0.43485,255
255,-0.416754,255
255,-0.384634,255
255,-0.407394,255
255,-0.422911,255
255,-0.427743,255
255,-0.431186,255
255,-0.406622,255
255,-0.393652,255
255,-0.377617,255
255,-0.384861,255
255,-0.443031,255
255,-0.411395,255
255,-0.414203,255
255,-0.406566,255
255,-0.432765,255
255,-0.414498,255
255,-0.463804,255
255,-0.431735,255
255,-0.448653,255
255,-0.421103,255
255,-0.387014,255
255,-0.409046,255
255,-0.427017,255
255,-0.417756,255
255,-0.432363,255
255,-0.407347,255
255,-0.424847,255
255,-0.437487,255
255,-0.445442,255
255,-0.465069,255
255,-0.479196,255
255,-0.45635,255
255,-0.395251,255
255,-0.447216,255
255,-0.43388,255
255,-0.418727,255
255,-0.407308,255
255,-0.41574,255
255,-0.426798,255
255,-0.437404,255
255,-0.430493,255
255,-0.39953,255
255,-0.380663,255
255,-0.407315,255
255,-0.410874,255
255,-0.423959,255
255,-0.41709,255
255,-0.401628,255
255,-0.371291,255
255,-0.407665,255
255,-0.401746,255
255,-0.42737,255
255,-0.462203,255
255,-0.40611,255
255,-0.418389,255
255,-0.438961,255
255,-0.396766,255
255,-0.435527,255
255,-0.414126,255
255,-0.418717,255
255,-0.434682,255
255,-0.412324,255
255,-0.409173,255
255,-0.430552,255
255,-0.426615,255
255,-0.429429,255
255,-0.437919,255
255,-0.209851,255
255,-0.245617,255
255,-0.267892,255
255,-0.424898,255
255,-0.414527,255
255,-0.380671,255
255,-0.452466,255
255,-0.442433,255
255,-0.458005,255
255,-0.440647,255
255,-0.397545,255
255,-0.43216,255
255,-0.476576,255
255,-0.438523,255
255,-0.433109,255
255,-0.433933,255
255,-0.386589,255
255,-0.428865,255
255,-0.376493,255
255,-0.449378,255
255,-0.455777,255
255,-0.470484,255
255,-0.409231,255
255,-0.411112,255
255,-0.448867,255
255,-0.438179,255
255,-0.431451,255
255,-0.473285,255
255,-0.404935,255
255,-0.423555,255
255,-0.449347,255
255,-0.456058,255
255,-0.480993,255
255,-0.41779,255
255,-0.413333,255
255,-0.447589,255
255,-0.410085,255
255,-0.451041,255
255,-0.410245,255
255,-0.425839,255
255,-0.415288,255
255,-0.429597,255
255,-0.420261,255
255,-0.437712,255
255,-0.415072,255
255,-0.455256,255
255,-0.430387,255
255,-0.408705,255
255,-0.453757,255
255,-0.412129,255
255,-0.44986,255
255,-0.433056,255
255,-0.463361,255
255,-0.395643,255
255,-0.422479,255
255,-0.449165,255
255,-0.450638,255
255,-0.401199,255
255,-0.434033,255
255,-0.504787,255
255,-0.431793,255
255,-0.486886,255
255,-0.435075,255
255,-0.423208,255
255,-0.437683,255
255,-0.423267,255
255,-0.418445,255
255,-0.444398,255
255,-0.435077,255
255,-0.405018,255
255,-0.459739,255
255,-0.455053,255
255,-0.413257,255
255,-0.407631,255
255,-0.47804,255
255,-0.398219,255
255,-0.426672,255
255,-0.413248,255
255,-0.438403,255
255,-0.408668,255
255,-0.432885,255
255,-0.446059,255
255,-0.386142,255
255,-0.444009,255
255,-0.390086,255
255,-0.403052,255
255,-0.446163,255
255,-0.453312,255
255,-0.415392,255
255,-0.427495,255
255,-0.437233,255
255,-0.441652,255
255,-0.414814,255
255,-0.410069,255
255,-0.423382,255
255,-0.487598,255
255,-0.436723,255
255,-0.436855,255
255,-0.441306,255
255,-0.419835,255
255,-0.423989,255
255,-0.372081,255
255,-0.411169,255
255,-0.409642,255
255,-0.45965,255
255,-0.451789,255
255,-0.414593,255
255,-0.384927,255
255,-0.387839,255
255,-0.458316,255
255,-0.452984,255
255,-0.473821,255
255,-0.436233,255
255,-0.373717,255
255,-0.402615,255
255,-0.433645,255
255,-0.444561,255
255,-0.400185,255
255,-0.394731,255
255,-0.432043,255
255,-0.459124,255
255,-0.404635,255
255,-0.414886,255
255,-0.405358,255
255,-0.433834,255
255,-0.389997,255
255,-0.460391,255
255,-0.407805,255
255,-0.405347,255
255,-0.446082,255
255,-0.4307,255
255,-0.475954,255
255,-0.475378,255
255,-0.428153,255
255,-0.425101,255
255,-0.434887,255
255,-0.407474,255
255,-0.411963,255
255,-0.431165,255
255,-0.447118,255
255,-0.407377,255
255,-0.36109,255
255,-0.429696,255
255,-0.4217,255
255,-0.404742,255
255,-0.399052,255
255,-0.444011,255
255,-0.481813,255
255,-0.446985,255
255,-0.39049,255
255,-0.418267,255
255,-0.423144,255
255,-0.415611,255
255,-0.444656,255
255,-0.409453,255
255,-0.431437,255
255,-0.437601,255
255,-0.498254,255
255,-0.390727,255
255,-0.413256,255
255,-0.411374,255
255,-0.439146,255
255,-0.413413,255
255,-0.40899,255
255,-0.454131,255
255,-0.390891,255
255,-0.394636,255
255,-0.463632,255
255,-0.440786,255
255,-0.392072,255
255,-0.423133,255
255,-0.264641,255
255,-0.236266,255
255,-0.43857,255
255,-0.447148,255
255,-0.401465,255
255,-0.449293,255
255,-0.420631,255
255,-0.412562,255
255,-0.435017,255
255,-0.415166,255
255,-0.452236,255
255,-0.406786,255
255,-0.390229,255
255,-0.44636,255
255,-0.396824,255
255,-0.406589,255
255,-0.476243,255
255,-0.413878,255
255,-0.423788,255
255,-0.489133,255
255,-0.447386,255
255,-0.333214,255
255,-0.450498,255
255,-0.441763,255
255,-0.438533,255
255,-0.445156,255
255,-0.415881,255
255,-0.395484,255
255,-0.442169,255
255,-0.428559,255
255,-0.363902,255
255,-0.408502,255
255,-0.42855,255
255,-0.431052,255
255,-0.455568,255
255,-0.424115,255
255,-0.410356,255
255,-0.409066,255
255,-0.409207,255
255,-0.408723,255
255,-0.454155,255
255,-0.409441,255
255,-0.433722,255
255,-0.427419,255
255,-0.428895,255
255,-0.4136,255
255,-0.434899,255
255,-0.446656,255
255,-0.471037,255
255,-0.448317,255
255,-0.402654,255
255,-0.428673,255
255,-0.471703,255
255,-0.413859,255
255,-0.413005,255
255,-0.373221,255
255,-0.418276,255
255,-0.43056,255
255,-0.399503,255
255,-0.41527,255
255,-0.428009,255
255,-0.442387,255
255,-0.433574,255
255,-0.447798,255
255,-0.418731,255
255,-0.456012,255
255,-0.448352,255
255,-0.472794,255
255,-0.464901,255
255,-0.413683,255
255,-0.464487,255
255,-0.451786,255
255,-0.450001,255
255,-0.381296,255
255,-0.425444,255
255,-0.394532,255
255,-0.45878,255
255,-0.459584,255
255,-0.466465,255
255,-0.427472,255
255,-0.368103,255
255,-0.446193,255
255,-0.448528,255
255,-0.442554,255
255,-0.422055,255
255,-0.44748,255
255,-0.454076,255
255,-0.422664,255
255,-0.396462,255
255,-0.441866,255
255,-0.398356,255
255,-0.409159,255
255,-0.394277,255
255,-0.402588,255
255,-0.465121,255
255,-0.427441,255
255,-0.444615,255
255,-0.393662,255
255,-0.450832,255
255,-0.439494,255
255,-0.429374,255
255,-0.388815,255
255,-0.426263,255
255,-0.43097,255
255,-0.432642,255
255,-0.4103,255
255,-0.3887,255
255,-0.429784,255
255,-0.453775,255
255,-0.418236,255
255,-0.414006,255
255,-0.449245,255
255,-0.404339,255
255,-0.452527,255
255,-0.430678,255
255,-0.470996,255
255,-0.401325,255
255,-0.389221,255
255,-0.403923,255
255,-0.398621,255
255,-0.428983,255
255,-0.449525,255
255,-0.374662,255
255,-0.443945,255
255,-0.435161,255
255,-0.423784,255
255,-0.436604,255
255,-0.460004,255
255,-0.399711,255
255,-0.43646,255
255,-0.459632,255
255,-0.429023,255
255,-0.424396,255
255,-0.423815,255
255,-0.437944,255
255,-0.462454,255
255,-0.453254,255
255,-0.500182,255
255,-0.480351,255
255,-0.479065,255
255,-0.427459,255
255,-0.414414,255
255,-0.39227,255
255,-0.414232,255
255,-0.407451,255
255,-0.422229,255
255,-0.395305,255
255,-0.408259,255
255,-0.400722,255
255,-0.432236,255
255,-0.43647,255
255,-0.449278,255
255,-0.408946,255
255,-0.39672,255
255,-0.483045,255
255,-0.403956,255
255,-0.392902,255
255,-0.429829,255
255,-0.40722,255
255,-0.446541,255
255,-0.426726,255
255,-0.413141,255
255,-0.402893,255
255,-0.451084,255
255,-0.435981,255
255,-0.4269,255
255,-0.425994,255
255,-0.463576,255
255,-0.428318,255
255,-0.427035,255
255,-0.224949,255
255,-0.210795,255
255,-0.239006,255
255,-0.433014,255
255,-0.458117,255
255,-0.453492,255
255,-0.377597,255
255,-0.406256,255
255,-0.424894,255
255,-0.439086,255
255,-0.423111,255
255,-0.4181,255
255,-0.398446,255
255,-0.384156,255
255,-0.41201,255
255,-0.408156,255
255,-0.434407,255
255,-0.439116,255
255,-0.46498,255
255,-0.422353,255
255,-0.464272,255
255,-0.428948,255
255,-0.435457,255
255,-0.448198,255
255,-0.350136,255
255,-0.440032,255
255,-0.425232,255
255,-0.422425,255
255,-0.425434,255
255,-0.458197,255
255,-0.427737,255
255,-0.4654,255
255,-0.419882,255
255,-0.449556,255
255,-0.461977,255
255,-0.485046,255
255,-0.385508,255
255,-0.450138,255
255,-0.483815,255
255,-0.467233,255
255,-0.433271,255
255,-0.447993,255
255,-0.38494,255
255,-0.431488,255
255,-0.422695,255
255,-0.406167,255
255,-0.432492,255
255,-0.476065,255
255,-0.432711,255
255,-0.431992,255
255,-0.459735,255
255,-0.392067,255
255,-0.417172,255
255,-0.429906,255
255,-0.457823,255
255,-0.439785,255
255,-0.407928,255
255,-0.448203,255
255,-0.430282,255
255,-0.46331,255
255,-0.427695,255
255,-0.405109,255
255,-0.447444,255
255,-0.359926,255
255,-0.422106,255
255,-0.429876,255
255,-0.4273,255
255,-0.40003,255
255,-0.459997,255
255,-0.437863,255
255,-0.512943,255
255,-0.461406,255
255,-0.46788,255
255,-0.448699,255
255,-0.438472,255
255,-0.438883,255
255,-0.445244,255
255,-0.45654,255
255,-0.446554,255
255,-0.430053,255
255,-0.445422,255
255,-0.437495,255
255,-0.44175,255
255,-0.451726,255
255,-0.428013,255
255,-0.441148,255
255,-0.435763,255
255,-0.359966,255
255,-0.444335,255
255,-0.400995,255
255,-0.433892,255
255,-0.422058,255
255,-0.436054,255
255,-0.443433,255
255,-0.452533,255
255,-0.408352,255
255,-0.468347,255
255,-0.424242,255
255,-0.44527,255
255,-0.414694,255
255,-0.445958,255
255,-0.42444,255
255,-0.380829,255
255,-0.423726,255
255,-0.425842,255
255,-0.48525,255
255,-0.475546,255
255,-0.47875,255
255,-0.444973,255
255,-0.379739,255
255,-0.430995,255
255,-0.410622,255
255,-0.447392,255
255,-0.464646,255
255,-0.413,255
255,-0.376059,255
255,-0.442781,255
255,-0.431853,255
255,-0.445076,255
255,-0.436968,255
255,-0.42828,255
255,-0.45976,255
255,-0.428066,255
255,-0.423234,255
255,-0.4086,255
255,-0.444165,255
255,-0.488701,255
255,-0.416834,255
255,-0.435711,255
255,-0.419403,255
255,-0.442602,255
255,-0.468331,255
255,-0.437101,255
255,-0.434565,255
255,-0.384934,255
255,-0.423744,255
255,-0.415177,255
255,-0.429991,255
255,-0.404543,255
255,-0.455869,255
255,-0.406977,255
255,-0.387319,255
255,-0.436751,255
255,-0.415675,255
255,-0.445112,255
255,-0.425778,255
255,-0.432189,255
255,-0.455182,255
255,-0.437829,255
255,-0.399879,255
255,-0.420653,255
255,-0.454937,255
255,-0.420407,255
255,-0.435496,255
255,-0.458021,255
255,-0.433616,255
255,-0.43387,255
255,-0.421095,255
255,-0.461296,255
255,-0.409011,255
255,-0.465418,255
255,-0.472653,255
255,-0.416796,255
255,-0.456482,255
255,-0.407245,255
255,-0.416555,255
255,-0.428895,255
255,-0.42928,255
255,-0.406154,255
255,-0.451097,255
255,-0.437631,255
255,-0.240439,255
255,-0.28059,255
255,-0.233396,255
255,-0.446475,255
255,-0.445148,255
255,-0.500103,255
255,-0.443908,255
255,-0.475834,255
255,-0.415989,255
255,-0.439163,255
255,-0.43148,255
255,-0.485992,255
255,-0.45296,255
255,-0.437159,255
255,-0.458515,255
255,-0.462033,255
255,-0.446293,255
255,-0.406807,255
255,-0.448346,255
255,-0.43859,255
255,-0.477132,255
255,-0.439248,255
255,-0.443744,255
255,-0.457444,255
255,-0.464853,255
255,-0.458568,255
255,-0.462096,255
255,-0.428684,255
255,-0.448397,255
255,-0.45709,255
255,-0.444493,255
255,-0.403381,255
255,-0.437904,255
255,-0.454492,255
255,-0.442696,255
255,-0.388758,255
255,-0.46467,255
255,-0.454734,255
255,-0.423353,255
255,-0.438521,255
255,-0.445869,255
255,-0.400646,255
255,-0.43535,255
255,-0.417937,255
255,-0.444033,255
255,-0.443066,255
255,-0.450793,255
255,-0.454867,255
255,-0.473288,255
255,-0.393755,255
255,-0.460117,255
255,-0.422796,255
255,-0.455134,255
255,-0.448347,255
255,-0.422402,255
255,-0.460772,255
255,-0.387665,255
255,-0.447859,255
255,-0.369225,255
255,-0.49384,255
255,-0.474878,255
255,-0.42158,255
255,-0.421947,255
255,-0.434353,255
255,-0.451135,255
255,-0.405862,255
255,-0.452752,255
255,-0.484753,255
255,-0.435908,255
255,-0.423779,255
255,-0.468272,255
255,-0.475215,255
255,-0.439528,255
255,-0.459594,255
255,-0.44507,255
255,-0.464837,255
255,-0.434993,255
255,-0.467084,255
255,-0.429535,255
255,-0.467845,255
255,-0.427128,255
255,-0.431462,255
255,-0.449232,255
255,-0.427683,255
255,-0.45216,255
255,-0.439382,255
255,-0.447419,255
255,-0.412132,255
255,-0.466713,255
255,-0.426341,255
255,-0.445537,255
255,-0.453586,255
255,-0.429037,255
255,-0.475771,255
255,-0.443106,255
255,-0.453411,255
255,-0.407203,255
255,-0.493829,255
255,-0.45483,255
255,-0.418436,255
255,-0.456314,255
255,-0.440422,255
255,-0.412008,255
255,-0.461605,255
255,-0.418322,255
255,-0.448488,255
255,-0.391224,255
255,-0.365415,255
255,-0.436103,255
255,-0.395168,255
255,-0.441568,255
255,-0.426067,255
255,-0.45966,255
255,-0.426917,255
255,-0.465389,255
255,-0.414478,255
255,-0.463192,255
255,-0.401609,255
255,-0.424476,255
255,-0.387318,255
255,-0.418773,255
255,-0.438739,255
255,-0.480162,255
255,-0.450009,255
255,-0.457741,255
255,-0.452774,255
255,-0.467835,255
255,-0.44425,255
255,-0.398238,255
255,-0.432127,255
255,-0.439184,255
255,-0.446101,255
255,-0.435551,255
255,-0.416741,255
255,-0.432809,255
255,-0.435112,255
255,-0.480739,255
255,-0.448444,255
255,-0.44532,255
255,-0.425202,255
255,-0.410911,255
255,-0.457474,255
255,-0.450348,255
255,-0.386707,255
255,-0.407487,255
255,-0.44356,255
255,-0.434606,255
255,-0.451019,255
255,-0.384949,255
255,-0.433709,255
255,-0.453479,255
255,-0.437045,255
255,-0.4315,255
255,-0.426902,255
255,-0.439431,255
255,-0.4143,255
255,-0.436275,255
255,-0.464299,255
255,-0.455068,255
255,-0.459369,255
255,-0.454195,255
255,-0.444451,255
255,-0.458667,255
255,-0.435221,255
255,-0.44726,255
255,-0.446515,255
255,-0.412839,255
255,-0.47915,255
255,-0.466789,255
255,-0.446023,255
255,-0.441191,255
255,-0.245778,255
255,-0.22295,255
255,-0.489531,255
255,-0.349261,255
255,-0.42032,255
255,-0.428846,255
255,-0.446757,255
255,-0.42945,255
255,-0.455866,255
255,-0.414861,255
255,-0.432978,255
255,-0.455801,255
255,-0.409624,255
255,-0.44263,255
255,-0.461116,255
255,-0.429629,255
255,-0.437381,255
255,-0.385113,255
255,-0.475813,255
255,-0.442349,255
255,-0.447934,255
255,-0.438249,255
255,-0.43559,255
255,-0.432406,255
255,-0.38419,255
255,-0.451939,255
255,-0.445206,255
255,-0.409741,255
255,-0.432496,255
255,-0.425912,255
255,-0.42883,255
255,-0.411327,255
255,-0.416227,255
255,-0.427978,255
255,-0.412479,255
255,-0.415593,255
255,-0.440379,255
255,-0.450817,255
255,-0.417797,255
255,-0.455329,255
255,-0.462574,255
255,-0.458029,255
255,-0.457804,255
255,-0.473949,255
255,-0.455638,255
255,-0.439748,255
255,-0.438367,255
255,-0.420686,255
255,-0.40238,255
255,-0.44866,255
255,-0.440272,255
255,-0.398961,255
255,-0.448532,255
255,-0.442037,255
255,-0.437895,255
255,-0.444949,255
255,-0.394676,255
255,-0.446024,255
255,-0.377544,255
255,-0.445738,255
255,-0.442899,255
255,-0.411459,255
255,-0.471168,255
255,-0.429744,255
255,-0.405604,255
255,-0.451745,255
255,-0.467099,255
255,-0.448352,255
255,-0.459488,255
255,-0.459104,255
255,-0.458691,255
255,-0.45065,255
255,-0.478189,255
255,-0.507232,255
255,-0.457632,255
255,-0.457829,255
255,-0.438942,255
255,-0.40414,255
255,-0.445305,255
255,-0.433286,255
255,-0.389016,255
255,-0.439001,255
255,-0.425726,255
255,-0.432403,255
255,-0.443337,255
255,-0.443974,255
255,-0.482541,255
255,-0.431879,255
255,-0.450189,255
255,-0.414589,255
255,-0.448461,255
255,-0.436657,255
255,-0.426687,255
255,-0.463197,255
255,-0.445693,255
255,-0.403843,255
255,-0.432973,255
255,-0.45461,255
255,-0.452455,255
255,-0.433424,255
255,-0.454924,255
255,-0.40552,255
255,-0.434941,255
255,-0.429234,255
255,-0.449835,255
255,-0.435102,255
255,-0.440019,255
255,-0.46778,255
255,-0.439041,255
255,-0.41906,255
255,-0.465771,255
255,-0.430822,255
255,-0.461525,255
255,-0.434171,255
255,-0.442441,255
255,-0.447879,255
255,-0.433067,255
255,-0.414661,255
255,-0.447442,255
255,-0.46273,255
255,-0.440371,255
255,-0.452506,255
255,-0.440109,255
255,-0.451052,255
255,-0.482149,255
255,-0.445515,255
255,-0.434214,255
255,-0.438572,255
255,-0.417706,255
255,-0.462829,255
255,-0.433517,255
255,-0.414751,255
255,-0.498911,255
255,-0.425727,255
255,-0.453713,255
255,-0.495331,255
255,-0.429513,255
255,-0.447219,255
255,-0.426266,255
255,-0.448264,255
255,-0.42098,255
255,-0.457539,255
255,-0.443429,255
255,-0.44507,255
255,-0.483479,255
255,-0.457475,255
255,-0.416935,255
255,-0.458594,255
255,-0.398938,255
255,-0.464942,255
255,-0.456225,255
255,-0.416589,255
255,-0.464213,255
255,-0.432171,255
255,-0.443612,255
255,-0.467933,255
255,-0.446355,255
255,-0.384342,255
255,-0.451914,255
255,-0.442179,255
255,-0.430715,255
255,-0.445132,255
255,-0.498664,255
255,-0.426777,255
255,-0.445402,255
255,-0.450431,255
255,-0.417705,255
255,-0.486354,255
255,-0.43841,255
255,-0.461504,255
255,-0.261084,255
255,-0.250523,255
255,-0.282652,255
255,-0.481694,255
255,-0.438876,255
255,-0.445687,255
255,-0.450084,255
255,-0.45249,255
255,-0.437814,255
255,-0.421003,255
255,-0.422832,255
255,-0.388622,255
255,-0.434398,255
255,-0.449658,255
255,-0.430172,255
255,-0.45089,255
255,-0.446062,255
255,-0.465056,255
255,-0.48228,255
255,-0.461629,255
255,-0.400019,255
255,-0.478139,255
255,-0.43428,255
255,-0.448283,255
255,-0.424377,255
255,-0.453856,255
255,-0.453838,255
255,-0.445158,255
255,-0.422798,255
255,-0.421248,255
255,-0.443095,255
255,-0.486584,255
255,-0.452481,255
255,-0.427657,255
255,-0.438629,255
255,-0.448961,255
255,-0.35512,255
255,-0.391754,255
255,-0.44713,255
255,-0.43081,255
255,-0.45231,255
255,-0.442438,255
255,-0.437437,255
255,-0.450882,255
255,-0.450109,255
255,-0.490073,255
255,-0.433394,255
255,-0.474872,255
255,-0.459906,255
255,-0.452794,255
255,-0.409513,255
255,-0.434469,255
255,-0.444565,255
255,-0.432313,255
255,-0.452187,255
255,-0.432582,255
255,-0.471201,255
255,-0.431744,255
255,-0.444361,255
255,-0.418114,255
255,-0.417712,255
255,-0.426634,255
255,-0.474108,255
255,-0.430662,255
255,-0.423409,255
255,-0.451517,255
255,-0.425137,255
255,-0.447541,255
255,-0.464305,255
255,-0.489227,255
255,-0.412732,255
255,-0.471513,255
255,-0.460433,255
255,-0.460319,255
255,-0.468139,255
255,-0.493485,255
255,-0.432855,255
255,-0.454375,255
255,-0.458008,255
255,-0.49497,255
255,-0.431925,255
255,-0.432522,255
255,-0.415033,255
255,-0.429002,255
255,-0.439077,255
255,-0.452838,255
255,-0.459485,255
255,-0.469977,255
255,-0.43115,255
255,-0.486988,255
255,-0.42517,255
255,-0.428915,255
255,-0.447554,255
255,-0.406681,255
255,-0.4367,255
255,-0.467234,255
255,-0.457011,255
255,-0.463593,255
255,-0.455327,255
255,-0.451381,255
255,-0.447016,255
255,-0.461638,255
255,-0.500239,255
255,-0.471856,255
255,-0.444458,255
255,-0.492414,255
255,-0.41892,255
255,-0.429793,255
255,-0.467183,255
255,-0.404215,255
255,-0.454763,255
255,-0.411098,255
255,-0.457629,255
255,-0.43486,255
255,-0.454789,255
255,-0.466881,255
255,-0.442766,255
255,-0.438705,255
255,-0.443849,255
255,-0.422363,255
255,-0.44208,255
255,-0.417957,255
255,-0.422108,255
255,-0.460043,255
255,-0.398928,255
255,-0.434229,255
255,-0.415326,255
255,-0.466393,255
255,-0.400766,255
255,-0.439081,255
255,-0.441326,255
255,-0.437037,255
255,-0.452471,255
255,-0.439452,255
255,-0.393825,255
255,-0.484285,255
255,-0.455471,255
255,-0.473238,255
255,-0.445266,255
255,-0.475851,255
255,-0.449033,255
255,-0.442244,255
255,-0.410909,255
255,-0.462635,255
255,-0.488906,255
255,-0.415696,255
255,-0.445941,255
255,-0.414948,255
255,-0.479987,255
255,-0.449847,255
255,-0.473522,255
255,-0.470505,255
255,-0.487743,255
255,-0.42955,255
255,-0.500403,255
255,-0.442437,255
255,-0.445834,255
255,-0.49458,255
255,-0.425286,255
255,-0.478699,255
255,-0.406282,255
255,-0.467379,255
255,-0.384547,255
255,-0.441981,255
255,-0.446275,255
255,-0.465617,255
255,-0.435863,255
255,-0.429359,255
255,-0.492636,255
255,-0.424158,255
255,-0.422897,255
255,-0.22007,255
255,-0.257226,255
255,-0.241114,255
255,-0.439945,255
255,-0.430326,255
255,-0.444553,255
255,-0.431107,255
255,-0.405943,255
255,-0.463456,255
255,-0.436954,255
255,-0.45603,255
255,-0.468884,255
255,-0.455834,255
255,-0.437081,255
255,-0.473235,255
255,-0.463475,255
255,-0.463153,255
255,-0.455492,255
255,-0.44512,255
255,-0.420592,255
255,-0.443432,255
255,-0.468173,255
255,-0.467766,255
255,-0.420954,255
255,-0.404658,255
255,-0.434293,255
255,-0.434243,255
255,-0.434334,255
255,-0.411777,255
255,-0.421607,255
255,-0.448938,255
255,-0.513753,255
255,-0.491312,255
255,-0.438661,255
255,-0.456317,255
255,-0.421454,255
255,-0.453501,255
255,-0.451454,255
255,-0.43756,255
255,-0.433421,255
255,-0.464565,255
255,-0.415727,255
255,-0.462744,255
255,-0.431096,255
255,-0.450085,255
255,-0.43671,255
255,-0.471789,255
255,-0.43389,255
255,-0.441066,255
255,-0.45961,255
255,-0.460684,255
255,-0.400976,255
255,-0.446865,255
255,-0.452811,255
255,-0.455096,255
255,-0.465811,255
255,-0.367415,255
255,-0.441276,255
255,-0.487181,255
255,-0.444131,255
255,-0.467198,255
255,-0.457842,255
255,-0.433623,255
255,-0.44805,255
255,-0.466414,255
255,-0.467186,255
255,-0.477057,255
255,-0.444085,255
255,-0.446483,255
255,-0.436116,255
255,-0.479347,255
255,-0.457005,255
255,-0.436555,255
255,-0.447609,255
255,-0.445556,255
255,-0.480797,255
255,-0.44359,255
255,-0.49096,255
255,-0.472809,255
255,-0.454102,255
255,-0.455097,255
255,-0.460271,255
255,-0.448576,255
255,-0.397746,255
255,-0.455462,255
255,-0.449523,255
255,-0.461798,255
255,-0.457416,255
255,-0.465283,255
255,-0.448975,255
255,-0.49474,255
255,-0.431656,255
255,-0.447594,255
255,-0.456106,255
255,-0.480117,255
255,-0.440944,255
255,-0.430282,255
255,-0.462732,255
255,-0.495202,255
255,-0.443733,255
255,-0.446494,255
255,-0.442749,255
255,-0.451377,255
255,-0.439426,255
255,-0.460093,255
255,-0.473855,255
255,-0.453696,255
255,-0.410209,255
255,-0.490161,255
255,-0.480981,255
255,-0.470194,255
255,-0.475906,255
255,-0.427682,255
255,-0.415444,255
255,-0.413746,255
255,-0.431985,255
255,-0.441081,255
255,-0.436876,255
255,-0.420974,255
255,-0.438378,255
255,-0.423722,255
255,-0.417507,255
255,-0.426066,255
255,-0.430389,255
255,-0.444278,255
255,-0.437626,255
255,-0.462278,255
255,-0.389458,255
255,-0.436074,255
255,-0.454923,255
255,-0.444173,255
255,-0.43552,255
255,-0.464001,255
255,-0.435667,255
255,-0.485541,255
255,-0.487913,255
255,-0.484366,255
255,-0.450007,255
255,-0.459287,255
255,-0.451568,255
255,-0.482848,255
255,-0.422269,255
255,-0.501436,255
255,-0.424662,255
255,-0.481825,255
255,-0.441506,255
255,-0.437249,255
255,-0.416952,255
255,-0.43741,255
255,-0.458845,255
255,-0.480875,255
255,-0.446951,255
255,-0.413247,255
255,-0.424023,255
255,-0.463965,255
255,-0.443406,255
255,-0.460046,255
255,-0.468977,255
255,-0.421928,255
255,-0.422527,255
255,-0.474383,255
255,-0.447495,255
255,-0.422181,255
255,-0.439569,255
255,-0.472782,255
255,-0.452197,255
255,-0.417456,255
255,-0.414701,255
255,-0.437635,255
255,-0.457969,255
255,-0.457789,255
255,-0.225483,255
255,-0.282268,255
255,-0.42896,255
255,-0.447811,255
255,-0.454877,255
255,-0.486723,255
255,-0.45522,255
255,-0.396791,255
255,-0.503582,255
255,-0.474115,255
255,-0.447366,255
255,-0.47299,255
255,-0.399011,255
255,-0.41522,255
255,-0.459347,255
255,-0.433158,255
255,-0.456327,255
255,-0.458912,255
255,-0.432523,255
255,-0.408167,255
255,-0.463748,255
255,-0.455765,255
255,-0.457626,255
255,-0.429318,255
255,-0.427527,255
255,-0.486547,255
255,-0.434481,255
255,-0.448505,255
255,-0.479161,255
255,-0.47764,255
255,-0.419387,255
255,-0.418718,255
255,-0.450895,255
255,-0.396378,255
255,-0.433516,255
255,-0.424998,255
255,-0.465074,255
255,-0.408826,255
255,-0.426168,255
255,-0.427933,255
255,-0.491879,255
255,-0.440755,255
255,-0.43972,255
255,-0.434607,255
255,-0.423194,255
255,-0.43912,255
255,-0.454753,255
255,-0.457608,255
255,-0.459645,255
255,-0.411547,255
255,-0.482648,255
255,-0.439661,255
255,-0.431763,255
255,-0.462844,255
255,-0.470773,255
255,-0.405427,255
255,-0.466883,255
255,-0.413821,255
255,-0.414967,255
255,-0.474411,255
255,-0.451269,255
255,-0.463741,255
255,-0.465941,255
255,-0.466726,255
255,-0.445074,255
255,-0.441621,255
255,-0.477727,255
255,-0.442408,255
255,-0.466699,255
255,-0.479226,255
255,-0.432307,255
255,-0.457803,255
255,-0.450733,255
255,-0.444661,255
255,-0.449764,255
255,-0.463243,255
255,-0.460421,255
255,-0.422981,255
255,-0.449236,255
255,-0.482922,255
255,-0.431853,255
255,-0.441607,255
255,-0.48872,255
255,-0.43655,255
255,-0.436564,255
255,-0.437395,255
255,-0.439979,255
255,-0.446829,255
255,-0.440564,255
255,-0.44774,255
255,-0.424189,255
255,-0.413283,255
255,-0.447334,255
255,-0.456835,255
255,-0.466135,255
255,-0.441124,255
255,-0.483041,255
255,-0.446609,255
255,-0.422654,255
255,-0.437348,255
255,-0.429863,255
255,-0.423252,255
255,-0.453126,255
255,-0.423845,255
255,-0.447137,255
255,-0.447888,255
255,-0.450293,255
255,-0.488723,255
255,-0.419608,255
255,-0.4175,255
255,-0.411941,255
255,-0.402686,255
255,-0.42672,255
255,-0.494834,255
255,-0.450202,255
255,-0.44027,255
255,-0.425864,255
255,-0.482586,255
255,-0.456022,255
255,-0.454792,255
255,-0.491708,255
255,-0.404568,255
255,-0.459586,255
255,-0.479234,255
255,-0.441199,255
255,-0.421072,255
255,-0.507429,255
255,-0.439772,255
255,-0.484079,255
255,-0.460879,255
255,-0.442637,255
255,-0.478099,255
255,-0.488698,255
255,-0.402552,255
255,-0.472302,255
255,-0.421105,255
255,-0.429991,255
255,-0.427372,255
255,-0.437872,255
255,-0.456158,255
255,-0.430396,255
255,-0.494274,255
255,-0.473,255
255,-0.44769,255
255,-0.435517,255
255,-0.467366,255
255,-0.444029,255
255,-0.422153,255
255,-0.476468,255
255,-0.412567,255
255,-0.432462,255
255,-0.430846,255
255,-0.43264,255
255,-0.420197,255
255,-0.466805,255
255,-0.454291,255
255,-0.404941,255
255,-0.435609,255
255,-0.415727,255
255,-0.46132,255
255,-0.476326,255
255,-0.451147,255
255,-0.433846,255
255,-0.451545,255
255,-0.438818,255
255,-0.396064,255
255,-0.450949,255
255,-0.431493,255
255,-0.432115,255
255,-0.467051,255
255,-0.249711,255
255,-0.236702,255
255,-0.264271,255
255,-0.441294,255
255,-0.437013,255
255,-0.458613,255
255,-0.458924,255
255,-0.477144,255
255,-0.456947,255
255,-0.455041,255
255,-0.432555,255
255,-0.451854,255
255,-0.481381,255
255,-0.461525,255
255,-0.476039,255
255,-0.489552,255
255,-0.423231,255
255,-0.468983,255
255,-0.454864,255
255,-0.440418,255
255,-0.439988,255
255,-0.437655,255
255,-0.449205,255
255,-0.461435,255
255,-0.42168,255
255,-0.403205,255
255,-0.462737,255
255,-0.443765,255
255,-0.47278,255
255,-0.504154,255
255,-0.478059,255
255,-0.461602,255
255,-0.463171,255
255,-0.474955,255
255,-0.434926,255
255,-0.433245,255
255,-0.458932,255
255,-0.438476,255
255,-0.433947,255
255,-0.465303,255
255,-0.504287,255
255,-0.474241,255
255,-0.442774,255
255,-0.418347,255
255,-0.37553,255
255,-0.422346,255
255,-0.421913,255
255,-0.425773,255
255,-0.453338,255
255,-0.468438,255
255,-0.42224,255
255,-0.457061,255
255,-0.491745,255
255,-0.457119,255
255,-0.399641,255
255,-0.453904,255
255,-0.432335,255
255,-0.444136,255
255,-0.41732,255
255,-0.419136,255
255,-0.458024,255
255,-0.444515,255
255,-0.492558,255
255,-0.440532,255
255,-0.436906,255
255,-0.455578,255
255,-0.447197,255
255,-0.459111,255
255,-0.495646,255
255,-0.419816,255
255,-0.46575,255
255,-0.466276,255
255,-0.435899,255
255,-0.417102,255
255,-0.419146,255
255,-0.448355,255
255,-0.449886,255
255,-0.453425,255
255,-0.454401,255
255,-0.509554,255
255,-0.450526,255
255,-0.493984,255
255,-0.439119,255
255,-0.444659,255
255,-0.464472,255
255,-0.446053,255
255,-0.467768,255
255,-0.431724,255
255,-0.482699,255
255,-0.449646,255
255,-0.433054,255
255,-0.476846,255
255,-0.464888,255
255,-0.43572,255
255,-0.451754,255
255,-0.472027,255
255,-0.490413,255
255,-0.454032,255
255,-0.422112,255
255,-0.447988,255
255,-0.446378,255
255,-0.437857,255
255,-0.467499,255
255,-0.457746,255
255,-0.446416,255
255,-0.44335,255
255,-0.411678,255
255,-0.461249,255
255,-0.417384,255
255,-0.420858,255
255,-0.464141,255
255,-0.394456,255
255,-0.457511,255
255,-0.442901,255
255,-0.434777,255
255,-0.436917,255
255,-0.476055,255
255,-0.421019,255
255,-0.436251,255
255,-0.43707,255
255,-0.444105,255
255,-0.414015,255
255,-0.45,255
255,-0.439826,255
255,-0.425311,255
255,-0.458387,255
255,-0.464189,255
255,-0.420086,255
255,-0.421403,255
255,-0.434288,255
255,-0.483863,255
255,-0.487744,255
255,-0.444524,255
255,-0.471639,255
255,-0.477725,255
255,-0.465257,255
255,-0.423332,255
255,-0.422308,255
255,-0.474663,255
255,-0.512953,255
255,-0.427553,255
255,-0.462097,255
255,-0.446225,255
255,-0.483946,255
255,-0.47403,255
255,-0.465211,255
255,-0.440296,255
255,-0.43769,255
255,-0.423963,255
255,-0.477309,255
255,-0.448555,255
255,-0.436388,255
255,-0.414962,255
255,-0.45997,255
255,-0.446894,255
255,-0.441744,255
255,-0.465387,255
255,-0.452844,255
255,-0.475018,255
255,-0.470593,255
255,-0.44584,255
255,-0.446314,255
255,-0.468991,255
255,-0.406121,255
255,-0.466579,255
255,-0.473196,255
255,-0.458503,255
255,-0.449763,255
255,-0.482583,255
255,-0.489365,255
255,-0.463996,255
255,-0.282175,255
255,-0.272463,255
255,-0.267263,255
255,-0.451017,255
255,-0.461678,255
255,-0.45666,255
255,-0.446938,255
255,-0.455727,255
255,-0.418128,255
255,-0.482451,255
255,-0.472892,255
255,-0.451081,255
255,-0.405554,255
255,-0.488514,255
255,-0.478964,255
255,-0.439796,255
255,-0.435351,255
255,-0.476585,255
255,-0.464579,255
255,-0.449916,255
255,-0.419469,255
255,-0.431097,255
255,-0.465731,255
255,-0.467266,255
255,-0.453201,255
255,-0.458875,255
255,-0.457018,255
255,-0.473036,255
255,-0.443138,255
255,-0.476495,255
255,-0.417985,255
255,-0.428557,255
255,-0.428324,255
255,-0.453785,255
255,-0.451666,255
255,-0.460201,255
255,-0.440598,255
255,-0.434059,255
255,-0.432085,255
255,-0.436805,255
255,-0.466282,255
255,-0.498279,255
255,-0.470244,255
255,-0.493443,255
255,-0.512399,255
255,-0.488913,255
255,-0.466865,255
255,-0.480646,255
255,-0.442841,255
255,-0.475713,255
255,-0.470473,255
255,-0.477367,255
255,-0.438101,255
255,-0.451073,255
255,-0.469121,255
255,-0.455031,255
255,-0.432713,255
255,-0.44139,255
255,-0.438525,255
255,-0.481141,255
255,-0.430196,255
255,-0.475249,255
255,-0.493538,255
255,-0.418299,255
255,-0.47459,255
255,-0.445033,255
255,-0.398948,255
255,-0.449487,255
255,-0.426048,255
255,-0.46347,255
255,-0.492336,255
255,-0.47437,255
255,-0.482097,255
255,-0.472121,255
255,-0.430818,255
255,-0.459726,255
255,-0.477522,255
255,-0.424576,255
255,-0.432932,255
255,-0.451709,255
255,-0.455292,255
255,-0.451296,255
255,-0.431669,255
255,-0.441967,255
255,-0.450353,255
255,-0.432732,255
255,-0.474019,255
255,-0.456021,255
255,-0.448725,255
255,-0.456172,255
255,-0.425218,255
255,-0.455919,255
255,-0.416621,255
255,-0.448562,255
255,-0.433353,255
255,-0.455465,255
255,-0.494432,255
255,-0.434095,255
255,-0.444121,255
255,-0.448784,255
255,-0.41336,255
255,-0.446092,255
255,-0.428005,255
255,-0.518788,255
255,-0.429202,255
255,-0.460295,255
255,-0.432792,255
255,-0.424616,255
255,-0.496857,255
255,-0.434018,255
255,-0.453389,255
255,-0.467796,255
255,-0.448728,255
255,-0.436733,255
255,-0.496542,255
255,-0.41189,255
255,-0.466816,255
255,-0.497603,255
255,-0.444714,255
255,-0.376668,255
255,-0.473726,255
255,-0.504378,255
255,-0.470763,255
255,-0.448818,255
255,-0.464422,255
255,-0.450899,255
255,-0.454246,255
255,-0.406007,255
255,-0.395962,255
255,-0.486223,255
255,-0.474559,255
255,-0.441186,255
255,-0.494491,255
255,-0.437291,255
255,-0.450758,255
255,-0.462427,255
255,-0.464369,255
255,-0.425239,255
255,-0.431668,255
255,-0.439541,255
255,-0.455113,255
255,-0.407478,255
255,-0.434118,255
255,-0.422665,255
255,-0.46685,255
255,-0.484775,255
255,-0.475328,255
255,-0.486351,255
255,-0.428873,255
255,-0.426291,255
255,-0.42073,255
255,-0.430371,255
255,-0.41173,255
255,-0.47692,255
255,-0.425509,255
255,-0.514822,255
255,-0.518472,255
255,-0.470295,255
255,-0.469992,255
255,-0.409119,255
255,-0.396562,255
255,-0.434054,255
255,-0.419872,255
255,-0.416892,255
255,-0.465107,255
255,-0.465799,255
255,-0.457623,255
255,-0.46324,255
255,-0.445109,255
255,-0.452877,255
255,-0.437922,255
255,-0.259991,255
255,-0.2697,255
255,-0.467617,255
255,-0.460779,255
255,-0.426181,255
255,-0.443506,255
255,-0.409221,255
255,-0.421734,255
255,-0.438116,255
255,-0.43582,255
255,-0.471463,255
255,-0.433671,255
255,-0.461152,255
255,-0.475467,255
255,-0.458979,255
255,-0.411131,255
255,-0.42238,255
255,-0.495671,255
255,-0.427734,255
255,-0.411912,255
255,-0.419912,255
255,-0.436124,255
255,-0.459369,255
255,-0.469019,255
255,-0.474521,255
255,-0.465294,255
255,-0.449919,255
255,-0.442111,255
255,-0.43087,255
255,-0.449056,255
255,-0.45784,255
255,-0.446221,255
255,-0.428057,255
255,-0.397683,255
255,-0.462754,255
255,-0.492148,255
255,-0.465231,255
255,-0.450449,255
255,-0.493247,255
255,-0.416679,255
255,-0.441758,255
255,-0.439086,255
255,-0.5145,255
255,-0.480254,255
255,-0.447244,255
255,-0.50151,255
255,-0.470773,255
255,-0.416953,255
255,-0.447791,255
255,-0.463218,255
255,-0.476015,255
255,-0.469425,255
255,-0.449183,255
255,-0.427405,255
255,-0.472117,255
255,-0.488688,255
255,-0.438363,255
255,-0.450741,255
255,-0.478021,255
255,-0.41797,255
255,-0.425881,255
255,-0.422927,255
255,-0.456117,255
255,-0.455254,255
255,-0.450814,255
255,-0.476423,255
255,-0.460451,255
255,-0.495618,255
255,-0.436639,255
255,-0.514184,255
255,-0.424991,255
255,-0.427043,255
255,-0.440782,255
255,-0.477729,255
255,-0.481419,255
255,-0.476741,255
255,-0.42406,255
255,-0.42932,255
255,-0.463133,255
255,-0.430284,255
255,-0.450062,255
255,-0.455647,255
255,-0.423711,255
255,-0.437287,255
255,-0.440106,255
255,-0.459371,255
255,-0.446264,255
255,-0.408478,255
255,-0.426443,255
255,-0.476883,255
255,-0.44782,255
255,-0.468286,255
255,-0.441008,255
255,-0.461042,255
255,-0.452864,255
255,-0.438699,255
255,-0.491261,255
255,-0.421389,255
255,-0.450858,255
255,-0.480355,255
255,-0.438616,255
255,-0.449714,255
255,-0.465925,255
255,-0.505516,255
255,-0.46619,255
255,-0.416133,255
255,-0.427123,255
255,-0.451676,255
255,-0.465761,255
255,-0.467547,255
255,-0.455364,255
255,-0.466035,255
255,-0.456484,255
255,-0.458933,255
255,-0.464709,255
255,-0.446838,255
255,-0.415769,255
255,-0.446679,255
255,-0.387637,255
255,-0.453573,255
255,-0.468245,255
255,-0.42372,255
255,-0.436011,255
255,-0.426376,255
255,-0.457268,255
255,-0.456212,255
255,-0.449484,255
255,-0.451791,255
255,-0.443121,255
255,-0.398091,255
255,-0.460043,255
255,-0.413205,255
255,-0.453604,255
255,-0.379774,255
255,-0.467869,255
255,-0.493171,255
255,-0.504268,255
255,-0.417084,255
255,-0.465573,255
255,-0.444792,255
255,-0.444738,255
255,-0.480992,255
255,-0.4386,255
255,-0.442943,255
255,-0.485348,255
255,-0.481429,255
255,-0.468343,255
255,-0.443152,255
255,-0.477797,255
255,-0.477435,255
255,-0.439981,255
255,-0.438286,255
255,-0.440619,255
255,-0.424607,255
255,-0.453821,255
255,-0.480759,255
255,-0.454763,255
255,-0.466203,255
255,-0.459342,255
255,-0.45462,255
255,-0.45883,255
255,-0.447813,255
255,-0.463815,255
255,-0.45653,255
255,-0.453155,255
255,-0.503292,255
255,-0.46095,255
255,-0.46953,255
255,-0.477684,255
255,-0.474866,255
255,-0.295999,255
255,-0.281801,255
255,-0.279388,255
255,-0.44288,255
255,-0.411236,255
255,-0.416256,255
255,-0.481791,255
255,-0.431561,255
255,-0.427092,255
255,-0.43669,255
255,-0.450592,255
255,-0.441164,255
255,-0.408863,255
255,-0.449907,255
255,-0.433413,255
255,-0.420235,255
255,-0.44835,255
255,-0.421674,255
255,-0.458959,255
255,-0.445855,255
255,-0.472818,255
255,-0.439773,255
255,-0.47375,255
255,-0.415513,255
255,-0.454836,255
255,-0.449407,255
255,-0.462499,255
255,-0.463721,255
255,-0.48334,255
255,-0.473063,255
255,-0.445536,255
255,-0.508898,255
255,-0.461745,255
255,-0.471062,255
255,-0.473707,255
255,-0.429649,255
255,-0.423084,255
255,-0.485388,255
255,-0.456225,255
255,-0.429747,255
255,-0.464826,255
255,-0.453828,255
255,-0.425257,255
255,-0.468476,255
255,-0.437602,255
255,-0.452731,255
255,-0.47237,255
255,-0.467565,255
255,-0.461403,255
255,-0.462816,255
255,-0.444974,255
255,-0.502764,255
255,-0.476414,255
255,-0.44843,255
255,-0.45177,255
255,-0.492107,255
255,-0.445787,255
255,-0.424814,255
255,-0.495027,255
255,-0.474027,255
255,-0.485164,255
255,-0.457331,255
255,-0.444525,255
255,-0.488713,255
255,-0.492167,255
255,-0.473949,255
255,-0.465805,255
255,-0.50586,255
255,-0.462315,255
255,-0.433953,255
255,-0.404202,255
255,-0.45486,255
255,-0.473095,255
255,-0.502255,255
255,-0.440821,255
255,-0.460214,255
255,-0.444733,255
255,-0.446828,255
255,-0.481495,255
255,-0.466065,255
255,-0.431933,255
255,-0.469468,255
255,-0.455009,255
255,-0.500791,255
255,-0.481643,255
255,-0.425257,255
255,-0.41752,255
255,-0.446972,255
255,-0.429032,255
255,-0.448921,255
255,-0.487492,255
255,-0.429487,255
255,-0.453006,255
255,-0.463956,255
255,-0.415768,255
255,-0.455515,255
255,-0.486456,255
255,-0.446142,255
255,-0.426379,255
255,-0.447899,255
255,-0.491459,255
255,-0.467469,255
255,-0.452423,255
255,-0.463043,255
255,-0.460688,255
255,-0.457383,255
255,-0.433947,255
255,-0.467067,255
255,-0.502093,255
255,-0.474256,255
255,-0.459403,255
255,-0.472515,255
255,-0.487753,255
255,-0.436866,255
255,-0.486851,255
255,-0.43329,255
255,-0.42965,255
255,-0.449887,255
255,-0.461507,255
255,-0.424726,255
255,-0.448389,255
255,-0.42965,255
255,-0.461357,255
255,-0.484783,255
255,-0.438023,255
255,-0.461263,255
255,-0.492426,255
255,-0.475571,255
255,-0.436808,255
255,-0.500587,255
255,-0.432771,255
255,-0.439286,255
255,-0.454977,255
255,-0.46842,255
255,-0.452401,255
255,-0.443435,255
255,-0.485738,255
255,-0.479388,255
255,-0.456001,255
255,-0.440546,255
255,-0.436413,255
255,-0.455348,255
255,-0.471218,255
255,-0.499698,255
255,-0.477569,255
255,-0.474697,255
255,-0.483519,255
255,-0.477233,255
255,-0.458967,255
255,-0.500409,255
255,-0.42041,255
255,-0.45814,255
255,-0.487456,255
255,-0.427875,255
255,-0.406791,255
255,-0.45097,255
255,-0.462357,255
255,-0.459264,255
255,-0.479875,255
255,-0.485382,255
255,-0.45695,255
255,-0.473078,255
255,-0.454642,255
255,-0.465189,255
255,-0.468755,255
255,-0.469885,255
255,-0.473817,255
255,-0.478315,255
255,-0.46789,255
255,-0.470642,255
255,-0.48629,255
255,-0.239925,255
255,-0.287184,255
255,-0.279142,255
255,-0.458725,255
255,-0.46884,255
255,-0.435515,255
255,-0.460329,255
255,-0.448727,255
255,-0.48686,255
255,-0.467198,255
255,-0.481591,255
255,-0.453224,255
255,-0.425622,255
255,-0.384108,255
255,-0.429857,255
255,-0.489187,255
255,-0.480307,255
255,-0.424692,255
255,-0.420394,255
255,-0.482736,255
255,-0.46061,255
255,-0.476814,255
255,-0.457579,255
255,-0.419624,255
255,-0.484569,255
255,-0.478004,255
255,-0.39822,255
255,-0.456897,255
255,-0.461661,255
255,-0.446656,255
255,-0.47308,255
255,-0.461177,255
255,-0.452145,255
255,-0.412485,255
255,-0.468728,255
255,-0.477699,255
255,-0.431908,255
255,-0.479207,255
255,-0.429798,255
255,-0.472604,255
255,-0.471028,255
255,-0.434513,255
255,-0.494426,255
255,-0.439699,255
255,-0.524361,255
255,-0.478004,255
255,-0.400826,255
255,-0.526975,255
255,-0.47101,255
255,-0.403626,255
255,-0.458831,255
255,-0.459771,255
255,-0.465669,255
255,-0.483515,255
255,-0.461138,255
255,-0.477806,255
255,-0.464902,255
255,-0.441431,255
255,-0.427697,255
255,-0.403201,255
255,-0.420768,255
255,-0.452869,255
255,-0.446472,255
255,-0.483559,255
255,-0.458908,255
255,-0.458448,255
255,-0.476989,255
255,-0.489236,255
255,-0.479547,255
255,-0.435211,255
255,-0.481786,255
255,-0.441523,255
255,-0.497325,255
255,-0.414067,255
255,-0.410424,255
255,-0.482651,255
255,-0.444305,255
255,-0.462983,255
255,-0.444262,255
255,-0.425061,255
255,-0.445418,255
255,-0.44961,255
255,-0.459321,255
255,-0.43089,255
255,-0.463618,255
255,-0.451156,255
255,-0.47558,255
255,-0.470348,255
255,-0.449162,255
255,-0.480898,255
255,-0.435908,255
255,-0.47114,255
255,-0.466433,255
255,-0.47799,255
255,-0.45687,255
255,-0.438702,255
255,-0.418548,255
255,-0.477093,255
255,-0.445822,255
255,-0.443377,255
255,-0.493448,255
255,-0.475306,255
255,-0.444373,255
255,-0.47717,255
255,-0.48513,255
255,-0.441366,255
255,-0.474392,255
255,-0.437598,255
255,-0.456433,255
255,-0.44226,255
255,-0.440412,255
255,-0.452545,255
255,-0.438698,255
255,-0.430326,255
255,-0.463336,255
255,-0.436633,255
255,-0.433157,255
255,-0.446763,255
255,-0.450369,255
255,-0.460559,255
255,-0.49832,255
255,-0.52513,255
255,-0.449172,255
255,-0.489976,255
255,-0.430025,255
255,-0.425265,255
255,-0.426857,255
255,-0.441949,255
255,-0.446577,255
255,-0.435333,255
255,-0.481577,255
255,-0.448863,255
255,-0.442684,255
255,-0.51026,255
255,-0.45957,255
255,-0.443702,255
255,-0.466944,255
255,-0.433442,255
255,-0.472307,255
255,-0.431773,255
255,-0.422562,255
255,-0.436022,255
255,-0.441426,255
255,-0.488459,255
255,-0.499344,255
255,-0.497899,255
255,-0.463914,255
255,-0.46365,255
255,-0.472713,255
255,-0.427518,255
255,-0.469961,255
255,-0.48007,255
255,-0.431029,255
255,-0.477296,255
255,-0.458096,255
255,-0.405732,255
255,-0.486104,255
255,-0.461889,255
255,-0.465065,255
255,-0.499612,255
255,-0.463082,255
255,-0.406283,255
255,-0.429084,255
255,-0.425703,255
255,-0.427863,255
255,-0.431079,255
255,-0.449337,255
255,-0.428177,255
255,-0.439086,255
255,-0.414661,255
255,-0.452893,255
255,-0.252601,255
255,-0.247056,255
255,-0.437641,255
255,-0.467914,255
255,-0.460273,255
255,-0.414618,255
255,-0.481614,255
255,-0.471367,255
255,-0.479978,255
255,-0.463189,255
255,-0.445474,255
255,-0.458861,255
255,-0.440015,255
255,-0.456141,255
255,-0.468859,255
255,-0.465844,255
255,-0.436983,255
255,-0.47776,255
255,-0.479908,255
255,-0.490305,255
255,-0.47056,255
255,-0.460841,255
255,-0.498967,255
255,-0.441662,255
255,-0.442995,255
255,-0.452137,255
255,-0.448699,255
255,-0.494886,255
255,-0.441702,255
255,-0.437624,255
255,-0.472054,255
255,-0.409607,255
255,-0.454283,255
255,-0.449081,255
255,-0.469773,255
255,-0.446603,255
255,-0.449117,255
255,-0.471687,255
255,-0.433656,255
255,-0.450735,255
255,-0.453512,255
255,-0.430753,255
255,-0.467604,255
255,-0.48394,255
255,-0.487594,255
255,-0.460112,255
255,-0.436294,255
255,-0.448704,255
255,-0.45533,255
255,-0.503827,255
255,-0.438222,255
255,-0.437416,255
255,-0.453094,255
255,-0.447289,255
255,-0.456564,255
255,-0.458977,255
255,-0.453387,255
255,-0.431163,255
255,-0.421312,255
255,-0.459973,255
255,-0.427732,255
255,-0.491372,255
255,-0.477863,255
255,-0.451305,255
255,-0.490798,255
255,-0.45204,255
255,-0.438241,255
255,-0.413953,255
255,-0.437239,255
255,-0.426744,255
255,-0.45905,255
255,-0.481658,255
255,-0.465004,255
255,-0.471029,255
255,-0.469341,255
255,-0.428764,255
255,-0.438807,255
255,-0.483152,255
255,-0.418484,255
255,-0.470932,255
255,-0.414354,255
255,-0.447271,255
255,-0.459098,255
255,-0.479147,255
255,-0.440327,255
255,-0.440064,255
255,-0.476936,255
255,-0.445646,255
255,-0.471606,255
255,-0.458974,255
255,-0.468958,255
255,-0.472542,255
255,-0.424127,255
255,-0.471643,255
255,-0.505561,255
255,-0.462574,255
255,-0.430942,255
255,-0.508208,255
255,-0.438551,255
255,-0.474888,255
255,-0.500784,255
255,-0.417606,255
255,-0.430541,255
255,-0.528614,255
255,-0.423623,255
255,-0.4452,255
255,-0.468488,255
255,-0.482984,255
255,-0.427852,255
255,-0.442819,255
255,-0.468176,255
255,-0.401159,255
255,-0.462051,255
255,-0.469667,255
255,-0.469226,255
255,-0.480834,255
255,-0.475659,255
255,-0.445512,255
255,-0.438025,255
255,-0.477375,255
255,-0.472669,255
255,-0.507903,255
255,-0.447617,255
255,-0.481231,255
255,-0.456602,255
255,-0.455272,255
255,-0.415871,255
255,-0.434308,255
255,-0.468152,255
255,-0.413281,255
255,-0.430827,255
255,-0.458911,255
255,-0.430406,255
255,-0.401706,255
255,-0.445746,255
255,-0.426283,255
255,-0.441224,255
255,-0.443089,255
255,-0.471098,255
255,-0.461544,255
255,-0.425571,255
255,-0.475978,255
255,-0.449972,255
255,-0.510664,255
255,-0.426941,255
255,-0.404656,255
255,-0.455236,255
255,-0.430648,255
255,-0.447367,255
255,-0.44279,255
255,-0.408543,255
255,-0.453377,255
255,-0.444138,255
255,-0.456338,255
255,-0.447564,255
255,-0.480412,255
255,-0.474995,255
255,-0.447424,255
255,-0.456836,255
255,-0.477051,255
255,-0.491442,255
255,-0.462081,255
255,-0.443484,255
255,-0.484869,255
255,-0.470121,255
255,-0.487419,255
255,-0.416569,255
255,-0.405903,255
255,-0.461294,255
255,-0.483022,255
255,-0.240709,255
255,-0.284382,255
255,-0.210891,255
255,-0.434818,255
255,-0.474161,255
255,-0.506149,255
255,-0.468622,255
255,-0.472124,255
255,-0.478844,255
255,-0.496491,255
255,-0.479101,255
255,-0.420149,255
255,-0.406415,255
255,-0.4414,255
255,-0.45336,255
255,-0.490792,255
255,-0.458659,255
255,-0.466423,255
255,-0.442765,255
255,-0.425217,255
255,-0.43673,255
255,-0.42966,255
255,-0.456488,255
255,-0.439334,255
255,-0.45841,255
255,-0.466828,255
255,-0.416802,255
255,-0.426699,255
255,-0.490606,255
255,-0.421581,255
255,-0.453181,255
255,-0.456819,255
255,-0.481255,255
255,-0.438891,255
255,-0.463217,255
255,-0.445965,255
255,-0.47413,255
255,-0.450201,255
255,-0.429113,255
255,-0.46752,255
255,-0.482785,255
255,-0.472504,255
255,-0.424993,255
255,-0.457025,255
255,-0.445841,255
255,-0.39781,255
255,-0.465122,255
255,-0.437649,255
255,-0.392774,255
255,-0.465255,255
255,-0.425254,255
255,-0.424714,255
255,-0.466128,255
255,-0.471087,255
255,-0.441348,255
255,-0.411393,255
255,-0.488998,255
255,-0.487433,255
255,-0.423007,255
255,-0.434716,255
255,-0.479565,255
255,-0.423543,255
255,-0.458836,255
255,-0.437809,255
255,-0.442918,255
255,-0.44783,255
255,-0.432789,255
255,-0.441601,255
255,-0.458542,255
255,-0.475965,255
255,-0.468133,255
255,-0.45294,255
255,-0.498768,255
255,-0.471141,255
255,-0.491003,255
255,-0.456144,255
255,-0.501224,255
255,-0.453613,255
255,-0.411875,255
255,-0.481292,255
255,-0.473119,255
255,-0.44273,255
255,-0.433751,255
255,-0.494377,255
255,-0.452436,255
255,-0.454336,255
255,-0.430489,255
255,-0.431502,255
255,-0.459177,255
255,-0.459797,255
255,-0.442065,255
255,-0.500743,255
255,-0.459858,255
255,-0.496168,255
255,-0.412023,255
255,-0.44831,255
255,-0.442153,255
255,-0.42598,255
255,-0.484178,255
255,-0.418764,255
255,-0.421048,255
255,-0.472614,255
255,-0.420966,255
255,-0.435182,255
255,-0.472444,255
255,-0.437014,255
255,-0.465815,255
255,-0.458793,255
255,-0.477594,255
255,-0.408596,255
255,-0.499425,255
255,-0.437412,255
255,-0.422637,255
255,-0.429525,255
255,-0.465659,255
255,-0.440494,255
255,-0.45453,255
255,-0.414984,255
255,-0.428961,255
255,-0.486558,255
255,-0.438369,255
255,-0.427995,255
255,-0.446877,255
255,-0.471704,255
255,-0.427625,255
255,-0.469002,255
255,-0.465743,255
255,-0.454212,255
255,-0.460376,255
255,-0.470468,255
255,-0.445852,255
255,-0.455519,255
255,-0.478096,255
255,-0.431316,255
255,-0.501461,255
255,-0.459945,255
255,-0.425729,255
255,-0.441637,255
255,-0.46612,255
255,-0.485254,255
255,-0.494279,255
255,-0.438497,255
255,-0.469286,255
255,-0.486378,255
255,-0.467229,255
255,-0.420765,255
255,-0.476546,255
255,-0.403118,255
255,-0.44058,255
255,-0.440351,255
255,-0.460073,255
255,-0.417848,255
255,-0.417957,255
255,-0.444829,255
255,-0.473647,255
255,-0.471611,255
255,-0.470187,255
255,-0.475932,255
255,-0.411036,255
255,-0.503786,255
255,-0.410378,255
255,-0.454503,255
255,-0.484317,255
255,-0.405344,255
255,-0.451254,255
255,-0.46327,255
255,-0.45708,255
255,-0.411462,255
255,-0.464153,255
255,-0.450829,255
255,-0.496052,255
255,-0.277094,255
255,-0.257031,255
255,-0.234458,255
255,-0.454192,255
255,-0.426083,255
255,-0.471499,255
255,-0.441053,255
255,-0.444659,255
255,-0.416445,255
255,-0.472496,255
255,-0.453585,255
255,-0.454181,255
255,-0.411558,255
255,-0.506742,255
255,-0.440307,255
255,-0.501291,255
255,-0.435145,255
255,-0.481248,255
255,-0.443552,255
255,-0.422992,255
255,-0.435055,255
255,-0.380594,255
255,-0.46271,255
255,-0.474874,255
255,-0.490863,255
255,-0.509801,255
255,-0.460274,255
255,-0.451038,255
255,-0.491321,255
255,-0.475096,255
255,-0.453873,255
255,-0.424417,255
255,-0.41867,255
255,-0.437965,255
255,-0.453656,255
255,-0.47563,255
255,-0.454201,255
255,-0.445415,255
255,-0.432795,255
255,-0.4453,255
255,-0.436918,255
255,-0.471768,255
255,-0.412965,255
255,-0.442896,255
255,-0.427119,255
255,-0.406017,255
255,-0.465357,255
255,-0.453566,255
255,-0.427154,255
255,-0.462206,255
255,-0.458899,255
255,-0.471429,255
255,-0.441513,255
255,-0.458571,255
255,-0.436394,255
255,-0.490562,255
255,-0.45373,255
255,-0.452445,255
255,-0.447452,255
255,-0.51112,255
255,-0.430496,255
255,-0.451034,255
255,-0.429403,255
255,-0.439488,255
255,-0.406055,255
255,-0.476146,255
255,-0.430365,255
255,-0.41135,255
255,-0.489914,255
255,-0.445041,255
255,-0.443566,255
255,-0.482878,255
255,-0.428872,255
255,-0.43195,255
255,-0.470261,255
255,-0.436569,255
255,-0.417353,255
255,-0.461422,255
255,-0.459171,255
255,-0.464981,255
255,-0.438963,255
255,-0.454484,255
255,-0.457137,255
255,-0.440309,255
255,-0.456926,255
255,-0.475464,255
255,-0.407382,255
255,-0.461441,255
255,-0.421893,255
255,-0.472198,255
255,-0.469369,255
255,-0.460611,255
255,-0.438689,255
255,-0.494342,255
255,-0.444424,255
255,-0.458208,255
255,-0.481362,255
255,-0.465565,255
255,-0.443002,255
255,-0.498455,255
255,-0.431312,255
255,-0.463982,255
255,-0.458747,255
255,-0.464089,255
255,-0.473931,255
255,-0.415163,255
255,-0.429754,255
255,-0.469977,255
255,-0.450162,255
255,-0.466275,255
255,-0.438241,255
255,-0.446875,255
255,-0.445058,255
255,-0.438108,255
255,-0.5353,255
255,-0.453631,255
255,-0.470011,255
255,-0.475062,255
255,-0.49486,255
255,-0.436378,255
255,-0.473278,255
255,-0.491159,255
255,-0.445961,255
255,-0.487479,255
255,-0.479485,255
255,-0.52353,255
255,-0.451153,255
255,-0.48538,255
255,-0.495169,255
255,-0.464709,255
255,-0.462854,255
255,-0.435714,255
255,-0.415804,255
255,-0.436532,255
255,-0.412263,255
255,-0.401608,255
255,-0.420562,255
255,-0.450857,255
255,-0.452712,255
255,-0.500981,255
255,-0.475647,255
255,-0.487763,255
255,-0.460626,255
255,-0.404977,255
255,-0.384184,255
255,-0.450714,255
255,-0.46562,255
255,-0.465884,255
255,-0.449571,255
255,-0.532334,255
255,-0.471926,255
255,-0.439434,255
255,-0.501168,255
255,-0.465776,255
255,-0.466886,255
255,-0.470455,255
255,-0.425887,255
255,-0.457974,255
255,-0.465421,255
255,-0.462972,255
255,-0.424498,255
255,-0.446914,255
255,-0.459798,255
255,-0.43347,255
255,-0.46712,255
255,-0.466416,255
255,-0.41648,255
255,-0.429344,255
255,-0.500993,255
255,-0.468795,255
255,-0.432087,255
255,-0.282568,255
255,-0.207846,255
255,-0.412171,255
255,-0.432465,255
255,-0.42045,255
255,-0.427359,255
255,-0.441194,255
255,-0.412733,255
255,-0.454063,255
255,-0.485011,255
255,-0.464748,255
255,-0.465621,255
255,-0.490517,255
255,-0.500819,255
255,-0.391274,255
255,-0.418336,255
255,-0.426826,255
255,-0.408313,255
255,-0.438659,255
255,-0.431193,255
255,-0.488628,255
255,-0.451499,255
255,-0.506719,255
255,-0.467043,255
255,-0.446597,255
255,-0.415418,255
255,-0.424544,255
255,-0.469811,255
255,-0.439627,255
255,-0.460862,255
255,-0.448353,255
255,-0.451957,255
255,-0.412754,255
255,-0.429519,255
255,-0.466097,255
255,-0.480994,255
255,-0.494486,255
255,-0.473266,255
255,-0.463976,255
255,-0.463552,255
255,-0.430853,255
255,-0.480768,255
255,-0.452697,255
255,-0.440588,255
255,-0.43134,255
255,-0.43487,255
255,-0.428332,255
255,-0.427943,255
255,-0.497112,255
255,-0.424662,255
255,-0.490621,255
255,-0.467907,255
255,-0.469094,255
255,-0.468566,255
255,-0.443539,255
255,-0.418392,255
255,-0.458022,255
255,-0.449375,255
255,-0.44882,255
255,-0.465249,255
255,-0.420925,255
255,-0.408361,255
255,-0.484636,255
255,-0.444361,255
255,-0.451714,255
255,-0.478108,255
255,-0.399277,255
255,-0.440075,255
255,-0.476092,255
255,-0.431279,255
255,-0.430225,255
255,-0.407519,255
255,-0.44691,255
255,-0.495927,255
255,-0.456081,255
255,-0.412233,255
255,-0.445858,255
255,-0.430388,255
255,-0.467007,255
255,-0.453639,255
255,-0.445678,255
255,-0.470641,255
255,-0.464556,255
255,-0.422538,255
255,-0.44723,255
255,-0.440594,255
255,-0.463113,255
255,-0.43397,255
255,-0.4524,255
255,-0.442361,255
255,-0.444663,255
255,-0.495688,255
255,-0.438564,255
255,-0.429056,255
255,-0.41657,255
255,-0.463501,255
255,-0.446067,255
255,-0.481161,255
255,-0.498628,255
255,-0.457762,255
255,-0.445559,255
255,-0.434083,255
255,-0.464309,255
255,-0.468058,255
255,-0.450349,255
255,-0.465278,255
255,-0.44319,255
255,-0.490095,255
255,-0.442052,255
255,-0.456079,255
255,-0.486384,255
255,-0.451027,255
255,-0.423995,255
255,-0.404616,255
255,-0.41847,255
255,-0.432772,255
255,-0.412379,255
255,-0.471319,255
255,-0.477088,255
255,-0.390756,255
255,-0.461034,255
255,-0.41708,255
255,-0.470665,255
255,-0.415594,255
255,-0.416436,255
255,-0.462511,255
255,-0.469819,255
255,-0.457484,255
255,-0.485732,255
255,-0.442276,255
255,-0.505479,255
255,-0.417275,255
255,-0.424218,255
255,-0.453369,255
255,-0.482817,255
255,-0.440871,255
255,-0.41905,255
255,-0.455342,255
255,-0.422322,255
255,-0.442745,255
255,-0.442074,255
255,-0.45959,255
255,-0.415704,255
255,-0.394415,255
255,-0.446459,255
255,-0.440021,255
255,-0.459002,255
255,-0.468748,255
255,-0.460454,255
255,-0.488472,255
255,-0.417578,255
255,-0.480242,255
255,-0.424887,255
255,-0.502457,255
255,-0.461815,255
255,-0.467159,255
255,-0.441187,255
255,-0.433578,255
255,-0.460995,255
255,-0.433902,255
255,-0.449543,255
255,-0.515872,255
255,-0.46131,255
255,-0.442786,255
255,-0.459596,255
255,-0.426884,255
255,-0.461583,255
255,-0.450462,255
255,-0.418007,255
255,-0.471102,255
255,-0.273492,255
255,-0.266637,255
255,-0.297239,255
255,-0.424452,255
255,-0.454993,255
255,-0.434736,255
255,-0.485694,255
255,-0.478915,255
255,-0.458225,255
255,-0.414371,255
255,-0.465071,255
255,-0.490921,255
255,-0.448592,255
255,-0.430616,255
255,-0.488677,255
255,-0.417299,255
255,-0.485275,255
255,-0.479658,255
255,-0.438814,255
255,-0.428753,255
255,-0.491721,255
255,-0.478009,255
255,-0.458189,255
255,-0.451989,255
255,-0.442187,255
255,-0.435007,255
255,-0.463469,255
255,-0.470493,255
255,-0.434474,255
255,-0.420866,255
255,-0.442364,255
255,-0.451426,255
255,-0.424399,255
255,-0.444022,255
255,-0.460574,255
255,-0.511226,255
255,-0.448242,255
255,-0.44765,255
255,-0.498617,255
255,-0.456739,255
255,-0.435813,255
255,-0.419991,255
255,-0.432554,255
255,-0.434174,255
255,-0.417773,255
255,-0.443296,255
255,-0.434881,255
255,-0.451186,255
255,-0.492214,255
255,-0.431747,255
255,-0.406934,255
255,-0.487225,255
255,-0.479203,255
255,-0.448465,255
255,-0.440447,255
255,-0.41889,255
255,-0.453667,255
255,-0.442826,255
255,-0.439175,255
255,-0.448407,255
255,-0.44658,255
255,-0.465681,255
255,-0.514648,255
255,-0.462491,255
255,-0.444669,255
255,-0.460468,255
255,-0.454476,255
255,-0.492876,255
255,-0.493613,255
255,-0.459487,255
255,-0.422615,255
255,-0.482888,255
255,-0.43337,255
255,-0.443798,255
255,-0.453411,255
255,-0.439161,255
255,-0.427125,255
255,-0.443914,255
255,-0.475493,255
255,-0.449232,255
255,-0.46887,255
255,-0.452069,255
255,-0.477849,255
255,-0.42159,255
255,-0.458675,255
255,-0.452229,255
255,-0.444633,255
255,-0.482843,255
255,-0.44245,255
255,-0.425937,255
255,-0.431736,255
255,-0.413198,255
255,-0.459814,255
255,-0.493128,255
255,-0.447477,255
255,-0.475702,255
255,-0.469132,255
255,-0.444461,255
255,-0.40247,255
255,-0.415473,255
255,-0.411752,255
255,-0.450977,255
255,-0.439472,255
255,-0.450557,255
255,-0.464015,255
255,-0.494263,255
255,-0.50488,255
255,-0.480591,255
255,-0.459757,255
255,-0.473993,255
255,-0.442682,255
255,-0.526282,255
255,-0.479925,255
255,-0.438112,255
255,-0.483438,255
255,-0.42918,255
255,-0.503779,255
255,-0.423346,255
255,-0.457575,255
255,-0.438416,255
255,-0.423095,255
255,-0.47893,255
255,-0.45413,255
255,-0.490982,255
255,-0.470123,255
255,-0.482052,255
255,-0.502293,255
255,-0.498966,255
255,-0.450788,255
255,-0.410189,255
255,-0.466802,255
255,-0.45055,255
255,-0.445772,255
255,-0.474297,255
255,-0.422114,255
255,-0.465067,255
255,-0.445958,255
255,-0.493028,255
255,-0.435147,255
255,-0.503566,255
255,-0.452925,255
255,-0.444303,255
255,-0.44363,255
255,-0.468078,255
255,-0.435535,255
255,-0.445957,255
255,-0.460207,255
255,-0.464066,255
255,-0.482528,255
255,-0.448097,255
255,-0.406785,255
255,-0.484845,255
255,-0.45654,255
255,-0.518243,255
255,-0.475554,255
255,-0.511991,255
255,-0.476879,255
255,-0.457315,255
255,-0.412238,255
255,-0.52837,255
255,-0.478425,255
255,-0.495876,255
255,-0.447096,255
255,-0.456619,255
255,-0.443352,255
255,-0.488269,255
255,-0.450811,255
255,-0.422938,255
255,-0.415455,255
255,-0.45423,255
255,-0.458114,255
255,-0.283401,255
255,-0.283762,255
255,-0.244503,255
255,-0.479134,255
255,-0.466933,255
255,-0.46344,255
255,-0.463694,255
255,-0.496305,255
255,-0.471822,255
255,-0.433127,255
255,-0.467547,255
255,-0.460379,255
255,-0.444975,255
255,-0.427108,255
255,-0.440566,255
255,-0.458662,255
255,-0.449798,255
255,-0.454193,255
255,-0.406745,255
255,-0.443794,255
255,-0.452419,255
255,-0.445425,255
255,-0.476077,255
255,-0.473176,255
255,-0.453665,255
255,-0.455445,255
255,-0.483993,255
255,-0.440179,255
255,-0.426673,255
255,-0.44205,255
255,-0.482366,255
255,-0.483588,255
255,-0.464988,255
255,-0.501467,255
255,-0.460554,255
255,-0.448786,255
255,-0.432953,255
255,-0.501996,255
255,-0.508833,255
255,-0.484745,255
255,-0.410789,255
255,-0.465927,255
255,-0.445851,255
255,-0.492156,255
255,-0.475374,255
255,-0.481661,255
255,-0.457009,255
255,-0.428737,255
255,-0.503807,255
255,-0.495297,255
255,-0.441316,255
255,-0.459265,255
255,-0.455195,255
255,-0.478566,255
255,-0.450781,255
255,-0.473077,255
255,-0.417131,255
255,-0.429564,255
255,-0.426276,255
255,-0.458575,255
255,-0.481721,255
255,-0.418631,255
255,-0.453963,255
255,-0.446612,255
255,-0.446947,255
255,-0.467196,255
255,-0.46819,255
255,-0.452675,255
255,-0.438296,255
255,-0.435125,255
255,-0.477168,255
255,-0.455195,255
255,-0.449977,255
255,-0.431857,255
255,-0.479926,255
255,-0.449893,255
255,-0.428396,255
255,-0.40638,255
255,-0.472686,255
255,-0.497336,255
255,-0.479869,255
255,-0.450832,255
255,-0.445959,255
255,-0.466659,255
255,-0.509534,255
255,-0.439484,255
255,-0.462141,255
255,-0.462773,255
255,-0.420091,255
255,-0.480878,255
255,-0.471005,255
255,-0.43495,255
255,-0.4758,255
255,-0.478928,255
255,-0.446022,255
255,-0.450698,255
255,-0.429754,255
255,-0.439712,255
255,-0.463436,255
255,-0.468007,255
255,-0.493424,255
255,-0.455935,255
255,-0.43258,255
255,-0.456919,255
255,-0.471917,255
255,-0.436145,255
255,-0.458156,255
255,-0.450306,255
255,-0.477095,255
255,-0.414985,255
255,-0.444983,255
255,-0.438255,255
255,-0.474671,255
255,-0.454497,255
255,-0.423557,255
255,-0.454899,255
255,-0.456343,255
255,-0.474492,255
255,-0.455588,255
255,-0.474647,255
255,-0.444277,255
255,-0.449041,255
255,-0.464704,255
255,-0.467664,255
255,-0.442944,255
255,-0.515066,255
255,-0.491331,255
255,-0.417654,255
255,-0.421871,255
255,-0.428678,255
255,-0.480863,255
255,-0.463888,255
255,-0.497705,255
255,-0.501837,255
255,-0.441081,255
255,-0.467557,255
255,-0.475716,255
255,-0.440536,255
255,-0.422399,255
255,-0.479692,255
255,-0.469006,255
255,-0.460752,255
255,-0.43992,255
255,-0.470429,255
255,-0.450468,255
255,-0.433706,255
255,-0.387092,255
255,-0.442503,255
255,-0.470525,255
255,-0.475041,255
255,-0.428186,255
255,-0.471109,255
255,-0.456707,255
255,-0.478332,255
255,-0.477867,255
255,-0.459792,255
255,-0.479184,255
255,-0.460717,255
255,-0.432411,255
255,-0.453706,255
255,-0.443466,255
255,-0.461342,255
255,-0.496069,255
255,-0.545951,255
255,-0.455788,255
255,-0.464636,255
255,-0.485456,255
255,-0.449856,255
255,-0.425898,255
255,-0.438345,255
255,-0.43277,255
255,-0.252523,255
255,-0.277361,255
255,-0.411508,255
255,-0.440793,255
255,-0.446764,255
255,-0.438579,255
255,-0.418646,255
255,-0.452238,255
255,-0.439033,255
255,-0.431809,255
255,-0.467995,255
255,-0.414407,255
255,-0.413892,255
255,-0.436858,255
255,-0.492731,255
255,-0.46002,255
255,-0.465682,255
255,-0.466336,255
255,-0.425154,255
255,-0.4637,255
255,-0.472721,255
255,-0.441643,255
255,-0.46627,255
255,-0.423116,255
255,-0.460023,255
255,-0.436131,255
255,-0.504185,255
255,-0.448711,255
255,-0.426821,255
255,-0.455299,255
255,-0.429733,255
255,-0.484422,255
255,-0.424272,255
255,-0.451589,255
255,-0.456783,255
255,-0.45383,255
255,-0.420783,255
255,-0.426051,255
255,-0.435938,255
255,-0.465625,255
255,-0.476121,255
255,-0.463777,255
255,-0.425215,255
255,-0.490449,255
255,-0.476059,255
255,-0.504516,255
255,-0.455014,255
255,-0.431021,255
255,-0.41165,255
255,-0.440801,255
255,-0.467424,255
255,-0.436489,255
255,-0.496781,255
255,-0.454973,255
255,-0.421918,255
255,-0.427607,255
255,-0.418133,255
255,-0.435976,255
255,-0.462806,255
255,-0.406052,255
255,-0.457831,255
255,-0.478426,255
255,-0.459353,255
255,-0.452992,255
255,-0.442168,255
255,-0.451317,255
255,-0.479047,255
255,-0.460539,255
255,-0.440936,255
255,-0.483873,255
255,-0.447676,255
255,-0.430062,255
255,-0.439546,255
255,-0.477608,255
255,-0.47729,255
255,-0.412893,255
255,-0.456446,255
255,-0.463908,255
255,-0.436889,255
255,-0.420721,255
255,-0.448905,255
255,-0.44312,255
255,-0.448013,255
255,-0.450561,255
255,-0.463073,255
255,-0.401476,255
255,-0.448464,255
255,-0.454254,255
255,-0.485293,255
255,-0.473842,255
255,-0.445273,255
255,-0.445583,255
255,-0.444593,255
255,-0.483795,255
255,-0.457604,255
255,-0.508534,255
255,-0.463995,255
255,-0.457687,255
255,-0.483097,255
255,-0.437488,255
255,-0.506757,255
255,-0.465447,255
255,-0.428184,255
255,-0.471944,255
255,-0.482679,255
255,-0.447933,255
255,-0.395099,255
255,-0.443864,255
255,-0.459874,255
255,-0.465544,255
255,-0.445119,255
255,-0.459237,255
255,-0.454133,255
255,-0.469452,255
255,-0.431064,255
255,-0.469016,255
255,-0.495105,255
255,-0.470528,255
255,-0.430088,255
255,-0.428051,255
255,-0.43841,255
255,-0.479166,255
255,-0.472406,255
255,-0.443257,255
255,-0.457289,255
255,-0.466862,255
255,-0.461022,255
255,-0.490349,255
255,-0.456221,255
255,-0.455311,255
255,-0.463421,255
255,-0.437628,255
255,-0.486372,255
255,-0.462421,255
255,-0.499108,255
255,-0.461948,255
255,-0.481611,255
255,-0.461226,255
255,-0.458585,255
255,-0.457706,255
255,-0.469569,255
255,-0.413965,255
255,-0.468286,255
255,-0.443203,255
255,-0.438752,255
255,-0.436451,255
255,-0.474844,255
255,-0.444272,255
255,-0.440887,255
255,-0.435197,255
255,-0.453739,255
255,-0.449773,255
255,-0.464608,255
255,-0.462139,255
255,-0.449405,255
255,-0.453256,255
255,-0.444218,255
255,-0.468952,255
255,-0.407371,255
255,-0.489143,255
255,-0.469331,255
255,-0.478501,255
255,-0.458715,255
255,-0.456636,255
255,-0.440632,255
255,-0.446346,255
255,-0.438789,255
255,-0.482329,255
255,-0.487824,255
255,-0.419918,255
255,-0.221693,255
255,-0.268652,255
255,-0.272524,255
255,-0.515596,255
255,-0.447742,255
255,-0.460129,255
255,-0.46898,255
255,-0.449143,255
255,-0.46792,255
255,-0.451175,255
255,-0.490459,255
255,-0.473633,255
255,-0.423154,255
255,-0.494635,255
255,-0.463406,255
255,-0.474863,255
255,-0.438174,255
255,-0.42895,255
255,-0.515208,255
255,-0.452757,255
255,-0.420607,255
255,-0.473683,255
255,-0.416396,255
255,-0.443755,255
255,-0.476568,255
255,-0.473849,255
255,-0.452817,255
255,-0.471224,255
255,-0.430337,255
255,-0.481068,255
255,-0.461036,255
255,-0.442917,255
255,-0.429597,255
255,-0.389271,255
255,-0.496342,255
255,-0.424037,255
255,-0.450007,255
255,-0.457012,255
255,-0.483524,255
255,-0.386261,255
255,-0.500267,255
255,-0.41206,255
255,-0.433968,255
255,-0.452519,255
255,-0.424902,255
255,-0.456079,255
255,-0.452838,255
255,-0.425663,255
255,-0.439826,255
255,-0.449387,255
255,-0.494095,255
255,-0.455497,255
255,-0.458579,255
255,-0.460215,255
255,-0.490019,255
255,-0.423545,255
255,-0.435263,255
255,-0.507531,255
255,-0.446841,255
255,-0.470933,255
255,-0.439029,255
255,-0.434666,255
255,-0.475813,255
255,-0.493401,255
255,-0.46935,255
255,-0.453838,255
255,-0.435155,255
255,-0.436326,255
255,-0.448353,255
255,-0.449291,255
255,-0.410988,255
255,-0.420196,255
255,-0.496546,255
255,-0.443076,255
255,-0.470373,255
255,-0.474517,255
255,-0.442774,255
255,-0.421892,255
255,-0.457731,255
255,-0.464465,255
255,-0.418101,255
255,-0.481404,255
255,-0.439571,255
255,-0.425859,255
255,-0.391507,255
255,-0.427622,255
255,-0.469932,255
255,-0.46316,255
255,-0.409837,255
255,-0.494465,255
255,-0.457886,255
255,-0.428282,255
255,-0.428944,255
255,-0.448268,255
255,-0.499775,255
255,-0.430992,255
255,-0.431903,255
255,-0.496027,255
255,-0.417377,255
255,-0.442712,255
255,-0.486223,255
255,-0.489028,255
255,-0.419656,255
255,-0.398919,255
255,-0.432096,255
255,-0.428723,255
255,-0.468878,255
255,-0.4114,255
255,-0.51792,255
255,-0.419147,255
255,-0.414672,255
255,-0.467382,255
255,-0.435069,255
255,-0.476481,255
255,-0.447373,255
255,-0.453687,255
255,-0.442047,255
255,-0.442002,255
255,-0.414132,255
255,-0.449057,255
255,-0.478435,255
255,-0.462198,255
255,-0.490487,255
255,-0.404753,255
255,-0.482292,255
255,-0.456639,255
255,-0.46026,255
255,-0.479504,255
255,-0.444368,255
255,-0.467481,255
255,-0.426209,255
255,-0.45888,255
255,-0.461994,255
255,-0.422747,255
255,-0.506921,255
255,-0.451219,255
255,-0.485871,255
255,-0.459805,255
255,-0.501946,255
255,-0.466073,255
255,-0.480357,255
255,-0.44774,255
255,-0.425683,255
255,-0.422145,255
255,-0.452043,255
255,-0.481951,255
255,-0.438549,255
255,-0.465061,255
255,-0.488874,255
255,-0.493515,255
255,-0.418963,255
255,-0.408352,255
255,-0.449995,255
255,-0.479676,255
255,-0.465005,255
255,-0.44724,255
255,-0.405633,255
255,-0.445231,255
255,-0.495684,255
255,-0.434144,255
255,-0.430876,255
255,-0.431661,255
255,-0.440487,255
255,-0.431626,255
255,-0.454988,255
255,-0.472087,255
255,-0.440978,255
255,-0.505037,255
255,-0.428477,255
255,-0.456705,255
255,-0.426064,255
255,-0.215083,255
255,-0.270735,255
255,-0.253838,255
255,-0.41224,255
255,-0.492756,255
255,-0.43829,255
255,-0.45274,255
255,-0.497801,255
255,-0.440726,255
255,-0.434235,255
255,-0.43068,255
255,-0.425143,255
255,-0.447088,255
255,-0.45693,255
255,-0.412538,255
255,-0.464263,255
255,-0.471552,255
255,-0.472777,255
255,-0.444393,255
255,-0.445106,255
255,-0.45663,255
255,-0.464741,255
255,-0.436188,255
255,-0.423995,255
255,-0.427197,255
255,-0.486087,255
255,-0.420295,255
255,-0.471873,255
255,-0.489946,255
255,-0.487925,255
255,-0.426156,255
255,-0.465924,255
255,-0.423226,255
255,-0.492078,255
255,-0.434167,255
255,-0.473974,255
255,-0.462766,255
255,-0.469928,255
255,-0.506038,255
255,-0.44004,255
255,-0.422031,255
255,-0.478528,255
255,-0.488525,255
255,-0.428891,255
255,-0.496551,255
255,-0.482499,255
255,-0.467069,255
255,-0.447031,255
255,-0.474879,255
255,-0.476379,255
255,-0.474101,255
255,-0.498708,255
255,-0.478738,255
255,-0.454836,255
255,-0.462967,255
255,-0.463926,255
255,-0.448701,255
255,-0.45891,255
255,-0.432581,255
255,-0.464409,255
255,-0.418088,255
255,-0.460526,255
255,-0.438889,255
255,-0.463025,255
255,-0.451949,255
255,-0.489859,255
255,-0.460577,255
255,-0.453901,255
255,-0.448397,255
255,-0.492811,255
255,-0.490026,255
255,-0.461468,255
255,-0.490277,255
255,-0.483554,255
255,-0.4,255
255,-0.473496,255
255,-0.42388,255
255,-0.452061,255
255,-0.465452,255
255,-0.471124,255
255,-0.4553,255
255,-0.447834,255
255,-0.505144,255
255,-0.442795,255
255,-0.430287,255
255,-0.397741,255
255,-0.452994,255
255,-0.479371,255
255,-0.453574,255
255,-0.46109,255
255,-0.455506,255
255,-0.457799,255
255,-0.439076,255
255,-0.446089,255
255,-0.426957,255
255,-0.441241,255
255,-0.444294,255
255,-0.434971,255
255,-0.438082,255
255,-0.507099,255
255,-0.433096,255
255,-0.434192,255
255,-0.453905,255
255,-0.443038,255
255,-0.426028,255
255,-0.479196,255
255,-0.498095,255
255,-0.438226,255
255,-0.437904,255
255,-0.455205,255
255,-0.426964,255
255,-0.468072,255
255,-0.473703,255
255,-0.441434,255
255,-0.467187,255
255,-0.463665,255
255,-0.430336,255
255,-0.462305,255
255,-0.465743,255
255,-0.465287,255
255,-0.445378,255
255,-0.426983,255
255,-0.445851,255
255,-0.473533,255
255,-0.480496,255
255,-0.40805,255
255,-0.475569,255
255,-0.453068,255
255,-0.409472,255
255,-0.455422,255
255,-0.452105,255
255,-0.412356,255
255,-0.379997,255
255,-0.426231,255
255,-0.435228,255
255,-0.418746,255
255,-0.494251,255
255,-0.434073,255
255,-0.423211,255
255,-0.46688,255
255,-0.397931,255
255,-0.452212,255
255,-0.457552,255
255,-0.408415,255
255,-0.44874,255
255,-0.430178,255
255,-0.442721,255
255,-0.50244,255
255,-0.457196,255
255,-0.484637,255
255,-0.466774,255
255,-0.476808,255
255,-0.489931,255
255,-0.436017,255
255,-0.483339,255
255,-0.451844,255
255,-0.492883,255
255,-0.449714,255
255,-0.449768,255
255,-0.42778,255
255,-0.472724,255
255,-0.507289,255
255,-0.437683,255
255,-0.460415,255
255,-0.451106,255
255,-0.50284,255
255,-0.426907,255
255,-0.445515,255
255,-0.432803,255
255,-0.433018,255
255,-0.452692,255
255,-0.275001,255
255,-0.246517,255
255,-0.457734,255
255,-0.447558,255
255,-0.465938,255
255,-0.448293,255
255,-0.452869,255
255,-0.400451,255
255,-0.45154,255
255,-0.475228,255
255,-0.492242,255
255,-0.431224,255
255,-0.452443,255
255,-0.411845,255
255,-0.414721,255
255,-0.437051,255
255,-0.431156,255
255,-0.46073,255
255,-0.445629,255
255,-0.491042,255
255,-0.480405,255
255,-0.421062,255
255,-0.430151,255
255,-0.435661,255
255,-0.462241,255
255,-0.466027,255
255,-0.460441,255
255,-0.450272,255
255,-0.406306,255
255,-0.468755,255
255,-0.467533,255
255,-0.460618,255
255,-0.432598,255
255,-0.47185,255
255,-0.430164,255
255,-0.491806,255
255,-0.47615,255
255,-0.435544,255
255,-0.46729,255
255,-0.459232,255
255,-0.467026,255
255,-0.432161,255
255,-0.43666,255
255,-0.456811,255
255,-0.425796,255
255,-0.448556,255
255,-0.450106,255
255,-0.480044,255
255,-0.496298,255
255,-0.470829,255
255,-0.485505,255
255,-0.409546,255
255,-0.464928,255
255,-0.438876,255
255,-0.463682,255
255,-0.464698,255
255,-0.468273,255
255,-0.434999,255
255,-0.455646,255
255,-0.420983,255
255,-0.427022,255
255,-0.46601,255
255,-0.461609,255
255,-0.490924,255
255,-0.471617,255
255,-0.454932,255
255,-0.458484,255
255,-0.460662,255
255,-0.408898,255
255,-0.422389,255
255,-0.4492,255
255,-0.405605,255
255,-0.449459,255
255,-0.411847,255
255,-0.401064,255
255,-0.421754,255
255,-0.419046,255
255,-0.449347,255
255,-0.450965,255
255,-0.473061,255
255,-0.464144,255
255,-0.472664,255
255,-0.459023,255
255,-0.456738,255
255,-0.443757,255
255,-0.464582,255
255,-0.435472,255
255,-0.427415,255
255,-0.404452,255
255,-0.447752,255
255,-0.43349,255
255,-0.498452,255
255,-0.476484,255
255,-0.491681,255
255,-0.428414,255
255,-0.466415,255
255,-0.448635,255
255,-0.508522,255
255,-0.453403,255
255,-0.453864,255
255,-0.420745,255
255,-0.443062,255
255,-0.435954,255
255,-0.441361,255
255,-0.406438,255
255,-0.463107,255
255,-0.462808,255
255,-0.434259,255
255,-0.46763,255
255,-0.43641,255
255,-0.43087,255
255,-0.470226,255
255,-0.445988,255
255,-0.441665,255
255,-0.434769,255
255,-0.467573,255
255,-0.487599,255
255,-0.454205,255
255,-0.409628,255
255,-0.437622,255
255,-0.445186,255
255,-0.474732,255
255,-0.42562,255
255,-0.450993,255
255,-0.41651,255
255,-0.465865,255
255,-0.455457,255
255,-0.406019,255
255,-0.474947,255
255,-0.484858,255
255,-0.415624,255
255,-0.439433,255
255,-0.480621,255
255,-0.495543,255
255,-0.460445,255
255,-0.445392,255
255,-0.442109,255
255,-0.422807,255
255,-0.430562,255
255,-0.449661,255
255,-0.461377,255
255,-0.455438,255
255,-0.467962,255
255,-0.427982,255
255,-0.459625,255
255,-0.477248,255
255,-0.452199,255
255,-0.466856,255
255,-0.455862,255
255,-0.472581,255
255,-0.438876,255
255,-0.425629,255
255,-0.432401,255
255,-0.442979,255
255,-0.4482,255
255,-0.476557,255
255,-0.436634,255
255,-0.47433,255
255,-0.50558,255
255,-0.44315,255
255,-0.454848,255
255,-0.459009,255
255,-0.465556,255
255,-0.448356,255
255,-0.471343,255
255,-0.433563,255
255,-0.451307,255
255,-0.445923,255
255,-0.443509,255
255,-0.419942,255
255,-0.257368,255
255,-0.226596,255
255,-0.225562,255
255,-0.470827,255
255,-0.44577,255
255,-0.459072,255
255,-0.474643,255
255,-0.467435,255
255,-0.461382,255
255,-0.40175,255
255,-0.477818,255
255,-0.499968,255
255,-0.455213,255
255,-0.424729,255
255,-0.478372,255
255,-0.420287,255
255,-0.440425,255
255,-0.43124,255
255,-0.414926,255
255,-0.447194,255
255,-0.470348,255
255,-0.470014,255
255,-0.498498,255
255,-0.415799,255
255,-0.465112,255
255,-0.433344,255
255,-0.442526,255
255,-0.437267,255
255,-0.463714,255
255,-0.468993,255
255,-0.451531,255
255,-0.466249,255
255,-0.453068,255
255,-0.452389,255
255,-0.486691,255
255,-0.460347,255
255,-0.453038,255
255,-0.462173,255
255,-0.51032,255
255,-0.434325,255
255,-0.488632,255
255,-0.448709,255
255,-0.475846,255
255,-0.471544,255
255,-0.456167,255
255,-0.458933,255
255,-0.462308,255
255,-0.453743,255
255,-0.457959,255
255,-0.420627,255
255,-0.474173,255
255,-0.416719,255
255,-0.459302,255
255,-0.48111,255
255,-0.453051,255
255,-0.400713,255
255,-0.478852,255
255,-0.480861,255
255,-0.451561,255
255,-0.4356,255
255,-0.48984,255
255,-0.461342,255
255,-0.458854,255
255,-0.468557,255
255,-0.466071,255
255,-0.451666,255
255,-0.460258,255
255,-0.474154,255
255,-0.452639,255
255,-0.428883,255
255,-0.474368,255
255,-0.432368,255
255,-0.46927,255
255,-0.418171,255
255,-0.464664,255
255,-0.445147,255
255,-0.423989,255
255,-0.44484,255
255,-0.425721,255
255,-0.47415,255
255,-0.436953,255
255,-0.485193,255
255,-0.444879,255
255,-0.496721,255
255,-0.410589,255
255,-0.465786,255
255,-0.446652,255
255,-0.438146,255
255,-0.43916,255
255,-0.440952,255
255,-0.478559,255
255,-0.442282,255
255,-0.462841,255
255,-0.4671,255
255,-0.477454,255
255,-0.467433,255
255,-0.492243,255
255,-0.40744,255
255,-0.476548,255
255,-0.396112,255
255,-0.458848,255
255,-0.425977,255
255,-0.476254,255
255,-0.439215,255
255,-0.450811,255
255,-0.407513,255
255,-0.41825,255
255,-0.487247,255
255,-0.484244,255
255,-0.474926,255
255,-0.486166,255
255,-0.468056,255
255,-0.421009,255
255,-0.518165,255
255,-0.501418,255
255,-0.478883,255
255,-0.456057,255
255,-0.456786,255
255,-0.400234,255
255,-0.439538,255
255,-0.418233,255
255,-0.47783,255
255,-0.463075,255
255,-0.456385,255
255,-0.479209,255
255,-0.469721,255
255,-0.418616,255
255,-0.476681,255
255,-0.458577,255
255,-0.472038,255
255,-0.477804,255
255,-0.446602,255
255,-0.475364,255
255,-0.457735,255
255,-0.460626,255
255,-0.443071,255
255,-0.46872,255
255,-0.474039,255
255,-0.468382,255
255,-0.457031,255
255,-0.470644,255
255,-0.461698,255
255,-0.458484,255
255,-0.441605,255
255,-0.507095,255
255,-0.45081,255
255,-0.422222,255
255,-0.461229,255
255,-0.420766,255
255,-0.447079,255
255,-0.498037,255
255,-0.460479,255
255,-0.462724,255
255,-0.452855,255
255,-0.441873,255
255,-0.410644,255
255,-0.422484,255
255,-0.478575,255
255,-0.449687,255
255,-0.466918,255
255,-0.43074,255
255,-0.488408,255
255,-0.430732,255
255,-0.44644,255
255,-0.463437,255
255,-0.450278,255
255,-0.465219,255
255,-0.475009,255
255,-0.449585,255
255,-0.479879,255
255,-0.440389,255
255,-0.269653,255
255,-0.266749,255
255,-0.294957,255
255,-0.42605,255
255,-0.42147,255
255,-0.455722,255
255,-0.451704,255
255,-0.444017,255
255,-0.418485,255
255,-0.450235,255
255,-0.43797,255
255,-0.430795,255
255,-0.441292,255
255,-0.442636,255
255,-0.437198,255
255,-0.475144,255
255,-0.454544,255
255,-0.460045,255
255,-0.475925,255
255,-0.454783,255
255,-0.481265,255
255,-0.469128,255
255,-0.469836,255
255,-0.452116,255
255,-0.45871,255
255,-0.470283,255
255,-0.42732,255
255,-0.462244,255
255,-0.458425,255
255,-0.461798,255
255,-0.440863,255
255,-0.471129,255
255,-0.460589,255
255,-0.402305,255
255,-0.442473,255
255,-0.456746,255
255,-0.447285,255
255,-0.438208,255
255,-0.446763,255
255,-0.476406,255
255,-0.50875,255
255,-0.479748,255
255,-0.460632,255
255,-0.479771,255
255,-0.508347,255
255,-0.459475,255
255,-0.472423,255
255,-0.48581,255
255,-0.436985,255
255,-0.477522,255
255,-0.420387,255
255,-0.458836,255
255,-0.408379,255
255,-0.473628,255
255,-0.455158,255
255,-0.428224,255
255,-0.465228,255
255,-0.397975,255
255,-0.395737,255
255,-0.447686,255
255,-0.453599,255
255,-0.405579,255
255,-0.428394,255
255,-0.449585,255
255,-0.462902,255
255,-0.419233,255
255,-0.440358,255
255,-0.428546,255
255,-0.450692,255
255,-0.458221,255
255,-0.440057,255
255,-0.434325,255
255,-0.439252,255
255,-0.433313,255
255,-0.440394,255
255,-0.480542,255
255,-0.459507,255
255,-0.456134,255
255,-0.449782,255
255,-0.420784,255
255,-0.435594,255
255,-0.417844,255
255,-0.449783,255
255,-0.479659,255
255,-0.453903,255
255,-0.438519,255
255,-0.416265,255
255,-0.434952,255
255,-0.437407,255
255,-0.4609,255
255,-0.446337,255
255,-0.43922,255
255,-0.464125,255
255,-0.434496,255
255,-0.4668,255
255,-0.459056,255
255,-0.404256,255
255,-0.470802,255
255,-0.432975,255
255,-0.492495,255
255,-0.441703,255
255,-0.477691,255
255,-0.432734,255
255,-0.425449,255
255,-0.457015,255
255,-0.447171,255
255,-0.441177,255
255,-0.424041,255
255,-0.5049,255
255,-0.477829,255
255,-0.402794,255
255,-0.444834,255
255,-0.484349,255
255,-0.433853,255
255,-0.487314,255
255,-0.493869,255
255,-0.469043,255
255,-0.440355,255
255,-0.456919,255
255,-0.478096,255
255,-0.461929,255
255,-0.41962,255
255,-0.415961,255
255,-0.433592,255
255,-0.442766,255
255,-0.458123,255
255,-0.434239,255
255,-0.461635,255
255,-0.492057,255
255,-0.445225,255
255,-0.425353,255
255,-0.462449,255
255,-0.451653,255
255,-0.476256,255
255,-0.490143,255
255,-0.459766,255
255,-0.481896,255
255,-0.411198,255
255,-0.418328,255
255,-0.460597,255
255,-0.434699,255
255,-0.471536,255
255,-0.433716,255
255,-0.459459,255
255,-0.394226,255
255,-0.461318,255
255,-0.44845,255
255,-0.478638,255
255,-0.501495,255
255,-0.446544,255
255,-0.427132,255
255,-0.446293,255
255,-0.469951,255
255,-0.431533,255
255,-0.482293,255
255,-0.448369,255
255,-0.488903,255
255,-0.444941,255
255,-0.446452,255
255,-0.474335,255
255,-0.43798,255
255,-0.434919,255
255,-0.515285,255
255,-0.433344,255
255,-0.464577,255
255,-0.42016,255
255,-0.407538,255
255,-0.480985,255
255,-0.483829,255
255,-0.471429,255
255,-0.468755,255
255,-0.262069,255
255,-0.268559,255
255,-0.426987,255
255,-0.461938,255
255,-0.460008,255
255,-0.478977,255
255,-0.397722,255
255,-0.439164,255
255,-0.484072,255
255,-0.485655,255
255,-0.467665,255
255,-0.419128,255
255,-0.400493,255
255,-0.467509,255
255,-0.462465,255
255,-0.442885,255
255,-0.449381,255
255,-0.436026,255
255,-0.489217,255
255,-0.465949,255
255,-0.449588,255
255,-0.467012,255
255,-0.468203,255
255,-0.394415,255
255,-0.445938,255
255,-0.478159,255
255,-0.419182,255
255,-0.436205,255
255,-0.464149,255
255,-0.438412,255
255,-0.436821,255
255,-0.462783,255
255,-0.460103,255
255,-0.47922,255
255,-0.453581,255
255,-0.442764,255
255,-0.453813,255
255,-0.412906,255
255,-0.458919,255
255,-0.450208,255
255,-0.466891,255
255,-0.458882,255
255,-0.460887,255
255,-0.449363,255
255,-0.448718,255
255,-0.444891,255
255,-0.469985,255
255,-0.416566,255
255,-0.436202,255
255,-0.466139,255
255,-0.419437,255
255,-0.443617,255
255,-0.467978,255
255,-0.481608,255
255,-0.430815,255
255,-0.447922,255
255,-0.455373,255
255,-0.477544,255
255,-0.462538,255
255,-0.426164,255
255,-0.46963,255
255,-0.422081,255
255,-0.444863,255
255,-0.496556,255
255,-0.473674,255
255,-0.445659,255
255,-0.45757,255
255,-0.417053,255
255,-0.448598,255
255,-0.457495,255
255,-0.481564,255
255,-0.461346,255
255,-0.458684,255
255,-0.431532,255
255,-0.421379,255
255,-0.469036,255
255,-0.435584,255
255,-0.458811,255
255,-0.496237,255
255,-0.480456,255
255,-0.477692,255
255,-0.45236,255
255,-0.493398,255
255,-0.482382,255
255,-0.469954,255
255,-0.463939,255
255,-0.436732,255
255,-0.441633,255
255,-0.441407,255
255,-0.46325,255
255,-0.432054,255
255,-0.480389,255
255,-0.471236,255
255,-0.430698,255
255,-0.436023,255
255,-0.454305,255
255,-0.43605,255
255,-0.488426,255
255,-0.479626,255
255,-0.448359,255
255,-0.435204,255
255,-0.449049,255
255,-0.45186,255
255,-0.469001,255
255,-0.464194,255
255,-0.442641,255
255,-0.411035,255
255,-0.473811,255
255,-0.445517,255
255,-0.427761,255
255,-0.407358,255
255,-0.476363,255
255,-0.458436,255
255,-0.503556,255
255,-0.488924,255
255,-0.427585,255
255,-0.488254,255
255,-0.437325,255
255,-0.460764,255
255,-0.442933,255
255,-0.489189,255
255,-0.43642,255
255,-0.480331,255
255,-0.495374,255
255,-0.409316,255
255,-0.467062,255
255,-0.486725,255
255,-0.421381,255
255,-0.449557,255
255,-0.455307,255
255,-0.434985,255
255,-0.426977,255
255,-0.480918,255
255,-0.452491,255
255,-0.424208,255
255,-0.477644,255
255,-0.411583,255
255,-0.424141,255
255,-0.455303,255
255,-0.438551,255
255,-0.449136,255
255,-0.439304,255
255,-0.419707,255
255,-0.431797,255
255,-0.424923,255
255,-0.482611,255
255,-0.43359,255
255,-0.509411,255
255,-0.419713,255
255,-0.416272,255
255,-0.457016,255
255,-0.445,255
255,-0.448232,255
255,-0.429899,255
255,-0.406893,255
255,-0.401546,255
255,-0.45326,255
255,-0.490693,255
255,-0.42775,255
255,-0.466184,255
255,-0.412948,255
255,-0.493514,255
255,-0.419694,255
255,-0.464602,255
255,-0.447328,255
255,-0.455913,255
255,-0.509201,255
255,-0.434881,255
255,-0.389264,255
255,-0.488616,255
255,-0.244253,255
255,-0.215494,255
255,-0.239218,255
255,-0.455008,255
255,-0.413856,255
255,-0.453993,255
255,-0.478742,255
255,-0.411865,255
255,-0.475755,255
255,-0.426065,255
255,-0.486365,255
255,-0.466694,255
255,-0.455273,255
255,-0.463129,255
255,-0.466739,255
255,-0.440324,255
255,-0.434478,255
255,-0.42383,255
255,-0.42814,255
255,-0.518952,255
255,-0.48711,255
255,-0.431411,255
255,-0.437244,255
255,-0.448153,255
255,-0.407848,255
255,-0.47064,255
255,-0.496441,255
255,-0.483267,255
255,-0.461474,255
255,-0.424552,255
255,-0.482557,255
255,-0.455409,255
255,-0.441917,255
255,-0.487955,255
255,-0.487231,255
255,-0.468005,255
255,-0.461283,255
255,-0.42769,255
255,-0.492107,255
255,-0.498859,255
255,-0.477094,255
255,-0.515747,255
255,-0.447427,255
255,-0.467365,255
255,-0.454464,255
255,-0.475332,255
255,-0.443933,255
255,-0.409426,255
255,-0.469225,255
255,-0.467444,255
255,-0.408604,255
255,-0.461206,255
255,-0.463416,255
255,-0.494144,255
255,-0.492087,255
255,-0.452729,255
255,-0.431083,255
255,-0.446737,255
255,-0.434895,255
255,-0.46729,255
255,-0.424339,255
255,-0.436023,255
255,-0.472263,255
255,-0.491539,255
255,-0.44744,255
255,-0.49859,255
255,-0.446287,255
255,-0.444221,255
255,-0.445731,255
255,-0.444348,255
255,-0.441032,255
255,-0.454738,255
255,-0.507506,255
255,-0.47368,255
255,-0.46783,255
255,-0.418233,255
255,-0.407695,255
255,-0.439307,255
255,-0.491233,255
255,-0.471988,255
255,-0.47258,255
255,-0.476815,255
255,-0.472777,255
255,-0.458627,255
255,-0.406289,255
255,-0.451809,255
255,-0.459647,255
255,-0.451851,255
255,-0.451518,255
255,-0.473981,255
255,-0.447791,255
255,-0.424941,255
255,-0.447474,255
255,-0.465759,255
255,-0.44111,255
255,-0.375392,255
255,-0.43093,255
255,-0.44754,255
255,-0.470224,255
255,-0.456574,255
255,-0.459734,255
255,-0.436991,255
255,-0.464602,255
255,-0.449348,255
255,-0.449383,255
255,-0.411114,255
255,-0.464508,255
255,-0.480625,255
255,-0.45449,255
255,-0.449054,255
255,-0.431333,255
255,-0.477943,255
255,-0.44849,255
255,-0.48016,255
255,-0.50898,255
255,-0.463551,255
255,-0.469102,255
255,-0.474879,255
255,-0.48335,255
255,-0.444914,255
255,-0.437545,255
255,-0.49677,255
255,-0.423767,255
255,-0.46663,255
255,-0.471541,255
255,-0.43488,255
255,-0.417827,255
255,-0.45239,255
255,-0.40041,255
255,-0.459398,255
255,-0.463878,255
255,-0.419924,255
255,-0.443849,255
255,-0.372881,255
255,-0.443077,255
255,-0.481532,255
255,-0.449727,255
255,-0.471137,255
255,-0.455113,255
255,-0.458327,255
255,-0.420058,255
255,-0.42087,255
255,-0.478968,255
255,-0.418543,255
255,-0.464201,255
255,-0.429252,255
255,-0.445049,255
255,-0.428708,255
255,-0.480675,255
255,-0.507373,255
255,-0.43774,255
255,-0.46874,255
255,-0.460135,255
255,-0.419495,255
255,-0.421149,255
255,-0.429298,255
255,-0.491551,255
255,-0.468537,255
255,-0.434162,255
255,-0.433778,255
255,-0.449384,255
255,-0.448557,255
255,-0.476031,255
255,-0.480808,255
255,-0.449544,255
255,-0.442113,255
255,-0.423269,255
255,-0.457684,255
255,-0.461445,255
255,-0.445725,255
255,-0.457773,255
255,-0.259885,255
255,-0.27966,255
255,-0.261255,255
255,-0.439155,255
255,-0.435997,255
255,-0.473856,255
255,-0.457597,255
255,-0.48053,255
255,-0.475858,255
255,-0.448215,255
255,-0.443061,255
255,-0.455871,255
255,-0.466741,255
255,-0.465341,255
255,-0.416116,255
255,-0.387435,255
255,-0.46157,255
255,-0.445283,255
255,-0.46064,255
255,-0.429135,255
255,-0.460477,255
255,-0.451268,255
255,-0.452791,255
255,-0.494542,255
255,-0.476044,255
255,-0.482494,255
255,-0.426311,255
255,-0.428658,255
255,-0.492992,255
255,-0.495422,255
255,-0.427922,255
255,-0.465522,255
255,-0.456823,255
255,-0.484597,255
255,-0.430856,255
255,-0.450511,255
255,-0.472499,255
255,-0.450458,255
255,-0.443244,255
255,-0.442986,255
255,-0.417254,255
255,-0.472025,255
255,-0.434523,255
255,-0.441188,255
255,-0.465624,255
255,-0.44281,255
255,-0.45927,255
255,-0.501258,255
255,-0.459708,255
255,-0.470269,255
255,-0.443297,255
255,-0.496012,255
255,-0.434739,255
255,-0.479443,255
255,-0.477543,255
255,-0.450429,255
255,-0.468943,255
255,-0.456901,255
255,-0.456408,255
255,-0.445985,255
255,-0.45411,255
255,-0.460612,255
255,-0.519412,255
255,-0.442284,255
255,-0.395095,255
255,-0.419648,255
255,-0.476768,255
255,-0.47762,255
255,-0.465764,255
255,-0.416138,255
255,-0.425818,255
255,-0.464623,255
255,-0.443059,255
255,-0.447406,255
255,-0.42314,255
255,-0.410451,255
255,-0.432616,255
255,-0.474987,255
255,-0.43724,255
255,-0.514916,255
255,-0.473814,255
255,-0.420619,255
255,-0.454084,255
255,-0.458202,255
255,-0.484237,255
255,-0.456453,255
255,-0.471729,255
255,-0.483804,255
255,-0.495113,255
255,-0.43197,255
255,-0.438819,255
255,-0.434856,255
255,-0.463788,255
255,-0.462176,255
255,-0.449329,255
255,-0.447587,255
255,-0.463475,255
255,-0.482972,255
255,-0.453573,255
255,-0.430551,255
255,-0.439995,255
255,-0.43927,255
255,-0.430213,255
255,-0.445166,255
255,-0.475468,255
255,-0.463737,255
255,-0.466856,255
255,-0.456702,255
255,-0.430081,255
255,-0.475332,255
255,-0.446094,255
255,-0.456764,255
255,-0.464638,255
255,-0.495094,255
255,-0.505631,255
255,-0.437867,255
255,-0.427192,255
255,-0.481206,255
255,-0.456935,255
255,-0.468629,255
255,-0.479899,255
255,-0.471842,255
255,-0.4492,255
255,-0.45365,255
255,-0.478734,255
255,-0.480729,255
255,-0.466597,255
255,-0.445401,255
255,-0.42064,255
255,-0.473192,255
255,-0.435245,255
255,-0.432479,255
255,-0.366561,255
255,-0.464706,255
255,-0.463633,255
255,-0.478925,255
255,-0.415354,255
255,-0.47096,255
255,-0.468752,255
255,-0.437564,255
255,-0.498818,255
255,-0.449421,255
255,-0.451002,255
255,-0.437898,255
255,-0.457101,255
255,-0.429537,255
255,-0.492798,255
255,-0.503692,255
255,-0.449029,255
255,-0.472462,255
255,-0.479961,255
255,-0.49299,255
255,-0.444665,255
255,-0.447298,255
255,-0.442497,255
255,-0.445521,255
255,-0.447109,255
255,-0.474061,255
255,-0.438722,255
255,-0.477656,255
255,-0.422014,255
255,-0.492865,255
255,-0.49186,255
255,-0.504102,255
255,-0.429421,255
255,-0.531763,255
255,-0.451747,255
255,-0.448067,255
255,-0.466461,255
255,-0.482655,255
255,-0.462342,255
255,-0.249557,255
255,-0.29508,255
255,-0.455383,255
255,-0.462774,255
255,-0.469242,255
255,-0.473196,255
255,-0.479953,255
255,-0.48306,255
255,-0.435168,255
255,-0.421359,255
255,-0.451532,255
255,-0.475705,255
255,-0.444352,255
255,-0.406545,255
255,-0.466352,255
255,-0.438189,255
255,-0.455318,255
255,-0.47859,255
255,-0.461354,255
255,-0.422912,255
255,-0.478363,255
255,-0.435836,255
255,-0.447616,255
255,-0.434516,255
255,-0.429921,255
255,-0.450615,255
255,-0.424015,255
255,-0.469993,255
255,-0.441761,255
255,-0.467546,255
255,-0.435782,255
255,-0.469145,255
255,-0.494057,255
255,-0.473093,255
255,-0.448578,255
255,-0.464562,255
255,-0.484358,255
255,-0.452821,255
255,-0.428189,255
255,-0.474841,255
255,-0.464636,255
255,-0.46276,255
255,-0.448368,255
255,-0.448231,255
255,-0.440095,255
255,-0.42493,255
255,-0.47178,255
255,-0.423456,255
255,-0.458455,255
255,-0.421003,255
255,-0.421081,255
255,-0.45657,255
255,-0.469622,255
255,-0.449525,255
255,-0.493008,255
255,-0.464593,255
255,-0.452308,255
255,-0.46774,255
255,-0.50913,255
255,-0.455423,255
255,-0.431414,255
255,-0.4434,255
255,-0.455532,255
255,-0.45161,255
255,-0.494621,255
255,-0.412071,255
255,-0.477937,255
255,-0.459035,255
255,-0.442879,255
255,-0.423666,255
255,-0.427462,255
255,-0.453273,255
255,-0.455287,255
255,-0.487208,255
255,-0.449041,255
255,-0.424183,255
255,-0.441063,255
255,-0.486378,255
255,-0.470619,255
255,-0.434701,255
255,-0.490309,255
255,-0.482541,255
255,-0.457739,255
255,-0.439673,255
255,-0.438422,255
255,-0.457109,255
255,-0.473154,255
255,-0.466297,255
255,-0.422076,255
255,-0.459027,255
255,-0.43114,255
255,-0.410203,255
255,-0.465617,255
255,-0.460684,255
255,-0.474461,255
255,-0.499526,255
255,-0.437124,255
255,-0.498727,255
255,-0.43101,255
255,-0.466475,255
255,-0.481029,255
255,-0.441389,255
255,-0.489173,255
255,-0.446633,255
255,-0.491326,255
255,-0.488369,255
255,-0.485074,255
255,-0.42904,255
255,-0.453296,255
255,-0.462938,255
255,-0.450374,255
255,-0.453213,255
255,-0.491802,255
255,-0.448584,255
255,-0.510779,255
255,-0.489248,255
255,-0.470108,255
255,-0.449648,255
255,-0.448623,255
255,-0.447882,255
255,-0.492173,255
255,-0.447676,255
255,-0.468368,255
255,-0.468025,255
255,-0.442723,255
255,-0.43802,255
255,-0.492086,255
255,-0.436007,255
255,-0.43626,255
255,-0.50371,255
255,-0.456586,255
255,-0.457078,255
255,-0.421688,255
255,-0.433976,255
255,-0.416056,255
255,-0.464836,255
255,-0.457185,255
255,-0.468076,255
255,-0.434161,255
255,-0.464982,255
255,-0.472379,255
255,-0.469839,255
255,-0.447592,255
255,-0.457241,255
255,-0.443265,255
255,-0.478364,255
255,-0.450637,255
255,-0.444067,255
255,-0.403185,255
255,-0.470166,255
255,-0.442233,255
255,-0.476852,255
255,-0.423223,255
255,-0.4772,255
255,-0.504764,255
255,-0.444307,255
255,-0.485401,255
255,-0.474729,255
255,-0.473272,255
255,-0.450808,255
255,-0.458713,255
255,-0.471775,255
255,-0.436048,255
255,-0.47048,255
255,-0.465756,255
255,-0.452721,255
255,-0.40444,255
255,-0.410161,255
255,-0.429213,255
255,-0.477474,255
255,-0.247799,255
255,-0.253511,255
255,-0.257381,255
255,-0.456254,255
255,-0.4935,255
255,-0.439164,255
255,-0.445875,255
255,-0.505633,255
255,-0.455198,255
255,-0.425781,255
255,-0.453713,255
255,-0.501023,255
255,-0.46458,255
255,-0.427284,255
255,-0.499019,255
255,-0.429778,255
255,-0.439665,255
255,-0.459569,255
255,-0.455588,255
255,-0.455866,255
255,-0.436512,255
255,-0.45121,255
255,-0.481696,255
255,-0.398464,255
255,-0.4646,255
255,-0.488243,255
255,-0.430803,255
255,-0.429773,255
255,-0.472233,255
255,-0.460737,255
255,-0.482974,255
255,-0.45787,255
255,-0.476395,255
255,-0.42292,255
255,-0.420746,255
255,-0.497415,255
255,-0.449848,255
255,-0.436782,255
255,-0.448651,255
255,-0.435389,255
255,-0.42401,255
255,-0.42176,255
255,-0.463888,255
255,-0.47615,255
255,-0.469053,255
255,-0.425571,255
255,-0.432636,255
255,-0.486706,255
255,-0.454432,255
255,-0.431641,255
255,-0.454028,255
255,-0.401946,255
255,-0.418886,255
255,-0.472576,255
255,-0.491468,255
255,-0.471904,255
255,-0.431,255
255,-0.49247,255
255,-0.47493,255
255,-0.47175,255
255,-0.491818,255
255,-0.431307,255
255,-0.416203,255
255,-0.4169,255
255,-0.419761,255
255,-0.458463,255
255,-0.442347,255
255,-0.5102,255
255,-0.475772,255
255,-0.479488,255
255,-0.443238,255
255,-0.487545,255
255,-0.453125,255
255,-0.45036,255
255,-0.443604,255
255,-0.444203,255
255,-0.459909,255
255,-0.449001,255
255,-0.421393,255
255,-0.451649,255
255,-0.473982,255
255,-0.468545,255
255,-0.447233,255
255,-0.455033,255
255,-0.449005,255
255,-0.470109,255
255,-0.468782,255
255,-0.452088,255
255,-0.460097,255
255,-0.430215,255
255,-0.413513,255
255,-0.403209,255
255,-0.443825,255
255,-0.455396,255
255,-0.466473,255
255,-0.488963,255
255,-0.460386,255
255,-0.469564,255
255,-0.447134,255
255,-0.403707,255
255,-0.446457,255
255,-0.463632,255
255,-0.449564,255
255,-0.452324,255
255,-0.411001,255
255,-0.466655,255
255,-0.450941,255
255,-0.456444,255
255,-0.491921,255
255,-0.431543,255
255,-0.504382,255
255,-0.42069,255
255,-0.455731,255
255,-0.415962,255
255,-0.478648,255
255,-0.466308,255
255,-0.473524,255
255,-0.466444,255
255,-0.455127,255
255,-0.416896,255
255,-0.459076,255
255,-0.466445,255
255,-0.456809,255
255,-0.442413,255
255,-0.423313,255
255,-0.404247,255
255,-0.473886,255
255,-0.452711,255
255,-0.425942,255
255,-0.4845,255
255,-0.444726,255
255,-0.499164,255
255,-0.468935,255
255,-0.46422,255
255,-0.491639,255
255,-0.431869,255
255,-0.473639,255
255,-0.468872,255
255,-0.419504,255
255,-0.513249,255
255,-0.423414,255
255,-0.443771,255
255,-0.4793,255
255,-0.422078,255
255,-0.460861,255
255,-0.438184,255
255,-0.42554,255
255,-0.445036,255
255,-0.425858,255
255,-0.425162,255
255,-0.447219,255
255,-0.477221,255
255,-0.483553,255
255,-0.455413,255
255,-0.4937,255
255,-0.483922,255
255,-0.474391,255
255,-0.509933,255
255,-0.436403,255
255,-0.475141,255
255,-0.478217,255
255,-0.482444,255
255,-0.409888,255
255,-0.463201,255
255,-0.450368,255
255,-0.450285,255
255,-0.493334,255
255,-0.504065,255
255,-0.471372,255
255,-0.398722,255
255,-0.443821,255
255,-0.247174,255
255,-0.254964,255
255,-0.234469,255
255,-0.450801,255
255,-0.469297,255
255,-0.446736,255
255,-0.458724,255
255,-0.469074,255
255,-0.481916,255
255,-0.44218,255
255,-0.480455,255
255,-0.48584,255
255,-0.42829,255
255,-0.434898,255
255,-0.479847,255
255,-0.447182,255
255,-0.477814,255
255,-0.42204,255
255,-0.457124,255
255,-0.451376,255
255,-0.486432,255
255,-0.485597,255
255,-0.457978,255
255,-0.500566,255
255,-0.40245,255
255,-0.436581,255
255,-0.464391,255
255,-0.498659,255
255,-0.475239,255
255,-0.423186,255
255,-0.440654,255
255,-0.455298,255
255,-0.44635,255
255,-0.416802,255
255,-0.477488,255
255,-0.480981,255
255,-0.464472,255
255,-0.478275,255
255,-0.439514,255
255,-0.484201,255
255,-0.44502,255
255,-0.464608,255
255,-0.480636,255
255,-0.485939,255
255,-0.462145,255
255,-0.52573,255
255,-0.446002,255
255,-0.462287,255
255,-0.416227,255
255,-0.455983,255
255,-0.478356,255
255,-0.420322,255
255,-0.424153,255
255,-0.425618,255
255,-0.419877,255
255,-0.446211,255
255,-0.438613,255
255,-0.453656,255
255,-0.464094,255
255,-0.447485,255
255,-0.472346,255
255,-0.471199,255
255,-0.479553,255
255,-0.474264,255
255,-0.49519,255
255,-0.457242,255
255,-0.451091,255
255,-0.473526,255
255,-0.461622,255
255,-0.436938,255
255,-0.451998,255
255,-0.481951,255
255,-0.448474,255
255,-0.426153,255
255,-0.453543,255
255,-0.479679,255
255,-0.489451,255
255,-0.443173,255
255,-0.50576,255
255,-0.419535,255
255,-0.436333,255
255,-0.456203,255
255,-0.421942,255
255,-0.47298,255
255,-0.472855,255
255,-0.500802,255
255,-0.40315,255
255,-0.447503,255
255,-0.402987,255
255,-0.453064,255
255,-0.459017,255
255,-0.428631,255
255,-0.426922,255
255,-0.421332,255
255,-0.435436,255
255,-0.459288,255
255,-0.447237,255
255,-0.443512,255
255,-0.452094,255
255,-0.4608,255
255,-0.455109,255
255,-0.448233,255
255,-0.422412,255
255,-0.440729,255
255,-0.470684,255
255,-0.426173,255
255,-0.421268,255
255,-0.479678,255
255,-0.479762,255
255,-0.456207,255
255,-0.424259,255
255,-0.529081,255
255,-0.43717,255
255,-0.446111,255
255,-0.454451,255
255,-0.505496,255
255,-0.494739,255
255,-0.468082,255
255,-0.437264,255
255,-0.420178,255
255,-0.356192,255
255,-0.471221,255
255,-0.463288,255
255,-0.382334,255
255,-0.439042,255
255,-0.458433,255
255,-0.462228,255
255,-0.475666,255
255,-0.472531,255
255,-0.479435,255
255,-0.451986,255
255,-0.514415,255
255,-0.467658,255
255,-0.448471,255
255,-0.469601,255
255,-0.454315,255
255,-0.432768,255
255,-0.408949,255
255,-0.450974,255
255,-0.471532,255
255,-0.460643,255
255,-0.444732,255
255,-0.473725,255
255,-0.453534,255
255,-0.451293,255
255,-0.475596,255
255,-0.452426,255
255,-0.464792,255
255,-0.418539,255
255,-0.47773,255
255,-0.46118,255
255,-0.491382,255
255,-0.456977,255
255,-0.445902,255
255,-0.449996,255
255,-0.47195,255
255,-0.487459,255
255,-0.42991,255
255,-0.438862,255
255,-0.425636,255
255,-0.473275,255
255,-0.485984,255
255,-0.468926,255
255,-0.453709,255
255,-0.433517,255
255,-0.439085,255
255,-0.438027,255
255,-0.483254,255
255,-0.415939,255
255,-0.510159,255
255,-0.483079,255
255,-0.18386,255
255,-0.241571,255
255,-0.486554,255
255,-0.422385,255
255,-0.471,255
255,-0.470078,255
255,-0.444922,255
255,-0.440103,255
255,-0.453173,255
255,-0.440519,255
255,-0.521496,255
255,-0.466597,255
255,-0.505134,255
255,-0.460323,255
255,-0.463654,255
255,-0.474057,255
255,-0.45758,255
255,-0.479969,255
255,-0.429189,255
255,-0.45415,255
255,-0.456647,255
255,-0.451554,255
255,-0.456652,255
255,-0.456754,255
255,-0.458898,255
255,-0.449453,255
255,-0.475346,255
255,-0.484169,255
255,-0.430222,255
255,-0.469319,255
255,-0.445671,255
255,-0.4639,255
255,-0.454356,255
255,-0.4637,255
255,-0.459284,255
255,-0.428702,255
255,-0.46472,255
255,-0.435176,255
255,-0.446209,255
255,-0.443948,255
255,-0.409635,255
255,-0.463236,255
255,-0.46097,255
255,-0.437277,255
255,-0.476226,255
255,-0.416609,255
255,-0.430338,255
255,-0.462291,255
255,-0.465896,255
255,-0.475982,255
255,-0.473211,255
255,-0.433213,255
255,-0.456416,255
255,-0.45977,255
255,-0.469633,255
255,-0.449382,255
255,-0.421397,255
255,-0.40315,255
255,-0.455215,255
255,-0.47908,255
255,-0.44176,255
255,-0.413482,255
255,-0.520416,255
255,-0.433749,255
255,-0.4519,255
255,-0.465552,255
255,-0.464861,255
255,-0.455447,255
255,-0.438314,255
255,-0.444312,255
255,-0.453956,255
255,-0.429333,255
255,-0.426364,255
255,-0.461629,255
255,-0.456217,255
255,-0.444984,255
255,-0.462682,255
255,-0.485144,255
255,-0.425006,255
255,-0.435742,255
255,-0.462787,255
255,-0.465289,255
255,-0.469918,255
255,-0.442719,255
255,-0.450444,255
255,-0.478336,255
255,-0.471018,255
255,-0.497702,255
255,-0.419497,255
255,-0.459593,255
255,-0.466738,255
255,-0.455837,255
255,-0.458036,255
255,-0.438553,255
255,-0.461324,255
255,-0.444934,255
255,-0.516704,255
255,-0.479283,255
255,-0.439338,255
255,-0.478562,255
255,-0.459389,255
255,-0.447761,255
255,-0.518086,255
255,-0.473938,255
255,-0.432937,255
255,-0.441133,255
255,-0.480023,255
255,-0.421886,255
255,-0.454481,255
255,-0.476809,255
255,-0.473684,255
255,-0.460808,255
255,-0.465376,255
255,-0.488854,255
255,-0.432499,255
255,-0.4438,255
255,-0.454349,255
255,-0.483345,255
255,-0.411261,255
255,-0.503231,255
255,-0.437885,255
255,-0.429033,255
255,-0.485788,255
255,-0.456312,255
255,-0.447541,255
255,-0.507212,255
255,-0.437086,255
255,-0.441647,255
255,-0.449913,255
255,-0.460818,255
255,-0.455786,255
255,-0.410444,255
255,-0.441816,255
255,-0.47994,255
255,-0.43776,255
255,-0.465974,255
255,-0.444611,255
255,-0.45094,255
255,-0.492532,255
255,-0.480831,255
255,-0.449055,255
255,-0.480629,255
255,-0.437242,255
255,-0.444118,255
255,-0.482319,255
255,-0.475981,255
255,-0.440963,255
255,-0.459921,255
255,-0.471796,255
255,-0.397842,255
255,-0.447645,255
255,-0.455172,255
255,-0.452246,255
255,-0.456043,255
255,-0.430385,255
255,-0.419808,255
255,-0.439872,255
255,-0.48141,255
255,-0.502997,255
255,-0.43299,255
255,-0.441574,255
255,-0.475409,255
255,-0.452561,255
255,-0.499176,255
255,-0.44327,255
255,-0.421371,255
255,-0.476157,255
255,-0.488228,255
255,-0.458169,255
255,-0.442291,255
255,-0.264923,255
255,-0.241744,255
255,-0.286584,255
255,-0.471298,255
255,-0.472618,255
255,-0.473237,255
255,-0.454418,255
255,-0.446976,255
255,-0.46727,255
255,-0.454413,255
255,-0.485985,255
255,-0.464932,255
255,-0.448151,255
255,-0.439431,255
255,-0.472587,255
255,-0.457985,255
255,-0.427619,255
255,-0.476401,255
255,-0.459373,255
255,-0.47258,255
255,-0.440953,255
255,-0.488494,255
255,-0.4288,255
255,-0.500351,255
255,-0.4006,255
255,-0.446224,255
255,-0.473087,255
255,-0.45621,255
255,-0.428145,255
255,-0.438682,255
255,-0.374149,255
255,-0.438452,255
255,-0.432905,255
255,-0.42517,255
255,-0.424522,255
255,-0.491664,255
255,-0.452368,255
255,-0.459598,255
255,-0.464329,255
255,-0.447905,255
255,-0.433235,255
255,-0.438214,255
255,-0.436042,255
255,-0.483626,255
255,-0.437473,255
255,-0.450201,255
255,-0.44042,255
255,-0.444258,255
255,-0.474703,255
255,-0.464188,255
255,-0.440066,255
255,-0.462857,255
255,-0.465689,255
255,-0.456208,255
255,-0.445782,255
255,-0.447571,255
255,-0.438888,255
255,-0.470863,255
255,-0.48287,255
255,-0.513882,255
255,-0.454419,255
255,-0.438462,255
255,-0.471192,255
255,-0.454583,255
255,-0.44572,255
255,-0.486634,255
255,-0.440183,255
255,-0.459089,255
255,-0.468787,255
255,-0.467778,255
255,-0.472344,255
255,-0.460798,255
255,-0.458313,255
255,-0.43711,255
255,-0.455724,255
255,-0.453925,255
255,-0.487713,255
255,-0.474027,255
255,-0.47801,255
255,-0.455081,255
255,-0.427943,255
255,-0.45764,255
255,-0.483522,255
255,-0.447933,255
255,-0.417884,255
255,-0.432454,255
255,-0.441125,255
255,-0.44265,255
255,-0.479243,255
255,-0.453686,255
255,-0.446038,255
255,-0.443122,255
255,-0.46242,255
255,-0.460739,255
255,-0.481993,255
255,-0.449593,255
255,-0.469574,255
255,-0.451427,255
255,-0.402947,255
255,-0.44438,255
255,-0.451933,255
255,-0.455071,255
255,-0.430501,255
255,-0.447703,255
255,-0.449925,255
255,-0.433859,255
255,-0.434746,255
255,-0.461324,255
255,-0.466,255
255,-0.482402,255
255,-0.458189,255
255,-0.441221,255
255,-0.431951,255
255,-0.421456,255
255,-0.458315,255
255,-0.409773,255
255,-0.496397,255
255,-0.426186,255
255,-0.457635,255
255,-0.416314,255
255,-0.443913,255
255,-0.457242,255
255,-0.474411,255
255,-0.448014,255
255,-0.471305,255
255,-0.469231,255
255,-0.522861,255
255,-0.48708,255
255,-0.474201,255
255,-0.465036,255
255,-0.453253,255
255,-0.461043,255
255,-0.412911,255
255,-0.433487,255
255,-0.469195,255
255,-0.471675,255
255,-0.446181,255
255,-0.438924,255
255,-0.49598,255
255,-0.469038,255
255,-0.459549,255
255,-0.483368,255
255,-0.448943,255
255,-0.368299,255
255,-0.449429,255
255,-0.438665,255
255,-0.433813,255
255,-0.437181,255
255,-0.452123,255
255,-0.476595,255
255,-0.427366,255
255,-0.417041,255
255,-0.458577,255
255,-0.428808,255
255,-0.467678,255
255,-0.424824,255
255,-0.465148,255
255,-0.394896,255
255,-0.447902,255
255,-0.443203,255
255,-0.446693,255
255,-0.459819,255
255,-0.499396,255
255,-0.492776,255
255,-0.4639,255
255,-0.471407,255
255,-0.424643,255
255,-0.456287,255
255,-0.429587,255
255,-0.457322,255
255,-0.457293,255
255,-0.211226,255
255,-0.308051,255
255,-0.224636,255
255,-0.483133,255
255,-0.478334,255
255,-0.457285,255
255,-0.506247,255
255,-0.40792,255
255,-0.418525,255
255,-0.471328,255
255,-0.450789,255
255,-0.434395,255
255,-0.475113,255
255,-0.434883,255
255,-0.415886,255
255,-0.438876,255
255,-0.471543,255
255,-0.455769,255
255,-0.453331,255
255,-0.462483,255
255,-0.442757,255
255,-0.460857,255
255,-0.447536,255
255,-0.449652,255
255,-0.489418,255
255,-0.472901,255
255,-0.49035,255
255,-0.471483,255
255,-0.481417,255
255,-0.46508,255
255,-0.426517,255
255,-0.450666,255
255,-0.449637,255
255,-0.46437,255
255,-0.454962,255
255,-0.441083,255
255,-0.455871,255
255,-0.478629,255
255,-0.468484,255
255,-0.49749,255
255,-0.480391,255
255,-0.427504,255
255,-0.536784,255
255,-0.45198,255
255,-0.456456,255
255,-0.440316,255
255,-0.449133,255
255,-0.472864,255
255,-0.455509,255
255,-0.480814,255
255,-0.439149,255
255,-0.487259,255
255,-0.476763,255
255,-0.470844,255
255,-0.461056,255
255,-0.427476,255
255,-0.452743,255
255,-0.475874,255
255,-0.497997,255
255,-0.498677,255
255,-0.471838,255
255,-0.455439,255
255,-0.456455,255
255,-0.43602,255
255,-0.464309,255
255,-0.450536,255
255,-0.482852,255
255,-0.453909,255
255,-0.478589,255
255,-0.466557,255
255,-0.413197,255
255,-0.474723,255
255,-0.531008,255
255,-0.42758,255
255,-0.421491,255
255,-0.438487,255
255,-0.445721,255
255,-0.479926,255
255,-0.471959,255
255,-0.428423,255
255,-0.437452,255
255,-0.453797,255
255,-0.460883,255
255,-0.425601,255
255,-0.436866,255
255,-0.504703,255
255,-0.451057,255
255,-0.432487,255
255,-0.451523,255
255,-0.46565,255
255,-0.450935,255
255,-0.463348,255
255,-0.468462,255
255,-0.464667,255
255,-0.432671,255
255,-0.479708,255
255,-0.394759,255
255,-0.46413,255
255,-0.419849,255
255,-0.433567,255
255,-0.417775,255
255,-0.394237,255
255,-0.436805,255
255,-0.4655,255
255,-0.413188,255
255,-0.452584,255
255,-0.475707,255
255,-0.450646,255
255,-0.472544,255
255,-0.430454,255
255,-0.465168,255
255,-0.440076,255
255,-0.415897,255
255,-0.440146,255
255,-0.437324,255
255,-0.431448,255
255,-0.455513,255
255,-0.480576,255
255,-0.46743,255
255,-0.441097,255
255,-0.406318,255
255,-0.43474,255
255,-0.425013,255
255,-0.454269,255
255,-0.410636,255
255,-0.440248,255
255,-0.402218,255
255,-0.42375,255
255,-0.444091,255
255,-0.482945,255
255,-0.454013,255
255,-0.463376,255
255,-0.459309,255
255,-0.475307,255
255,-0.455894,255
255,-0.462856,255
255,-0.434576,255
255,-0.488275,255
255,-0.438445,255
255,-0.406069,255
255,-0.451348,255
255,-0.493188,255
255,-0.465033,255
255,-0.460282,255
255,-0.447853,255
255,-0.480512,255
255,-0.475162,255
255,-0.451073,255
255,-0.433915,255
255,-0.450695,255
255,-0.475232,255
255,-0.430154,255
255,-0.442404,255
255,-0.484366,255
255,-0.46531,255
255,-0.484882,255
255,-0.438836,255
255,-0.469555,255
255,-0.459377,255
255,-0.417019,255
255,-0.436859,255
255,-0.476861,255
255,-0.427885,255
255,-0.444401,255
255,-0.462039,255
255,-0.481807,255
255,-0.471973,255
255,-0.435714,255
255,-0.471027,255
255,-0.448491,255
255,-0.456422,255
255,-0.240474,255
255,-0.248281,255
255,-0.458082,255
255,-0.435844,255
255,-0.465775,255
255,-0.438873,255
255,-0.430236,255
255,-0.494287,255
255,-0.476532,255
255,-0.500807,255
255,-0.466636,255
255,-0.431657,255
255,-0.489286,255
255,-0.423646,255
255,-0.476437,255
255,-0.417833,255
255,-0.444314,255
255,-0.504496,255
255,-0.470214,255
255,-0.469025,255
255,-0.46663,255
255,-0.47558,255
255,-0.464879,255
255,-0.438184,255
255,-0.46662,255
255,-0.490108,255
255,-0.451791,255
255,-0.450921,255
255,-0.451546,255
255,-0.458932,255
255,-0.475517,255
255,-0.469814,255
255,-0.460745,255
255,-0.466602,255
255,-0.480233,255
255,-0.45934,255
255,-0.441878,255
255,-0.449225,255
255,-0.479033,255
255,-0.484532,255
255,-0.450324,255
255,-0.449205,255
255,-0.453478,255
255,-0.450666,255
255,-0.431977,255
255,-0.46665,255
255,-0.439091,255
255,-0.451555,255
255,-0.471089,255
255,-0.450283,255
255,-0.428989,255
255,-0.405839,255
255,-0.457271,255
255,-0.4524,255
255,-0.429488,255
255,-0.46856,255
255,-0.460366,255
255,-0.440574,255
255,-0.453591,255
255,-0.420191,255
255,-0.496947,255
255,-0.475008,255
255,-0.447996,255
255,-0.515366,255
255,-0.427462,255
255,-0.439313,255
255,-0.470865,255
255,-0.421364,255
255,-0.436386,255
255,-0.451584,255
255,-0.457662,255
255,-0.441978,255
255,-0.471136,255
255,-0.46347,255
255,-0.509276,255
255,-0.476156,255
255,-0.468426,255
255,-0.462069,255
255,-0.481134,255
255,-0.434048,255
255,-0.448622,255
255,-0.447731,255
255,-0.482947,255
255,-0.462684,255
255,-0.451801,255
255,-0.449378,255
255,-0.456056,255
255,-0.414386,255
255,-0.429325,255
255,-0.45471,255
255,-0.463596,255
255,-0.456864,255
255,-0.481878,255
255,-0.444521,255
255,-0.505026,255
255,-0.442606,255
255,-0.504042,255
255,-0.418885,255
255,-0.465698,255
255,-0.442081,255
255,-0.456628,255
255,-0.460246,255
255,-0.428763,255
255,-0.461772,255
255,-0.430011,255
255,-0.471577,255
255,-0.441806,255
255,-0.441944,255
255,-0.478322,255
255,-0.411625,255
255,-0.526949,255
255,-0.415208,255
255,-0.474844,255
255,-0.453831,255
255,-0.462788,255
255,-0.461305,255
255,-0.454656,255
255,-0.442207,255
255,-0.449145,255
255,-0.440091,255
255,-0.421349,255
255,-0.433141,255
255,-0.459733,255
255,-0.492679,255
255,-0.449227,255
255,-0.454802,255
255,-0.457124,255
255,-0.430817,255
255,-0.467089,255
255,-0.47165,255
255,-0.471942,255
255,-0.458843,255
255,-0.480756,255
255,-0.450721,255
255,-0.484023,255
255,-0.488831,255
255,-0.431685,255
255,-0.442443,255
255,-0.448568,255
255,-0.437976,255
255,-0.494272,255
255,-0.443133,255
255,-0.445504,255
255,-0.467979,255
255,-0.408343,255
255,-0.461788,255
255,-0.457694,255
255,-0.437859,255
255,-0.446429,255
255,-0.367014,255
255,-0.474726,255
255,-0.460686,255
255,-0.438094,255
255,-0.410914,255
255,-0.429394,255
255,-0.448766,255
255,-0.406973,255
255,-0.467393,255
255,-0.447084,255
255,-0.425864,255
255,-0.518878,255
255,-0.44404,255
255,-0.433915,255
255,-0.439728,255
255,-0.482724,255
255,-0.42393,255
255,-0.439934,255
255,-0.475134,255
255,-0.475424,255
255,-0.472099,255
255,-0.262745,255
255,-0.297632,255
255,-0.182788,255
255,-0.433016,255
255,-0.456455,255
255,-0.474527,255
255,-0.427099,255
255,-0.456444,255
255,-0.431714,255
255,-0.430566,255
255,-0.463352,255
255,-0.457571,255
255,-0.400839,255
255,-0.385034,255
255,-0.421314,255
255,-0.504492,255
255,-0.432101,255
255,-0.50015,255
255,-0.458125,255
255,-0.512939,255
255,-0.454362,255
255,-0.46507,255
255,-0.470313,255
255,-0.466796,255
255,-0.511264,255
255,-0.426046,255
255,-0.525902,255
255,-0.464271,255
255,-0.465521,255
255,-0.439683,255
255,-0.453697,255
255,-0.481738,255
255,-0.452912,255
255,-0.422969,255
255,-0.487167,255
255,-0.426637,255
255,-0.435376,255
255,-0.448367,255
255,-0.50041,255
255,-0.465191,255
255,-0.455636,255
255,-0.450524,255
255,-0.464455,255
255,-0.419067,255
255,-0.449066,255
255,-0.456224,255
255,-0.421025,255
255,-0.495378,255
255,-0.442526,255
255,-0.500847,255
255,-0.485717,255
255,-0.448502,255
255,-0.429725,255
255,-0.472655,255
255,-0.424623,255
255,-0.424502,255
255,-0.426256,255
255,-0.449849,255
255,-0.448182,255
255,-0.453301,255
255,-0.449575,255
255,-0.463881,255
255,-0.481304,255
255,-0.42851,255
255,-0.459372,255
255,-0.421135,255
255,-0.435754,255
255,-0.482405,255
255,-0.519629,255
255,-0.440553,255
255,-0.425723,255
255,-0.459034,255
255,-0.41956,255
255,-0.465943,255
255,-0.412301,255
255,-0.448137,255
255,-0.458002,255
255,-0.472841,255
255,-0.451936,255
255,-0.450638,255
255,-0.48128,255
255,-0.475204,255
255,-0.461471,255
255,-0.402645,255
255,-0.430155,255
255,-0.436243,255
255,-0.47666,255
255,-0.496544,255
255,-0.466777,255
255,-0.461991,255
255,-0.455901,255
255,-0.456985,255
255,-0.442389,255
255,-0.493809,255
255,-0.432952,255
255,-0.448597,255
255,-0.455137,255
255,-0.473,255
255,-0.533375,255
255,-0.44802,255
255,-0.458247,255
255,-0.476097,255
255,-0.450143,255
255,-0.429886,255
255,-0.431148,255
255,-0.435539,255
255,-0.443071,255
255,-0.451073,255
255,-0.473122,255
255,-0.438186,255
255,-0.385988,255
255,-0.431744,255
255,-0.446497,255
255,-0.439234,255
255,-0.433615,255
255,-0.497913,255
255,-0.42846,255
255,-0.472088,255
255,-0.436357,255
255,-0.444135,255
255,-0.468093,255
255,-0.484129,255
255,-0.462888,255
255,-0.446323,255
255,-0.444645,255
255,-0.459251,255
255,-0.45801,255
255,-0.426893,255
255,-0.428871,255
255,-0.479535,255
255,-0.411765,255
255,-0.453029,255
255,-0.473903,255
255,-0.453357,255
255,-0.472497,255
255,-0.475141,255
255,-0.455478,255
255,-0.424126,255
255,-0.430166,255
255,-0.452298,255
255,-0.440565,255
255,-0.467557,255
255,-0.47321,255
255,-0.429612,255
255,-0.486866,255
255,-0.420417,255
255,-0.450342,255
255,-0.467302,255
255,-0.452253,255
255,-0.480348,255
255,-0.505035,255
255,-0.479743,255
255,-0.437496,255
255,-0.423298,255
255,-0.506059,255
255,-0.475945,255
255,-0.488866,255
255,-0.434317,255
255,-0.442037,255
255,-0.451868,255
255,-0.450994,255
255,-0.447799,255
255,-0.483915,255
255,-0.440426,255
255,-0.459796,255
255,-0.447926,255
255,-0.492129,255
255,-0.421973,255
255,-0.416019,255
255,-0.423851,255
255,-0.439456,255
255,-0.21896,255
255,-0.256198,255
255,-0.259882,255
255,-0.451199,255
255,-0.41589,255
255,-0.429442,255
255,-0.424794,255
255,-0.488293,255
255,-0.468243,255
255,-0.430215,255
255,-0.44913,255
255,-0.474835,255
255,-0.471253,255
255,-0.50634,255
255,-0.451705,255
255,-0.478163,255
255,-0.475101,255
255,-0.44088,255
255,-0.500313,255
255,-0.485104,255
255,-0.494284,255
255,-0.474114,255
255,-0.489131,255
255,-0.46076,255
255,-0.443486,255
255,-0.428538,255
255,-0.415535,255
255,-0.480494,255
255,-0.439137,255
255,-0.493635,255
255,-0.414977,255
255,-0.433366,255
255,-0.466147,255
255,-0.432198,255
255,-0.474659,255
255,-0.432963,255
255,-0.46975,255
255,-0.463627,255
255,-0.456454,255
255,-0.458642,255
255,-0.512608,255
255,-0.448794,255
255,-0.494739,255
255,-0.489983,255
255,-0.491169,255
255,-0.47068,255
255,-0.444452,255
255,-0.484986,255
255,-0.475292,255
255,-0.477242,255
255,-0.481683,255
255,-0.459823,255
255,-0.458857,255
255,-0.475458,255
255,-0.414347,255
255,-0.421194,255
255,-0.421375,255
255,-0.425412,255
255,-0.476473,255
255,-0.467715,255
255,-0.46156,255
255,-0.468782,255
255,-0.466589,255
255,-0.451963,255
255,-0.422376,255
255,-0.459915,255
255,-0.444676,255
255,-0.480744,255
255,-0.442727,255
255,-0.459803,255
255,-0.520836,255
255,-0.444701,255
255,-0.504321,255
255,-0.41168,255
255,-0.412035,255
255,-0.422904,255
255,-0.491694,255
255,-0.477435,255
255,-0.462895,255
255,-0.428376,255
255,-0.45867,255
255,-0.449564,255
255,-0.449021,255
255,-0.477351,255
255,-0.459181,255
255,-0.477657,255
255,-0.450673,255
255,-0.454848,255
255,-0.44599,255
255,-0.431565,255
255,-0.436631,255
255,-0.450297,255
255,-0.438003,255
255,-0.485606,255
255,-0.45742,255
255,-0.517615,255
255,-0.416557,255
255,-0.461785,255
255,-0.459668,255
255,-0.401611,255
255,-0.451309,255
255,-0.422253,255
255,-0.424907,255
255,-0.415835,255
255,-0.438242,255
255,-0.463788,255
255,-0.429222,255
255,-0.430613,255
255,-0.440723,255
255,-0.464819,255
255,-0.465866,255
255,-0.47512,255
255,-0.41086,255
255,-0.431938,255
255,-0.46025,255
255,-0.456709,255
255,-0.428701,255
255,-0.427573,255
255,-0.460914,255
255,-0.460437,255
255,-0.448026,255
255,-0.41538,255
255,-0.4798,255
255,-0.444488,255
255,-0.406471,255
255,-0.47185,255
255,-0.476479,255
255,-0.455383,255
255,-0.433157,255
255,-0.470046,255
255,-0.483513,255
255,-0.454884,255
255,-0.467331,255
255,-0.456358,255
255,-0.455196,255
255,-0.461762,255
255,-0.505871,255
255,-0.48002,255
255,-0.462701,255
255,-0.500376,255
255,-0.489249,255
255,-0.45157,255
255,-0.415922,255
255,-0.48305,255
255,-0.41541,255
255,-0.480315,255
255,-0.464544,255
255,-0.449263,255
255,-0.508125,255
255,-0.495975,255
255,-0.513658,255
255,-0.483285,255
255,-0.414705,255
255,-0.454173,255
255,-0.412235,255
255,-0.487283,255
255,-0.453993,255
255,-0.4195,255
255,-0.446881,255
255,-0.460451,255
255,-0.456167,255
255,-0.451629,255
255,-0.441634,255
255,-0.457722,255
255,-0.413686,255
255,-0.473918,255
255,-0.448896,255
255,-0.460355,255
255,-0.411754,255
255,-0.438463,255
255,-0.490756,255
255,-0.227836,255
255,-0.214485,255
255,-0.441626,255
255,-0.443047,255
255,-0.449948,255
255,-0.445723,255
255,-0.415699,255
255,-0.443687,255
255,-0.458146,255
255,-0.454931,255
255,-0.47,255
255,-0.463761,255
255,-0.411875,255
255,-0.502046,255
255,-0.438426,255
255,-0.477058,255
255,-0.463063,255
255,-0.460773,255
255,-0.473097,255
255,-0.433407,255
255,-0.472614,255
255,-0.443803,255
255,-0.425188,255
255,-0.463434,255
255,-0.436665,255
255,-0.499927,255
255,-0.448482,255
255,-0.454221,255
255,-0.466817,255
255,-0.44704,255
255,-0.466248,255
255,-0.482784,255
255,-0.457563,255
255,-0.459489,255
255,-0.51716,255
255,-0.444449,255
255,-0.4544,255
255,-0.461041,255
255,-0.447532,255
255,-0.453464,255
255,-0.423106,255
255,-0.492316,255
255,-0.468141,255
255,-0.462458,255
255,-0.447194,255
255,-0.488576,255
255,-0.467231,255
255,-0.428268,255
255,-0.443871,255
255,-0.457457,255
255,-0.475179,255
255,-0.460643,255
255,-0.438924,255
255,-0.433535,255
255,-0.47779,255
255,-0.448118,255
255,-0.41841,255
255,-0.405903,255
255,-0.429691,255
255,-0.477345,255
255,-0.480643,255
255,-0.479284,255
255,-0.46962,255
255,-0.471917,255
255,-0.450492,255
255,-0.436639,255
255,-0.442996,255
255,-0.423395,255
255,-0.496841,255
255,-0.481783,255
255,-0.476507,255
255,-0.449801,255
255,-0.428574,255
255,-0.458132,255
255,-0.425702,255
255,-0.455125,255
255,-0.496866,255
255,-0.422481,255
255,-0.427521,255
255,-0.486537,255
255,-0.432131,255
255,-0.44224,255
255,-0.445306,255
255,-0.487924,255
255,-0.409243,255
255,-0.422784,255
255,-0.451763,255
255,-0.463045,255
255,-0.485106,255
255,-0.442515,255
255,-0.443092,255
255,-0.433526,255
255,-0.462055,255
255,-0.461718,255
255,-0.459282,255
255,-0.460461,255
255,-0.442113,255
255,-0.459532,255
255,-0.407411,255
255,-0.504803,255
255,-0.475272,255
255,-0.493087,255
255,-0.485971,255
255,-0.441838,255
255,-0.452782,255
255,-0.466777,255
255,-0.48377,255
255,-0.470294,255
255,-0.450841,255
255,-0.449809,255
255,-0.481405,255
255,-0.458728,255
255,-0.433493,255
255,-0.456031,255
255,-0.416496,255
255,-0.493205,255
255,-0.482133,255
255,-0.455606,255
255,-0.474355,255
255,-0.429148,255
255,-0.456514,255
255,-0.487944,255
255,-0.442215,255
255,-0.420659,255
255,-0.452752,255
255,-0.462777,255
255,-0.459031,255
255,-0.468574,255
255,-0.423249,255
255,-0.414357,255
255,-0.506229,255
255,-0.456175,255
255,-0.442131,255
255,-0.41847,255
255,-0.498854,255
255,-0.486873,255
255,-0.454335,255
255,-0.459603,255
255,-0.432612,255
255,-0.466626,255
255,-0.445601,255
255,-0.471529,255
255,-0.475511,255
255,-0.476448,255
255,-0.463499,255
255,-0.423399,255
255,-0.468178,255
255,-0.42684,255
255,-0.460774,255
255,-0.469533,255
255,-0.43398,255
255,-0.476918,255
255,-0.516756,255
255,-0.480023,255
255,-0.47902,255
255,-0.470932,255
255,-0.431674,255
255,-0.422362,255
255,-0.485201,255
255,-0.456432,255
255,-0.458187,255
255,-0.437073,255
255,-0.488299,255
255,-0.446014,255
255,-0.449223,255
255,-0.444489,255
255,-0.482342,255
255,-0.458817,255
255,-0.475141,255
255,-0.467516,255
255,-0.245161,255
255,-0.272636,255
255,-0.257359,255
255,-0.435651,255
255,-0.488563,255
255,-0.417062,255
255,-0.42994,255
255,-0.444868,255
255,-0.447222,255
255,-0.438878,255
255,-0.455888,255
255,-0.463302,255
255,-0.466043,255
255,-0.465255,255
255,-0.415666,255
255,-0.419355,255
255,-0.461528,255
255,-0.49138,255
255,-0.444725,255
255,-0.426183,255
255,-0.452289,255
255,-0.442421,255
255,-0.467611,255
255,-0.419105,255
255,-0.485023,255
255,-0.470374,255
255,-0.518346,255
255,-0.442723,255
255,-0.45555,255
255,-0.444198,255
255,-0.442684,255
255,-0.48603,255
255,-0.47533,255
255,-0.44112,255
255,-0.474008,255
255,-0.438853,255
255,-0.485375,255
255,-0.44925,255
255,-0.479371,255
255,-0.446308,255
255,-0.429141,255
255,-0.446782,255
255,-0.453554,255
255,-0.432379,255
255,-0.497966,255
255,-0.427837,255
255,-0.489097,255
255,-0.416398,255
255,-0.448843,255
255,-0.422659,255
255,-0.49538,255
255,-0.421971,255
255,-0.423052,255
255,-0.463721,255
255,-0.465226,255
255,-0.464584,255
255,-0.472735,255
255,-0.450475,255
255,-0.437704,255
255,-0.484338,255
255,-0.459445,255
255,-0.42659,255
255,-0.473023,255
255,-0.447459,255
255,-0.48227,255
255,-0.448736,255
255,-0.412128,255
255,-0.459168,255
255,-0.40852,255
255,-0.461802,255
255,-0.453451,255
255,-0.415837,255
255,-0.480063,255
255,-0.424615,255
255,-0.423162,255
255,-0.454394,255
255,-0.45722,255
255,-0.423604,255
255,-0.442562,255
255,-0.436126,255
255,-0.46905,255
255,-0.46569,255
255,-0.446247,255
255,-0.453818,255
255,-0.468057,255
255,-0.46883,255
255,-0.470544,255
255,-0.455083,255
255,-0.465444,255
255,-0.441092,255
255,-0.510101,255
255,-0.417144,255
255,-0.436601,255
255,-0.47582,255
255,-0.445611,255
255,-0.422532,255
255,-0.485805,255
255,-0.432569,255
255,-0.445058,255
255,-0.449054,255
255,-0.397912,255
255,-0.443865,255
255,-0.471219,255
255,-0.440512,255
255,-0.401639,255
255,-0.471579,255
255,-0.475038,255
255,-0.448946,255
255,-0.478541,255
255,-0.436619,255
255,-0.485814,255
255,-0.487151,255
255,-0.489387,255
255,-0.444303,255
255,-0.469424,255
255,-0.436933,255
255,-0.476693,255
255,-0.410453,255
255,-0.460487,255
255,-0.476611,255
255,-0.437018,255
255,-0.498508,255
255,-0.457776,255
255,-0.441172,255
255,-0.448616,255
255,-0.445723,255
255,-0.481929,255
255,-0.482584,255
255,-0.488124,255
255,-0.442534,255
255,-0.462543,255
255,-0.41948,255
255,-0.477129,255
255,-0.432533,255
255,-0.441415,255
255,-0.460262,255
255,-0.459109,255
255,-0.46249,255
255,-0.502893,255
255,-0.473188,255
255,-0.424264,255
255,-0.444653,255
255,-0.485636,255
255,-0.448706,255
255,-0.442468,255
255,-0.436865,255
255,-0.528563,255
255,-0.489968,255
255,-0.482584,255
255,-0.436793,255
255,-0.481853,255
255,-0.467498,255
255,-0.440471,255
255,-0.445329,255
255,-0.453075,255
255,-0.508491,255
255,-0.463326,255
255,-0.46982,255
255,-0.434595,255
255,-0.489694,255
255,-0.476171,255
255,-0.456702,255
255,-0.444593,255
255,-0.455744,255
255,-0.512059,255
255,-0.48676,255
255,-0.473347,255
255,-0.473664,255
255,-0.437131,255
255,-0.40209,255
255,-0.466988,255
255,-0.245523,255
255,-0.255603,255
255,-0.284813,255
255,-0.478942,255
255,-0.434102,255
255,-0.442357,255
255,-0.472039,255
255,-0.447873,255
255,-0.449009,255
255,-0.451177,255
255,-0.464835,255
255,-0.46677,255
255,-0.412691,255
255,-0.428503,255
255,-0.494864,255
255,-0.457241,255
255,-0.504227,255
255,-0.460648,255
255,-0.459594,255
255,-0.436727,255
255,-0.458474,255
255,-0.414718,255
255,-0.466168,255
255,-0.429766,255
255,-0.464472,255
255,-0.43031,255
255,-0.392503,255
255,-0.446033,255
255,-0.453857,255
255,-0.421632,255
255,-0.480444,255
255,-0.43522,255
255,-0.454672,255
255,-0.473756,255
255,-0.48126,255
255,-0.428673,255
255,-0.466746,255
255,-0.459331,255
255,-0.442074,255
255,-0.428735,255
255,-0.460187,255
255,-0.427953,255
255,-0.425184,255
255,-0.485597,255
255,-0.425128,255
255,-0.448486,255
255,-0.437685,255
255,-0.514064,255
255,-0.458398,255
255,-0.448981,255
255,-0.503421,255
255,-0.48262,255
255,-0.406126,255
255,-0.456132,255
255,-0.456525,255
255,-0.483741,255
255,-0.453381,255
255,-0.426184,255
255,-0.472183,255
255,-0.46611,255
255,-0.436276,255
255,-0.43415,255
255,-0.483948,255
255,-0.398039,255
255,-0.461109,255
255,-0.402279,255
255,-0.475042,255
255,-0.459937,255
255,-0.446304,255
255,-0.457373,255
255,-0.4548,255
255,-0.463219,255
255,-0.492369,255
255,-0.467835,255
255,-0.438242,255
255,-0.493452,255
255,-0.478536,255
255,-0.409144,255
255,-0.417405,255
255,-0.443863,255
255,-0.438857,255
255,-0.431541,255
255,-0.493612,255
255,-0.435655,255
255,-0.449291,255
255,-0.5001,255
255,-0.424859,255
255,-0.483026,255
255,-0.473678,255
255,-0.42734,255
255,-0.460126,255
255,-0.478383,255
255,-0.460954,255
255,-0.495793,255
255,-0.431965,255
255,-0.445108,255
255,-0.473013,255
255,-0.472929,255
255,-0.479461,255
255,-0.460471,255
255,-0.466943,255
255,-0.483627,255
255,-0.421103,255
255,-0.411711,255
255,-0.433997,255
255,-0.469328,255
255,-0.435717,255
255,-0.445452,255
255,-0.494029,255
255,-0.451581,255
255,-0.428786,255
255,-0.485381,255
255,-0.420389,255
255,-0.471498,255
255,-0.450475,255
255,-0.454266,255
255,-0.451245,255
255,-0.439585,255
255,-0.424684,255
255,-0.46165,255
255,-0.455727,255
255,-0.488784,255
255,-0.486665,255
255,-0.515827,255
255,-0.454746,255
255,-0.46515,255
255,-0.441966,255
255,-0.444493,255
255,-0.491978,255
255,-0.44241,255
255,-0.409565,255
255,-0.470435,255
255,-0.467153,255
255,-0.488395,255
255,-0.471586,255
255,-0.452361,255
255,-0.438009,255
255,-0.493643,255
255,-0.448378,255
255,-0.447327,255
255,-0.437537,255
255,-0.436878,255
255,-0.417961,255
255,-0.477559,255
255,-0.472282,255
255,-0.449455,255
255,-0.473314,255
255,-0.449056,255
255,-0.441219,255
255,-0.461607,255
255,-0.484021,255
255,-0.471928,255
255,-0.423621,255
255,-0.455677,255
255,-0.434574,255
255,-0.467879,255
255,-0.454184,255
255,-0.448205,255
255,-0.457384,255
255,-0.419253,255
255,-0.482831,255
255,-0.483464,255
255,-0.437563,255
255,-0.410709,255
255,-0.464487,255
255,-0.424404,255
255,-0.448115,255
255,-0.450816,255
255,-0.467706,255
255,-0.412278,255
255,-0.482237,255
255,-0.23316,255
255,-0.244102,255
255,-0.43887,255
255,-0.460028,255
255,-0.475219,255
255,-0.459214,255
255,-0.442282,255
255,-0.439798,255
255,-0.464215,255
255,-0.484648,255
255,-0.426148,255
255,-0.467348,255
255,-0.422755,255
255,-0.475875,255
255,-0.458288,255
255,-0.476593,255
255,-0.471372,255
255,-0.475392,255
255,-0.415857,255
255,-0.431544,255
255,-0.47923,255
255,-0.459713,255
255,-0.453377,255
255,-0.484988,255
255,-0.479581,255
255,-0.439592,255
255,-0.495384,255
255,-0.487259,255
255,-0.446903,255
255,-0.510779,255
255,-0.409186,255
255,-0.444834,255
255,-0.472337,255
255,-0.453293,255
255,-0.486349,255
255,-0.43841,255
255,-0.518271,255
255,-0.4505,255
255,-0.457409,255
255,-0.503983,255
255,-0.41719,255
255,-0.486551,255
255,-0.467957,255
255,-0.427195,255
255,-0.452786,255
255,-0.437721,255
255,-0.436665,255
255,-0.42841,255
255,-0.452622,255
255,-0.467566,255
255,-0.453518,255
255,-0.440752,255
255,-0.433972,255
255,-0.409065,255
255,-0.451315,255
255,-0.459628,255
255,-0.48263,255
255,-0.47335,255
255,-0.48092,255
255,-0.455234,255
255,-0.425173,255
255,-0.461421,255
255,-0.453533,255
255,-0.451455,255
255,-0.441683,255
255,-0.457739,255
255,-0.501701,255
255,-0.449926,255
255,-0.386227,255
255,-0.472118,255
255,-0.466987,255
255,-0.494191,255
255,-0.481344,255
255,-0.479265,255
255,-0.450799,255
255,-0.434382,255
255,-0.438809,255
255,-0.46528,255
255,-0.438658,255
255,-0.470579,255
255,-0.469987,255
255,-0.408325,255
255,-0.449804,255
255,-0.435871,255
255,-0.411664,255
255,-0.450618,255
255,-0.433902,255
255,-0.460316,255
255,-0.45419,255
255,-0.452683,255
255,-0.454132,255
255,-0.433305,255
255,-0.473842,255
255,-0.469254,255
255,-0.436951,255
255,-0.482251,255
255,-0.440549,255
255,-0.491779,255
255,-0.481915,255
255,-0.473307,255
255,-0.464467,255
255,-0.449173,255
255,-0.480161,255
255,-0.486984,255
255,-0.460584,255
255,-0.443354,255
255,-0.463126,255
255,-0.412364,255
255,-0.429347,255
255,-0.471595,255
255,-0.428191,255
255,-0.488672,255
255,-0.464277,255
255,-0.444369,255
255,-0.429323,255
255,-0.463703,255
255,-0.47359,255
255,-0.4469,255
255,-0.433755,255
255,-0.463953,255
255,-0.520667,255
255,-0.475824,255
255,-0.471486,255
255,-0.460957,255
255,-0.430095,255
255,-0.436949,255
255,-0.461597,255
255,-0.448865,255
255,-0.4449,255
255,-0.494839,255
255,-0.431775,255
255,-0.46766,255
255,-0.483808,255
255,-0.464493,255
255,-0.487154,255
255,-0.453585,255
255,-0.461213,255
255,-0.410655,255
255,-0.476104,255
255,-0.436146,255
255,-0.456499,255
255,-0.458852,255
255,-0.454291,255
255,-0.440394,255
255,-0.439809,255
255,-0.450189,255
255,-0.409181,255
255,-0.45264,255
255,-0.466952,255
255,-0.389365,255
255,-0.483585,255
255,-0.459243,255
255,-0.456315,255
255,-0.445532,255
255,-0.468477,255
255,-0.481485,255
255,-0.404645,255
255,-0.437304,255
255,-0.491377,255
255,-0.437083,255
255,-0.451253,255
255,-0.451844,255
255,-0.431119,255
255,-0.4761,255
255,-0.443864,255
255,-0.46832,255
255,-0.449053,255
255,-0.493625,255
255,-0.464757,255
255,-0.521595,255
255,-0.260603,255
255,-0.218588,255
255,-0.267429,255
255,-0.436669,255
255,-0.419518,255
255,-0.453494,255
255,-0.447062,255
255,-0.441061,255
255,-0.441357,255
255,-0.470804,255
255,-0.458046,255
255,-0.442561,255
255,-0.435365,255
255,-0.479154,255
255,-0.425647,255
255,-0.456378,255
255,-0.455181,255
255,-0.450288,255
255,-0.443728,255
255,-0.472946,255
255,-0.476135,255
255,-0.517949,255
255,-0.488981,255
255,-0.467179,255
255,-0.480685,255
255,-0.412807,255
255,-0.471529,255
255,-0.428997,255
255,-0.460115,255
255,-0.482002,255
255,-0.435133,255
255,-0.470077,255
255,-0.477234,255
255,-0.438217,255
255,-0.436552,255
255,-0.449751,255
255,-0.44501,255
255,-0.448137,255
255,-0.442472,255
255,-0.447903,255
255,-0.421759,255
255,-0.477985,255
255,-0.488434,255
255,-0.474033,255
255,-0.437498,255
255,-0.441548,255
255,-0.427831,255
255,-0.427057,255
255,-0.436435,255
255,-0.51042,255
255,-0.414786,255
255,-0.429555,255
255,-0.465626,255
255,-0.443086,255
255,-0.468199,255
255,-0.486395,255
255,-0.494363,255
255,-0.409233,255
255,-0.495027,255
255,-0.436081,255
255,-0.440559,255
255,-0.44447,255
255,-0.44946,255
255,-0.475031,255
255,-0.480275,255
255,-0.453459,255
255,-0.453293,255
255,-0.48189,255
255,-0.428007,255
255,-0.45105,255
255,-0.472288,255
255,-0.476004,255
255,-0.486371,255
255,-0.410819,255
255,-0.413904,255
255,-0.444626,255
255,-0.448694,255
255,-0.42357,255
255,-0.428672,255
255,-0.450893,255
255,-0.463226,255
255,-0.440652,255
255,-0.440424,255
255,-0.444667,255
255,-0.465516,255
255,-0.450223,255
255,-0.486499,255
255,-0.467242,255
255,-0.471427,255
255,-0.522302,255
255,-0.444364,255
255,-0.445222,255
255,-0.459984,255
255,-0.478058,255
255,-0.486924,255
255,-0.463821,255
255,-0.480857,255
255,-0.397574,255
255,-0.495372,255
255,-0.487534,255
255,-0.477656,255
255,-0.43546,255
255,-0.40994,255
255,-0.456648,255
255,-0.414741,255
255,-0.419852,255
255,-0.4309,255
255,-0.472799,255
255,-0.445187,255
255,-0.468976,255
255,-0.460772,255
255,-0.485199,255
255,-0.426603,255
255,-0.44998,255
255,-0.449395,255
255,-0.425024,255
255,-0.454389,255
255,-0.439138,255
255,-0.461418,255
255,-0.468948,255
255,-0.480526,255
255,-0.454761,255
255,-0.440642,255
255,-0.489496,255
255,-0.399948,255
255,-0.443907,255
255,-0.437935,255
255,-0.498063,255
255,-0.44795,255
255,-0.473584,255
255,-0.46101,255
255,-0.42365,255
255,-0.44912,255
255,-0.465361,255
255,-0.488336,255
255,-0.430465,255
255,-0.508501,255
255,-0.432756,255
255,-0.439048,255
255,-0.45669,255
255,-0.402174,255
255,-0.461645,255
255,-0.466097,255
255,-0.429763,255
255,-0.459321,255
255,-0.476408,255
255,-0.428435,255
255,-0.441499,255
255,-0.423892,255
255,-0.449459,255
255,-0.420043,255
255,-0.440109,255
255,-0.467353,255
255,-0.459196,255
255,-0.438241,255
255,-0.482736,255
255,-0.455442,255
255,-0.468235,255
255,-0.448475,255
255,-0.437852,255
255,-0.430608,255
255,-0.482456,255
255,-0.466577,255
255,-0.487708,255
255,-0.446899,255
255,-0.456847,255
255,-0.425799,255
255,-0.479896,255
255,-0.429106,255
255,-0.473096,255
255,-0.495292,255
255,-0.28575,255
255,-0.221138,255
255,-0.258518,255
255,-0.463096,255
255,-0.502867,255
255,-0.453901,255
255,-0.461335,255
255,-0.460059,255
255,-0.473737,255
255,-0.462512,255
255,-0.462417,255
255,-0.449067,255
255,-0.459226,255
255,-0.450732,255
255,-0.475433,255
255,-0.454301,255
255,-0.460363,255
255,-0.427595,255
255,-0.479605,255
255,-0.454015,255
255,-0.459146,255
255,-0.487543,255
255,-0.469416,255
255,-0.432706,255
255,-0.473101,255
255,-0.498104,255
255,-0.434898,255
255,-0.482443,255
255,-0.448765,255
255,-0.48239,255
255,-0.461221,255
255,-0.431856,255
255,-0.470015,255
255,-0.485196,255
255,-0.435935,255
255,-0.448747,255
255,-0.491291,255
255,-0.463312,255
255,-0.443314,255
255,-0.441949,255
255,-0.432534,255
255,-0.459062,255
255,-0.476837,255
255,-0.470304,255
255,-0.478001,255
255,-0.478907,255
255,-0.465674,255
255,-0.474142,255
255,-0.430873,255
255,-0.456435,255
255,-0.423447,255
255,-0.433183,255
255,-0.439984,255
255,-0.43125,255
255,-0.449001,255
255,-0.491209,255
255,-0.458359,255
255,-0.477694,255
255,-0.430193,255
255,-0.4648,255
255,-0.42566,255
255,-0.458737,255
255,-0.423676,255
255,-0.459584,255
255,-0.493055,255
255,-0.4973,255
255,-0.492133,255
255,-0.433466,255
255,-0.449381,255
255,-0.401349,255
255,-0.443198,255
255,-0.487521,255
255,-0.448167,255
255,-0.447226,255
255,-0.456243,255
255,-0.449291,255
255,-0.505267,255
255,-0.397564,255
255,-0.420485,255
255,-0.394785,255
255,-0.426432,255
255,-0.46337,255
255,-0.445126,255
255,-0.438348,255
255,-0.470231,255
255,-0.475985,255
255,-0.448746,255
255,-0.463983,255
255,-0.455616,255
255,-0.404452,255
255,-0.50743,255
255,-0.469505,255
255,-0.468917,255
255,-0.436383,255
255,-0.461422,255
255,-0.42973,255
255,-0.470071,255
255,-0.434981,255
255,-0.416063,255
255,-0.436825,255
255,-0.443491,255
255,-0.392531,255
255,-0.433904,255
255,-0.471724,255
255,-0.462523,255
255,-0.469434,255
255,-0.442887,255
255,-0.425169,255
255,-0.439586,255
255,-0.475123,255
255,-0.463546,255
255,-0.499364,255
255,-0.448165,255
255,-0.443684,255
255,-0.448291,255
255,-0.485154,255
255,-0.484821,255
255,-0.433981,255
255,-0.479902,255
255,-0.479513,255
255,-0.450068,255
255,-0.448739,255
255,-0.482159,255
255,-0.498674,255
255,-0.470983,255
255,-0.455291,255
255,-0.455229,255
255,-0.4581,255
255,-0.441007,255
255,-0.49244,255
255,-0.478225,255
255,-0.440694,255
255,-0.453688,255
255,-0.485681,255
255,-0.425869,255
255,-0.446954,255
255,-0.512685,255
255,-0.415675,255
255,-0.423355,255
255,-0.465169,255
255,-0.415253,255
255,-0.414776,255
255,-0.444927,255
255,-0.466966,255
255,-0.445387,255
255,-0.44021,255
255,-0.479561,255
255,-0.449945,255
255,-0.452866,255
255,-0.44156,255
255,-0.427812,255
255,-0.492007,255
255,-0.486273,255
255,-0.468045,255
255,-0.438779,255
255,-0.451442,255
255,-0.45026,255
255,-0.440751,255
255,-0.480561,255
255,-0.446239,255
255,-0.437943,255
255,-0.433469,255
255,-0.405278,255
255,-0.478526,255
255,-0.484129,255
255,-0.495491,255
255,-0.445272,255
255,-0.460217,255
255,-0.430166,255
255,-0.430335,255
255,-0.44991,255
255,-0.197144,255
255,-0.232245,255
255,-0.432554,255
255,-0.467683,255
255,-0.4524,255
255,-0.454807,255
255,-0.455735,255
255,-0.432979,255
255,-0.519907,255
255,-0.466806,255
255,-0.460057,255
255,-0.422014,255
255,-0.450806,255
255,-0.442239,255
255,-0.457125,255
255,-0.475664,255
255,-0.4403,255
255,-0.401012,255
255,-0.493661,255
255,-0.487092,255
255,-0.472891,255
255,-0.450031,255
255,-0.406234,255
255,-0.46662,255
255,-0.437987,255
255,-0.450629,255
255,-0.449404,255
255,-0.461078,255
255,-0.413878,255
255,-0.490462,255
255,-0.433894,255
255,-0.459947,255
255,-0.404996,255
255,-0.461935,255
255,-0.471294,255
255,-0.495611,255
255,-0.447298,255
255,-0.44956,255
255,-0.440156,255
255,-0.469836,255
255,-0.462615,255
255,-0.448666,255
255,-0.474131,255
255,-0.424733,255
255,-0.436824,255
255,-0.478822,255
255,-0.471499,255
255,-0.446528,255
255,-0.46192,255
255,-0.419472,255
255,-0.478463,255
255,-0.465975,255
255,-0.411588,255
255,-0.485967,255
255,-0.467491,255
255,-0.459696,255
255,-0.427655,255
255,-0.471967,255
255,-0.448407,255
255,-0.445887,255
255,-0.41545,255
255,-0.477582,255
255,-0.483509,255
255,-0.465119,255
255,-0.459901,255
255,-0.436967,255
255,-0.42316,255
255,-0.465331,255
255,-0.450223,255
255,-0.439712,255
255,-0.460345,255
255,-0.452912,255
255,-0.464122,255
255,-0.417191,255
255,-0.497226,255
255,-0.490926,255
255,-0.444184,255
255,-0.420509,255
255,-0.461668,255
255,-0.42335,255
255,-0.440767,255
255,-0.450298,255
255,-0.462626,255
255,-0.430739,255
255,-0.451327,255
255,-0.479315,255
255,-0.482279,255
255,-0.448693,255
255,-0.464227,255
255,-0.51879,255
255,-0.451907,255
255,-0.480651,255
255,-0.420139,255
255,-0.431771,255
255,-0.472063,255
255,-0.504828,255
255,-0.509362,255
255,-0.431824,255
255,-0.504653,255
255,-0.434218,255
255,-0.440292,255
255,-0.464454,255
255,-0.459109,255
255,-0.509048,255
255,-0.469299,255
255,-0.449134,255
255,-0.436405,255
255,-0.501595,255
255,-0.472755,255
255,-0.466661,255
255,-0.466807,255
255,-0.524245,255
255,-0.472032,255
255,-0.458756,255
255,-0.473295,255
255,-0.433712,255
255,-0.475561,255
255,-0.489983,255
255,-0.450021,255
255,-0.446851,255
255,-0.460997,255
255,-0.443233,255
255,-0.474391,255
255,-0.465982,255
255,-0.501649,255
255,-0.434651,255
255,-0.426412,255
255,-0.45151,255
255,-0.455973,255
255,-0.415593,255
255,-0.42736,255
255,-0.448371,255
255,-0.446235,255
255,-0.425552,255
255,-0.480958,255
255,-0.458587,255
255,-0.439936,255
255,-0.396609,255
255,-0.426806,255
255,-0.49403,255
255,-0.439387,255
255,-0.47855,255
255,-0.448083,255
255,-0.436575,255
255,-0.421957,255
255,-0.402857,255
255,-0.482645,255
255,-0.395612,255
255,-0.406866,255
255,-0.467358,255
255,-0.465881,255
255,-0.472625,255
255,-0.442132,255
255,-0.453942,255
255,-0.459842,255
255,-0.441059,255
255,-0.46388,255
255,-0.4509,255
255,-0.502719,255
255,-0.448836,255
255,-0.492996,255
255,-0.447857,255
255,-0.453009,255
255,-0.456417,255
255,-0.43818,255
255,-0.465564,255
255,-0.42549,255
255,-0.465092,255
255,-0.434372,255
255,-0.474636,255
255,-0.279216,255
255,-0.248458,255
255,-0.277398,255
255,-0.422862,255
255,-0.480801,255
255,-0.404189,255
255,-0.435822,255
255,-0.465264,255
255,-0.481111,255
255,-0.445801,255
255,-0.520508,255
255,-0.469907,255
255,-0.453538,255
255,-0.462676,255
255,-0.439893,255
255,-0.461799,255
255,-0.422068,255
255,-0.431319,255
255,-0.412918,255
255,-0.474047,255
255,-0.427674,255
255,-0.484499,255
255,-0.431011,255
255,-0.459807,255
255,-0.44123,255
255,-0.471081,255
255,-0.473743,255
255,-0.44336,255
255,-0.481727,255
255,-0.428344,255
255,-0.4612,255
255,-0.441258,255
255,-0.444345,255
255,-0.483687,255
255,-0.446773,255
255,-0.473778,255
255,-0.458333,255
255,-0.438723,255
255,-0.438016,255
255,-0.491865,255
255,-0.44587,255
255,-0.444006,255
255,-0.425972,255
255,-0.453868,255
255,-0.438714,255
255,-0.42484,255
255,-0.492391,255
255,-0.475242,255
255,-0.448085,255
255,-0.430907,255
255,-0.460082,255
255,-0.463313,255
255,-0.471474,255
255,-0.423064,255
255,-0.441614,255
255,-0.474817,255
255,-0.461178,255
255,-0.445065,255
255,-0.469356,255
255,-0.46454,255
255,-0.407592,255
255,-0.467837,255
255,-0.482399,255
255,-0.462033,255
255,-0.425971,255
255,-0.457615,255
255,-0.452387,255
255,-0.49465,255
255,-0.430767,255
255,-0.409732,255
255,-0.445603,255
255,-0.446503,255
255,-0.441172,255
255,-0.464258,255
255,-0.433537,255
255,-0.444916,255
255,-0.476382,255
255,-0.438266,255
255,-0.44347,255
255,-0.504649,255
255,-0.468798,255
255,-0.448699,255
255,-0.455406,255
255,-0.431118,255
255,-0.454436,255
255,-0.451338,255
255,-0.447988,255
255,-0.466908,255
255,-0.471517,255
255,-0.450222,255
255,-0.434145,255
255,-0.424661,255
255,-0.504556,255
255,-0.44036,255
255,-0.464687,255
255,-0.417203,255
255,-0.479608,255
255,-0.494746,255
255,-0.472147,255
255,-0.464764,255
255,-0.42418,255
255,-0.43588,255
255,-0.442311,255
255,-0.460897,255
255,-0.481456,255
255,-0.470235,255
255,-0.427293,255
255,-0.420542,255
255,-0.447823,255
255,-0.436891,255
255,-0.433901,255
255,-0.434796,255
255,-0.462836,255
255,-0.508285,255
255,-0.44373,255
255,-0.449766,255
255,-0.486988,255
255,-0.455249,255
255,-0.476964,255
255,-0.432895,255
255,-0.458673,255
255,-0.436661,255
255,-0.440338,255
255,-0.445539,255
255,-0.454474,255
255,-0.465738,255
255,-0.484404,255
255,-0.486472,255
255,-0.429595,255
255,-0.43348,255
255,-0.451037,255
255,-0.50059,255
255,-0.460076,255
255,-0.477836,255
255,-0.465056,255
255,-0.466233,255
255,-0.464923,255
255,-0.455576,255
255,-0.508788,255
255,-0.466591,255
255,-0.444569,255
255,-0.4412,255
255,-0.517673,255
255,-0.430098,255
255,-0.417571,255
255,-0.433546,255
255,-0.4912,255
255,-0.433297,255
255,-0.472267,255
255,-0.444348,255
255,-0.446516,255
255,-0.438349,255
255,-0.488636,255
255,-0.477214,255
255,-0.457036,255
255,-0.494886,255
255,-0.439445,255
255,-0.453748,255
255,-0.480078,255
255,-0.463589,255
255,-0.516389,255
255,-0.461254,255
255,-0.45744,255
255,-0.466384,255
255,-0.427849,255
255,-0.477251,255
255,-0.466457,255
255,-0.449989,255
255,-0.466457,255
255,-0.470734,255
255,-0.446933,255
255,-0.24372,255
255,-0.289826,255
255,-0.23377,255
255,-0.483532,255
255,-0.452252,255
255,-0.408317,255
255,-0.41403,255
255,-0.44247,255
255,-0.414544,255
255,-0.408329,255
255,-0.448791,255
255,-0.468475,255
255,-0.46759,255
255,-0.457376,255
255,-0.390372,255
255,-0.479869,255
255,-0.45357,255
255,-0.512362,255
255,-0.436395,255
255,-0.446227,255
255,-0.445316,255
255,-0.474202,255
255,-0.471411,255
255,-0.458258,255
255,-0.464968,255
255,-0.511761,255
255,-0.424258,255
255,-0.45809,255
255,-0.456558,255
255,-0.421836,255
255,-0.438178,255
255,-0.451275,255
255,-0.463443,255
255,-0.456885,255
255,-0.417589,255
255,-0.465861,255
255,-0.480034,255
255,-0.464766,255
255,-0.455465,255
255,-0.415527,255
255,-0.411825,255
255,-0.439377,255
255,-0.458505,255
255,-0.446288,255
255,-0.418684,255
255,-0.453118,255
255,-0.450264,255
255,-0.454589,255
255,-0.479257,255
255,-0.484119,255
255,-0.483574,255
255,-0.399674,255
255,-0.45701,255
255,-0.486466,255
255,-0.47326,255
255,-0.437408,255
255,-0.442032,255
255,-0.433721,255
255,-0.481524,255
255,-0.45886,255
255,-0.472738,255
255,-0.482413,255
255,-0.435803,255
255,-0.447951,255
255,-0.413917,255
255,-0.471463,255
255,-0.477396,255
255,-0.45246,255
255,-0.485538,255
255,-0.436392,255
255,-0.426784,255
255,-0.527595,255
255,-0.436821,255
255,-0.423563,255
255,-0.467317,255
255,-0.458821,255
255,-0.503497,255
255,-0.419937,255
255,-0.45238,255
255,-0.444687,255
255,-0.450613,255
255,-0.468836,255
255,-0.456378,255
255,-0.45152,255
255,-0.476433,255
255,-0.472714,255
255,-0.425095,255
255,-0.45847,255
255,-0.441521,255
255,-0.455225,255
255,-0.41812,255
255,-0.512868,255
255,-0.4426,255
255,-0.483563,255
255,-0.462805,255
255,-0.468708,255
255,-0.459467,255
255,-0.426959,255
255,-0.497546,255
255,-0.44381,255
255,-0.490939,255
255,-0.459575,255
255,-0.436427,255
255,-0.441145,255
255,-0.468253,255
255,-0.422211,255
255,-0.449505,255
255,-0.448471,255
255,-0.458334,255
255,-0.443288,255
255,-0.437141,255
255,-0.479569,255
255,-0.47263,255
255,-0.43514,255
255,-0.432189,255
255,-0.451273,255
255,-0.426454,255
255,-0.478479,255
255,-0.45181,255
255,-0.441716,255
255,-0.467489,255
255,-0.465181,255
255,-0.466651,255
255,-0.476873,255
255,-0.439236,255
255,-0.461347,255
255,-0.453265,255
255,-0.430717,255
255,-0.485004,255
255,-0.469563,255
255,-0.465062,255
255,-0.494624,255
255,-0.464034,255
255,-0.460222,255
255,-0.426543,255
255,-0.455825,255
255,-0.450456,255
255,-0.437662,255
255,-0.478071,255
255,-0.433369,255
255,-0.484396,255
255,-0.442143,255
255,-0.483638,255
255,-0.439142,255
255,-0.450528,255
255,-0.404773,255
255,-0.433007,255
255,-0.447861,255
255,-0.446047,255
255,-0.455169,255
255,-0.470287,255
255,-0.429179,255
255,-0.446256,255
255,-0.482486,255
255,-0.467781,255
255,-0.4883,255
255,-0.45391,255
255,-0.47241,255
255,-0.422709,255
255,-0.447593,255
255,-0.457643,255
255,-0.420845,255
255,-0.475236,255
255,-0.460217,255
255,-0.450456,255
255,-0.448113,255
255,-0.476075,255
255,-0.454946,255
255,-0.484703,255
255,-0.45055,255
255,-0.415676,255
255,-0.25372,255
255,-0.247484,255
255,-0.469726,255
255,-0.437089,255
255,-0.483586,255
255,-0.471687,255
255,-0.388817,255
255,-0.458497,255
255,-0.49157,255
255,-0.45338,255
255,-0.4148,255
255,-0.445932,255
255,-0.380968,255
255,-0.432638,255
255,-0.4435,255
255,-0.472342,255
255,-0.494177,255
255,-0.486748,255
255,-0.460073,255
255,-0.429051,255
255,-0.407172,255
255,-0.484407,255
255,-0.528019,255
255,-0.463086,255
255,-0.460615,255
255,-0.455237,255
255,-0.425566,255
255,-0.441411,255
255,-0.456996,255
255,-0.499924,255
255,-0.48179,255
255,-0.448559,255
255,-0.483918,255
255,-0.406223,255
255,-0.42846,255
255,-0.443332,255
255,-0.394879,255
255,-0.445666,255
255,-0.470161,255
255,-0.444361,255
255,-0.443479,255
255,-0.451125,255
255,-0.440517,255
255,-0.515979,255
255,-0.415808,255
255,-0.429384,255
255,-0.470205,255
255,-0.443218,255
255,-0.431662,255
255,-0.485057,255
255,-0.43054,255
255,-0.466319,255
255,-0.466162,255
255,-0.45709,255
255,-0.47529,255
255,-0.432282,255
255,-0.432495,255
255,-0.441648,255
255,-0.417786,255
255,-0.505987,255
255,-0.458873,255
255,-0.430507,255
255,-0.416582,255
255,-0.467093,255
255,-0.483754,255
255,-0.408223,255
255,-0.422258,255
255,-0.461679,255
255,-0.453278,255
255,-0.459262,255
255,-0.458187,255
255,-0.485032,255
255,-0.450385,255
255,-0.460781,255
255,-0.45449,255
255,-0.436672,255
255,-0.426482,255
255,-0.458171,255
255,-0.437755,255
255,-0.429281,255
255,-0.450358,255
255,-0.450327,255
255,-0.5188,255
255,-0.400694,255
255,-0.464627,255
255,-0.435772,255
255,-0.474656,255
255,-0.467494,255
255,-0.454789,255
255,-0.412093,255
255,-0.484457,255
255,-0.445646,255
255,-0.470372,255
255,-0.439934,255
255,-0.455125,255
255,-0.423096,255
255,-0.461465,255
255,-0.471337,255
255,-0.479754,255
255,-0.484197,255
255,-0.483564,255
255,-0.469877,255
255,-0.450017,255
255,-0.435175,255
255,-0.445967,255
255,-0.450541,255
255,-0.485614,255
255,-0.480445,255
255,-0.472462,255
255,-0.449121,255
255,-0.45418,255
255,-0.443963,255
255,-0.46404,255
255,-0.481868,255
255,-0.446756,255
255,-0.450377,255
255,-0.451722,255
255,-0.449328,255
255,-0.43869,255
255,-0.405202,255
255,-0.444123,255
255,-0.455313,255
255,-0.433112,255
255,-0.446698,255
255,-0.426115,255
255,-0.411011,255
255,-0.389247,255
255,-0.452695,255
255,-0.458308,255
255,-0.454551,255
255,-0.46432,255
255,-0.480543,255
255,-0.455639,255
255,-0.419102,255
255,-0.430093,255
255,-0.47929,255
255,-0.425092,255
255,-0.493832,255
255,-0.45818,255
255,-0.474257,255
255,-0.450653,255
255,-0.48581,255
255,-0.475407,255
255,-0.413945,255
255,-0.461251,255
255,-0.429162,255
255,-0.397355,255
255,-0.433192,255
255,-0.408455,255
255,-0.444966,255
255,-0.460386,255
255,-0.41457,255
255,-0.424885,255
255,-0.473645,255
255,-0.440053,255
255,-0.458865,255
255,-0.487772,255
255,-0.414236,255
255,-0.456186,255
255,-0.452556,255
255,-0.468284,255
255,-0.455415,255
255,-0.461931,255
255,-0.48599,255
255,-0.444024,255
255,-0.488885,255
255,-0.418208,255
255,-0.433261,255
255,-0.401073,255
255,-0.449089,255
255,-0.214528,255
255,-0.251101,255
255,-0.24402,255
255,-0.420355,255
255,-0.50532,255
255,-0.464995,255
255,-0.451498,255
255,-0.443838,255
255,-0.483094,255
255,-0.482681,255
255,-0.49315,255
255,-0.479251,255
255,-0.450866,255
255,-0.489956,255
255,-0.465048,255
255,-0.477218,255
255,-0.451484,255
255,-0.44282,255
255,-0.41306,255
255,-0.466334,255
255,-0.492188,255
255,-0.452282,255
255,-0.500678,255
255,-0.471223,255
255,-0.440107,255
255,-0.461943,255
255,-0.470606,255
255,-0.436878,255
255,-0.466988,255
255,-0.446189,255
255,-0.461949,255
255,-0.435488,255
255,-0.437311,255
255,-0.440963,255
255,-0.461448,255
255,-0.398972,255
255,-0.469712,255
255,-0.450511,255
255,-0.447585,255
255,-0.507283,255
255,-0.476402,255
255,-0.429714,255
255,-0.492719,255
255,-0.456449,255
255,-0.439574,255
255,-0.453544,255
255,-0.461004,255
255,-0.45128,255
255,-0.463164,255
255,-0.460356,255
255,-0.430029,255
255,-0.470226,255
255,-0.443222,255
255,-0.435407,255
255,-0.464279,255
255,-0.451873,255
255,-0.427035,255
255,-0.478421,255
255,-0.493657,255
255,-0.450588,255
255,-0.475302,255
255,-0.401922,255
255,-0.46842,255
255,-0.487733,255
255,-0.500981,255
255,-0.424572,255
255,-0.443949,255
255,-0.39785,255
255,-0.43869,255
255,-0.443802,255
255,-0.434473,255
255,-0.461548,255
255,-0.449556,255
255,-0.463589,255
255,-0.49576,255
255,-0.454227,255
255,-0.45267,255
255,-0.47618,255
255,-0.443598,255
255,-0.459039,255
255,-0.466327,255
255,-0.424775,255
255,-0.433958,255
255,-0.419812,255
255,-0.471514,255
255,-0.442664,255
255,-0.458195,255
255,-0.460537,255
255,-0.492472,255
255,-0.436783,255
255,-0.438583,255
255,-0.464679,255
255,-0.468475,255
255,-0.474514,255
255,-0.432883,255
255,-0.460491,255
255,-0.512146,255
255,-0.460668,255
255,-0.439207,255
255,-0.46796,255
255,-0.463577,255
255,-0.439204,255
255,-0.432683,255
255,-0.472686,255
255,-0.452943,255
255,-0.477368,255
255,-0.471482,255
255,-0.474818,255
255,-0.431739,255
255,-0.462616,255
255,-0.446271,255
255,-0.461056,255
255,-0.432481,255
255,-0.468165,255
255,-0.442173,255
255,-0.447173,255
255,-0.430639,255
255,-0.493763,255
255,-0.413548,255
255,-0.42589,255
255,-0.486668,255
255,-0.42658,255
255,-0.473198,255
255,-0.466997,255
255,-0.470888,255
255,-0.466653,255
255,-0.44734,255
255,-0.485963,255
255,-0.468512,255
255,-0.440043,255
255,-0.441663,255
255,-0.380822,255
255,-0.440553,255
255,-0.445236,255
255,-0.462847,255
255,-0.463432,255
255,-0.442049,255
255,-0.447374,255
255,-0.467233,255
255,-0.480028,255
255,-0.468045,255
255,-0.401645,255
255,-0.486765,255
255,-0.426175,255
255,-0.49892,255
255,-0.461578,255
255,-0.438104,255
255,-0.44124,255
255,-0.417418,255
255,-0.492108,255
255,-0.485862,255
255,-0.466982,255
255,-0.465423,255
255,-0.477914,255
255,-0.488729,255
255,-0.450064,255
255,-0.432893,255
255,-0.49267,255
255,-0.443232,255
255,-0.440807,255
255,-0.507239,255
255,-0.481967,255
255,-0.483896,255
255,-0.444447,255
255,-0.463896,255
255,-0.458801,255
255,-0.473132,255
255,-0.405609,255
255,-0.454895,255
255,-0.401656,255
255,-0.474037,255
255,-0.237212,255
255,-0.210814,255
255,-0.226065,255
255,-0.438845,255
255,-0.469485,255
255,-0.467109,255
255,-0.486277,255
255,-0.410717,255
255,-0.441754,255
255,-0.463466,255
255,-0.383208,255
255,-0.430108,255
255,-0.460056,255
255,-0.44756,255
255,-0.497723,255
255,-0.428926,255
255,-0.428537,255
255,-0.473507,255
255,-0.474646,255
255,-0.51021,255
255,-0.479446,255
255,-0.432076,255
255,-0.454452,255
255,-0.49143,255
255,-0.466768,255
255,-0.442996,255
255,-0.482151,255
255,-0.492499,255
255,-0.440029,255
255,-0.436765,255
255,-0.462223,255
255,-0.424508,255
255,-0.44452,255
255,-0.481011,255
255,-0.451183,255
255,-0.465067,255
255,-0.443345,255
255,-0.478534,255
255,-0.441118,255
255,-0.462882,255
255,-0.47888,255
255,-0.477082,255
255,-0.426026,255
255,-0.462455,255
255,-0.462599,255
255,-0.475691,255
255,-0.463055,255
255,-0.485675,255
255,-0.451812,255
255,-0.466099,255
255,-0.464667,255
255,-0.475711,255
255,-0.474942,255
255,-0.450226,255
255,-0.486121,255
255,-0.459033,255
255,-0.466304,255
255,-0.445222,255
255,-0.525546,255
255,-0.484236,255
255,-0.480244,255
255,-0.428417,255
255,-0.470658,255
255,-0.441658,255
255,-0.501528,255
255,-0.4368,255
255,-0.406989,255
255,-0.484044,255
255,-0.449452,255
255,-0.471667,255
255,-0.443445,255
255,-0.442138,255
255,-0.456452,255
255,-0.45499,255
255,-0.447893,255
255,-0.440935,255
255,-0.469986,255
255,-0.444223,255
255,-0.464486,255
255,-0.441009,255
255,-0.442747,255
255,-0.453533,255
255,-0.407001,255
255,-0.443057,255
255,-0.434854,255
255,-0.475762,255
255,-0.404395,255
255,-0.402694,255
255,-0.444645,255
255,-0.448047,255
255,-0.426527,255
255,-0.462361,255
255,-0.427698,255
255,-0.473079,255
255,-0.484181,255
255,-0.444548,255
255,-0.478232,255
255,-0.477682,255
255,-0.417302,255
255,-0.485834,255
255,-0.382996,255
255,-0.459086,255
255,-0.43865,255
255,-0.470422,255
255,-0.47151,255
255,-0.428382,255
255,-0.465558,255
255,-0.438848,255
255,-0.435338,255
255,-0.501822,255
255,-0.436523,255
255,-0.437415,255
255,-0.471691,255
255,-0.475827,255
255,-0.466121,255
255,-0.467016,255
255,-0.434587,255
255,-0.463907,255
255,-0.476714,255
255,-0.406537,255
255,-0.435404,255
255,-0.439187,255
255,-0.448323,255
255,-0.422897,255
255,-0.450961,255
255,-0.414269,255
255,-0.478746,255
255,-0.440745,255
255,-0.455664,255
255,-0.494217,255
255,-0.478147,255
255,-0.469444,255
255,-0.514949,255
255,-0.516748,255
255,-0.389541,255
255,-0.455579,255
255,-0.468094,255
255,-0.450613,255
255,-0.457366,255
255,-0.470336,255
255,-0.461656,255
255,-0.479408,255
255,-0.481935,255
255,-0.420683,255
255,-0.46032,255
255,-0.446432,255
255,-0.456416,255
255,-0.441224,255
255,-0.469517,255
255,-0.439958,255
255,-0.496137,255
255,-0.448469,255
255,-0.467909,255
255,-0.436044,255
255,-0.460566,255
255,-0.438211,255
255,-0.447762,255
255,-0.448325,255
255,-0.494158,255
255,-0.433104,255
255,-0.45133,255
255,-0.442501,255
255,-0.465682,255
255,-0.459295,255
255,-0.451794,255
255,-0.423613,255
255,-0.423218,255
255,-0.450548,255
255,-0.420596,255
255,-0.478517,255
255,-0.465845,255
255,-0.269998,255
255,-0.270156,255
255,-0.466669,255
255,-0.420683,255
255,-0.480522,255
255,-0.451167,255
255,-0.417143,255
255,-0.43578,255
255,-0.483128,255
255,-0.439497,255
255,-0.468228,255
255,-0.427766,255
255,-0.459771,255
255,-0.494285,255
255,-0.470454,255
255,-0.429194,255
255,-0.415218,255
255,-0.447918,255
255,-0.435094,255
255,-0.465212,255
255,-0.431452,255
255,-0.467581,255
255,-0.427792,255
255,-0.450433,255
255,-0.458378,255
255,-0.431601,255
255,-0.437372,255
255,-0.446895,255
255,-0.455686,255
255,-0.451237,255
255,-0.476079,255
255,-0.455135,255
255,-0.504167,255
255,-0.454293,255
255,-0.480014,255
255,-0.427702,255
255,-0.444846,255
255,-0.471574,255
255,-0.494162,255
255,-0.450112,255
255,-0.473987,255
255,-0.491912,255
255,-0.451247,255
255,-0.471887,255
255,-0.441616,255
255,-0.431249,255
255,-0.387686,255
255,-0.458575,255
255,-0.472659,255
255,-0.44031,255
255,-0.404543,255
255,-0.456746,255
255,-0.420236,255
255,-0.448135,255
255,-0.46967,255
255,-0.441442,255
255,-0.386429,255
255,-0.454228,255
255,-0.45895,255
255,-0.431042,255
255,-0.391011,255
255,-0.484171,255
255,-0.434723,255
255,-0.448369,255
255,-0.447715,255
255,-0.457681,255
255,-0.463552,255
255,-0.415956,255
255,-0.452233,255
255,-0.492672,255
255,-0.461655,255
255,-0.463042,255
255,-0.471519,255
255,-0.466157,255
255,-0.455313,255
255,-0.492233,255
255,-0.455861,255
255,-0.475933,255
255,-0.473291,255
255,-0.446539,255
255,-0.491158,255
255,-0.464784,255
255,-0.454082,255
255,-0.46039,255
255,-0.46475,255
255,-0.464676,255
255,-0.450036,255
255,-0.441946,255
255,-0.435054,255
255,-0.459194,255
255,-0.483742,255
255,-0.428812,255
255,-0.447183,255
255,-0.425051,255
255,-0.440674,255
255,-0.46418,255
255,-0.420309,255
255,-0.395041,255
255,-0.461026,255
255,-0.46718,255
255,-0.45192,255
255,-0.421935,255
255,-0.420923,255
255,-0.469206,255
255,-0.412367,255
255,-0.47867,255
255,-0.448694,255
255,-0.474767,255
255,-0.449474,255
255,-0.453569,255
255,-0.445275,255
255,-0.470517,255
255,-0.458515,255
255,-0.487601,255
255,-0.448093,255
255,-0.458284,255
255,-0.458578,255
255,-0.462212,255
255,-0.430154,255
255,-0.4681,255
255,-0.461901,255
255,-0.42793,255
255,-0.453459,255
255,-0.418565,255
255,-0.44135,255
255,-0.431417,255
255,-0.453507,255
255,-0.449566,255
255,-0.468547,255
255,-0.463554,255
255,-0.449975,255
255,-0.448741,255
255,-0.448417,255
255,-0.450729,255
255,-0.451549,255
255,-0.44814,255
255,-0.467561,255
255,-0.479274,255
255,-0.403114,255
255,-0.460598,255
255,-0.443169,255
255,-0.467355,255
255,-0.460514,255
255,-0.456815,255
255,-0.436471,255
255,-0.46607,255
255,-0.481422,255
255,-0.424894,255
255,-0.471754,255
255,-0.46028,255
255,-0.432968,255
255,-0.469784,255
255,-0.45023,255
255,-0.440909,255
255,-0.418067,255
255,-0.418313,255
255,-0.481314,255
255,-0.459204,255
255,-0.496557,255
255,-0.457332,255
255,-0.466426,255
255,-0.407366,255
255,-0.447656,255
255,-0.460437,255
255,-0.451218,255
255,-0.42716,255
255,-0.409738,255
255,-0.447894,255
255,-0.440708,255
255,-0.420289,255
255,-0.249099,255
255,-0.263613,255
255,-0.266563,255
255,-0.44103,255
255,-0.437922,255
255,-0.446915,255
255,-0.445267,255
255,-0.487705,255
255,-0.445296,255
255,-0.449801,255
255,-0.460751,255
255,-0.437507,255
255,-0.467662,255
255,-0.42561,255
255,-0.449621,255
255,-0.453168,255
255,-0.491532,255
255,-0.436874,255
255,-0.422432,255
255,-0.506379,255
255,-0.428885,255
255,-0.406402,255
255,-0.486856,255
255,-0.46815,255
255,-0.455666,255
255,-0.472865,255
255,-0.4675,255
255,-0.450772,255
255,-0.449706,255
255,-0.464127,255
255,-0.496713,255
255,-0.425604,255
255,-0.461031,255
255,-0.478423,255
255,-0.447865,255
255,-0.461573,255
255,-0.450454,255
255,-0.421307,255
255,-0.424507,255
255,-0.469221,255
255,-0.465642,255
255,-0.448092,255
255,-0.460959,255
255,-0.485664,255
255,-0.435559,255
255,-0.433644,255
255,-0.432733,255
255,-0.450854,255
255,-0.430474,255
255,-0.425339,255
255,-0.475778,255
255,-0.450624,255
255,-0.441605,255
255,-0.448714,255
255,-0.50809,255
255,-0.483786,255
255,-0.456023,255
255,-0.452584,255
255,-0.431952,255
255,-0.475852,255
255,-0.506525,255
255,-0.474056,255
255,-0.451242,255
255,-0.445057,255
255,-0.468401,255
255,-0.494542,255
255,-0.443619,255
255,-0.445497,255
255,-0.4235,255
255,-0.419535,255
255,-0.447187,255
255,-0.474313,255
255,-0.408984,255
255,-0.398601,255
255,-0.437449,255
255,-0.450907,255
255,-0.482924,255
255,-0.474745,255
255,-0.47214,255
255,-0.45005,255
255,-0.459348,255
255,-0.456438,255
255,-0.405837,255
255,-0.457796,255
255,-0.446545,255
255,-0.487996,255
255,-0.47813,255
255,-0.439431,255
255,-0.521611,255
255,-0.429438,255
255,-0.481639,255
255,-0.482359,255
255,-0.439784,255
255,-0.431241,255
255,-0.440432,255
255,-0.471455,255
255,-0.456284,255
255,-0.417354,255
255,-0.438655,255
255,-0.462585,255
255,-0.494054,255
255,-0.459979,255
255,-0.460074,255
255,-0.422139,255
255,-0.472177,255
255,-0.466038,255
255,-0.409784,255
255,-0.463942,255
255,-0.463956,255
255,-0.479231,255
255,-0.47073,255
255,-0.425172,255
255,-0.445395,255
255,-0.448231,255
255,-0.455721,255
255,-0.454356,255
255,-0.414958,255
255,-0.45741,255
255,-0.459174,255
255,-0.436204,255
255,-0.454727,255
255,-0.451455,255
255,-0.442934,255
255,-0.386129,255
255,-0.461581,255
255,-0.448975,255
255,-0.413525,255
255,-0.481174,255
255,-0.454746,255
255,-0.447829,255
255,-0.484222,255
255,-0.492237,255
255,-0.45884,255
255,-0.479284,255
255,-0.461979,255
255,-0.452897,255
255,-0.422866,255
255,-0.504986,255
255,-0.451445,255
255,-0.42089,255
255,-0.470923,255
255,-0.441892,255
255,-0.444718,255
255,-0.449895,255
255,-0.474948,255
255,-0.441381,255
255,-0.43021,255
255,-0.463657,255
255,-0.534874,255
255,-0.419981,255
255,-0.467328,255
255,-0.462375,255
255,-0.480461,255
255,-0.456835,255
255,-0.437406,255
255,-0.416516,255
255,-0.442608,255
255,-0.434827,255
255,-0.420262,255
255,-0.454165,255
255,-0.45597,255
255,-0.447301,255
255,-0.417111,255
255,-0.418698,255
255,-0.467596,255
255,-0.436005,255
255,-0.406578,255
255,-0.469816,255
255,-0.447728,255
255,-0.428925,255
255,-0.445605,255
255,-0.245706,255
255,-0.241723,255
255,-0.24458,255
255,-0.493994,255
255,-0.440963,255
255,-0.419291,255
255,-0.458642,255
255,-0.424036,255
255,-0.431789,255
255,-0.476886,255
255,-0.482271,255
255,-0.446038,255
255,-0.430322,255
255,-0.418723,255
255,-0.451692,255
255,-0.465501,255
255,-0.468147,255
255,-0.478567,255
255,-0.476712,255
255,-0.40716,255
255,-0.508831,255
255,-0.46436,255
255,-0.470882,255
255,-0.478702,255
255,-0.446026,255
255,-0.43363,255
255,-0.439422,255
255,-0.466986,255
255,-0.476772,255
255,-0.452968,255
255,-0.454025,255
255,-0.440016,255
255,-0.462784,255
255,-0.419246,255
255,-0.434976,255
255,-0.435235,255
255,-0.426305,255
255,-0.442009,255
255,-0.484856,255
255,-0.416431,255
255,-0.409948,255
255,-0.419641,255
255,-0.46412,255
255,-0.447185,255
255,-0.418826,255
255,-0.422485,255
255,-0.463391,255
255,-0.422909,255
255,-0.458452,255
255,-0.468946,255
255,-0.459805,255
255,-0.426195,255
255,-0.472684,255
255,-0.462158,255
255,-0.464857,255
255,-0.462398,255
255,-0.465847,255
255,-0.429824,255
255,-0.46206,255
255,-0.451751,255
255,-0.460874,255
255,-0.453627,255
255,-0.434172,255
255,-0.447359,255
255,-0.430418,255
255,-0.462588,255
255,-0.466958,255
255,-0.490934,255
255,-0.465432,255
255,-0.392721,255
255,-0.408201,255
255,-0.457717,255
255,-0.481998,255
255,-0.47504,255
255,-0.48939,255
255,-0.439691,255
255,-0.462789,255
255,-0.453916,255
255,-0.492416,255
255,-0.497304,255
255,-0.448295,255
255,-0.482531,255
255,-0.491216,255
255,-0.430569,255
255,-0.426581,255
255,-0.468021,255
255,-0.444949,255
255,-0.412462,255
255,-0.450558,255
255,-0.449119,255
255,-0.430431,255
255,-0.410287,255
255,-0.468866,255
255,-0.447176,255
255,-0.420934,255
255,-0.434656,255
255,-0.441743,255
255,-0.44433,255
255,-0.483579,255
255,-0.428079,255
255,-0.433103,255
255,-0.447394,255
255,-0.46344,255
255,-0.434207,255
255,-0.437732,255
255,-0.413529,255
255,-0.453173,255
255,-0.487816,255
255,-0.463303,255
255,-0.436487,255
255,-0.430851,255
255,-0.427501,255
255,-0.463459,255
255,-0.490933,255
255,-0.434363,255
255,-0.471458,255
255,-0.446091,255
255,-0.435711,255
255,-0.479397,255
255,-0.437738,255
255,-0.445844,255
255,-0.467905,255
255,-0.451076,255
255,-0.443767,255
255,-0.427507,255
255,-0.461916,255
255,-0.456571,255
255,-0.473289,255
255,-0.46705,255
255,-0.42782,255
255,-0.437644,255
255,-0.477218,255
255,-0.455307,255
255,-0.375487,255
255,-0.457361,255
255,-0.441384,255
255,-0.424801,255
255,-0.453188,255
255,-0.426596,255
255,-0.461466,255
255,-0.461645,255
255,-0.476391,255
255,-0.430035,255
255,-0.459437,255
255,-0.455757,255
255,-0.446973,255
255,-0.430613,255
255,-0.469499,255
255,-0.434904,255
255,-0.446908,255
255,-0.430413,255
255,-0.459531,255
255,-0.429544,255
255,-0.458401,255
255,-0.416342,255
255,-0.433589,255
255,-0.459313,255
255,-0.444567,255
255,-0.432506,255
255,-0.458528,255
255,-0.414585,255
255,-0.459327,255
255,-0.44676,255
255,-0.46515,255
255,-0.451987,255
255,-0.464412,255
255,-0.458615,255
255,-0.436797,255
255,-0.468402,255
255,-0.463115,255
255,-0.437924,255
255,-0.259919,255
255,-0.260949,255
255,-0.472938,255
255,-0.453743,255
255,-0.44221,255
255,-0.485853,255
255,-0.443871,255
255,-0.401031,255
255,-0.458459,255
255,-0.457516,255
255,-0.431632,255
255,-0.455578,255
255,-0.435658,255
255,-0.437236,255
255,-0.449148,255
255,-0.429678,255
255,-0.446183,255
255,-0.448769,255
255,-0.415723,255
255,-0.466502,255
255,-0.468041,255
255,-0.417109,255
255,-0.46742,255
255,-0.444234,255
255,-0.463323,255
255,-0.44344,255
255,-0.46502,255
255,-0.440595,255
255,-0.435422,255
255,-0.445667,255
255,-0.455541,255
255,-0.461625,255
255,-0.464507,255
255,-0.466394,255
255,-0.460659,255
255,-0.445018,255
255,-0.478547,255
255,-0.45589,255
255,-0.508115,255
255,-0.486168,255
255,-0.453605,255
255,-0.422226,255
255,-0.466085,255
255,-0.480243,255
255,-0.413326,255
255,-0.437389,255
255,-0.454123,255
255,-0.470181,255
255,-0.405741,255
255,-0.44216,255
255,-0.434892,255
255,-0.442933,255
255,-0.430268,255
255,-0.467417,255
255,-0.47743,255
255,-0.444616,255
255,-0.448565,255
255,-0.478579,255
255,-0.435666,255
255,-0.449068,255
255,-0.47278,255
255,-0.461729,255
255,-0.426887,255
255,-0.481278,255
255,-0.455022,255
255,-0.454383,255
255,-0.453258,255
255,-0.404904,255
255,-0.398999,255
255,-0.427962,255
255,-0.485959,255
255,-0.451815,255
255,-0.462089,255
255,-0.460307,255
255,-0.445862,255
255,-0.436807,255
255,-0.497609,255
255,-0.411694,255
255,-0.444887,255
255,-0.408625,255
255,-0.428729,255
255,-0.442051,255
255,-0.446916,255
255,-0.500608,255
255,-0.501076,255
255,-0.467571,255
255,-0.45301,255
255,-0.452408,255
255,-0.430581,255
255,-0.412381,255
255,-0.398564,255
255,-0.466915,255
255,-0.459423,255
255,-0.415206,255
255,-0.444977,255
255,-0.439352,255
255,-0.467295,255
255,-0.449574,255
255,-0.485971,255
255,-0.430508,255
255,-0.40617,255
255,-0.419097,255
255,-0.430814,255
255,-0.449094,255
255,-0.445057,255
255,-0.424845,255
255,-0.419841,255
255,-0.459059,255
255,-0.491366,255
255,-0.417653,255
255,-0.437891,255
255,-0.433446,255
255,-0.424698,255
255,-0.494888,255
255,-0.450714,255
255,-0.44276,255
255,-0.452208,255
255,-0.429533,255
255,-0.461754,255
255,-0.373886,255
255,-0.43592,255
255,-0.428775,255
255,-0.416143,255
255,-0.49243,255
255,-0.450188,255
255,-0.443555,255
255,-0.447021,255
255,-0.482871,255
255,-0.449777,255
255,-0.495683,255
255,-0.447881,255
255,-0.477588,255
255,-0.487047,255
255,-0.462651,255
255,-0.429172,255
255,-0.449318,255
255,-0.380392,255
255,-0.441521,255
255,-0.460639,255
255,-0.455689,255
255,-0.475997,255
255,-0.467571,255
255,-0.456519,255
255,-0.421509,255
255,-0.421241,255
255,-0.432512,255
255,-0.4524,255
255,-0.448863,255
255,-0.42321,255
255,-0.427704,255
255,-0.462734,255
255,-0.446525,255
255,-0.460596,255
255,-0.431549,255
255,-0.408996,255
255,-0.384353,255
255,-0.381695,255
255,-0.47339,255
255,-0.416758,255
255,-0.459589,255
255,-0.414485,255
255,-0.432304,255
255,-0.399888,255
255,-0.45893,255
255,-0.431143,255
255,-0.431015,255
255,-0.470061,255
255,-0.447939,255
255,-0.460003,255
255,-0.444262,255
255,-0.280744,255
255,-0.268183,255
255,-0.286171,255
255,-0.454601,255
255,-0.49311,255
255,-0.436472,255
255,-0.426836,255
255,-0.479618,255
255,-0.447623,255
255,-0.44224,255
255,-0.424025,255
255,-0.478854,255
255,-0.468516,255
255,-0.464243,255
255,-0.445881,255
255,-0.436386,255
255,-0.499594,255
255,-0.482596,255
255,-0.399656,255
255,-0.48367,255
255,-0.419194,255
255,-0.453829,255
255,-0.483858,255
255,-0.467402,255
255,-0.44775,255
255,-0.500258,255
255,-0.445863,255
255,-0.443871,255
255,-0.496965,255
255,-0.42311,255
255,-0.437304,255
255,-0.483403,255
255,-0.457863,255
255,-0.504351,255
255,-0.47219,255
255,-0.406652,255
255,-0.403431,255
255,-0.448406,255
255,-0.440943,255
255,-0.438578,255
255,-0.462547,255
255,-0.447262,255
255,-0.441575,255
255,-0.443885,255
255,-0.416073,255
255,-0.422519,255
255,-0.453131,255
255,-0.416383,255
255,-0.461763,255
255,-0.451624,255
255,-0.434319,255
255,-0.404847,255
255,-0.458139,255
255,-0.491042,255
255,-0.398693,255
255,-0.42487,255
255,-0.442568,255
255,-0.490033,255
255,-0.440501,255
255,-0.394699,255
255,-0.462066,255
255,-0.445215,255
255,-0.436571,255
255,-0.453267,255
255,-0.468217,255
255,-0.42525,255
255,-0.432476,255
255,-0.488047,255
255,-0.433155,255
255,-0.405862,255
255,-0.411808,255
255,-0.475182,255
255,-0.488071,255
255,-0.489849,255
255,-0.429488,255
255,-0.410971,255
255,-0.456097,255
255,-0.453962,255
255,-0.428429,255
255,-0.45033,255
255,-0.430953,255
255,-0.440653,255
255,-0.430868,255
255,-0.458803,255
255,-0.40975,255
255,-0.477395,255
255,-0.469921,255
255,-0.462801,255
255,-0.477049,255
255,-0.431327,255
255,-0.442641,255
255,-0.481663,255
255,-0.452321,255
255,-0.455243,255
255,-0.433754,255
255,-0.482736,255
255,-0.444368,255
255,-0.455981,255
255,-0.4338,255
255,-0.44758,255
255,-0.410945,255
255,-0.439592,255
255,-0.428788,255
255,-0.446408,255
255,-0.434421,255
255,-0.442212,255
255,-0.432494,255
255,-0.394984,255
255,-0.433748,255
255,-0.470261,255
255,-0.466462,255
255,-0.43969,255
255,-0.46932,255
255,-0.420429,255
255,-0.432411,255
255,-0.464164,255
255,-0.481482,255
255,-0.438873,255
255,-0.451328,255
255,-0.429682,255
255,-0.466287,255
255,-0.462785,255
255,-0.431903,255
255,-0.429414,255
255,-0.451904,255
255,-0.412,255
255,-0.474101,255
255,-0.4324,255
255,-0.458306,255
255,-0.421245,255
255,-0.396915,255
255,-0.4663,255
255,-0.473001,255
255,-0.461628,255
255,-0.466096,255
255,-0.474865,255
255,-0.430142,255
255,-0.450884,255
255,-0.456957,255
255,-0.449373,255
255,-0.469423,255
255,-0.476214,255
255,-0.462541,255
255,-0.454533,255
255,-0.447933,255
255,-0.44446,255
255,-0.410265,255
255,-0.452536,255
255,-0.456679,255
255,-0.441343,255
255,-0.468154,255
255,-0.412533,255
255,-0.429615,255
255,-0.45769,255
255,-0.431921,255
255,-0.445645,255
255,-0.45873,255
255,-0.488789,255
255,-0.440585,255
255,-0.456996,255
255,-0.464488,255
255,-0.416102,255
255,-0.449394,255
255,-0.431757,255
255,-0.439937,255
255,-0.400266,255
255,-0.47529,255
255,-0.427753,255
255,-0.459653,255
255,-0.474347,255
255,-0.453607,255
255,-0.277144,255
255,-0.260937,255
255,-0.241863,255
255,-0.469522,255
255,-0.465301,255
255,-0.43438,255
255,-0.44719,255
255,-0.443467,255
255,-0.465296,255
255,-0.369261,255
255,-0.433647,255
255,-0.441657,255
255,-0.454041,255
255,-0.441269,255
255,-0.450815,255
255,-0.415332,255
255,-0.371564,255
255,-0.454481,255
255,-0.450788,255
255,-0.445404,255
255,-0.453129,255
255,-0.443177,255
255,-0.448529,255
255,-0.41099,255
255,-0.482886,255
255,-0.440949,255
255,-0.385087,255
255,-0.447435,255
255,-0.435784,255
255,-0.433026,255
255,-0.470962,255
255,-0.482874,255
255,-0.437853,255
255,-0.447453,255
255,-0.446949,255
255,-0.433911,255
255,-0.471384,255
255,-0.445145,255
255,-0.399338,255
255,-0.389079,255
255,-0.423174,255
255,-0.475482,255
255,-0.423892,255
255,-0.45143,255
255,-0.441828,255
255,-0.488269,255
255,-0.414646,255
255,-0.393083,255
255,-0.488032,255
255,-0.454163,255
255,-0.421711,255
255,-0.461682,255
255,-0.475661,255
255,-0.454837,255
255,-0.46087,255
255,-0.447711,255
255,-0.479471,255
255,-0.440548,255
255,-0.448375,255
255,-0.457773,255
255,-0.443689,255
255,-0.449072,255
255,-0.393388,255
255,-0.486047,255
255,-0.409763,255
255,-0.441718,255
255,-0.430154,255
255,-0.420433,255
255,-0.459858,255
255,-0.422137,255
255,-0.41977,255
255,-0.404063,255
255,-0.376961,255
255,-0.497397,255
255,-0.414189,255
255,-0.404644,255
255,-0.430275,255
255,-0.436412,255
255,-0.44566,255
255,-0.467438,255
255,-0.484927,255
255,-0.444231,255
255,-0.460083,255
255,-0.448392,255
255,-0.427887,255
255,-0.436752,255
255,-0.470995,255
255,-0.402121,255
255,-0.437788,255
255,-0.454528,255
255,-0.469119,255
255,-0.492031,255
255,-0.49782,255
255,-0.411677,255
255,-0.447497,255
255,-0.437413,255
255,-0.42669,255
255,-0.47586,255
255,-0.509476,255
255,-0.405965,255
255,-0.467185,255
255,-0.427395,255
255,-0.45508,255
255,-0.451624,255
255,-0.461117,255
255,-0.488141,255
255,-0.43424,255
255,-0.46744,255
255,-0.450294,255
255,-0.47035,255
255,-0.448813,255
255,-0.489631,255
255,-0.450952,255
255,-0.446585,255
255,-0.446834,255
255,-0.455769,255
255,-0.462832,255
255,-0.409207,255
255,-0.470861,255
255,-0.469566,255
255,-0.431716,255
255,-0.436356,255
255,-0.456955,255
255,-0.424313,255
255,-0.474228,255
255,-0.438472,255
255,-0.419009,255
255,-0.480727,255
255,-0.471212,255
255,-0.455701,255
255,-0.472555,255
255,-0.381026,255
255,-0.44071,255
255,-0.408398,255
255,-0.392714,255
255,-0.452212,255
255,-0.484121,255
255,-0.429375,255
255,-0.475157,255
255,-0.43862,255
255,-0.457247,255
255,-0.47652,255
255,-0.393685,255
255,-0.511061,255
255,-0.471812,255
255,-0.460084,255
255,-0.440589,255
255,-0.470964,255
255,-0.476213,255
255,-0.475423,255
255,-0.424299,255
255,-0.439977,255
255,-0.413623,255
255,-0.465665,255
255,-0.41438,255
255,-0.444989,255
255,-0.427591,255
255,-0.463136,255
255,-0.438677,255
255,-0.428416,255
255,-0.408564,255
255,-0.449123,255
255,-0.418614,255
255,-0.383175,255
255,-0.460468,255
255,-0.510074,255
255,-0.437057,255
255,-0.409307,255
255,-0.427361,255
255,-0.42053,255
255,-0.422367,255
255,-0.240621,255
255,-0.257823,255
255,-0.486321,255
255,-0.475452,255
255,-0.423099,255
255,-0.428285,255
255,-0.440926,255
255,-0.468941,255
255,-0.435331,255
255,-0.492137,255
255,-0.420436,255
255,-0.419771,255
255,-0.451716,255
255,-0.46249,255
255,-0.474841,255
255,-0.465146,255
255,-0.449178,255
255,-0.432542,255
255,-0.364138,255
255,-0.454943,255
255,-0.436917,255
255,-0.43342,255
255,-0.447668,255
255,-0.421471,255
255,-0.412727,255
255,-0.447247,255
255,-0.432881,255
255,-0.45488,255
255,-0.445572,255
255,-0.468561,255
255,-0.441626,255
255,-0.464273,255
255,-0.413551,255
255,-0.45591,255
255,-0.477624,255
255,-0.424485,255
255,-0.429656,255
255,-0.433511,255
255,-0.413368,255
255,-0.479169,255
255,-0.455155,255
255,-0.433659,255
255,-0.473311,255
255,-0.485258,255
255,-0.436437,255
255,-0.451842,255
255,-0.453592,255
255,-0.426821,255
255,-0.421278,255
255,-0.440989,255
255,-0.493032,255
255,-0.414662,255
255,-0.466172,255
255,-0.428032,255
255,-0.429022,255
255,-0.420411,255
255,-0.442919,255
255,-0.457438,255
255,-0.446576,255
255,-0.448885,255
255,-0.420768,255
255,-0.482304,255
255,-0.437865,255
255,-0.451848,255
255,-0.460104,255
255,-0.419969,255
255,-0.428324,255
255,-0.416098,255
255,-0.471947,255
255,-0.423208,255
255,-0.447613,255
255,-0.432565,255
255,-0.381354,255
255,-0.474309,255
255,-0.429751,255
255,-0.435955,255
255,-0.416517,255
255,-0.435754,255
255,-0.434518,255
255,-0.434765,255
255,-0.417669,255
255,-0.414053,255
255,-0.481846,255
255,-0.458086,255
255,-0.408652,255
255,-0.461617,255
255,-0.461562,255
255,-0.4597,255
255,-0.491863,255
255,-0.441721,255
255,-0.430831,255
255,-0.44978,255
255,-0.426011,255
255,-0.470677,255
255,-0.465222,255
255,-0.455767,255
255,-0.468593,255
255,-0.459861,255
255,-0.473843,255
255,-0.44296,255
255,-0.460334,255
255,-0.444516,255
255,-0.409357,255
255,-0.468759,255
255,-0.477168,255
255,-0.457837,255
255,-0.469861,255
255,-0.461604,255
255,-0.42509,255
255,-0.426923,255
255,-0.444436,255
255,-0.416026,255
255,-0.43982,255
255,-0.412415,255
255,-0.437753,255
255,-0.439618,255
255,-0.452931,255
255,-0.443418,255
255,-0.440214,255
255,-0.451474,255
255,-0.401579,255
255,-0.467105,255
255,-0.405173,255
255,-0.447837,255
255,-0.446624,255
255,-0.484295,255
255,-0.421488,255
255,-0.403359,255
255,-0.410667,255
255,-0.456392,255
255,-0.427368,255
255,-0.463538,255
255,-0.440439,255
255,-0.454351,255
255,-0.433166,255
255,-0.428503,255
255,-0.44602,255
255,-0.4735,255
255,-0.425833,255
255,-0.442857,255
255,-0.424116,255
255,-0.431171,255
255,-0.446335,255
255,-0.421932,255
255,-0.414744,255
255,-0.410694,255
255,-0.476195,255
255,-0.456491,255
255,-0.498595,255
255,-0.423666,255
255,-0.42843,255
255,-0.445647,255
255,-0.465152,255
255,-0.394788,255
255,-0.43045,255
255,-0.397035,255
255,-0.441854,255
255,-0.461278,255
255,-0.446335,255
255,-0.417888,255
255,-0.423089,255
255,-0.462409,255
255,-0.471115,255
255,-0.435655,255
255,-0.47491,255
255,-0.416059,255
255,-0.41489,255
255,-0.463197,255
255,-0.480063,255
255,-0.485684,255
255,-0.243121,255
255,-0.227232,255
255,-0.233147,255
255,-0.469911,255
255,-0.457334,255
255,-0.431133,255
255,-0.433205,255
255,-0.437576,255
255,-0.438379,255
255,-0.47497,255
255,-0.409235,255
255,-0.385586,255
255,-0.421019,255
255,-0.468975,255
255,-0.413007,255
255,-0.431974,255
255,-0.439914,255
255,-0.493397,255
255,-0.437117,255
255,-0.449973,255
255,-0.477239,255
255,-0.433813,255
255,-0.443107,255
255,-0.38946,255
255,-0.450067,255
255,-0.42704,255
255,-0.406018,255
255,-0.427089,255
255,-0.461199,255
255,-0.417124,255
255,-0.44852,255
255,-0.394623,255
255,-0.461978,255
255,-0.437833,255
255,-0.426345,255
255,-0.479107,255
255,-0.423479,255
255,-0.43874,255
255,-0.391442,255
255,-0.411837,255
255,-0.418705,255
255,-0.475511,255
255,-0.41625,255
255,-0.454498,255
255,-0.432929,255
255,-0.414994,255
255,-0.47137,255
255,-0.442156,255
255,-0.462533,255
255,-0.477523,255
255,-0.43555,255
255,-0.424315,255
255,-0.452363,255
255,-0.416662,255
255,-0.51649,255
255,-0.456723,255
255,-0.433984,255
255,-0.412773,255
255,-0.45404,255
255,-0.441896,255
255,-0.461805,255
255,-0.473772,255
255,-0.445348,255
255,-0.415956,255
255,-0.448691,255
255,-0.439825,255
255,-0.476759,255
255,-0.451488,255
255,-0.448821,255
255,-0.479987,255
255,-0.410431,255
255,-0.4135,255
255,-0.455693,255
255,-0.45401,255
255,-0.419637,255
255,-0.444487,255
255,-0.44675,255
255,-0.408868,255
255,-0.384685,255
255,-0.421492,255
255,-0.400022,255
255,-0.42641,255
255,-0.451137,255
255,-0.44024,255
255,-0.517971,255
255,-0.448904,255
255,-0.353778,255
255,-0.446491,255
255,-0.43354,255
255,-0.459078,255
255,-0.465186,255
255,-0.406885,255
255,-0.417014,255
255,-0.419704,255
255,-0.489886,255
255,-0.444625,255
255,-0.44375,255
255,-0.437682,255
255,-0.453308,255
255,-0.460956,255
255,-0.433005,255
255,-0.423989,255
255,-0.456356,255
255,-0.431527,255
255,-0.46463,255
255,-0.467128,255
255,-0.438713,255
255,-0.413609,255
255,-0.44766,255
255,-0.424709,255
255,-0.45753,255
255,-0.427475,255
255,-0.470828,255
255,-0.41918,255
255,-0.475209,255
255,-0.430001,255
255,-0.433696,255
255,-0.419637,255
255,-0.467892,255
255,-0.449284,255
255,-0.435545,255
255,-0.412018,255
255,-0.476525,255
255,-0.460273,255
255,-0.451946,255
255,-0.447531,255
255,-0.409866,255
255,-0.421976,255
255,-0.458826,255
255,-0.445486,255
255,-0.458622,255
255,-0.401817,255
255,-0.426657,255
255,-0.460803,255
255,-0.435267,255
255,-0.459909,255
255,-0.433413,255
255,-0.486224,255
255,-0.416364,255
255,-0.398867,255
255,-0.434099,255
255,-0.455142,255
255,-0.450169,255
255,-0.461332,255
255,-0.423786,255
255,-0.417709,255
255,-0.434282,255
255,-0.393756,255
255,-0.448553,255
255,-0.412282,255
255,-0.411695,255
255,-0.478008,255
255,-0.445979,255
255,-0.401331,255
255,-0.360552,255
255,-0.444538,255
255,-0.423205,255
255,-0.415844,255
255,-0.445835,255
255,-0.424278,255
255,-0.405451,255
255,-0.449019,255
255,-0.470888,255
255,-0.435894,255
255,-0.418913,255
255,-0.423661,255
255,-0.42031,255
255,-0.411992,255
255,-0.439764,255
255,-0.401244,255
255,-0.379104,255
255,-0.229592,255
255,-0.270247,255
255,-0.24955,255
255,-0.425088,255
255,-0.417218,255
255,-0.441662,255
255,-0.401817,255
255,-0.392771,255
255,-0.428479,255
255,-0.398158,255
255,-0.424172,255
255,-0.426987,255
255,-0.451411,255
255,-0.459434,255
255,-0.436439,255
255,-0.454537,255
255,-0.402889,255
255,-0.436198,255
255,-0.448105,255
255,-0.437274,255
255,-0.411299,255
255,-0.429235,255
255,-0.446651,255
255,-0.475575,255
255,-0.470144,255
255,-0.382113,255
255,-0.403284,255
255,-0.456731,255
255,-0.405522,255
255,-0.406855,255
255,-0.413711,255
255,-0.397117,255
255,-0.417042,255
255,-0.451338,255
255,-0.466893,255
255,-0.379101,255
255,-0.44648,255
255,-0.403626,255
255,-0.437341,255
255,-0.451288,255
255,-0.458122,255
255,-0.41915,255
255,-0.449933,255
255,-0.447464,255
255,-0.415925,255
255,-0.43953,255
255,-0.436447,255
255,-0.4807,255
255,-0.467628,255
255,-0.41093,255
255,-0.471042,255
255,-0.408156,255
255,-0.439406,255
255,-0.424223,255
255,-0.408417,255
255,-0.481259,255
255,-0.475183,255
255,-0.467753,255
255,-0.366688,255
255,-0.45944,255
255,-0.457202,255
255,-0.442975,255
255,-0.411336,255
255,-0.453212,255
255,-0.452378,255
255,-0.432789,255
255,-0.455551,255
255,-0.432343,255
255,-0.449888,255
255,-0.437437,255
255,-0.459074,255
255,-0.433904,255
255,-0.44873,255
255,-0.418615,255
255,-0.453965,255
255,-0.442845,255
255,-0.456415,255
255,-0.364126,255
255,-0.472318,255
255,-0.402259,255
255,-0.428121,255
255,-0.437821,255
255,-0.414222,255
255,-0.431833,255
255,-0.473603,255
255,-0.431408,255
255,-0.438879,255
255,-0.424998,255
255,-0.435653,255
255,-0.428965,255
255,-0.484652,255
255,-0.42428,255
255,-0.423198,255
255,-0.43214,255
255,-0.402945,255
255,-0.460233,255
255,-0.448364,255
255,-0.395029,255
255,-0.419376,255
255,-0.46319,255
255,-0.468081,255
255,-0.395332,255
255,-0.442506,255
255,-0.446843,255
255,-0.440978,255
255,-0.431304,255
255,-0.427944,255
255,-0.42574,255
255,-0.440797,255
255,-0.465857,255
255,-0.43745,255
255,-0.413576,255
255,-0.477126,255
255,-0.445433,255
255,-0.41178,255
255,-0.439155,255
255,-0.403748,255
255,-0.409984,255
255,-0.421673,255
255,-0.4371,255
255,-0.425144,255
255,-0.418869,255
255,-0.411751,255
255,-0.429798,255
255,-0.436934,255
255,-0.45778,255
255,-0.457996,255
255,-0.459971,255
255,-0.396374,255
255,-0.432705,255
255,-0.38797,255
255,-0.464293,255
255,-0.453224,255
255,-0.441352,255
255,-0.451559,255
255,-0.432402,255
255,-0.45678,255
255,-0.455213,255
255,-0.413459,255
255,-0.430129,255
255,-0.432427,255
255,-0.402435,255
255,-0.44597,255
255,-0.465712,255
255,-0.465634,255
255,-0.425472,255
255,-0.410847,255
255,-0.425882,255
255,-0.447914,255
255,-0.399603,255
255,-0.450688,255
255,-0.466152,255
255,-0.448646,255
255,-0.424945,255
255,-0.397969,255
255,-0.445566,255
255,-0.394769,255
255,-0.401265,255
255,-0.427233,255
255,-0.421151,255
255,-0.433632,255
255,-0.474965,255
255,-0.432394,255
255,-0.467463,255
255,-0.43465,255
255,-0.423874,255
255,-0.402235,255
255,-0.432338,255
255,-0.413646,255
255,-0.41656,255
255,-0.449183,255
255,-0.290443,255
255,-0.228067,255
255,-0.421879,255
255,-0.427944,255
255,-0.440965,255
255,-0.408877,255
255,-0.447063,255
255,-0.393935,255
255,-0.428756,255
255,-0.418298,255
255,-0.382273,255
255,-0.435575,255
255,-0.398529,255
255,-0.386573,255
255,-0.433115,255
255,-0.459894,255
255,-0.418438,255
255,-0.43475,255
255,-0.39619,255
255,-0.413221,255
255,-0.402297,255
255,-0.425664,255
255,-0.401658,255
255,-0.442826,255
255,-0.415266,255
255,-0.416016,255
255,-0.425444,255
255,-0.422487,255
255,-0.418589,255
255,-0.433129,255
255,-0.44171,255
255,-0.385084,255
255,-0.454454,255
255,-0.442611,255
255,-0.439185,255
255,-0.364566,255
255,-0.431455,255
255,-0.443066,255
255,-0.434773,255
255,-0.414024,255
255,-0.411969,255
255,-0.408039,255
255,-0.45196,255
255,-0.428705,255
255,-0.446752,255
255,-0.491452,255
255,-0.472305,255
255,-0.409366,255
255,-0.373322,255
255,-0.415583,255
255,-0.453118,255
255,-0.451397,255
255,-0.389347,255
255,-0.486692,255
255,-0.427369,255
255,-0.443331,255
255,-0.374555,255
255,-0.417704,255
255,-0.460694,255
255,-0.396712,255
255,-0.415358,255
255,-0.450103,255
255,-0.464028,255
255,-0.398863,255
255,-0.444953,255
255,-0.422029,255
255,-0.459267,255
255,-0.46769,255
255,-0.453541,255
255,-0.408228,255
255,-0.442554,255
255,-0.435471,255
255,-0.447958,255
255,-0.424289,255
255,-0.35566,255
255,-0.413001,255
255,-0.404048,255
255,-0.415213,255
255,-0.446884,255
255,-0.388365,255
255,-0.430276,255
255,-0.401119,255
255,-0.464875,255
255,-0.461542,255
255,-0.393047,255
255,-0.399685,255
255,-0.434299,255
255,-0.434554,255
255,-0.408866,255
255,-0.435249,255
255,-0.426053,255
255,-0.411288,255
255,-0.430372,255
255,-0.459108,255
255,-0.437297,255
255,-0.46484,255
255,-0.439304,255
255,-0.412614,255
255,-0.414922,255
255,-0.424354,255
255,-0.414917,255
255,-0.441433,255
255,-0.41633,255
255,-0.446113,255
255,-0.432546,255
255,-0.439516,255
255,-0.423073,255
255,-0.443461,255
255,-0.437967,255
255,-0.424178,255
255,-0.40409,255
255,-0.397116,255
255,-0.442015,255
255,-0.420506,255
255,-0.423465,255
255,-0.431146,255
255,-0.443307,255
255,-0.444316,255
255,-0.459864,255
255,-0.449172,255
255,-0.383567,255
255,-0.404415,255
255,-0.427574,255
255,-0.46998,255
255,-0.439718,255
255,-0.468273,255
255,-0.438174,255
255,-0.416793,255
255,-0.413453,255
255,-0.441863,255
255,-0.45769,255
255,-0.394157,255
255,-0.410148,255
255,-0.456671,255
255,-0.453704,255
255,-0.431742,255
255,-0.400314,255
255,-0.417484,255
255,-0.394956,255
255,-0.425535,255
255,-0.428563,255
255,-0.426367,255
255,-0.45213,255
255,-0.445413,255
255,-0.476241,255
255,-0.415056,255
255,-0.440635,255
255,-0.430419,255
255,-0.446522,255
255,-0.409572,255
255,-0.42185,255
255,-0.429956,255
255,-0.431796,255
255,-0.451665,255
255,-0.478882,255
255,-0.42584,255
255,-0.486096,255
255,-0.473372,255
255,-0.41839,255
255,-0.446025,255
255,-0.452617,255
255,-0.463669,255
255,-0.392779,255
255,-0.444046,255
255,-0.473996,255
255,-0.426746,255
255,-0.472017,255
255,-0.433701,255
255,-0.424557,255
255,-0.43668,255
255,-0.267101,255
255,-0.221683,255
255,-0.20116,255
255,-0.402722,255
255,-0.456837,255
255,-0.43691,255
255,-0.501052,255
255,-0.387148,255
255,-0.45398,255
255,-0.39964,255
255,-0.424754,255
255,-0.42608,255
255,-0.456226,255
255,-0.465947,255
255,-0.429074,255
255,-0.444475,255
255,-0.448832,255
255,-0.405508,255
255,-0.437495,255
255,-0.432293,255
255,-0.405371,255
255,-0.449837,255
255,-0.430066,255
255,-0.426578,255
255,-0.394008,255
255,-0.492537,255
255,-0.421114,255
255,-0.446353,255
255,-0.436105,255
255,-0.435609,255
255,-0.392344,255
255,-0.409348,255
255,-0.464303,255
255,-0.387031,255
255,-0.439888,255
255,-0.429153,255
255,-0.418459,255
255,-0.386479,255
255,-0.433408,255
255,-0.450742,255
255,-0.449107,255
255,-0.417505,255
255,-0.383008,255
255,-0.450477,255
255,-0.421742,255
255,-0.393404,255
255,-0.378607,255
255,-0.381923,255
255,-0.4087,255
255,-0.396385,255
255,-0.374881,255
0,-0.306972,127
0,-0.312703,127
0,-0.324685,127
0,-0.292355,127
0,-0.312926,127
0,-0.318364,127
0,-0.31061,127
0,-0.281217,127
0,-0.314568,127
0,-0.321033,127
0,-0.313521,127
0,-0.284041,127
0,-0.338131,127
0,-0.311497,127
0,-0.28745,127
0,-0.298312,127
0,-0.37279,127
0,-0.302219,127
0,-0.277307,127
0,-0.283963,127
0,-0.334153,127
0,-0.323471,127
0,-0.310691,127
0,-0.306953,127
0,-0.368537,127
0,-0.34199,127
0,-0.296585,127
0,-0.298681,127
0,-0.330975,127
0,-0.342118,127
0,-0.30397,127
0,-0.317804,127
0,-0.29129,127
0,-0.243409,127
0,-0.306395,127
0,-0.273006,127
0,-0.305952,127
0,-0.275888,127
0,-0.334428,127
0,-0.360621,127
0,-0.294683,127
0,-0.333791,127
0,-0.364791,127
0,-0.320586,127
0,-0.329139,127
0,-0.311154,127
0,-0.296265,127
0,-0.306853,127
0,-0.325309,127
0,-0.334537,127
0,-0.367581,127
255,-0.424385,255
255,-0.350633,255
255,-0.407288,255
255,-0.359799,255
0,-0.333453,127
0,-0.313927,127
0,-0.282748,127
0,-0.356618,127
0,-0.346876,127
0,-0.302888,127
0,-0.306388,127
0,-0.301621,127
0,-0.331791,127
0,-0.319656,127
0,-0.313037,127
0,-0.291878,127
0,-0.279296,127
0,-0.307556,127
0,-0.301013,127
0,-0.303522,127
0,-0.312519,127
0,-0.30102,127
0,-0.355321,127
0,-0.371207,127
0,-0.338428,127
0,-0.298609,127
0,-0.290717,127
0,-0.332733,127
0,-0.337993,127
0,-0.330764,127
0,-0.269378,127
0,-0.298987,127
0,-0.331861,127
0,-0.321081,127
0,-0.348198,127
0,-0.276711,127
0,-0.330003,127
0,-0.290553,127
0,-0.310297,127
0,-0.319035,127
0,-0.307001,127
0,-0.301939,127
0,-0.34015,127
0,-0.308706,127
0,-0.324727,127
0,-0.338005,127
0,-0.322657,127
0,-0.333657,127
0,-0.295861,127
0,-0.310039,127
0,-0.316431,127
0,-0.334238,127
0,-0.376977,127
0,-0.277363,127
0,-0.329893,127
0,-0.295869,127
0,-0.294731,127
0,-0.285604,127
0,-0.312925,127
0,-0.312765,127
0,-0.292176,127
0,-0.317369,127
0,-0.271478,127
0,-0.313973,127
0,-0.329272,127
0,-0.268953,127
0,-0.332717,127
0,-0.319031,127
0,-0.338019,127
0,-0.304093,127
0,-0.315482,127
0,-0.287523,127
0,-0.311987,127
0,-0.314638,127
0,-0.322374,127
0,-0.343867,127
0,-0.291925,127
0,-0.32027,127
0,-0.331156,127
0,-0.325602,127
0,-0.353788,127
0,-0.308316,127
0,-0.296198,127
0,-0.303259,127
0,-0.329528,127
0,-0.302054,127
0,-0.348239,127
0,-0.301321,127
0,-0.319655,127
0,-0.328786,127
0,-0.300884,127
0,-0.359837,127
0,-0.281314,127
0,-0.328768,127
0,-0.368263,127
0,-0.310802,127
0,-0.295186,127
0,-0.306294,127
0,-0.354611,127
0,-0.303398,127
0,-0.357328,127
0,-0.31732,127
0,-0.317964,127
0,-0.285736,127
0,-0.367327,127
0,-0.31023,127
0,-0.295633,127
0,-0.332972,127
0,-0.315973,127
0,-0.246453,127
0,-0.225036,127
0,-0.252756,127
0,-0.316134,127
0,-0.307437,127
0,-0.291647,127
0,-0.310426,127
0,-0.316525,127
0,-0.351601,127
0,-0.271544,127
0,-0.316464,127
0,-0.331753,127
0,-0.287465,127
0,-0.304522,127
0,-0.288428,127
0,-0.299212,127
0,-0.305657,127
0,-0.328519,127
0,-0.334558,127
0,-0.319543,127
0,-0.293939,127
0,-0.337998,127
0,-0.302349,127
0,-0.290523,127
0,-0.301366,127
0,-0.292691,127
0,-0.304087,127
0,-0.30804,127
0,-0.29597,127
0,-0.316191,127
0,-0.301634,127
0,-0.324593,127
0,-0.318064,127
0,-0.305762,127
0,-0.293253,127
0,-0.274821,127
0,-0.373015,127
0,-0.315004,127
0,-0.309212,127
0,-0.297756,127
0,-0.316824,127
0,-0.277184,127
0,-0.321214,127
0,-0.303344,127
0,-0.321555,127
0,-0.274909,127
0,-0.252583,127
0,-0.261816,127
0,-0.25519,127
0,-0.348379,127
0,-0.279301,127
0,-0.273502,127
0,-0.359826,127
0,-0.393114,127
255,-0.391103,255
255,-0.402406,255
255,-0.395617,255
255,-0.300426,255
0,-0.344883,127
0,-0.272087,127
0,-0.340889,127
0,-0.281503,127
0,-0.26747,127
0,-0.299893,127
0,-0.328874,127
0,-0.271,127
0,-0.295843,127
0,-0.320255,127
0,-0.295847,127
0,-0.353288,127
0,-0.329327,127
0,-0.301858,127
0,-0.297509,127
0,-0.331129,127
0,-0.268068,127
0,-0.317365,127
0,-0.287029,127
0,-0.306619,127
0,-0.321436,127
0,-0.278728,127
0,-0.2826,127
0,-0.292243,127
0,-0.329088,127
0,-0.32068,127
0,-0.298175,127
0,-0.323598,127
0,-0.319542,127
0,-0.316693,127
0,-0.303099,127
0,-0.31389,127
0,-0.279688,127
0,-0.35162,127
0,-0.272601,127
0,-0.305107,127
0,-0.25634,127
0,-0.224995,127
0,-0.348081,127
0,-0.291626,127
0,-0.2857,127
0,-0.325615,127
0,-0.3138,127
0,-0.294894,127
0,-0.289362,127
0,-0.297172,127
0,-0.303368,127
0,-0.325322,127
0,-0.288833,127
0,-0.319794,127
0,-0.31528,127
0,-0.329744,127
0,-0.294173,127
0,-0.307161,127
0,-0.287718,127
0,-0.31755,127
0,-0.316894,127
0,-0.332808,127
0,-0.292955,127
0,-0.26834,127
0,-0.307566,127
0,-0.299407,127
0,-0.278475,127
0,-0.310612,127
0,-0.291663,127
0,-0.310891,127
0,-0.329875,127
0,-0.384205,127
0,-0.306373,127
0,-0.313291,127
0,-0.280444,127
0,-0.278225,127
0,-0.311122,127
0,-0.290111,127
0,-0.303998,127
0,-0.292447,127
0,-0.308529,127
0,-0.330622,127
0,-0.296248,127
0,-0.299152,127
0,-0.319477,127
0,-0.386787,127
0,-0.322819,127
0,-0.33488,127
0,-0.30713,127
0,-0.319551,127
0,-0.29586,127
0,-0.271552,127
0,-0.307274,127
0,-0.323781,127
0,-0.276684,127
0,-0.280638,127
0,-0.307791,127
0,-0.315773,127
0,-0.299265,127
0,-0.298386,127
0,-0.280529,127
0,-0.299514,127
0,-0.298207,127
0,-0.262367,127
0,-0.259101,127
0,-0.27511,127
0,-0.331484,127
0,-0.276045,127
0,-0.289275,127
0,-0.262299,127
0,-0.28628,127
0,-0.347002,127
0,-0.312845,127
0,-0.336303,127
0,-0.300725,127
0,-0.315076,127
0,-0.284422,127
0,-0.330865,127
0,-0.31094,127
0,-0.247292,127
0,-0.332084,127
0,-0.283363,127
0,-0.277137,127
0,-0.288421,127
0,-0.312711,127
0,-0.358055,127
0,-0.284028,127
0,-0.296359,127
0,-0.302753,127
0,-0.278352,127
0,-0.304721,127
0,-0.335101,127
0,-0.325396,127
0,-0.316028,127
0,-0.28439,127
0,-0.309958,127
0,-0.307004,127
0,-0.318018,127
0,-0.317152,127
0,-0.295001,127
0,-0.322202,127
0,-0.306629,127
0,-0.304965,127
0,-0.291887,127
0,-0.266071,127
0,-0.342112,127
0,-0.33501,127
0,-0.305395,127
0,-0.270066,127
0,-0.345862,127
0,-0.298955,127
0,-0.322095,127
0,-0.288335,127
0,-0.323601,127
0,-0.284947,127
0,-0.301058,127
0,-0.324435,127
0,-0.293508,127
0,-0.271748,127
0,-0.307887,127
0,-0.303391,127
0,-0.299652,127
0,-0.400004,127
255,-0.408343,255
255,-0.383458,255
255,-0.321328,255
255,-0.357904,255
0,-0.285431,127
0,-0.314456,127
0,-0.279665,127
0,-0.32146,127
0,-0.291145,127
0,-0.311665,127
0,-0.323715,127
0,-0.335548,127
0,-0.331662,127
0,-0.28563,127
0,-0.299301,127
0,-0.318652,127
0,-0.262774,127
0,-0.331036,127
0,-0.319654,127
0,-0.287542,127
0,-0.306001,127
0,-0.314707,127
0,-0.26418,127
0,-0.281378,127
0,-0.273868,127
0,-0.292981,127
0,-0.292856,127
0,-0.322682,127
0,-0.333984,127
0,-0.254795,127
0,-0.290354,127
0,-0.305602,127
0,-0.272274,127
0,-0.323368,127
0,-0.279238,127
0,-0.309223,127
0,-0.34969,127
0,-0.270867,127
0,-0.338374,127
0,-0.245109,127
0,-0.324648,127
0,-0.250779,127
0,-0.283523,127
0,-0.27547,127
0,-0.274832,127
0,-0.311248,127
0,-0.293621,127
0,-0.298513,127
0,-0.284412,127
0,-0.278504,127
0,-0.30527,127
0,-0.282672,127
0,-0.313076,127
0,-0.356167,127
0,-0.291059,127
0,-0.280052,127
0,-0.27445,127
0,-0.305219,127
0,-0.311863,127
0,-0.269538,127
0,-0.324033,127
0,-0.327415,127
0,-0.309191,127
0,-0.247563,127
0,-0.274943,127
0,-0.33313,127
0,-0.307049,127
0,-0.310523,127
0,-0.292795,127
0,-0.32726,127
0,-0.27842,127
0,-0.345501,127
0,-0.303047,127
0,-0.282732,127
0,-0.273868,127
0,-0.231742,127
0,-0.28039,127
0,-0.314857,127
0,-0.310384,127
0,-0.306974,127
0,-0.243067,127
0,-0.293714,127
0,-0.306756,127
0,-0.303068,127
0,-0.29689,127
0,-0.279877,127
0,-0.281734,127
0,-0.323917,127
0,-0.262554,127
0,-0.336244,127
0,-0.376332,127
0,-0.283446,127
0,-0.281545,127
0,-0.327805,127
0,-0.349251,127
0,-0.297199,127
0,-0.305076,127
0,-0.29049,127
0,-0.293182,127
0,-0.259765,127
0,-0.370767,127
0,-0.284997,127
0,-0.278565,127
0,-0.304811,127
0,-0.288482,127
0,-0.309235,127
0,-0.326705,127
0,-0.293134,127
0,-0.258978,127
0,-0.223011,127
0,-0.207275,127
0,-0.308516,127
0,-0.297969,127
0,-0.31574,127
0,-0.2508,127
0,-0.28006,127
0,-0.28039,127
0,-0.277129,127
0,-0.307648,127
0,-0.29542,127
0,-0.28725,127
0,-0.294582,127
0,-0.327767,127
0,-0.262154,127
0,-0.273658,127
0,-0.263459,127
0,-0.306974,127
0,-0.282871,127
0,-0.305421,127
0,-0.301242,127
0,-0.315283,127
0,-0.30369,127
0,-0.276257,127
0,-0.313784,127
0,-0.288902,127
0,-0.318679,127
0,-0.291892,127
0,-0.264045,127
0,-0.313242,127
0,-0.301525,127
0,-0.250438,127
0,-0.320104,127
0,-0.30771,127
0,-0.310238,127
0,-0.288636,127
0,-0.316614,127
0,-0.289199,127
0,-0.248749,127
0,-0.266806,127
0,-0.304583,127
0,-0.254755,127
0,-0.312768,127
0,-0.328027,127
0,-0.261341,127
0,-0.291986,127
0,-0.253121,127
0,-0.307701,127
0,-0.331065,127
0,-0.255213,127
0,-0.354866,127
0,-0.364865,127
0,-0.306793,127
255,-0.438359,255
255,-0.343478,255
255,-0.422331,255
255,-0.384376,255
0,-0.297008,127
0,-0.298338,127
0,-0.269018,127
0,-0.309615,127
0,-0.251694,127
0,-0.330366,127
0,-0.290874,127
0,-0.249359,127
0,-0.324365,127
0,-0.311973,127
0,-0.297936,127
0,-0.351691,127
0,-0.301727,127
0,-0.304257,127
0,-0.27989,127
0,-0.265927,127
0,-0.311796,127
0,-0.315736,127
0,-0.296306,127
0,-0.301828,127
0,-0.279448,127
0,-0.261839,127
0,-0.306153,127
0,-0.289064,127
0,-0.288165,127
0,-0.285031,127
0,-0.320286,127
0,-0.304523,127
0,-0.30144,127
0,-0.286645,127
0,-0.275661,127
0,-0.29372,127
0,-0.316875,127
0,-0.292861,127
0,-0.322677,127
0,-0.307176,127
0,-0.271424,127
0,-0.261223,127
0,-0.253416,127
0,-0.287003,127
0,-0.282689,127
0,-0.260906,127
0,-0.274756,127
0,-0.260921,127
0,-0.307609,127
0,-0.299358,127
0,-0.324175,127
0,-0.282059,127
0,-0.325412,127
0,-0.308491,127
0,-0.308582,127
0,-0.268005,127
0,-0.321068,127
0,-0.301992,127
0,-0.269168,127
0,-0.320431,127
0,-0.260936,127
0,-0.297866,127
0,-0.336633,127
0,-0.304651,127
0,-0.286831,127
0,-0.296773,127
0,-0.341302,127
0,-0.260209,127
0,-0.338288,127
0,-0.297605,127
0,-0.294224,127
0,-0.359913,127
0,-0.323713,127
0,-0.306657,127
0,-0.301537,127
0,-0.298534,127
0,-0.303131,127
0,-0.334482,127
0,-0.282451,127
0,-0.321686,127
0,-0.312966,127
0,-0.283387,127
0,-0.274928,127
0,-0.301187,127
0,-0.326644,127
0,-0.308794,127
0,-0.282384,127
0,-0.3135,127
0,-0.290441,127
0,-0.298654,127
0,-0.272063,127
0,-0.270638,127
0,-0.278897,127
0,-0.260503,127
0,-0.287468,127
0,-0.323639,127
0,-0.264487,127
0,-0.288886,127
0,-0.265681,127
0,-0.288254,127
0,-0.314037,127
0,-0.318307,127
0,-0.27556,127
0,-0.28367,127
0,-0.294443,127
0,-0.249345,127
0,-0.280779,127
0,-0.312953,127
0,-0.282167,127
0,-0.235894,127
0,-0.263125,127
0,-0.252811,127
0,-0.333754,127
255,-0.421115,255
255,-0.398508,255
255,-0.397147,255
255,-0.36236,255
0,-0.279856,127
0,-0.354499,127
0,-0.369617,127
255,-0.422002,255
255,-0.332433,255
255,-0.363047,255
255,-0.335904,255
0,-0.240213,127
0,-0.372392,127
255,-0.409782,255
255,-0.40279,255
255,-0.385917,255
255,-0.361633,255
0,-0.300418,127
0,-0.228725,127
0,-0.340125,127
255,-0.410761,255
255,-0.390192,255
255,-0.303113,255
255,-0.352749,255
0,-0.267356,127
0,-0.33033,127
0,-0.318493,127
255,-0.414705,255
255,-0.410059,255
255,-0.353115,255
255,-0.323984,255
0,-0.247882,127
0,-0.313874,127
255,-0.419516,255
255,-0.393826,255
255,-0.361777,255
255,-0.358733,255
0,-0.261401,127
0,-0.260157,127
0,-0.378839,127
255,-0.355171,255
255,-0.375816,255
255,-0.407614,255
255,-0.323354,255
0,-0.275969,127
0,-0.29949,127
0,-0.37568,127
255,-0.345554,255
255,-0.377201,255
255,-0.3578,255
255,-0.348354,255
0,-0.277771,127
0,-0.276793,127
255,-0.416236,255
255,-0.419313,255
255,-0.345168,255
255,-0.322787,255
0,-0.227626,127
0,-0.257538,127
0,-0.339167,127
255,-0.403221,255
255,-0.388806,255
255,-0.379682,255
255,-0.359943,255
0,-0.292453,127
0,-0.302775,127
0,-0.36469,127
255,-0.410449,255
255,-0.359136,255
255,-0.362871,255
255,-0.283727,255
0,-0.254645,127
0,-0.336036,127
255,-0.415966,255
255,-0.365131,255
255,-0.391346,255
255,-0.328969,255
0,-0.278727,127
0,-0.242921,127
0,-0.31952,127
255,-0.384855,255
255,-0.395214,255
255,-0.355972,255
255,-0.341216,255
0,-0.228929,127
0,-0.304013,127
0,-0.329106,127
255,-0.404808,255
255,-0.331758,255
255,-0.324272,255
255,-0.303816,255
0,-0.223763,127
0,-0.303853,127
255,-0.397082,255
255,-0.37109,255
255,-0.368106,255
255,-0.321902,255
0,-0.265986,127
0,-0.207888,127
0,-0.345672,127
255,-0.430134,255
255,-0.369703,255
255,-0.318421,255
255,-0.312904,255
0,-0.291856,127
0,-0.325261,127
0,-0.33038,127
255,-0.4155,255
255,-0.374484,255
255,-0.380761,255
255,-0.314254,255
0,-0.219401,127
0,-0.340124,127
255,-0.444516,255
255,-0.41133,255
255,-0.372439,255
255,-0.338275,255
0,-0.246499,127
0,-0.303117,127
0,-0.312692,127
255,-0.419895,255
255,-0.359102,255
255,-0.349809,255
255,-0.323732,255
0,-0.232907,127
0,-0.296583,127
0,-0.359578,127
255,-0.412349,255
255,-0.346704,255
255,-0.412786,255
255,-0.309488,255
0,-0.229053,127
0,-0.338241,127
255,-0.394206,255
255,-0.41309,255
255,-0.382871,255
255,-0.328574,255
0,-0.267885,127
0,-0.251078,127
0,-0.347167,127
255,-0.383032,255
255,-0.425273,255
255,-0.355377,255
255,-0.304104,255
0,-0.231723,127
0,-0.29255,127
0,-0.399409,127
255,-0.425016,255
255,-0.454682,255
255,-0.334523,255
255,-0.342053,255
0,-0.275115,127
0,-0.290812,127
255,-0.379067,255
255,-0.405639,255
255,-0.38754,255
255,-0.338701,255
0,-0.235132,127
0,-0.259096,127
0,-0.3733,127
255,-0.418279,255
255,-0.355538,255
255,-0.339185,255
255,-0.348385,255
0,-0.257637,127
0,-0.302836,127
0,-0.375881,127
255,-0.342041,255
255,-0.373793,255
255,-0.331907,255
255,-0.283997,255
0,-0.247688,127
0,-0.334854,127
255,-0.353859,255
255,-0.368465,255
255,-0.368526,255
255,-0.320242,255
0,-0.280013,127
0,-0.251422,127
0,-0.325014,127
255,-0.441685,255
255,-0.412603,255
255,-0.398974,255
255,-0.356895,255
0,-0.242314,127
0,-0.314161,127
0,-0.364468,127
255,-0.387064,255
255,-0.346513,255
255,-0.388593,255
255,-0.312128,255
0,-0.253898,127
0,-0.310186,127
255,-0.436134,255
255,-0.391777,255
255,-0.421172,255
255,-0.320287,255
0,-0.230543,127
0,-0.211063,127
0,-0.307829,127
255,-0.404425,255
255,-0.371371,255
255,-0.362828,255
255,-0.314393,255
0,-0.292524,127
0,-0.318584,127
0,-0.361636,127
255,-0.387324,255
255,-0.357816,255
255,-0.314215,255
255,-0.296572,255
0,-0.220739,127
0,-0.299872,127
255,-0.420132,255
255,-0.381273,255
255,-0.353415,255
255,-0.327382,255
0,-0.298218,127
0,-0.305473,127
0,-0.343121,127
255,-0.402441,255
255,-0.402091,255
255,-0.363897,255
255,-0.351512,255
0,-0.240231,127
0,-0.34168,127
0,-0.344945,127
255,-0.386527,255
255,-0.330846,255
255,-0.330023,255
255,-0.318117,255
0,-0.242498,127
0,-0.3217,127
255,-0.41691,255
255,-0.376862,255
255,-0.350334,255
255,-0.362559,255
0,-0.258087,127
0,-0.25725,127
0,-0.301713,127
255,-0.381271,255
255,-0.440201,255
255,-0.365532,255
255,-0.313149,255
0,-0.252697,127
0,-0.313097,127
0,-0.364345,127
255,-0.394229,255
255,-0.401817,255
255,-0.349282,255
255,-0.29532,255
0,-0.24644,127
0,-0.341134,127
255,-0.413414,255
255,-0.350073,255
255,-0.379533,255
255,-0.321659,255
0,-0.214074,127
0,-0.206055,127
0,-0.328318,127
255,-0.397359,255
255,-0.367784,255
255,-0.366747,255
255,-0.377905,255
0,-0.256107,127
0,-0.34151,127
0,-0.300863,127
255,-0.398031,255
255,-0.354701,255
255,-0.388955,255
255,-0.324593,255
0,-0.234499,127
0,-0.323315,127
255,-0.385681,255
255,-0.391083,255
255,-0.373289,255
255,-0.340978,255
0,-0.254414,127
0,-0.235797,127
0,-0.310686,127
255,-0.365626,255
255,-0.410128,255
255,-0.367965,255
255,-0.328721,255
0,-0.228343,127
0,-0.362889,127
0,-0.317571,127
255,-0.404647,255
255,-0.379469,255
255,-0.297432,255
255,-0.323035,255
0,-0.288796,127
0,-0.318468,127
255,-0.396732,255
255,-0.347095,255
255,-0.385091,255
255,-0.368796,255
0,-0.24481,127
0,-0.264639,127
0,-0.337841,127
255,-0.430185,255
255,-0.411236,255
255,-0.358736,255
255,-0.339885,255
0,-0.246059,127
0,-0.295979,127
0,-0.307461,127
255,-0.402387,255
255,-0.365991,255
255,-0.351084,255
255,-0.304217,255
0,-0.202526,127
0,-0.303945,127
255,-0.379516,255
255,-0.404319,255
255,-0.370595,255
255,-0.349228,255
0,-0.222976,127
0,-0.235233,127
0,-0.293291,127
255,-0.447844,255
255,-0.377092,255
255,-0.338922,255
255,-0.321585,255
0,-0.203564,127
0,-0.320202,127
0,-0.353141,127
255,-0.35442,255
255,-0.3715,255
255,-0.320523,255
255,-0.331532,255
0,-0.229087,127
0,-0.311707,127
255,-0.344644,255
255,-0.401108,255
255,-0.362736,255
255,-0.380167,255
0,-0.273718,127
0,-0.207824,127
0,-0.26816,127
0,-0.213784,127
0,-0.234698,127
0,-0.247561,127
0,-0.248439,127
0,-0.261865,127
0,-0.246926,127
0,-0.256957,127
0,-0.249358,127
0,-0.251259,127
0,-0.296595,127
0,-0.263586,127
0,-0.209373,127
0,-0.248053,127
0,-0.218058,127
0,-0.30974,127
255,-0.440728,255
255,-0.365516,255
255,-0.395687,255
255,-0.336303,255
0,-0.230932,127
0,-0.249246,127
0,-0.274483,127
0,-0.276332,127
0,-0.285531,127
0,-0.267201,127
0,-0.28897,127
0,-0.193839,127
0,-0.275965,127
0,-0.260062,127
0,-0.301372,127
0,-0.206113,127
0,-0.231447,127
0,-0.246236,127
0,-0.206105,127
0,-0.203702,127
0,-0.305071,127
0,-0.366493,127
255,-0.400996,255
255,-0.394318,255
255,-0.321253,255
255,-0.385433,255
0,-0.252357,127
0,-0.253803,127
0,-0.263685,127
0,-0.220867,127
0,-0.266098,127
0,-0.230725,127
0,-0.251938,127
0,-0.250899,127
0,-0.260527,127
0,-0.246269,127
0,-0.256225,127
0,-0.276927,127
0,-0.299924,127
0,-0.2601,127
0,-0.243055,127
0,-0.302082,127
255,-0.40665,255
255,-0.442005,255
255,-0.382063,255
255,-0.357689,255
0,-0.243537,127
0,-0.257184,127
0,-0.264448,127
0,-0.213709,127
0,-0.221402,127
0,-0.229536,127
0,-0.21245,127
0,-0.219829,127
0,-0.264243,127
0,-0.250915,127
0,-0.22661,127
0,-0.2674,127
0,-0.284537,127
0,-0.234949,127
0,-0.266157,127
0,-0.267222,127
0,-0.23652,127
0,-0.360068,127
255,-0.357917,255
255,-0.42179,255
255,-0.317749,255
255,-0.294678,255
0,-0.247286,127
0,-0.230061,127
0,-0.251786,127
0,-0.211241,127
0,-0.322497,127
0,-0.346601,127
255,-0.431577,255
255,-0.387971,255
255,-0.317593,255
255,-0.318358,255
0,-0.200748,127
0,-0.260294,127
0,-0.24996,127
0,-0.312485,127
255,-0.413697,255
255,-0.443029,255
255,-0.3475,255
255,-0.316885,255
0,-0.269469,127
0,-0.283655,127
0,-0.274577,127
0,-0.255105,127
0,-0.176411,127
0,-0.297595,127
255,-0.431394,255
255,-0.407006,255
255,-0.329369,255
255,-0.343099,255
0,-0.273733,127
0,-0.23763,127
0,-0.249112,127
0,-0.211818,127
0,-0.35884,127
0,-0.375288,127
255,-0.434946,255
255,-0.391357,255
255,-0.373347,255
255,-0.352482,255
0,-0.282535,127
0,-0.279573,127
0,-0.228381,127
0,-0.286246,127
255,-0.421238,255
255,-0.371188,255
255,-0.410505,255
255,-0.33134,255
0,-0.28573,127
0,-0.273353,127
0,-0.266605,127
0,-0.254816,127
0,-0.244973,127
0,-0.329209,127
255,-0.427733,255
255,-0.393537,255
255,-0.351838,255
255,-0.333879,255
0,-0.250766,127
0,-0.257533,127
0,-0.273878,127
0,-0.270057,127
0,-0.280273,127
0,-0.38044,127
255,-0.410501,255
255,-0.41127,255
255,-0.356727,255
255,-0.29822,255
0,-0.296309,127
0,-0.248917,127
0,-0.212232,127
0,-0.320448,127
255,-0.426421,255
255,-0.334981,255
255,-0.353032,255
255,-0.31635,255
0,-0.301975,127
0,-0.247155,127
0,-0.255281,127
0,-0.249855,127
0,-0.213518,127
0,-0.213937,127
0,-0.233445,127
0,-0.268109,127
0,-0.241637,127
0,-0.294545,127
0,-0.274392,127
0,-0.256891,127
0,-0.23938,127
0,-0.304223,127
255,-0.364246,255
255,-0.377435,255
255,-0.344944,255
255,-0.347034,255
0,-0.28176,127
0,-0.296425,127
0,-0.232043,127
0,-0.308152,127
0,-0.243359,127
0,-0.246804,127
0,-0.207395,127
0,-0.252452,127
0,-0.279816,127
0,-0.295324,127
0,-0.242602,127
0,-0.237656,127
0,-0.349753,127
0,-0.364581,127
255,-0.401148,255
255,-0.394713,255
255,-0.360397,255
255,-0.307354,255
0,-0.280206,127
0,-0.279492,127
0,-0.245124,127
0,-0.248929,127
0,-0.261825,127
0,-0.232609,127
0,-0.286325,127
0,-0.319409,127
0,-0.239081,127
0,-0.296877,127
0,-0.271878,127
0,-0.28566,127
255,-0.387371,255
255,-0.383378,255
255,-0.380456,255
255,-0.365035,255
0,-0.267796,127
0,-0.256002,127
0,-0.266436,127
0,-0.226178,127
0,-0.252531,127
0,-0.282558,127
0,-0.238833,127
0,-0.246767,127
0,-0.277392,127
0,-0.313258,127
0,-0.230591,127
0,-0.337427,127
0,-0.241912,127
0,-0.321444,127
255,-0.390687,255
255,-0.386199,255
255,-0.33736,255
255,-0.339827,255
0,-0.212958,127
0,-0.262352,127
255,-0.323957,255
255,-0.292237,255
255,-0.277474,255
255,-0.321208,255
0,-0.24908,127
0,-0.257757,127
0,-0.316852,127
0,-0.315015,127
255,-0.394305,255
255,-0.395203,255
255,-0.342879,255
255,-0.293063,255
0,-0.241696,127
0,-0.30566,127
255,-0.292016,255
255,-0.324145,255
255,-0.313696,255
255,-0.297654,255
0,-0.182153,127
0,-0.335593,127
255,-0.369306,255
255,-0.34882,255
255,-0.430423,255
255,-0.374676,255
0,-0.232406,127
0,-0.258692,127
0,-0.249324,127
0,-0.28983,127
255,-0.319259,255
255,-0.353996,255
255,-0.268551,255
255,-0.283664,255
0,-0.236152,127
0,-0.328379,127
255,-0.378914,255
255,-0.41115,255
255,-0.313741,255
255,-0.341559,255
0,-0.247427,127
0,-0.261886,127
255,-0.353756,255
255,-0.386717,255
255,-0.365841,255
255,-0.292817,255
0,-0.262688,127
0,-0.280392,127
0,-0.290158,127
0,-0.315723,127
255,-0.421307,255
255,-0.434292,255
255,-0.366931,255
255,-0.329876,255
0,-0.293845,127
0,-0.240601,127
255,-0.384479,255
255,-0.324223,255
255,-0.326283,255
255,-0.310674,255
0,-0.266751,127
0,-0.359683,127
255,-0.389669,255
255,-0.437915,255
255,-0.362784,255
255,-0.340461,255
0,-0.240323,127
0,-0.239078,127
0,-0.209023,127
0,-0.277533,127
255,-0.310365,255
255,-0.332918,255
255,-0.333355,255
255,-0.318159,255
0,-0.239012,127
0,-0.311999,127
255,-0.431892,255
255,-0.390693,255
255,-0.387144,255
255,-0.290543,255
0,-0.21737,127
0,-0.293312,127
255,-0.381574,255
255,-0.371561,255
255,-0.361232,255
255,-0.319119,255
0,-0.219955,127
0,-0.197709,127
0,-0.316701,127
0,-0.350453,127
255,-0.407132,255
255,-0.373309,255
255,-0.361142,255
255,-0.313694,255
0,-0.262627,127
0,-0.223072,127
255,-0.379489,255
255,-0.379601,255
255,-0.334612,255
255,-0.290426,255
0,-0.256634,127
0,-0.313028,127
255,-0.466551,255
255,-0.392585,255
255,-0.41396,255
255,-0.313722,255
0,-0.27501,127
0,-0.242289,127
0,-0.266986,127
0,-0.324691,127
255,-0.354378,255
255,-0.395904,255
255,-0.355247,255
255,-0.279458,255
0,-0.268384,127
0,-0.334979,127
255,-0.365093,255
255,-0.384846,255
255,-0.390464,255
255,-0.318436,255
0,-0.274594,127
0,-0.246908,127
255,-0.428644,255
255,-0.36995,255
255,-0.320582,255
255,-0.334413,255
0,-0.224248,127
0,-0.250475,127
0,-0.309698,127
0,-0.31097,127
255,-0.416933,255
255,-0.380458,255
255,-0.348773,255
255,-0.324088,255
0,-0.248454,127
0,-0.278968,127
255,-0.404986,255
255,-0.386017,255
255,-0.364009,255
255,-0.303018,255
0,-0.261588,127
0,-0.341458,127
255,-0.368221,255
255,-0.378612,255
255,-0.372948,255
255,-0.359014,255
0,-0.261503,127
0,-0.249557,127
0,-0.290378,127
0,-0.300571,127
255,-0.400097,255
255,-0.349083,255
255,-0.335152,255
255,-0.328518,255
0,-0.255912,127
0,-0.322806,127
255,-0.45541,255
255,-0.329426,255
255,-0.339388,255
255,-0.310972,255
0,-0.242181,127
0,-0.297676,127
255,-0.355889,255
255,-0.37527,255
255,-0.332576,255
255,-0.371016,255
255,-0.412475,255
255,-0.421288,255
255,-0.453851,255
255,-0.424507,255
255,-0.382637,255
255,-0.420129,255
255,-0.333759,255
255,-0.282409,255
0,-0.180894,127
0,-0.242563,127
0,-0.283676,127
0,-0.361329,127
255,-0.391223,255
255,-0.394951,255
255,-0.32193,255
255,-0.334444,255
0,-0.260637,127
0,-0.297947,127
255,-0.3942,255
255,-0.323616,255
255,-0.387381,255
255,-0.426403,255
255,-0.397025,255
255,-0.409273,255
255,-0.43208,255
255,-0.401737,255
255,-0.397359,255
255,-0.39658,255
255,-0.369606,255
255,-0.343034,255
0,-0.264133,127
0,-0.323849,127
255,-0.426265,255
255,-0.42497,255
255,-0.30648,255
255,-0.350931,255
0,-0.320622,127
0,-0.256104,127
0,-0.314262,127
0,-0.274034,127
255,-0.390694,255
255,-0.346051,255
255,-0.402425,255
255,-0.385932,255
255,-0.414214,255
255,-0.391067,255
255,-0.408211,255
255,-0.428131,255
255,-0.430041,255
255,-0.387269,255
255,-0.408316,255
255,-0.326163,255
0,-0.272085,127
0,-0.339819,127
255,-0.422572,255
255,-0.365808,255
255,-0.330531,255
255,-0.335725,255
0,-0.264303,127
0,-0.246317,127
255,-0.363676,255
255,-0.357373,255
255,-0.368563,255
255,-0.393489,255
255,-0.414735,255
255,-0.373709,255
255,-0.440341,255
255,-0.414603,255
255,-0.398055,255
255,-0.399316,255
255,-0.330665,255
255,-0.30873,255
0,-0.266247,127
0,-0.216792,127
0,-0.304668,127
0,-0.318622,127
255,-0.399157,255
255,-0.425704,255
255,-0.320482,255
255,-0.354933,255
0,-0.233809,127
0,-0.325471,127
255,-0.390559,255
255,-0.395438,255
255,-0.415833,255
255,-0.414745,255
255,-0.390382,255
255,-0.442892,255
255,-0.404619,255
255,-0.423389,255
255,-0.387453,255
255,-0.336,255
255,-0.368088,255
255,-0.337001,255
0,-0.225711,127
0,-0.33225,127
255,-0.409374,255
255,-0.383819,255
255,-0.378478,255
255,-0.323696,255
0,-0.25817,127
0,-0.29902,127
0,-0.268318,127
0,-0.346014,127
255,-0.402983,255
255,-0.385415,255
255,-0.414862,255
255,-0.413074,255
255,-0.420859,255
255,-0.409331,255
255,-0.419198,255
255,-0.429475,255
255,-0.439832,255
255,-0.361205,255
255,-0.308427,255
255,-0.280614,255
0,-0.242427,127
0,-0.320354,127
255,-0.385487,255
255,-0.43124,255
255,-0.347513,255
255,-0.37001,255
0,-0.26897,127
0,-0.305012,127
255,-0.397904,255
255,-0.411443,255
255,-0.425504,255
255,-0.394894,255
255,-0.410317,255
255,-0.429774,255
255,-0.451366,255
255,-0.396449,255
255,-0.432263,255
255,-0.400844,255
255,-0.341255,255
255,-0.335222,255
0,-0.261594,127
0,-0.213327,127
0,-0.366902,127
0,-0.35488,127
255,-0.382563,255
255,-0.458128,255
255,-0.343668,255
255,-0.328625,255
0,-0.238497,127
0,-0.330966,127
255,-0.394881,255
255,-0.419054,255
255,-0.380089,255
255,-0.413027,255
255,-0.384979,255
255,-0.479353,255
255,-0.469875,255
255,-0.442287,255
255,-0.421025,255
255,-0.413805,255
255,-0.34986,255
255,-0.323447,255
0,-0.235032,127
0,-0.320776,127
255,-0.389409,255
255,-0.36896,255
255,-0.33663,255
255,-0.348413,255
0,-0.265047,127
0,-0.253791,127
0,-0.317888,127
0,-0.31865,127
255,-0.408422,255
255,-0.407573,255
255,-0.436404,255
255,-0.442845,255
255,-0.428171,255
255,-0.470547,255
255,-0.411116,255
255,-0.443312,255
255,-0.403889,255
255,-0.38197,255
255,-0.327589,255
255,-0.302623,255
0,-0.225572,127
0,-0.310486,127
255,-0.366314,255
255,-0.41265,255
255,-0.379054,255
255,-0.290308,255
0,-0.225998,127
0,-0.314899,127
255,-0.373701,255
255,-0.426182,255
255,-0.36988,255
255,-0.402738,255
255,-0.39801,255
255,-0.407312,255
255,-0.483385,255
255,-0.379467,255
255,-0.418833,255
255,-0.355565,255
255,-0.356005,255
255,-0.305026,255
0,-0.254415,127
0,-0.230529,127
0,-0.316409,127
0,-0.391641,127
255,-0.401911,255
255,-0.366721,255
255,-0.377556,255
255,-0.346275,255
0,-0.232518,127
0,-0.295779,127
255,-0.389049,255
255,-0.418852,255
255,-0.456505,255
255,-0.39561,255
255,-0.443362,255
255,-0.425995,255
255,-0.416947,255
255,-0.391127,255
255,-0.428995,255
255,-0.383019,255
255,-0.408238,255
255,-0.313416,255
0,-0.253445,127
0,-0.291357,127
255,-0.371015,255
255,-0.398119,255
255,-0.368915,255
255,-0.306447,255
0,-0.255331,127
0,-0.239223,127
0,-0.276609,127
0,-0.329039,127
255,-0.428777,255
255,-0.432484,255
255,-0.443311,255
255,-0.448566,255
255,-0.361066,255
255,-0.434896,255
255,-0.438712,255
255,-0.362772,255
255,-0.349738,255
255,-0.384108,255
255,-0.300963,255
255,-0.245684,255
0,-0.26804,127
0,-0.328032,127
255,-0.405542,255
255,-0.40157,255
255,-0.355875,255
255,-0.340772,255
0,-0.277459,127
0,-0.323874,127
255,-0.424254,255
255,-0.45388,255
255,-0.443542,255
255,-0.453483,255
0,-0.279796,127
0,-0.245504,127
0,-0.314112,127
0,-0.373186,127
255,-0.379503,255
255,-0.384135,255
255,-0.365903,255
255,-0.328051,255
0,-0.23646,127
0,-0.33862,127
255,-0.4448,255
255,-0.414413,255
255,-0.364814,255
255,-0.428005,255
0,-0.263567,127
0,-0.332204,127
255,-0.402823,255
255,-0.36359,255
255,-0.373809,255
255,-0.296359,255
0,-0.253369,127
0,-0.229098,127
0,-0.321063,127
0,-0.326114,127
255,-0.455995,255
255,-0.398807,255
255,-0.409294,255
255,-0.417971,255
0,-0.326493,127
0,-0.337211,127
255,-0.424252,255
255,-0.371115,255
255,-0.413941,255
255,-0.327333,255
0,-0.236269,127
0,-0.324781,127
255,-0.407707,255
255,-0.393649,255
255,-0.444683,255
255,-0.400461,255
0,-0.246292,127
0,-0.234108,127
0,-0.302239,127
0,-0.34578,127
255,-0.422715,255
255,-0.383445,255
255,-0.378362,255
255,-0.380406,255
0,-0.241515,127
0,-0.3491,127
255,-0.448502,255
255,-0.443112,255
255,-0.434098,255
255,-0.435167,255
0,-0.235384,127
0,-0.332632,127
255,-0.404113,255
255,-0.39372,255
255,-0.380387,255
255,-0.331433,255
0,-0.25277,127
0,-0.24011,127
0,-0.31992,127
0,-0.36635,127
255,-0.459042,255
255,-0.463023,255
255,-0.420104,255
255,-0.435061,255
0,-0.217231,127
0,-0.33717,127
255,-0.384938,255
255,-0.397718,255
255,-0.371366,255
255,-0.304827,255
0,-0.252007,127
0,-0.30004,127
255,-0.398972,255
255,-0.450087,255
255,-0.422474,255
255,-0.415074,255
0,-0.215833,127
0,-0.267716,127
0,-0.359742,127
0,-0.350876,127
255,-0.410637,255
255,-0.341212,255
255,-0.336202,255
255,-0.298836,255
0,-0.261126,127
0,-0.301113,127
255,-0.434397,255
255,-0.435096,255
255,-0.412832,255
255,-0.371868,255
0,-0.187461,127
0,-0.381476,127
255,-0.374005,255
255,-0.432589,255
255,-0.375151,255
255,-0.367213,255
0,-0.298163,127
0,-0.244785,127
0,-0.289199,127
0,-0.33964,127
255,-0.385791,255
255,-0.391878,255
255,-0.45338,255
255,-0.387939,255
0,-0.246496,127
0,-0.293818,127
255,-0.378715,255
255,-0.377866,255
255,-0.327368,255
255,-0.369829,255
0,-0.233444,127
0,-0.348606,127
255,-0.426722,255
255,-0.437618,255
255,-0.353956,255
255,-0.380689,255
0,-0.251032,127
0,-0.246797,127
0,-0.332939,127
0,-0.362897,127
255,-0.387409,255
255,-0.397537,255
255,-0.333962,255
255,-0.335567,255
0,-0.302308,127
0,-0.363411,127
255,-0.419248,255
255,-0.454175,255
255,-0.406105,255
255,-0.394392,255
0,-0.258859,127
0,-0.302611,127
255,-0.434897,255
255,-0.396655,255
255,-0.339615,255
255,-0.310812,255
0,-0.261926,127
0,-0.212564,127
0,-0.285643,127
0,-0.320832,127
255,-0.394493,255
255,-0.380602,255
255,-0.377882,255
255,-0.38656,255
0,-0.271718,127
0,-0.315584,127
255,-0.393403,255
255,-0.428788,255
255,-0.381901,255
255,-0.359585,255
0,-0.285248,127
0,-0.298252,127
255,-0.421456,255
255,-0.37492,255
255,-0.423455,255
255,-0.36938,255
0,-0.283195,127
0,-0.309752,127
0,-0.262218,127
0,-0.288088,127
0,-0.302156,127
0,-0.249978,127
0,-0.24889,127
0,-0.233463,127
0,-0.22859,127
0,-0.231763,127
0,-0.270626,127
0,-0.323902,127
255,-0.378904,255
255,-0.364128,255
255,-0.337328,255
255,-0.323071,255
0,-0.229899,127
0,-0.344521,127
255,-0.428202,255
255,-0.378207,255
255,-0.421784,255
255,-0.368953,255
0,-0.331957,127
0,-0.314286,127
0,-0.284553,127
0,-0.240457,127
0,-0.295237,127
0,-0.29745,127
0,-0.260296,127
0,-0.264058,127
0,-0.254632,127
0,-0.333106,127
255,-0.417518,255
255,-0.390761,255
255,-0.349448,255
255,-0.352896,255
0,-0.281229,127
0,-0.278771,127
0,-0.308209,127
0,-0.321304,127
255,-0.437106,255
255,-0.410617,255
255,-0.393535,255
255,-0.367984,255
0,-0.281223,127
0,-0.234951,127
0,-0.247111,127
0,-0.305222,127
0,-0.235973,127
0,-0.256084,127
0,-0.189435,127
0,-0.239705,127
0,-0.269477,127
0,-0.328341,127
255,-0.425805,255
255,-0.403859,255
255,-0.391736,255
255,-0.30605,255
0,-0.263935,127
0,-0.345172,127
255,-0.434721,255
255,-0.398207,255
255,-0.377127,255
255,-0.414368,255
0,-0.282781,127
0,-0.282361,127
0,-0.270419,127
0,-0.228846,127
0,-0.233626,127
0,-0.236889,127
0,-0.248439,127
0,-0.243347,127
0,-0.217705,127
0,-0.251434,127
0,-0.326331,127
0,-0.323948,127
255,-0.415823,255
255,-0.381335,255
255,-0.336744,255
255,-0.321399,255
0,-0.246682,127
0,-0.344347,127
255,-0.412066,255
255,-0.409579,255
255,-0.412279,255
255,-0.263338,255
0,-0.281641,127
0,-0.344408,127
255,-0.424035,255
255,-0.349419,255
255,-0.425894,255
255,-0.337809,255
0,-0.266099,127
0,-0.250269,127
0,-0.298736,127
0,-0.33974,127
255,-0.418173,255
255,-0.341174,255
255,-0.358291,255
255,-0.33299,255
0,-0.263172,127
0,-0.318434,127
255,-0.368536,255
255,-0.411583,255
255,-0.355557,255
255,-0.310256,255
0,-0.23951,127
0,-0.331234,127
255,-0.417149,255
255,-0.390847,255
255,-0.413059,255
255,-0.377853,255
0,-0.261524,127
0,-0.270464,127
0,-0.301662,127
0,-0.315556,127
255,-0.401542,255
255,-0.400289,255
255,-0.319605,255
255,-0.295874,255
0,-0.301004,127
0,-0.29884,127
255,-0.393678,255
255,-0.406266,255
255,-0.388336,255
255,-0.321084,255
0,-0.223924,127
0,-0.264862,127
0,-0.2641,127
0,-0.2752,127
0,-0.284843,127
0,-0.253007,127
0,-0.273668,127
0,-0.221825,127
0,-0.20923,127
0,-0.242315,127
0,-0.247822,127
0,-0.235873,127
0,-0.23365,127
0,-0.245586,127
0,-0.201929,127
0,-0.293006,127
0,-0.362581,127
255,-0.434852,255
255,-0.399531,255
255,-0.348079,255
255,-0.338294,255
0,-0.251445,127
0,-0.199815,127
0,-0.332655,127
0,-0.324469,127
255,-0.389021,255
255,-0.368353,255
255,-0.367779,255
255,-0.343313,255
0,-0.268387,127
0,-0.252942,127
0,-0.240304,127
0,-0.231486,127
0,-0.259036,127
0,-0.265307,127
0,-0.245348,127
0,-0.231271,127
0,-0.262797,127
0,-0.276934,127
0,-0.252639,127
0,-0.259367,127
0,-0.239915,127
0,-0.260494,127
0,-0.286157,127
0,-0.342914,127
255,-0.43209,255
255,-0.374781,255
255,-0.311985,255
255,-0.333611,255
0,-0.275597,127
0,-0.310461,127
255,-0.429639,255
255,-0.413858,255
255,-0.334091,255
255,-0.330083,255
0,-0.284745,127
0,-0.256004,127
0,-0.23109,127
0,-0.220585,127
0,-0.22571,127
0,-0.228794,127
0,-0.239046,127
0,-0.212676,127
0,-0.295024,127
0,-0.263104,127
0,-0.258877,127
0,-0.255809,127
0,-0.201734,127
0,-0.249159,127
0,-0.296037,127
0,-0.254386,127
0,-0.251739,127
0,-0.319643,127
0,-0.392801,127
255,-0.426991,255
255,-0.360117,255
255,-0.376861,255
255,-0.297362,255
0,-0.23335,127
0,-0.365711,127
255,-0.383539,255
255,-0.407761,255
255,-0.33292,255
255,-0.321937,255
0,-0.280563,127
0,-0.255527,127
0,-0.271453,127
0,-0.274808,127
0,-0.211762,127
0,-0.248813,127
0,-0.24505,127
0,-0.239816,127
0,-0.261447,127
0,-0.27545,127
0,-0.297806,127
0,-0.238082,127
0,-0.250692,127
0,-0.225932,127
0,-0.278529,127
0,-0.275178,127
0,-0.295504,127
255,-0.391995,255
255,-0.379297,255
255,-0.382022,255
255,-0.342188,255
0,-0.252169,127
0,-0.289084,127
0,-0.342895,127
0,-0.370351,127
255,-0.377173,255
255,-0.356145,255
255,-0.331584,255
255,-0.296086,255
0,-0.24463,127
0,-0.22487,127
0,-0.231989,127
0,-0.365953,127
255,-0.398544,255
255,-0.38795,255
255,-0.385555,255
255,-0.307586,255
0,-0.221494,127
0,-0.31236,127
255,-0.451736,255
255,-0.386033,255
255,-0.326062,255
255,-0.324313,255
0,-0.236581,127
0,-0.246249,127
0,-0.263867,127
0,-0.217945,127
0,-0.265122,127
0,-0.28072,127
0,-0.34541,127
255,-0.424341,255
255,-0.375238,255
255,-0.395511,255
255,-0.325462,255
0,-0.280993,127
0,-0.314452,127
255,-0.403626,255
255,-0.392692,255
255,-0.36088,255
255,-0.366336,255
0,-0.234018,127
0,-0.300533,127
0,-0.258996,127
0,-0.25665,127
0,-0.345908,127
255,-0.417783,255
255,-0.434615,255
255,-0.343299,255
255,-0.360898,255
0,-0.251267,127
0,-0.268245,127
0,-0.33754,127
0,-0.319616,127
255,-0.39489,255
255,-0.410883,255
255,-0.351136,255
255,-0.332456,255
0,-0.265148,127
0,-0.222417,127
0,-0.243436,127
0,-0.314319,127
255,-0.385918,255
255,-0.393774,255
255,-0.333965,255
255,-0.299006,255
0,-0.232356,127
0,-0.339043,127
255,-0.454668,255
255,-0.413504,255
255,-0.374513,255
255,-0.343822,255
0,-0.26124,127
0,-0.255761,127
0,-0.284849,127
0,-0.302398,127
0,-0.198626,127
0,-0.388252,127
0,-0.289559,127
255,-0.419098,255
255,-0.361329,255
255,-0.348492,255
255,-0.331375,255
0,-0.183981,127
0,-0.310532,127
255,-0.416964,255
255,-0.401452,255
255,-0.386081,255
255,-0.308274,255
0,-0.252286,127
0,-0.240656,127
0,-0.275261,127
0,-0.239305,127
0,-0.355688,127
255,-0.415617,255
255,-0.396803,255
255,-0.381785,255
255,-0.320287,255
0,-0.252616,127
0,-0.239174,127
0,-0.273037,127
0,-0.392539,127
255,-0.400261,255
255,-0.360064,255
255,-0.315467,255
255,-0.300443,255
0,-0.229232,127
0,-0.29212,127
0,-0.264874,127
0,-0.325851,127
255,-0.445712,255
255,-0.371886,255
255,-0.388139,255
255,-0.288708,255
0,-0.259718,127
0,-0.299594,127
255,-0.391249,255
255,-0.398563,255
255,-0.350252,255
255,-0.333371,255
0,-0.256155,127
0,-0.292229,127
0,-0.284779,127
0,-0.270492,127
0,-0.264707,127
0,-0.332257,127
0,-0.314094,127
255,-0.332908,255
255,-0.40274,255
255,-0.355932,255
255,-0.345762,255
0,-0.21813,127
0,-0.3444,127
255,-0.415863,255
255,-0.384454,255
255,-0.376292,255
255,-0.321395,255
0,-0.271511,127
0,-0.298378,127
0,-0.236203,127
0,-0.254108,127
0,-0.289103,127
255,-0.385364,255
255,-0.371429,255
255,-0.380535,255
255,-0.3773,255
0,-0.297512,127
0,-0.283689,127
0,-0.294734,127
0,-0.413683,127
255,-0.418206,255
255,-0.370296,255
255,-0.372642,255
255,-0.33549,255
0,-0.246377,127
0,-0.262163,127
0,-0.223554,127
0,-0.316963,127
255,-0.39787,255
255,-0.390181,255
255,-0.299173,255
255,-0.322851,255
0,-0.233385,127
0,-0.30526,127
255,-0.440582,255
255,-0.360506,255
255,-0.359079,255
255,-0.331921,255
0,-0.296561,127
0,-0.288646,127
0,-0.268998,127
0,-0.283825,127
0,-0.256275,127
0,-0.275611,127
0,-0.291849,127
255,-0.430308,255
255,-0.384845,255
255,-0.367697,255
255,-0.318741,255
0,-0.27206,127
0,-0.339418,127
255,-0.390237,255
255,-0.41141,255
255,-0.377379,255
255,-0.302303,255
0,-0.286251,127
0,-0.304147,127
0,-0.227242,127
0,-0.266204,127
0,-0.311749,127
255,-0.363643,255
255,-0.396283,255
255,-0.364503,255
255,-0.368436,255
0,-0.265016,127
0,-0.27109,127
0,-0.303075,127
0,-0.327666,127
255,-0.389551,255
255,-0.335449,255
255,-0.365293,255
255,-0.29843,255
0,-0.235815,127
0,-0.279068,127
255,-0.306338,255
255,-0.326803,255
255,-0.300713,255
255,-0.298441,255
0,-0.261,127
0,-0.328111,127
255,-0.363752,255
255,-0.369089,255
255,-0.372119,255
255,-0.359468,255
0,-0.261047,127
0,-0.363523,127
255,-0.398372,255
255,-0.391353,255
255,-0.342437,255
255,-0.344288,255
0,-0.286545,127
0,-0.222797,127
0,-0.288601,127
0,-0.26474,127
255,-0.338169,255
255,-0.329022,255
255,-0.295336,255
255,-0.284904,255
0,-0.258955,127
0,-0.317421,127
0,-0.325631,127
255,-0.385299,255
255,-0.37378,255
255,-0.345044,255
255,-0.339174,255
0,-0.27709,127
0,-0.34172,127
255,-0.412591,255
255,-0.383026,255
255,-0.405362,255
255,-0.308037,255
0,-0.279312,127
0,-0.318318,127
255,-0.363466,255
255,-0.362232,255
255,-0.310318,255
255,-0.297583,255
0,-0.258162,127
0,-0.255067,127
0,-0.312697,127
255,-0.426472,255
255,-0.420589,255
255,-0.39692,255
255,-0.324616,255
0,-0.24051,127
0,-0.25681,127
0,-0.341606,127
0,-0.338389,127
255,-0.367272,255
255,-0.407123,255
255,-0.362416,255
255,-0.32767,255
0,-0.219084,127
0,-0.311049,127
255,-0.362725,255
255,-0.372495,255
255,-0.350652,255
255,-0.31028,255
0,-0.237,127
0,-0.307152,127
255,-0.382058,255
255,-0.412738,255
255,-0.319072,255
255,-0.370424,255
0,-0.231036,127
0,-0.326214,127
255,-0.392635,255
255,-0.422818,255
255,-0.377364,255
255,-0.298718,255
0,-0.238404,127
0,-0.271711,127
0,-0.329648,127
0,-0.295579,127
255,-0.350375,255
255,-0.323039,255
255,-0.325654,255
255,-0.307124,255
0,-0.265987,127
0,-0.310903,127
0,-0.319477,127
255,-0.412732,255
255,-0.364734,255
255,-0.37949,255
255,-0.323578,255
0,-0.287073,127
0,-0.361954,127
255,-0.3958,255
255,-0.416588,255
255,-0.366101,255
255,-0.335348,255
0,-0.223084,127
0,-0.304579,127
255,-0.352165,255
255,-0.350314,255
255,-0.362149,255
255,-0.283029,255
0,-0.28769,127
0,-0.244634,127
0,-0.391536,127
255,-0.408183,255
255,-0.376071,255
255,-0.364013,255
255,-0.366495,255
0,-0.243951,127
0,-0.248961,127
0,-0.28035,127
0,-0.379103,127
255,-0.37744,255
255,-0.371407,255
255,-0.348042,255
255,-0.352708,255
0,-0.265714,127
0,-0.299737,127
255,-0.391093,255
255,-0.377091,255
255,-0.367277,255
255,-0.303386,255
0,-0.20844,127
0,-0.338343,127
255,-0.407228,255
255,-0.396027,255
255,-0.399509,255
255,-0.364778,255
0,-0.235726,127
0,-0.332573,127
255,-0.444734,255
255,-0.384914,255
255,-0.392061,255
255,-0.353591,255
0,-0.234477,127
0,-0.263071,127
0,-0.329908,127
0,-0.30736,127
255,-0.376299,255
255,-0.375137,255
255,-0.337088,255
255,-0.32231,255
0,-0.271427,127
0,-0.328467,127
0,-0.348577,127
255,-0.440147,255
255,-0.375856,255
255,-0.348831,255
255,-0.336313,255
0,-0.222697,127
0,-0.315968,127
255,-0.440123,255
255,-0.409994,255
255,-0.349496,255
255,-0.356324,255
0,-0.230446,127
0,-0.355125,127
255,-0.393773,255
255,-0.392029,255
255,-0.29148,255
255,-0.346818,255
0,-0.239923,127
0,-0.292451,127
0,-0.297776,127
255,-0.433176,255
255,-0.347359,255
255,-0.373086,255
255,-0.343455,255
0,-0.289836,127
0,-0.231726,127
0,-0.296356,127
0,-0.345552,127
255,-0.425856,255
255,-0.39184,255
255,-0.315152,255
255,-0.328542,255
0,-0.231138,127
0,-0.327096,127
255,-0.3853,255
255,-0.365195,255
255,-0.334643,255
255,-0.316938,255
0,-0.24045,127
0,-0.323037,127
255,-0.401769,255
255,-0.395694,255
255,-0.332991,255
255,-0.324746,255
0,-0.264267,127
0,-0.344299,127
255,-0.455745,255
255,-0.427422,255
255,-0.434845,255
255,-0.309246,255
0,-0.260451,127
0,-0.262556,127
0,-0.273236,127
0,-0.296258,127
255,-0.323364,255
255,-0.386576,255
255,-0.359931,255
255,-0.365802,255
0,-0.204002,127
0,-0.348433,127
0,-0.310425,127
255,-0.365403,255
255,-0.410289,255
255,-0.341182,255
255,-0.274061,255
0,-0.232876,127
0,-0.347718,127
255,-0.401788,255
255,-0.371405,255
255,-0.400868,255
255,-0.335265,255
0,-0.257259,127
0,-0.297996,127
255,-0.419308,255
255,-0.418763,255
255,-0.368388,255
255,-0.320015,255
0,-0.230526,127
0,-0.2942,127
0,-0.346466,127
255,-0.398049,255
255,-0.373998,255
255,-0.364358,255
255,-0.321767,255
0,-0.267075,127
0,-0.242176,127
0,-0.279925,127
0,-0.32603,127
255,-0.363131,255
255,-0.434778,255
255,-0.341175,255
255,-0.326863,255
0,-0.187952,127
0,-0.378113,127
255,-0.41241,255
255,-0.358176,255
255,-0.385997,255
255,-0.316039,255
0,-0.242094,127
0,-0.32908,127
255,-0.37773,255
255,-0.43595,255
255,-0.306072,255
255,-0.351353,255
0,-0.275268,127
0,-0.357751,127
255,-0.363901,255
255,-0.427629,255
255,-0.345061,255
255,-0.332211,255
0,-0.234654,127
0,-0.224071,127
0,-0.338873,127
0,-0.331388,127
255,-0.389492,255
255,-0.342575,255
255,-0.336384,255
255,-0.317406,255
0,-0.262864,127
0,-0.328388,127
0,-0.365494,127
255,-0.399209,255
255,-0.363979,255
255,-0.397167,255
255,-0.298278,255
0,-0.230558,127
0,-0.296527,127
255,-0.409325,255
255,-0.360303,255
255,-0.365968,255
255,-0.379928,255
0,-0.231615,127
0,-0.309641,127
255,-0.410523,255
255,-0.360574,255
255,-0.409539,255
255,-0.309053,255
0,-0.254856,127
0,-0.268476,127
0,-0.315227,127
255,-0.431524,255
255,-0.369256,255
255,-0.335707,255
255,-0.330946,255
0,-0.256908,127
0,-0.246672,127
0,-0.308059,127
0,-0.326072,127
255,-0.408225,255
255,-0.374472,255
255,-0.337616,255
255,-0.314326,255
0,-0.264466,127
0,-0.368784,127
255,-0.40447,255
255,-0.397807,255
255,-0.368724,255
255,-0.351624,255
0,-0.254444,127
0,-0.32149,127
255,-0.411286,255
255,-0.410848,255
255,-0.361415,255
255,-0.345529,255
0,-0.268312,127
0,-0.330718,127
255,-0.399437,255
255,-0.389359,255
255,-0.38719,255
255,-0.316881,255
0,-0.288593,127
0,-0.258767,127
0,-0.339553,127
0,-0.347785,127
255,-0.412351,255
255,-0.384567,255
255,-0.371772,255
255,-0.313142,255
0,-0.256152,127
0,-0.325809,127
0,-0.337095,127
255,-0.404474,255
255,-0.378671,255
255,-0.353512,255
255,-0.292747,255
0,-0.266523,127
0,-0.240525,127
0,-0.216137,127
0,-0.259833,127
0,-0.279305,127
0,-0.25557,127
0,-0.256759,127
0,-0.296675,127
0,-0.311995,127
0,-0.329362,127
255,-0.412796,255
255,-0.43364,255
255,-0.399192,255
255,-0.33096,255
0,-0.256583,127
0,-0.30901,127
255,-0.377099,255
255,-0.404864,255
255,-0.371956,255
255,-0.340714,255
0,-0.247589,127
0,-0.251521,127
0,-0.319246,127
255,-0.400686,255
255,-0.369675,255
255,-0.358716,255
255,-0.353154,255
0,-0.270191,127
0,-0.244423,127
0,-0.251874,127
0,-0.234357,127
0,-0.257522,127
0,-0.226121,127
0,-0.285459,127
0,-0.26847,127
0,-0.298234,127
0,-0.261976,127
0,-0.296441,127
0,-0.316125,127
255,-0.397829,255
255,-0.364258,255
255,-0.330618,255
255,-0.325591,255
0,-0.242841,127
0,-0.311794,127
255,-0.408222,255
255,-0.396915,255
255,-0.358342,255
255,-0.302811,255
0,-0.2706,127
0,-0.342707,127
255,-0.399363,255
255,-0.402885,255
255,-0.365946,255
255,-0.336895,255
0,-0.251524,127
0,-0.234982,127
0,-0.261517,127
0,-0.217972,127
0,-0.238937,127
0,-0.280643,127
0,-0.264179,127
0,-0.24354,127
0,-0.28781,127
0,-0.340191,127
255,-0.428554,255
255,-0.359578,255
255,-0.35835,255
255,-0.296765,255
0,-0.265335,127
0,-0.220491,127
0,-0.333027,127
0,-0.347209,127
255,-0.354104,255
255,-0.35484,255
255,-0.368884,255
255,-0.314696,255
0,-0.231378,127
0,-0.318224,127
0,-0.341365,127
255,-0.392877,255
255,-0.378065,255
255,-0.333981,255
255,-0.332292,255
0,-0.24162,127
0,-0.26455,127
0,-0.254408,127
0,-0.231642,127
0,-0.220418,127
0,-0.289183,127
0,-0.271133,127
0,-0.318365,127
0,-0.383599,127
0,-0.310066,127
255,-0.403124,255
255,-0.363521,255
255,-0.33463,255
255,-0.304449,255
0,-0.272426,127
0,-0.273537,127
255,-0.403422,255
255,-0.440632,255
255,-0.333062,255
255,-0.3146,255
0,-0.232613,127
0,-0.250549,127
0,-0.315246,127
255,-0.425154,255
255,-0.394269,255
255,-0.317477,255
255,-0.319481,255
0,-0.218496,127
0,-0.272543,127
0,-0.242104,127
0,-0.267319,127
255,-0.376525,255
255,-0.345558,255
255,-0.343166,255
255,-0.301239,255
0,-0.254395,127
0,-0.362517,127
255,-0.393262,255
255,-0.433852,255
255,-0.350911,255
255,-0.408165,255
0,-0.218316,127
0,-0.311094,127
255,-0.36659,255
255,-0.418563,255
255,-0.355852,255
255,-0.326644,255
0,-0.240177,127
0,-0.278439,127
255,-0.409623,255
255,-0.405348,255
255,-0.363663,255
255,-0.360749,255
0,-0.266949,127
0,-0.235828,127
0,-0.299243,127
0,-0.362959,127
255,-0.404585,255
255,-0.405542,255
255,-0.363294,255
255,-0.301538,255
0,-0.260414,127
0,-0.295694,127
0,-0.34925,127
255,-0.383929,255
255,-0.343427,255
255,-0.322619,255
255,-0.316995,255
0,-0.234198,127
0,-0.28871,127
255,-0.393751,255
255,-0.370031,255
255,-0.342677,255
255,-0.298122,255
0,-0.229659,127
0,-0.302774,127
255,-0.368674,255
255,-0.399484,255
255,-0.371309,255
255,-0.318969,255
0,-0.239899,127
0,-0.267463,127
0,-0.281669,127
255,-0.386241,255
255,-0.356763,255
255,-0.353826,255
255,-0.313157,255
0,-0.242818,127
0,-0.252547,127
0,-0.211958,127
0,-0.240479,127
255,-0.374482,255
255,-0.406852,255
255,-0.365777,255
255,-0.326076,255
0,-0.253761,127
0,-0.30344,127
255,-0.411751,255
255,-0.396732,255
255,-0.341769,255
255,-0.322486,255
0,-0.236458,127
0,-0.31535,127
0,-0.256933,127
0,-0.319899,127
255,-0.382633,255
255,-0.426059,255
255,-0.39477,255
255,-0.348881,255
0,-0.200557,127
0,-0.223306,127
0,-0.298253,127
0,-0.360114,127
255,-0.376936,255
255,-0.414024,255
255,-0.348618,255
255,-0.306737,255
0,-0.225455,127
0,-0.325277,127
0,-0.319022,127
0,-0.268168,127
0,-0.256035,127
255,-0.401343,255
255,-0.317727,255
255,-0.367901,255
255,-0.324505,255
0,-0.27574,127
0,-0.303694,127
255,-0.417821,255
255,-0.372014,255
255,-0.400721,255
255,-0.380044,255
0,-0.222676,127
0,-0.249444,127
0,-0.279885,127
0,-0.249895,127
0,-0.26476,127
0,-0.240594,127
0,-0.30339,127
255,-0.375955,255
255,-0.413341,255
255,-0.3815,255
255,-0.349256,255
0,-0.249286,127
0,-0.311769,127
255,-0.438082,255
255,-0.377271,255
255,-0.371601,255
255,-0.331887,255
0,-0.303622,127
0,-0.337275,127
0,-0.274414,127
0,-0.269614,127
255,-0.417886,255
255,-0.426333,255
255,-0.326442,255
255,-0.31373,255
0,-0.264516,127
0,-0.279639,127
0,-0.304575,127
0,-0.352536,127
255,-0.40352,255
255,-0.337113,255
255,-0.349081,255
255,-0.309094,255
0,-0.236968,127
0,-0.276473,127
0,-0.327074,127
0,-0.259677,127
0,-0.255041,127
255,-0.422928,255
255,-0.354201,255
255,-0.366936,255
255,-0.338742,255
0,-0.266938,127
0,-0.31739,127
255,-0.432412,255
255,-0.386035,255
255,-0.388403,255
255,-0.346288,255
0,-0.237469,127
0,-0.26632,127
0,-0.282179,127
0,-0.300466,127
0,-0.283882,127
0,-0.286414,127
0,-0.279046,127
255,-0.435317,255
255,-0.339537,255
255,-0.343659,255
255,-0.319648,255
0,-0.235358,127
0,-0.334234,127
255,-0.436567,255
255,-0.366857,255
255,-0.35211,255
255,-0.368192,255
0,-0.232708,127
0,-0.334883,127
0,-0.245189,127
0,-0.290599,127
255,-0.390508,255
255,-0.434371,255
255,-0.389205,255
255,-0.385842,255
0,-0.266029,127
0,-0.266747,127
0,-0.329647,127
0,-0.362931,127
255,-0.357557,255
255,-0.361683,255
255,-0.345374,255
255,-0.302608,255
0,-0.243684,127
0,-0.311933,127
0,-0.311776,127
0,-0.213078,127
0,-0.286101,127
255,-0.392656,255
255,-0.406777,255
255,-0.328889,255
255,-0.332574,255
0,-0.293546,127
0,-0.321437,127
255,-0.442823,255
255,-0.386436,255
255,-0.435039,255
255,-0.341379,255
0,-0.285237,127
0,-0.287716,127
0,-0.277,127
0,-0.270021,127
0,-0.247692,127
0,-0.259244,127
0,-0.290904,127
255,-0.346155,255
255,-0.343864,255
255,-0.426739,255
255,-0.398216,255
255,-0.422793,255
255,-0.420613,255
255,-0.434916,255
255,-0.4354,255
255,-0.410412,255
255,-0.411479,255
255,-0.345113,255
255,-0.315466,255
0,-0.215869,127
0,-0.371338,127
255,-0.393789,255
255,-0.382471,255
255,-0.389138,255
255,-0.376638,255
0,-0.270067,127
0,-0.287469,127
0,-0.269447,127
0,-0.334987,127
255,-0.307354,255
255,-0.384469,255
255,-0.409916,255
255,-0.362937,255
255,-0.37473,255
255,-0.365176,255
255,-0.480272,255
255,-0.41696,255
255,-0.4353,255
255,-0.435931,255
255,-0.357317,255
255,-0.330762,255
0,-0.244713,127
0,-0.215566,127
0,-0.276885,127
0,-0.354734,127
255,-0.386397,255
255,-0.397251,255
255,-0.394238,255
255,-0.325772,255
0,-0.197873,127
0,-0.294783,127
0,-0.305963,127
0,-0.282662,127
0,-0.273442,127
255,-0.388135,255
255,-0.373253,255
255,-0.387199,255
255,-0.391252,255
255,-0.420932,255
255,-0.413219,255
255,-0.427639,255
255,-0.387588,255
255,-0.401835,255
255,-0.364287,255
255,-0.373562,255
255,-0.322086,255
0,-0.277659,127
0,-0.318785,127
255,-0.381308,255
255,-0.358441,255
255,-0.342609,255
255,-0.366767,255
0,-0.221417,127
0,-0.267122,127
0,-0.294632,127
0,-0.230436,127
0,-0.290155,127
0,-0.336985,127
0,-0.321446,127
255,-0.392827,255
255,-0.412857,255
255,-0.396117,255
255,-0.423143,255
255,-0.41472,255
255,-0.419416,255
255,-0.485456,255
255,-0.430388,255
255,-0.409763,255
255,-0.3955,255
255,-0.344167,255
255,-0.338367,255
0,-0.25322,127
0,-0.337699,127
255,-0.42275,255
255,-0.382484,255
255,-0.380368,255
255,-0.300638,255
0,-0.230946,127
0,-0.244404,127
0,-0.286991,127
0,-0.325736,127
0,-0.315,127
0,-0.361453,127
0,-0.257942,127
0,-0.344312,127
0,-0.274243,127
0,-0.251039,127
0,-0.240945,127
0,-0.235503,127
0,-0.241048,127
0,-0.226169,127
0,-0.233868,127
0,-0.290542,127
255,-0.378516,255
255,-0.368423,255
255,-0.326683,255
255,-0.448255,255
255,-0.407862,255
255,-0.457326,255
255,-0.426375,255
255,-0.399424,255
255,-0.454648,255
255,-0.385985,255
255,-0.391393,255
255,-0.379503,255
0,-0.228238,127
0,-0.246455,127
0,-0.302098,127
0,-0.337198,127
255,-0.387361,255
255,-0.369892,255
255,-0.372986,255
255,-0.27853,255
0,-0.223957,127
0,-0.287717,127
0,-0.328028,127
0,-0.307103,127
0,-0.293778,127
0,-0.259721,127
0,-0.271976,127
0,-0.303153,127
0,-0.263979,127
0,-0.274129,127
0,-0.240932,127
0,-0.260953,127
0,-0.254574,127
0,-0.253993,127
0,-0.276843,127
0,-0.26396,127
0,-0.319311,127
255,-0.391066,255
255,-0.427809,255
255,-0.438866,255
255,-0.448017,255
255,-0.413317,255
255,-0.423327,255
255,-0.419361,255
255,-0.455544,255
255,-0.419563,255
255,-0.397304,255
255,-0.318399,255
255,-0.318345,255
0,-0.268713,127
0,-0.329045,127
255,-0.410883,255
255,-0.423352,255
255,-0.381091,255
255,-0.349809,255
0,-0.297617,127
0,-0.262141,127
0,-0.261453,127
0,-0.273689,127
0,-0.28645,127
0,-0.244238,127
0,-0.331524,127
0,-0.294993,127
0,-0.266451,127
0,-0.246112,127
0,-0.27372,127
0,-0.305463,127
0,-0.281426,127
0,-0.238588,127
0,-0.289132,127
0,-0.159921,127
0,-0.247873,127
0,-0.302252,127
0,-0.325831,127
255,-0.409387,255
255,-0.43106,255
255,-0.454462,255
255,-0.419847,255
255,-0.459395,255
255,-0.403971,255
255,-0.425709,255
255,-0.443891,255
255,-0.384867,255
255,-0.381417,255
255,-0.34397,255
255,-0.289973,255
0,-0.260325,127
0,-0.313424,127
255,-0.420217,255
255,-0.384465,255
255,-0.354398,255
255,-0.322582,255
0,-0.219434,127
0,-0.285088,127
0,-0.300868,127
0,-0.25117,127
0,-0.286966,127
0,-0.309145,127
0,-0.292221,127
0,-0.278384,127
0,-0.287122,127
0,-0.284445,127
0,-0.244546,127
0,-0.236221,127
0,-0.242165,127
0,-0.254845,127
0,-0.274687,127
0,-0.302623,127
255,-0.382738,255
255,-0.423268,255
255,-0.360733,255
255,-0.443411,255
255,-0.417515,255
255,-0.485604,255
255,-0.462523,255
255,-0.382731,255
255,-0.428197,255
255,-0.388484,255
255,-0.361616,255
255,-0.330752,255
0,-0.28083,127
0,-0.266446,127
0,-0.321803,127
0,-0.322414,127
255,-0.388165,255
255,-0.38759,255
255,-0.333212,255
255,-0.332904,255
0,-0.228421,127
0,-0.322966,127
255,-0.398917,255
255,-0.370063,255
255,-0.397198,255
255,-0.439872,255
255,-0.436983,255
255,-0.396638,255
255,-0.456352,255
255,-0.469215,255
255,-0.402708,255
255,-0.468506,255
255,-0.336437,255
255,-0.323354,255
0,-0.308213,127
0,-0.302429,127
255,-0.392721,255
255,-0.372885,255
255,-0.38382,255
255,-0.337688,255
0,-0.242555,127
0,-0.248054,127
0,-0.276991,127
0,-0.39092,127
255,-0.420158,255
255,-0.452601,255
255,-0.410572,255
255,-0.447589,255
255,-0.463744,255
255,-0.419916,255
255,-0.43309,255
255,-0.405,255
255,-0.414633,255
255,-0.339286,255
255,-0.356188,255
255,-0.314468,255
0,-0.278574,127
0,-0.328355,127
255,-0.415632,255
255,-0.392809,255
255,-0.329627,255
255,-0.324649,255
0,-0.263149,127
0,-0.323134,127
255,-0.410624,255
255,-0.396624,255
255,-0.403537,255
255,-0.43958,255
255,-0.413023,255
255,-0.473545,255
255,-0.414168,255
255,-0.442138,255
255,-0.410691,255
255,-0.381216,255
255,-0.363456,255
255,-0.333517,255
0,-0.267607,127
0,-0.265784,127
0,-0.339294,127
0,-0.362013,127
255,-0.476104,255
255,-0.365864,255
255,-0.286398,255
255,-0.343536,255
0,-0.224713,127
0,-0.30758,127
255,-0.40346,255
255,-0.426295,255
255,-0.43907,255
255,-0.443056,255
255,-0.433875,255
255,-0.424919,255
255,-0.490871,255
255,-0.418008,255
255,-0.431562,255
255,-0.383861,255
255,-0.28841,255
255,-0.329932,255
0,-0.271525,127
0,-0.341179,127
255,-0.391515,255
255,-0.377914,255
255,-0.325052,255
255,-0.310665,255
0,-0.28214,127
0,-0.296691,127
0,-0.273417,127
0,-0.282211,127
255,-0.434065,255
255,-0.430441,255
255,-0.505011,255
255,-0.453551,255
255,-0.448919,255
255,-0.423743,255
255,-0.391792,255
255,-0.448053,255
255,-0.380484,255
255,-0.315766,255
255,-0.334834,255
255,-0.301105,255
0,-0.209043,127
0,-0.349747,127
255,-0.402084,255
255,-0.396799,255
255,-0.345057,255
255,-0.311061,255
0,-0.24715,127
0,-0.325179,127
255,-0.443508,255
255,-0.426617,255
255,-0.483941,255
255,-0.448,255
255,-0.413611,255
255,-0.434131,255
255,-0.464396,255
255,-0.43754,255
255,-0.405623,255
255,-0.441012,255
255,-0.351033,255
255,-0.329156,255
0,-0.223547,127
0,-0.283553,127
0,-0.289775,127
0,-0.368496,127
255,-0.380016,255
255,-0.386064,255
255,-0.323733,255
255,-0.345715,255
0,-0.284754,127
0,-0.349234,127
255,-0.394746,255
255,-0.432302,255
255,-0.445462,255
255,-0.462013,255
255,-0.435147,255
255,-0.430473,255
255,-0.44382,255
255,-0.414178,255
255,-0.379294,255
255,-0.377427,255
255,-0.371139,255
255,-0.342758,255
0,-0.2651,127
0,-0.32407,127
255,-0.424261,255
255,-0.390221,255
255,-0.389836,255
255,-0.336909,255
0,-0.213676,127
0,-0.289227,127
0,-0.289036,127
0,-0.425671,127
255,-0.442269,255
255,-0.402453,255
255,-0.417355,255
255,-0.495943,255
255,-0.429833,255
255,-0.424841,255
255,-0.372786,255
255,-0.397699,255
255,-0.393729,255
255,-0.390477,255
255,-0.311544,255
255,-0.292005,255
0,-0.217619,127
0,-0.306171,127
255,-0.406056,255
255,-0.408218,255
255,-0.36605,255
255,-0.350956,255
0,-0.263901,127
0,-0.353302,127
255,-0.386722,255
255,-0.43895,255
255,-0.398332,255
255,-0.451225,255
0,-0.238531,127
0,-0.262973,127
0,-0.317181,127
0,-0.329376,127
255,-0.3767,255
255,-0.356621,255
255,-0.328207,255
255,-0.30272,255
0,-0.249825,127
0,-0.29745,127
255,-0.445217,255
255,-0.450963,255
255,-0.40588,255
255,-0.457285,255
0,-0.236235,127
0,-0.289012,127
255,-0.335665,255
255,-0.386483,255
255,-0.328751,255
255,-0.348916,255
0,-0.306823,127
0,-0.275639,127
0,-0.369807,127
0,-0.312999,127
255,-0.413724,255
255,-0.413202,255
255,-0.476935,255
255,-0.385505,255
0,-0.221572,127
0,-0.323275,127
255,-0.415607,255
255,-0.37401,255
255,-0.364923,255
255,-0.33282,255
0,-0.300789,127
0,-0.349516,127
255,-0.460256,255
255,-0.421505,255
255,-0.456029,255
255,-0.429332,255
0,-0.30777,127
0,-0.224637,127
0,-0.306471,127
0,-0.273353,127
255,-0.383728,255
255,-0.340111,255
255,-0.382432,255
255,-0.346617,255
0,-0.255589,127
0,-0.234083,127
0,-0.286235,127
0,-0.275418,127
0,-0.232888,127
0,-0.246039,127
0,-0.237493,127
0,-0.251632,127
0,-0.208029,127
0,-0.277011,127
0,-0.218981,127
0,-0.247096,127
0,-0.256636,127
0,-0.237604,127
0,-0.261534,127
0,-0.270277,127
0,-0.256018,127
0,-0.247595,127
0,-0.272522,127
0,-0.260739,127
0,-0.27295,127
0,-0.259389,127
0,-0.234105,127
0,-0.259783,127
0,-0.288427,127
0,-0.243175,127
0,-0.233124,127
0,-0.28764,127
0,-0.205487,127
0,-0.264068,127
0,-0.259242,127
0,-0.253993,127
0,-0.227913,127
0,-0.252509,127
0,-0.261024,127
0,-0.225743,127
0,-0.224587,127
0,-0.277616,127
0,-0.223781,127
0,-0.271052,127
0,-0.270902,127
0,-0.259113,127
0,-0.273089,127
0,-0.235136,127
0,-0.265603,127
0,-0.243843,127
0,-0.244426,127
0,-0.292497,127
0,-0.249342,127
0,-0.26703,127
0,-0.219089,127
0,-0.271858,127
0,-0.27801,127
0,-0.243675,127
0,-0.272637,127
0,-0.254035,127
0,-0.229197,127
0,-0.249474,127
0,-0.298727,127
0,-0.307096,127
0,-0.352623,127
255,-0.465829,255
255,-0.434793,255
255,-0.459426,255
255,-0.422065,255
0,-0.258625,127
0,-0.370983,127
255,-0.40225,255
255,-0.403658,255
255,-0.394862,255
255,-0.319511,255
0,-0.273448,127
0,-0.24673,127
0,-0.273434,127
0,-0.197386,127
0,-0.249803,127
0,-0.26701,127
0,-0.240373,127
0,-0.209849,127
0,-0.274969,127
0,-0.253766,127
0,-0.279881,127
0,-0.234331,127
0,-0.274792,127
0,-0.272025,127
0,-0.223046,127
0,-0.3,127
0,-0.253095,127
0,-0.28953,127
0,-0.25595,127
0,-0.258596,127
0,-0.299488,127
0,-0.268537,127
0,-0.226489,127
0,-0.239614,127
0,-0.276721,127
0,-0.264335,127
0,-0.246662,127
0,-0.260247,127
0,-0.256484,127
0,-0.265521,127
0,-0.220005,127
0,-0.271751,127
0,-0.270944,127
0,-0.297195,127
0,-0.239997,127
0,-0.23208,127
0,-0.249344,127
0,-0.248999,127
0,-0.237197,127
0,-0.307941,127
0,-0.29264,127
0,-0.216075,127
0,-0.258233,127
0,-0.310297,127
0,-0.23348,127
0,-0.264011,127
0,-0.250629,127
0,-0.224852,127
0,-0.27594,127
0,-0.294524,127
0,-0.274252,127
0,-0.243845,127
0,-0.261411,127
0,-0.254256,127
0,-0.250654,127
0,-0.303073,127
0,-0.277314,127
0,-0.290555,127
0,-0.252569,127
0,-0.286438,127
0,-0.279666,127
0,-0.349308,127
255,-0.417331,255
255,-0.416491,255
255,-0.420762,255
255,-0.436178,255
0,-0.268388,127
0,-0.368568,127
255,-0.401397,255
255,-0.390376,255
255,-0.365278,255
255,-0.290542,255
0,-0.261987,127
0,-0.279729,127
0,-0.266579,127
0,-0.253677,127
0,-0.236304,127
0,-0.260564,127
0,-0.254909,127
0,-0.278656,127
0,-0.259859,127
0,-0.298215,127
0,-0.214605,127
0,-0.278377,127
0,-0.282875,127
0,-0.246476,127
0,-0.248725,127
0,-0.261445,127
0,-0.273622,127
0,-0.243073,127
0,-0.276178,127
0,-0.290377,127
0,-0.242089,127
0,-0.258602,127
0,-0.232872,127
0,-0.243768,127
0,-0.253851,127
0,-0.248054,127
0,-0.314367,127
0,-0.293248,127
0,-0.278899,127
0,-0.254817,127
0,-0.23057,127
0,-0.26077,127
0,-0.282381,127
0,-0.217364,127
0,-0.252825,127
0,-0.260058,127
0,-0.254605,127
0,-0.243067,127
0,-0.250007,127
0,-0.26056,127
0,-0.229728,127
0,-0.283953,127
0,-0.255663,127
0,-0.246321,127
0,-0.296592,127
0,-0.25376,127
0,-0.260915,127
0,-0.212917,127
0,-0.239156,127
0,-0.222613,127
0,-0.223276,127
0,-0.300702,127
0,-0.266784,127
0,-0.28135,127
0,-0.249369,127
0,-0.269793,127
0,-0.290298,127
0,-0.298236,127
0,-0.273386,127
0,-0.316603,127
0,-0.360988,127
255,-0.436824,255
255,-0.442851,255
255,-0.437154,255
255,-0.433056,255
0,-0.275696,127
0,-0.255413,127
0,-0.323307,127
0,-0.32246,127
255,-0.409946,255
255,-0.35611,255
255,-0.365351,255
255,-0.33115,255
0,-0.222836,127
0,-0.272784,127
0,-0.257109,127
0,-0.237879,127
0,-0.265056,127
0,-0.276453,127
0,-0.268487,127
0,-0.255125,127
0,-0.297808,127
0,-0.257226,127
0,-0.209398,127
0,-0.273335,127
0,-0.25951,127
0,-0.246444,127
0,-0.266253,127
0,-0.270248,127
0,-0.25508,127
0,-0.283444,127
0,-0.268692,127
0,-0.273313,127
0,-0.259733,127
0,-0.273247,127
0,-0.23127,127
0,-0.259305,127
0,-0.227024,127
0,-0.260119,127
0,-0.232229,127
0,-0.230988,127
0,-0.281821,127
0,-0.297643,127
0,-0.234145,127
0,-0.248531,127
0,-0.234704,127
0,-0.231069,127
0,-0.216419,127
0,-0.282082,127
0,-0.246658,127
0,-0.280485,127
0,-0.279262,127
0,-0.263084,127
0,-0.288397,127
0,-0.258338,127
0,-0.292389,127
0,-0.206798,127
0,-0.206304,127
0,-0.222911,127
0,-0.282983,127
0,-0.240558,127
0,-0.276954,127
0,-0.234187,127
0,-0.242623,127
0,-0.275821,127
0,-0.26164,127
0,-0.257562,127
0,-0.267032,127
0,-0.278754,127
0,-0.278165,127
0,-0.278869,127
0,-0.283295,127
0,-0.339497,127
0,-0.376686,127
255,-0.473344,255
255,-0.406687,255
255,-0.418922,255
255,-0.391092,255
0,-0.247858,127
0,-0.319887,127
255,-0.439531,255
255,-0.380884,255
255,-0.356838,255
255,-0.318314,255
255,-0.423085,255
255,-0.396813,255
255,-0.436863,255
255,-0.365163,255
0,-0.226485,127
0,-0.359019,127
255,-0.401825,255
255,-0.390857,255
255,-0.393844,255
255,-0.349511,255
255,-0.402764,255
255,-0.404412,255
255,-0.424109,255
255,-0.332282,255
0,-0.253306,127
0,-0.261135,127
0,-0.310726,127
0,-0.344524,127
255,-0.338545,255
255,-0.409471,255
255,-0.333804,255
255,-0.37697,255
255,-0.406119,255
255,-0.450203,255
255,-0.382211,255
255,-0.401484,255
0,-0.209321,127
0,-0.313804,127
255,-0.408414,255
255,-0.381905,255
255,-0.426405,255
255,-0.34352,255
255,-0.419631,255
255,-0.455161,255
255,-0.379731,255
255,-0.356266,255
0,-0.221328,127
0,-0.238506,127
255,-0.427836,255
255,-0.351972,255
255,-0.356121,255
255,-0.351075,255
255,-0.419963,255
255,-0.391741,255
255,-0.380575,255
255,-0.339911,255
0,-0.324074,127
0,-0.28748,127
0,-0.305621,127
0,-0.28272,127
0,-0.320804,127
0,-0.24611,127
0,-0.253225,127
0,-0.236931,127
0,-0.299307,127
0,-0.272565,127
0,-0.305089,127
0,-0.307994,127
255,-0.412675,255
255,-0.39673,255
255,-0.37211,255
255,-0.333946,255
255,-0.411594,255
255,-0.399159,255
255,-0.383788,255
255,-0.389281,255
0,-0.296899,127
0,-0.255508,127
0,-0.311294,127
0,-0.260349,127
0,-0.237679,127
0,-0.300157,127
0,-0.199725,127
0,-0.272005,127
0,-0.248265,127
0,-0.322987,127
255,-0.382081,255
255,-0.453791,255
255,-0.418557,255
255,-0.33771,255
255,-0.407327,255
255,-0.390466,255
255,-0.38501,255
255,-0.376327,255
0,-0.29688,127
0,-0.256174,127
0,-0.293451,127
0,-0.308093,127
0,-0.266007,127
0,-0.276097,127
0,-0.279971,127
0,-0.268561,127
0,-0.234228,127
0,-0.343151,127
255,-0.401983,255
255,-0.438879,255
255,-0.396221,255
255,-0.36571,255
255,-0.392579,255
255,-0.408216,255
255,-0.387436,255
255,-0.37983,255
0,-0.269144,127
0,-0.267755,127
0,-0.265912,127
0,-0.256058,127
0,-0.250461,127
0,-0.307492,127
0,-0.242662,127
0,-0.223291,127
0,-0.219623,127
0,-0.258413,127
0,-0.323942,127
0,-0.367984,127
255,-0.346363,255
255,-0.40138,255
255,-0.405043,255
255,-0.381963,255
255,-0.462765,255
255,-0.396795,255
255,-0.374671,255
255,-0.338993,255
0,-0.287058,127
0,-0.275522,127
0,-0.240987,127
0,-0.271164,127
0,-0.270273,127
0,-0.250516,127
0,-0.236142,127
0,-0.23618,127
0,-0.220647,127
0,-0.219851,127
0,-0.24681,127
0,-0.228903,127
0,-0.240273,127
0,-0.218411,127
0,-0.278535,127
0,-0.2762,127
0,-0.239652,127
0,-0.20909,127
0,-0.276321,127
0,-0.256623,127
0,-0.265122,127
0,-0.245053,127
0,-0.271987,127
0,-0.287018,127
0,-0.305826,127
0,-0.239107,127
0,-0.232944,127
0,-0.232062,127
0,-0.231089,127
0,-0.291044,127
0,-0.193029,127
0,-0.26982,127
0,-0.246191,127
0,-0.304995,127
0,-0.272746,127
0,-0.28039,127
0,-0.199955,127
0,-0.247658,127
0,-0.275478,127
0,-0.2651,127
0,-0.25152,127
0,-0.298141,127
0,-0.26269,127
0,-0.272766,127
0,-0.266958,127
0,-0.24959,127
0,-0.265894,127
0,-0.234791,127
0,-0.271357,127
0,-0.246155,127
0,-0.283841,127
255,-0.438008,255
255,-0.406442,255
255,-0.379142,255
255,-0.369703,255
255,-0.380279,255
255,-0.376882,255
255,-0.335004,255
255,-0.325659,255
0,-0.275996,127
0,-0.26255,127
0,-0.229573,127
0,-0.258377,127
0,-0.277199,127
0,-0.292432,127
0,-0.241711,127
0,-0.276189,127
0,-0.268748,127
0,-0.229156,127
0,-0.248098,127
0,-0.217866,127
0,-0.266966,127
0,-0.296084,127
0,-0.273661,127
0,-0.233622,127
0,-0.268582,127
0,-0.326085,127
0,-0.21878,127
0,-0.289076,127
0,-0.28457,127
0,-0.285192,127
0,-0.250952,127
0,-0.256604,127
0,-0.254518,127
0,-0.276465,127
0,-0.231221,127
0,-0.226922,127
0,-0.240734,127
0,-0.234637,127
0,-0.263907,127
0,-0.237053,127
0,-0.265007,127
0,-0.260846,127
0,-0.261861,127
0,-0.282235,127
0,-0.240823,127
0,-0.214753,127
0,-0.271149,127
0,-0.226766,127
0,-0.272439,127
0,-0.291984,127
0,-0.21171,127
0,-0.242892,127
0,-0.215711,127
0,-0.260583,127
0,-0.230323,127
0,-0.212539,127
0,-0.270274,127
0,-0.281202,127
0,-0.332127,127
255,-0.396805,255
255,-0.442588,255
255,-0.400841,255
255,-0.382994,255
255,-0.416932,255
255,-0.379267,255
255,-0.364011,255
255,-0.371466,255
0,-0.244776,127
0,-0.240383,127
0,-0.251812,127
0,-0.28695,127
0,-0.262664,127
0,-0.281902,127
0,-0.208729,127
0,-0.227745,127
0,-0.208726,127
0,-0.203201,127
0,-0.233084,127
0,-0.279889,127
0,-0.237139,127
0,-0.270382,127
0,-0.251977,127
0,-0.232944,127
0,-0.24791,127
0,-0.237903,127
0,-0.309145,127
0,-0.265143,127
0,-0.276528,127
0,-0.228627,127
0,-0.249371,127
0,-0.247958,127
0,-0.252326,127
0,-0.304702,127
0,-0.277949,127
0,-0.265176,127
0,-0.241563,127
0,-0.254764,127
0,-0.275896,127
0,-0.279631,127
0,-0.271818,127
0,-0.236835,127
0,-0.273319,127
0,-0.255944,127
0,-0.28586,127
0,-0.224127,127
0,-0.268005,127
0,-0.234022,127
0,-0.300059,127
0,-0.295874,127
0,-0.261594,127
0,-0.291393,127
0,-0.232556,127
0,-0.245806,127
0,-0.278556,127
0,-0.296422,127
0,-0.281212,127
0,-0.277724,127
0,-0.349979,127
0,-0.346906,127
255,-0.414587,255
255,-0.391733,255
255,-0.371129,255
255,-0.402553,255
255,-0.423759,255
255,-0.383427,255
255,-0.361344,255
255,-0.362224,255
0,-0.197476,127
0,-0.269549,127
0,-0.247347,127
0,-0.225056,127
0,-0.262313,127
0,-0.249115,127
0,-0.247494,127
0,-0.271894,127
0,-0.236271,127
0,-0.246885,127
0,-0.257645,127
0,-0.246514,127
0,-0.305144,127
0,-0.291327,127
0,-0.245542,127
0,-0.269771,127
0,-0.230652,127
0,-0.280775,127
0,-0.244106,127
0,-0.299097,127
0,-0.256581,127
0,-0.237442,127
0,-0.261342,127
0,-0.236545,127
0,-0.240523,127
0,-0.262146,127
0,-0.26153,127
0,-0.255044,127
0,-0.237041,127
0,-0.224858,127
0,-0.240329,127
0,-0.257214,127
0,-0.272261,127
0,-0.250803,127
0,-0.263731,127
0,-0.263491,127
0,-0.237834,127
0,-0.242241,127
0,-0.289487,127
0,-0.278669,127
0,-0.247947,127
0,-0.275839,127
0,-0.309193,127
0,-0.313636,127
0,-0.262102,127
0,-0.255512,127
0,-0.189575,127
0,-0.253188,127
0,-0.238463,127
0,-0.260431,127
0,-0.329455,127
255,-0.422563,255
255,-0.432098,255
255,-0.430144,255
255,-0.368747,255
255,-0.37594,255
255,-0.359434,255
255,-0.362903,255
255,-0.32109,255
255,-0.323352,255
255,-0.372057,255
255,-0.352546,255
255,-0.347129,255
255,-0.351019,255
255,-0.37385,255
255,-0.358463,255
255,-0.308304,255
255,-0.323597,255
255,-0.312141,255
255,-0.351925,255
255,-0.346604,255
255,-0.296799,255
255,-0.378926,255
255,-0.358138,255
255,-0.322625,255
255,-0.371876,255
255,-0.390682,255
255,-0.338879,255
255,-0.368357,255
255,-0.33545,255
255,-0.371814,255
255,-0.36176,255
255,-0.36436,255
255,-0.373641,255
255,-0.331886,255
255,-0.302116,255
255,-0.345868,255
255,-0.334824,255
255,-0.353808,255
255,-0.308845,255
255,-0.343468,255
255,-0.339445,255
255,-0.343678,255
255,-0.373659,255
255,-0.367152,255
255,-0.318232,255
255,-0.357024,255
255,-0.366306,255
255,-0.328223,255
255,-0.341174,255
255,-0.342651,255
255,-0.385494,255
255,-0.315667,255
255,-0.342208,255
255,-0.337975,255
255,-0.371649,255
255,-0.353161,255
255,-0.304899,255
255,-0.313585,255
255,-0.338426,255
255,-0.309745,255
255,-0.321006,255
255,-0.34781,255
255,-0.384926,255
255,-0.35495,255
255,-0.395162,255
255,-0.381995,255
255,-0.377003,255
255,-0.328986,255
255,-0.408211,255
255,-0.358288,255
255,-0.438919,255
255,-0.387208,255
255,-0.458686,255
255,-0.418582,255
255,-0.405879,255
255,-0.397076,255
255,-0.364291,255
255,-0.34784,255
0,-0.278128,127
0,-0.268114,127
0,-0.339816,127
255,-0.403338,255
255,-0.419442,255
255,-0.396012,255
255,-0.393156,255
255,-0.407814,255
255,-0.354053,255
255,-0.317547,255
255,-0.377554,255
255,-0.336289,255
255,-0.369716,255
255,-0.361966,255
255,-0.375154,255
255,-0.315694,255
255,-0.351709,255
255,-0.376462,255
255,-0.37536,255
255,-0.333484,255
255,-0.303504,255
255,-0.358252,255
255,-0.358506,255
255,-0.357696,255
255,-0.322941,255
255,-0.348569,255
255,-0.346348,255
255,-0.391178,255
255,-0.299355,255
255,-0.338608,255
255,-0.324063,255
255,-0.385573,255
255,-0.33564,255
255,-0.368752,255
255,-0.323644,255
255,-0.316839,255
255,-0.3454,255
255,-0.359407,255
255,-0.348216,255
255,-0.396716,255
255,-0.323951,255
255,-0.361138,255
255,-0.36853,255
255,-0.370819,255
255,-0.336941,255
255,-0.346542,255
255,-0.362788,255
255,-0.370338,255
255,-0.33088,255
255,-0.420181,255
255,-0.330692,255
255,-0.369154,255
255,-0.347459,255
255,-0.345137,255
255,-0.372561,255
255,-0.338501,255
255,-0.326758,255
255,-0.346551,255
255,-0.318955,255
255,-0.320209,255
255,-0.357979,255
255,-0.378765,255
255,-0.35538,255
255,-0.364153,255
255,-0.331027,255
255,-0.31267,255
255,-0.378174,255
255,-0.394792,255
255,-0.360347,255
255,-0.364319,255
255,-0.375756,255
255,-0.369685,255
255,-0.407384,255
255,-0.404907,255
255,-0.413716,255
255,-0.440424,255
255,-0.390002,255
255,-0.421136,255
255,-0.372216,255
255,-0.350963,255
0,-0.268156,127
0,-0.260591,127
0,-0.282211,127
0,-0.285904,127
0,-0.299583,127
255,-0.428553,255
255,-0.435944,255
255,-0.383893,255
255,-0.469627,255
255,-0.420014,255
255,-0.331356,255
255,-0.363548,255
255,-0.368205,255
255,-0.363645,255
255,-0.35527,255
255,-0.372422,255
255,-0.400446,255
255,-0.361149,255
255,-0.357383,255
255,-0.372645,255
255,-0.352033,255
255,-0.391663,255
255,-0.362439,255
255,-0.363974,255
255,-0.333028,255
255,-0.350708,255
255,-0.344874,255
255,-0.355445,255
255,-0.368982,255
255,-0.3726,255
255,-0.312304,255
255,-0.377274,255
255,-0.37425,255
255,-0.347603,255
255,-0.376942,255
255,-0.393905,255
255,-0.362757,255
255,-0.358126,255
255,-0.357109,255
255,-0.334396,255
255,-0.322361,255
255,-0.347466,255
255,-0.404918,255
255,-0.35452,255
255,-0.402553,255
255,-0.332717,255
255,-0.359705,255
255,-0.329164,255
255,-0.372271,255
255,-0.38047,255
255,-0.351047,255
255,-0.375184,255
255,-0.413582,255
255,-0.353877,255
255,-0.36854,255
255,-0.328317,255
255,-0.348548,255
255,-0.343222,255
255,-0.342654,255
255,-0.380992,255
255,-0.413786,255
255,-0.359766,255
255,-0.376275,255
255,-0.344692,255
255,-0.394231,255
255,-0.342682,255
255,-0.356034,255
255,-0.342797,255
255,-0.336347,255
255,-0.348083,255
255,-0.335155,255
255,-0.373459,255
255,-0.385811,255
255,-0.447911,255
255,-0.411421,255
255,-0.395535,255
255,-0.441216,255
255,-0.416268,255
255,-0.371307,255
255,-0.416471,255
255,-0.351355,255
255,-0.363395,255
0,-0.248189,127
0,-0.282946,127
0,-0.240744,127
0,-0.303275,127
255,-0.442229,255
255,-0.413315,255
255,-0.435523,255
255,-0.393006,255
255,-0.379416,255
255,-0.366222,255
255,-0.364926,255
255,-0.363991,255
255,-0.404607,255
255,-0.341908,255
255,-0.341299,255
255,-0.350457,255
255,-0.357697,255
255,-0.367509,255
255,-0.356169,255
255,-0.323892,255
255,-0.355962,255
255,-0.382319,255
255,-0.384327,255
255,-0.368667,255
255,-0.383031,255
255,-0.380791,255
255,-0.351092,255
255,-0.353996,255
255,-0.339163,255
255,-0.370364,255
255,-0.380552,255
255,-0.300722,255
255,-0.330776,255
255,-0.349247,255
255,-0.378314,255
255,-0.376849,255
255,-0.336708,255
255,-0.342835,255
255,-0.364032,255
255,-0.381387,255
255,-0.354922,255
255,-0.36761,255
255,-0.370082,255
255,-0.372706,255
255,-0.388535,255
255,-0.358853,255
255,-0.384206,255
255,-0.37461,255
255,-0.405794,255
255,-0.341161,255
255,-0.314508,255
255,-0.354862,255
255,-0.36971,255
255,-0.329112,255
255,-0.346075,255
255,-0.350001,255
255,-0.360586,255
255,-0.373152,255
255,-0.34801,255
255,-0.359288,255
255,-0.368642,255
255,-0.350412,255
255,-0.338212,255
255,-0.326509,255
255,-0.32976,255
255,-0.288483,255
255,-0.37529,255
255,-0.349193,255
255,-0.373934,255
255,-0.362189,255
255,-0.405007,255
255,-0.39732,255
255,-0.390495,255
255,-0.399375,255
255,-0.419209,255
255,-0.418971,255
255,-0.423287,255
255,-0.403269,255
255,-0.39832,255
255,-0.356897,255
255,-0.387549,255
255,-0.31893,255
0,-0.269451,127
0,-0.278362,127
0,-0.34591,127
255,-0.37798,255
255,-0.463171,255
255,-0.430981,255
255,-0.391825,255
255,-0.360863,255
255,-0.362934,255
255,-0.34805,255
255,-0.369463,255
255,-0.362628,255
255,-0.346384,255
255,-0.335991,255
255,-0.380148,255
255,-0.32137,255
255,-0.361607,255
255,-0.320242,255
255,-0.376766,255
255,-0.361847,255
255,-0.357715,255
255,-0.317197,255
255,-0.377426,255
255,-0.357982,255
255,-0.406543,255
255,-0.384738,255
255,-0.375725,255
255,-0.3884,255
255,-0.333179,255
255,-0.407043,255
255,-0.358935,255
255,-0.407356,255
255,-0.371685,255
255,-0.391785,255
255,-0.362998,255
255,-0.382809,255
255,-0.367076,255
255,-0.370644,255
255,-0.391902,255
255,-0.378151,255
255,-0.335963,255
255,-0.390229,255
255,-0.366629,255
255,-0.380357,255
255,-0.331083,255
255,-0.378726,255
255,-0.386947,255
255,-0.356495,255
255,-0.376788,255
255,-0.371805,255
255,-0.37835,255
255,-0.382103,255
255,-0.402853,255
255,-0.340998,255
255,-0.347373,255
255,-0.354306,255
255,-0.324511,255
255,-0.373943,255
255,-0.37812,255
255,-0.353085,255
255,-0.391925,255
255,-0.357286,255
255,-0.326156,255
255,-0.375195,255
255,-0.364995,255
255,-0.373983,255
255,-0.336382,255
255,-0.387921,255
255,-0.403912,255
255,-0.430992,255
255,-0.451322,255
255,-0.408856,255
255,-0.462602,255
255,-0.399868,255
255,-0.459852,255
255,-0.437461,255
255,-0.420768,255
255,-0.441791,255
255,-0.354732,255
255,-0.362467,255
0,-0.271685,127
0,-0.265299,127
0,-0.234741,127
0,-0.298908,127
0,-0.229411,127
0,-0.231265,127
0,-0.251105,127
0,-0.252076,127
0,-0.275024,127
0,-0.267078,127
0,-0.268951,127
0,-0.332623,127
0,-0.384123,127
255,-0.41477,255
255,-0.417995,255
255,-0.436153,255
255,-0.407681,255
255,-0.319384,255
255,-0.33245,255
255,-0.384982,255
255,-0.432212,255
255,-0.388267,255
255,-0.360213,255
255,-0.402025,255
255,-0.408746,255
255,-0.417939,255
255,-0.389269,255
255,-0.365372,255
255,-0.378056,255
255,-0.379144,255
255,-0.375416,255
255,-0.368145,255
255,-0.345404,255
255,-0.37167,255
255,-0.379274,255
255,-0.395258,255
255,-0.412959,255
255,-0.404205,255
255,-0.376411,255
255,-0.417949,255
255,-0.357787,255
255,-0.403467,255
255,-0.381731,255
255,-0.359147,255
255,-0.427478,255
255,-0.363114,255
255,-0.418469,255
255,-0.390124,255
255,-0.364995,255
255,-0.41567,255
255,-0.314647,255
255,-0.375803,255
255,-0.400167,255
255,-0.391334,255
255,-0.384149,255
255,-0.417617,255
255,-0.400001,255
255,-0.377525,255
255,-0.396786,255
255,-0.347737,255
255,-0.37076,255
255,-0.403856,255
255,-0.36458,255
255,-0.400301,255
255,-0.363388,255
255,-0.437272,255
255,-0.392397,255
255,-0.383024,255
255,-0.393072,255
255,-0.421344,255
255,-0.354133,255
255,-0.370484,255
255,-0.365229,255
255,-0.373476,255
255,-0.350559,255
255,-0.404553,255
255,-0.348426,255
255,-0.370214,255
255,-0.420945,255
255,-0.405567,255
255,-0.405234,255
255,-0.378718,255
255,-0.426269,255
255,-0.43042,255
255,-0.442694,255
255,-0.436234,255
255,-0.439668,255
255,-0.361119,255
255,-0.379387,255
255,-0.338865,255
0,-0.259433,127
0,-0.244559,127
0,-0.259603,127
0,-0.247765,127
0,-0.264987,127
0,-0.254769,127
0,-0.257237,127
0,-0.246216,127
0,-0.258881,127
0,-0.246708,127
0,-0.272473,127
0,-0.320402,127
255,-0.438703,255
255,-0.47621,255
255,-0.408716,255
255,-0.361114,255
255,-0.422581,255
255,-0.35733,255
255,-0.395703,255
255,-0.378491,255
255,-0.388017,255
255,-0.449242,255
255,-0.366817,255
255,-0.405349,255
255,-0.426364,255
255,-0.383627,255
255,-0.429717,255
255,-0.438761,255
255,-0.355403,255
255,-0.37356,255
255,-0.37428,255
255,-0.392157,255
255,-0.386722,255
255,-0.376736,255
255,-0.398635,255
255,-0.381879,255
255,-0.365491,255
255,-0.411425,255
255,-0.378963,255
255,-0.424313,255
255,-0.366918,255
255,-0.36285,255
255,-0.391496,255
255,-0.333633,255
255,-0.385895,255
255,-0.394331,255
255,-0.396941,255
255,-0.393973,255
255,-0.422124,255
255,-0.392281,255
255,-0.43195,255
255,-0.408059,255
255,-0.421548,255
255,-0.389836,255
255,-0.334905,255
255,-0.41415,255
255,-0.412107,255
255,-0.404523,255
255,-0.381941,255
255,-0.416932,255
255,-0.373467,255
255,-0.383023,255
255,-0.359008,255
255,-0.406095,255
255,-0.403712,255
255,-0.38537,255
255,-0.382603,255
255,-0.438132,255
255,-0.376937,255
255,-0.387877,255
255,-0.347688,255
255,-0.399277,255
255,-0.375338,255
255,-0.405268,255
255,-0.367843,255
255,-0.376269,255
255,-0.349378,255
255,-0.350979,255
255,-0.39889,255
255,-0.399197,255
255,-0.461138,255
255,-0.400501,255
255,-0.436206,255
255,-0.451533,255
255,-0.426482,255
255,-0.411668,255
255,-0.411774,255
255,-0.392636,255
255,-0.323188,255
255,-0.351717,255
0,-0.283981,127
0,-0.248079,127
0,-0.238231,127
0,-0.263526,127
0,-0.208039,127
0,-0.248712,127
0,-0.271927,127
0,-0.305428,127
0,-0.283474,127
0,-0.310053,127
0,-0.308367,127
255,-0.449722,255
255,-0.454607,255
255,-0.427651,255
255,-0.390624,255
255,-0.434161,255
255,-0.376977,255
255,-0.442521,255
255,-0.365567,255
255,-0.381022,255
255,-0.399313,255
255,-0.415193,255
255,-0.401642,255
255,-0.397296,255
255,-0.397462,255
255,-0.408201,255
255,-0.38473,255
255,-0.402646,255
255,-0.379178,255
255,-0.38961,255
255,-0.367022,255
255,-0.393768,255
255,-0.429449,255
255,-0.406251,255
255,-0.425132,255
255,-0.393005,255
255,-0.437689,255
255,-0.373358,255
255,-0.358912,255
255,-0.360144,255
255,-0.420821,255
255,-0.406994,255
255,-0.431018,255
255,-0.383451,255
255,-0.331683,255
255,-0.37458,255
255,-0.405808,255
255,-0.383294,255
255,-0.411469,255
255,-0.402583,255
255,-0.400142,255
255,-0.355655,255
255,-0.395769,255
255,-0.375528,255
255,-0.341363,255
255,-0.363147,255
255,-0.382133,255
255,-0.380665,255
255,-0.405924,255
255,-0.382454,255
255,-0.373725,255
255,-0.425931,255
255,-0.399908,255
255,-0.440017,255
255,-0.323624,255
255,-0.359701,255
255,-0.391049,255
255,-0.416799,255
255,-0.408211,255
255,-0.367554,255
255,-0.343382,255
255,-0.435147,255
255,-0.399865,255
255,-0.405417,255
255,-0.421857,255
255,-0.399633,255
255,-0.381166,255
255,-0.379955,255
255,-0.415293,255
255,-0.416319,255
255,-0.411858,255
255,-0.416075,255
255,-0.426303,255
255,-0.430752,255
255,-0.410741,255
255,-0.381731,255
255,-0.338123,255
255,-0.384333,255
0,-0.259283,127
0,-0.268199,127
0,-0.294733,127
0,-0.245454,127
0,-0.289281,127
0,-0.226262,127
0,-0.2871,127
0,-0.207709,127
0,-0.320701,127
0,-0.241079,127
0,-0.263584,127
0,-0.280131,127
0,-0.35633,127
255,-0.439169,255
255,-0.442401,255
255,-0.426268,255
255,-0.415924,255
255,-0.388639,255
255,-0.393781,255
255,-0.352548,255
255,-0.417139,255
255,-0.401786,255
255,-0.338036,255
255,-0.441022,255
255,-0.368474,255
255,-0.39906,255
255,-0.375668,255
255,-0.40895,255
255,-0.372746,255
255,-0.382172,255
255,-0.417912,255
255,-0.426761,255
255,-0.358349,255
255,-0.381278,255
255,-0.390581,255
255,-0.372795,255
255,-0.415928,255
255,-0.402716,255
255,-0.392418,255
255,-0.424026,255
255,-0.358497,255
255,-0.425261,255
255,-0.421802,255
255,-0.339783,255
255,-0.401255,255
255,-0.410789,255
255,-0.429605,255
255,-0.372241,255
255,-0.411726,255
255,-0.411511,255
255,-0.391591,255
255,-0.412398,255
255,-0.357666,255
255,-0.379428,255
255,-0.381467,255
255,-0.380136,255
255,-0.373074,255
255,-0.364828,255
255,-0.391399,255
255,-0.371928,255
255,-0.352588,255
255,-0.421196,255
255,-0.393379,255
255,-0.401344,255
255,-0.401834,255
255,-0.419448,255
255,-0.401997,255
255,-0.379922,255
255,-0.376015,255
255,-0.376156,255
255,-0.407758,255
255,-0.379028,255
255,-0.421047,255
255,-0.406348,255
255,-0.372846,255
255,-0.375699,255
255,-0.390688,255
255,-0.41673,255
255,-0.429242,255
255,-0.413153,255
255,-0.3745,255
255,-0.41187,255
255,-0.392275,255
255,-0.418353,255
255,-0.441726,255
255,-0.412827,255
255,-0.377163,255
255,-0.409852,255
255,-0.357881,255
255,-0.331939,255
0,-0.217589,127
0,-0.245129,127
0,-0.232117,127
0,-0.302629,127
255,-0.419221,255
255,-0.442301,255
255,-0.41279,255
255,-0.455109,255
255,-0.394298,255
255,-0.389361,255
255,-0.329313,255
255,-0.304022,255
0,-0.259282,127
0,-0.252251,127
0,-0.31081,127
255,-0.403506,255
255,-0.441513,255
255,-0.402417,255
255,-0.448616,255
255,-0.417755,255
255,-0.342791,255
255,-0.355772,255
0,-0.267749,127
0,-0.271141,127
0,-0.275066,127
0,-0.30898,127
0,-0.383165,127
255,-0.455883,255
255,-0.393143,255
255,-0.430154,255
255,-0.435437,255
255,-0.394079,255
255,-0.371877,255
255,-0.309288,255
0,-0.227994,127
0,-0.269943,127
0,-0.227282,127
0,-0.313534,127
255,-0.405971,255
255,-0.465935,255
255,-0.451883,255
255,-0.402452,255
255,-0.425866,255
255,-0.363109,255
255,-0.305648,255
255,-0.312826,255
0,-0.27045,127
0,-0.270725,127
255,-0.320368,255
255,-0.362399,255
255,-0.365251,255
255,-0.310114,255
255,-0.312958,255
255,-0.322033,255
255,-0.347963,255
255,-0.310189,255
255,-0.34525,255
255,-0.291261,255
255,-0.336424,255
255,-0.335178,255
255,-0.335438,255
255,-0.34403,255
255,-0.404463,255
255,-0.355593,255
255,-0.380242,255
255,-0.357497,255
255,-0.307043,255
255,-0.336076,255
255,-0.380898,255
255,-0.354136,255
255,-0.323845,255
255,-0.302007,255
255,-0.365641,255
255,-0.307588,255
255,-0.371839,255
255,-0.335528,255
255,-0.301425,255
255,-0.395156,255
255,-0.333878,255
255,-0.346399,255
255,-0.337532,255
255,-0.322608,255
255,-0.308698,255
255,-0.350401,255
255,-0.338514,255
255,-0.339002,255
255,-0.342312,255
255,-0.376015,255
255,-0.322505,255
255,-0.269774,255
255,-0.251025,255
255,-0.263737,255
0,-0.354665,127
255,-0.408593,255
255,-0.489729,255
255,-0.390152,255
255,-0.357323,255
255,-0.425071,255
255,-0.329619,255
255,-0.300532,255
0,-0.245058,127
0,-0.247965,127
0,-0.246038,127
255,-0.3784,255
255,-0.341087,255
255,-0.370339,255
255,-0.358256,255
255,-0.395237,255
255,-0.357284,255
255,-0.335394,255
255,-0.378376,255
255,-0.429198,255
255,-0.353708,255
255,-0.331118,255
255,-0.408001,255
255,-0.38653,255
255,-0.366308,255
255,-0.363444,255
255,-0.357083,255
255,-0.376314,255
255,-0.327825,255
255,-0.308663,255
255,-0.353404,255
255,-0.364413,255
255,-0.34488,255
255,-0.335641,255
255,-0.326869,255
255,-0.377186,255
255,-0.370201,255
255,-0.387752,255
255,-0.373216,255
255,-0.316548,255
255,-0.356739,255
255,-0.336913,255
255,-0.343545,255
255,-0.370415,255
255,-0.34639,255
255,-0.341411,255
255,-0.356581,255
255,-0.369721,255
255,-0.353258,255
255,-0.38393,255
255,-0.323869,255
255,-0.321444,255
255,-0.262679,255
255,-0.256111,255
0,-0.297098,127
0,-0.331318,127
255,-0.42704,255
255,-0.425674,255
255,-0.417457,255
255,-0.415059,255
255,-0.415387,255
255,-0.326507,255
255,-0.303461,255
0,-0.249916,127
0,-0.220142,127
0,-0.261871,127
255,-0.366911,255
255,-0.419161,255
255,-0.361959,255
255,-0.373795,255
255,-0.403334,255
255,-0.35952,255
255,-0.366858,255
255,-0.334346,255
255,-0.347767,255
255,-0.376178,255
255,-0.374156,255
255,-0.362935,255
255,-0.357332,255
255,-0.384187,255
255,-0.405442,255
255,-0.364931,255
255,-0.367794,255
255,-0.368386,255
255,-0.381387,255
255,-0.342132,255
255,-0.369159,255
255,-0.37712,255
255,-0.341664,255
255,-0.360789,255
255,-0.326503,255
255,-0.373077,255
255,-0.349286,255
255,-0.347134,255
255,-0.356347,255
255,-0.379986,255
255,-0.350341,255
255,-0.346237,255
255,-0.320796,255
255,-0.400089,255
255,-0.3399,255
255,-0.330566,255
255,-0.315698,255
255,-0.399371,255
255,-0.385171,255
255,-0.337358,255
255,-0.263532,255
255,-0.293795,255
255,-0.241663,255
0,-0.316956,127
255,-0.453555,255
255,-0.463146,255
255,-0.393229,255
255,-0.409245,255
255,-0.413747,255
255,-0.370152,255
255,-0.321458,255
255,-0.315718,255
0,-0.238273,127
0,-0.278082,127
255,-0.383503,255
255,-0.350301,255
255,-0.37786,255
255,-0.379982,255
255,-0.381041,255
255,-0.376786,255
255,-0.351157,255
255,-0.2946,255
255,-0.340771,255
255,-0.360093,255
255,-0.385205,255
255,-0.353452,255
255,-0.373566,255
255,-0.404506,255
255,-0.38872,255
255,-0.353756,255
255,-0.401904,255
255,-0.361422,255
255,-0.393239,255
255,-0.386972,255
255,-0.382696,255
255,-0.42773,255
255,-0.346206,255
255,-0.34794,255
255,-0.381814,255
255,-0.328413,255
255,-0.301437,255
255,-0.348705,255
255,-0.349505,255
255,-0.380338,255
255,-0.370797,255
255,-0.328553,255
255,-0.374285,255
255,-0.337356,255
255,-0.352006,255
255,-0.338141,255
255,-0.336206,255
255,-0.400919,255
255,-0.371622,255
255,-0.357775,255
255,-0.389899,255
255,-0.267406,255
255,-0.273671,255
255,-0.204673,255
0,-0.348864,127
255,-0.423802,255
255,-0.454931,255
255,-0.442654,255
255,-0.407075,255
255,-0.397536,255
255,-0.363548,255
255,-0.33372,255
0,-0.253363,127
0,-0.235898,127
0,-0.267197,127
255,-0.391884,255
255,-0.430523,255
255,-0.389832,255
255,-0.398149,255
255,-0.384598,255
255,-0.408805,255
255,-0.315918,255
255,-0.372926,255
255,-0.372949,255
255,-0.369174,255
255,-0.416336,255
255,-0.336904,255
255,-0.354893,255
255,-0.350961,255
255,-0.364749,255
255,-0.404231,255
255,-0.379054,255
255,-0.344254,255
255,-0.356894,255
255,-0.404169,255
255,-0.382763,255
255,-0.397121,255
255,-0.385805,255
255,-0.350082,255
255,-0.399795,255
255,-0.367838,255
255,-0.378482,255
255,-0.394815,255
255,-0.374978,255
255,-0.390314,255
255,-0.337028,255
255,-0.371532,255
255,-0.327665,255
255,-0.395556,255
255,-0.395189,255
255,-0.356705,255
255,-0.367206,255
255,-0.361307,255
255,-0.370244,255
255,-0.331542,255
255,-0.397938,255
255,-0.27709,255
255,-0.24785,255
0,-0.366814,127
0,-0.331097,127
255,-0.408925,255
255,-0.395322,255
255,-0.386583,255
255,-0.403736,255
255,-0.394401,255
255,-0.370762,255
255,-0.311672,255
0,-0.220412,127
0,-0.29028,127
0,-0.309738,127
255,-0.397181,255
255,-0.391646,255
255,-0.377703,255
255,-0.37456,255
255,-0.407717,255
255,-0.356539,255
255,-0.36869,255
255,-0.36656,255
255,-0.339406,255
255,-0.348418,255
255,-0.360721,255
255,-0.3685,255
255,-0.413329,255
255,-0.363335,255
255,-0.405808,255
255,-0.342893,255
255,-0.393671,255
255,-0.396502,255
255,-0.346494,255
255,-0.392636,255
255,-0.385377,255
255,-0.431516,255
255,-0.362344,255
255,-0.394438,255
255,-0.321412,255
255,-0.37005,255
255,-0.39219,255
255,-0.373556,255
255,-0.35167,255
255,-0.397646,255
255,-0.357772,255
255,-0.37251,255
255,-0.367875,255
255,-0.372467,255
255,-0.350314,255
255,-0.375514,255
255,-0.398648,255
255,-0.398021,255
255,-0.380428,255
255,-0.382001,255
255,-0.183773,255
255,-0.216225,255
255,-0.218517,255
0,-0.32312,127
255,-0.452283,255
255,-0.42761,255
255,-0.381616,255
255,-0.415891,255
255,-0.398001,255
255,-0.369326,255
255,-0.342011,255
255,-0.363452,255
0,-0.268251,127
0,-0.309739,127
255,-0.383868,255
255,-0.443597,255
255,-0.371013,255
255,-0.429758,255
255,-0.451972,255
255,-0.343263,255
255,-0.387205,255
255,-0.405834,255
255,-0.400963,255
255,-0.413698,255
255,-0.372259,255
255,-0.393893,255
255,-0.390075,255
255,-0.361051,255
255,-0.37153,255
255,-0.344381,255
255,-0.418657,255
255,-0.374797,255
255,-0.393798,255
255,-0.416922,255
255,-0.369799,255
255,-0.396321,255
255,-0.388156,255
255,-0.367593,255
255,-0.318949,255
255,-0.360755,255
255,-0.360528,255
255,-0.382924,255
255,-0.391404,255
255,-0.389352,255
255,-0.386802,255
255,-0.398628,255
255,-0.373823,255
255,-0.376827,255
255,-0.44998,255
255,-0.432905,255
255,-0.408346,255
255,-0.366982,255
255,-0.369532,255
255,-0.361908,255
255,-0.381081,255
255,-0.250784,255
255,-0.266574,255
255,-0.267189,255
0,-0.36608,127
255,-0.406218,255
255,-0.447756,255
255,-0.397883,255
255,-0.38324,255
255,-0.38382,255
255,-0.345345,255
255,-0.323349,255
0,-0.267147,127
0,-0.215179,127
0,-0.273434,127
255,-0.390498,255
255,-0.407898,255
255,-0.373621,255
255,-0.419904,255
255,-0.403287,255
255,-0.380691,255
255,-0.379717,255
255,-0.348825,255
255,-0.353857,255
255,-0.378644,255
255,-0.379733,255
255,-0.359548,255
255,-0.394331,255
255,-0.400894,255
255,-0.361248,255
255,-0.374003,255
255,-0.400314,255
255,-0.403634,255
255,-0.355256,255
255,-0.338635,255
255,-0.399334,255
255,-0.385213,255
255,-0.396497,255
255,-0.40202,255
255,-0.387678,255
255,-0.40014,255
255,-0.372948,255
255,-0.37646,255
255,-0.37802,255
255,-0.397566,255
255,-0.373918,255
255,-0.375884,255
255,-0.390975,255
255,-0.3816,255
255,-0.351056,255
255,-0.399427,255
255,-0.379602,255
255,-0.37122,255
255,-0.360171,255
255,-0.364694,255
255,-0.372248,255
255,-0.257821,255
255,-0.30194,255
0,-0.314569,127
0,-0.29565,127
255,-0.384543,255
255,-0.402359,255
255,-0.347729,255
255,-0.37337,255
0,-0.287541,127
0,-0.2759,127
0,-0.312676,127
0,-0.312351,127
0,-0.307592,127
0,-0.320209,127
0,-0.348632,127
0,-0.35265,127
0,-0.279375,127
0,-0.284588,127
0,-0.34353,127
0,-0.336297,127
0,-0.319008,127
0,-0.318038,127
0,-0.313255,127
0,-0.339653,127
0,-0.272828,127
0,-0.315932,127
0,-0.299808,127
0,-0.317855,127
0,-0.358449,127
0,-0.336387,127
0,-0.307726,127
0,-0.300639,127
0,-0.281431,127
0,-0.312181,127
0,-0.294459,127
0,-0.291634,127
0,-0.279811,127
0,-0.319037,127
0,-0.297957,127
0,-0.316075,127
0,-0.356582,127
0,-0.309843,127
0,-0.336839,127
0,-0.30074,127
0,-0.331186,127
0,-0.278375,127
0,-0.324153,127
0,-0.2804,127
0,-0.274697,127
0,-0.370699,127
0,-0.286582,127
0,-0.320813,127
0,-0.31472,127
0,-0.258595,127
0,-0.317217,127
0,-0.31646,127
0,-0.277474,127
0,-0.334449,127
0,-0.315227,127
0,-0.322219,127
0,-0.351786,127
0,-0.300326,127
0,-0.320859,127
0,-0.293282,127
0,-0.292177,127
0,-0.326395,127
0,-0.352248,127
0,-0.373831,127
0,-0.392536,127
0,-0.364997,127
255,-0.338035,255
255,-0.358607,255
255,-0.286666,255
0,-0.285944,127
0,-0.312092,127
0,-0.317334,127
255,-0.359896,255
255,-0.37541,255
255,-0.363735,255
255,-0.318897,255
255,-0.420633,255
255,-0.41277,255
255,-0.36151,255
255,-0.36313,255
255,-0.357838,255
255,-0.419035,255
255,-0.414002,255
255,-0.364269,255
0,-0.300551,127
255,-0.389941,255
255,-0.363858,255
255,-0.369612,255
255,-0.380711,255
0,-0.27461,127
0,-0.310508,127
0,-0.268321,127
0,-0.285421,127
0,-0.291738,127
0,-0.324481,127
0,-0.299887,127
0,-0.285457,127
0,-0.264204,127
0,-0.301462,127
0,-0.368634,127
0,-0.280557,127
0,-0.315188,127
0,-0.362402,127
0,-0.27481,127
0,-0.259514,127
0,-0.304558,127
0,-0.299919,127
0,-0.311349,127
0,-0.32472,127
0,-0.345462,127
0,-0.252689,127
0,-0.311347,127
0,-0.305289,127
0,-0.310071,127
0,-0.319501,127
0,-0.358245,127
0,-0.326359,127
0,-0.338886,127
0,-0.317305,127
0,-0.329622,127
0,-0.324037,127
0,-0.288972,127
0,-0.346548,127
0,-0.29608,127
0,-0.291627,127
0,-0.308124,127
0,-0.303625,127
0,-0.356086,127
0,-0.287254,127
0,-0.222191,127
0,-0.272803,127
0,-0.290872,127
0,-0.285451,127
0,-0.3175,127
0,-0.324343,127
0,-0.292205,127
0,-0.300069,127
0,-0.281021,127
0,-0.282547,127
0,-0.325087,127
0,-0.320571,127
0,-0.279189,127
0,-0.311646,127
0,-0.327371,127
0,-0.332141,127
0,-0.325862,127
0,-0.283074,127
0,-0.272221,127
0,-0.327623,127
0,-0.352905,127
0,-0.398515,127
255,-0.369442,255
255,-0.357074,255
255,-0.353215,255
255,-0.331936,255
0,-0.217898,127
0,-0.304776,127
255,-0.298827,255
255,-0.39718,255
255,-0.344684,255
255,-0.392346,255
255,-0.381167,255
255,-0.43707,255
255,-0.372612,255
255,-0.392448,255
255,-0.404379,255
255,-0.415893,255
255,-0.399434,255
255,-0.389355,255
0,-0.335825,127
255,-0.457803,255
255,-0.377618,255
255,-0.391761,255
255,-0.365327,255
0,-0.2689,127
0,-0.306927,127
0,-0.289688,127
0,-0.289788,127
0,-0.26811,127
0,-0.280512,127
0,-0.273147,127
0,-0.301889,127
0,-0.278263,127
0,-0.307685,127
0,-0.273832,127
0,-0.335887,127
0,-0.32707,127
0,-0.273881,127
0,-0.323206,127
0,-0.290465,127
0,-0.265525,127
0,-0.297198,127
0,-0.311251,127
0,-0.301018,127
0,-0.295214,127
0,-0.250325,127
0,-0.287902,127
0,-0.293103,127
0,-0.327368,127
0,-0.272702,127
0,-0.312126,127
0,-0.262105,127
0,-0.312298,127
0,-0.307177,127
0,-0.301694,127
0,-0.263567,127
0,-0.321459,127
0,-0.311185,127
0,-0.284681,127
0,-0.314315,127
0,-0.300404,127
0,-0.314155,127
0,-0.310246,127
0,-0.264215,127
0,-0.277174,127
0,-0.31077,127
0,-0.319315,127
0,-0.3192,127
0,-0.313818,127
0,-0.288641,127
0,-0.304152,127
0,-0.300889,127
0,-0.313464,127
0,-0.233154,127
0,-0.291544,127
0,-0.235641,127
0,-0.298228,127
0,-0.333069,127
0,-0.334887,127
0,-0.300162,127
0,-0.330863,127
0,-0.282394,127
0,-0.313896,127
0,-0.348793,127
0,-0.33581,127
0,-0.357078,127
255,-0.375139,255
255,-0.419713,255
255,-0.302042,255
0,-0.224063,127
0,-0.238675,127
0,-0.265589,127
255,-0.340887,255
255,-0.371827,255
255,-0.381431,255
255,-0.412128,255
255,-0.398426,255
255,-0.394374,255
255,-0.376052,255
255,-0.408449,255
255,-0.400582,255
255,-0.391103,255
255,-0.41499,255
255,-0.393912,255
0,-0.315821,127
0,-0.340634,127
255,-0.396674,255
255,-0.387313,255
255,-0.36287,255
255,-0.363264,255
0,-0.296065,127
0,-0.359459,127
0,-0.313592,127
0,-0.318858,127
0,-0.297331,127
0,-0.307432,127
0,-0.293806,127
0,-0.259217,127
0,-0.306501,127
0,-0.291225,127
0,-0.317335,127
0,-0.275003,127
0,-0.300162,127
0,-0.299721,127
0,-0.31484,127
0,-0.276208,127
0,-0.284438,127
0,-0.279618,127
0,-0.275798,127
0,-0.318162,127
0,-0.308827,127
0,-0.282431,127
0,-0.234859,127
0,-0.268769,127
0,-0.309908,127
0,-0.254718,127
0,-0.37908,127
0,-0.260643,127
0,-0.304553,127
0,-0.295633,127
0,-0.303246,127
0,-0.283387,127
0,-0.325443,127
0,-0.299745,127
0,-0.326218,127
0,-0.322766,127
0,-0.295605,127
0,-0.286975,127
0,-0.311457,127
0,-0.290883,127
0,-0.250834,127
0,-0.291637,127
0,-0.305419,127
0,-0.259414,127
0,-0.308307,127
0,-0.304893,127
0,-0.263981,127
0,-0.297588,127
0,-0.24648,127
0,-0.279392,127
0,-0.278336,127
0,-0.283817,127
0,-0.318805,127
0,-0.332876,127
0,-0.28164,127
0,-0.311294,127
0,-0.312246,127
0,-0.296793,127
0,-0.343678,127
0,-0.317846,127
0,-0.320411,127
0,-0.376485,127
255,-0.36939,255
255,-0.383777,255
255,-0.310985,255
0,-0.26074,127
0,-0.285932,127
0,-0.301223,127
255,-0.414679,255
255,-0.389906,255
255,-0.375274,255
255,-0.376879,255
255,-0.426101,255
255,-0.45689,255
255,-0.399518,255
255,-0.419455,255
255,-0.390251,255
255,-0.408498,255
255,-0.418107,255
255,-0.398026,255
0,-0.331621,127
255,-0.451144,255
255,-0.403843,255
255,-0.392448,255
255,-0.330734,255
0,-0.276616,127
0,-0.26264,127
0,-0.411837,127
255,-0.364123,255
255,-0.382172,255
255,-0.318365,255
255,-0.286678,255
0,-0.262389,127
0,-0.272881,127
255,-0.389892,255
255,-0.331645,255
255,-0.425248,255
255,-0.396652,255
255,-0.408145,255
255,-0.426462,255
255,-0.415957,255
255,-0.447774,255
255,-0.44617,255
255,-0.396184,255
255,-0.418704,255
255,-0.377188,255
0,-0.251107,127
255,-0.398649,255
255,-0.43351,255
255,-0.35109,255
255,-0.363198,255
0,-0.297051,127
0,-0.335457,127
255,-0.413951,255
255,-0.337521,255
255,-0.310415,255
0,-0.235314,127
0,-0.248112,127
0,-0.318428,127
255,-0.393775,255
255,-0.407595,255
255,-0.381366,255
255,-0.427551,255
255,-0.445068,255
255,-0.390563,255
255,-0.394867,255
255,-0.408755,255
255,-0.412568,255
255,-0.422661,255
255,-0.399306,255
255,-0.364693,255
0,-0.284435,127
0,-0.296402,127
255,-0.411884,255
255,-0.404255,255
255,-0.347187,255
255,-0.370266,255
0,-0.260851,127
0,-0.319762,127
0,-0.351664,127
255,-0.370371,255
255,-0.358434,255
255,-0.32634,255
0,-0.249175,127
0,-0.316099,127
0,-0.317083,127
255,-0.408028,255
255,-0.383344,255
255,-0.415923,255
255,-0.380244,255
255,-0.39312,255
255,-0.440529,255
255,-0.407679,255
255,-0.412601,255
255,-0.475131,255
255,-0.417238,255
255,-0.396683,255
255,-0.402454,255
0,-0.338632,127
255,-0.444244,255
255,-0.402516,255
255,-0.389777,255
255,-0.329559,255
0,-0.277557,127
0,-0.219517,127
0,-0.342575,127
255,-0.426066,255
255,-0.406363,255
255,-0.373536,255
255,-0.297056,255
0,-0.245681,127
0,-0.315797,127
255,-0.422296,255
255,-0.379106,255
255,-0.425554,255
255,-0.445151,255
255,-0.382955,255
255,-0.417037,255
255,-0.391012,255
255,-0.371635,255
255,-0.392274,255
255,-0.433964,255
255,-0.406386,255
255,-0.37322,255
0,-0.383506,127
255,-0.408592,255
255,-0.381751,255
255,-0.300459,255
255,-0.332263,255
0,-0.256684,127
0,-0.293437,127
255,-0.366356,255
255,-0.377347,255
255,-0.366388,255
0,-0.221244,127
0,-0.248107,127
0,-0.337376,127
255,-0.418659,255
255,-0.420662,255
255,-0.436907,255
255,-0.426572,255
0,-0.295264,127
0,-0.343826,127
255,-0.386172,255
255,-0.387789,255
255,-0.359912,255
255,-0.313509,255
0,-0.275791,127
0,-0.335907,127
0,-0.382712,127
255,-0.377663,255
255,-0.340657,255
255,-0.341562,255
0,-0.275498,127
0,-0.277055,127
0,-0.307422,127
255,-0.433277,255
255,-0.440634,255
255,-0.458798,255
255,-0.407486,255
0,-0.348518,127
255,-0.408366,255
255,-0.410944,255
255,-0.369553,255
255,-0.35984,255
0,-0.307672,127
0,-0.291867,127
0,-0.366253,127
255,-0.456869,255
255,-0.354168,255
255,-0.348187,255
255,-0.297015,255
0,-0.261602,127
0,-0.288596,127
255,-0.402607,255
255,-0.392339,255
255,-0.452873,255
255,-0.413623,255
0,-0.290194,127
255,-0.40006,255
255,-0.370118,255
255,-0.355614,255
255,-0.336014,255
0,-0.23852,127
0,-0.287609,127
255,-0.381475,255
255,-0.363372,255
255,-0.358437,255
0,-0.271252,127
0,-0.287383,127
0,-0.34665,127
255,-0.377529,255
255,-0.424993,255
255,-0.430694,255
255,-0.386286,255
0,-0.346509,127
0,-0.351284,127
255,-0.380729,255
255,-0.38078,255
255,-0.336025,255
255,-0.311819,255
0,-0.25357,127
0,-0.323981,127
0,-0.331367,127
255,-0.3514,255
255,-0.391583,255
255,-0.308047,255
0,-0.246581,127
0,-0.273115,127
0,-0.341072,127
255,-0.446247,255
255,-0.39964,255
255,-0.402869,255
255,-0.384872,255
0,-0.294878,127
0,-0.31245,127
0,-0.297748,127
0,-0.344006,127
0,-0.340487,127
0,-0.36082,127
0,-0.319055,127
0,-0.345977,127
0,-0.290897,127
0,-0.351923,127
0,-0.32122,127
0,-0.333441,127
0,-0.267428,127
0,-0.30096,127
0,-0.277929,127
0,-0.28663,127
0,-0.34176,127
0,-0.324321,127
0,-0.298931,127
0,-0.342766,127
0,-0.337375,127
0,-0.330756,127
0,-0.341975,127
0,-0.295566,127
0,-0.31656,127
0,-0.307622,127
0,-0.283136,127
0,-0.345661,127
0,-0.339315,127
0,-0.341569,127
0,-0.323851,127
0,-0.27359,127
0,-0.233584,127
0,-0.232152,127
0,-0.251656,127
0,-0.360422,127
255,-0.41661,255
255,-0.408602,255
255,-0.381414,255
255,-0.343038,255
0,-0.255994,127
0,-0.235352,127
0,-0.308218,127
255,-0.364895,255
255,-0.365719,255
255,-0.368041,255
255,-0.285693,255
0,-0.236231,127
0,-0.373208,127
255,-0.400535,255
255,-0.434164,255
255,-0.368328,255
255,-0.393908,255
0,-0.303776,127
0,-0.353666,127
0,-0.272339,127
0,-0.231704,127
0,-0.311973,127
0,-0.304481,127
0,-0.337287,127
0,-0.301782,127
0,-0.267054,127
0,-0.324676,127
0,-0.288985,127
0,-0.288357,127
0,-0.369886,127
0,-0.332253,127
0,-0.312701,127
0,-0.356113,127
0,-0.301513,127
0,-0.301815,127
0,-0.296605,127
0,-0.295229,127
0,-0.344059,127
0,-0.327813,127
0,-0.27766,127
0,-0.339932,127
0,-0.326286,127
0,-0.269973,127
0,-0.295175,127
0,-0.295831,127
0,-0.279376,127
0,-0.327799,127
0,-0.320763,127
0,-0.329493,127
0,-0.294186,127
0,-0.263706,127
0,-0.262863,127
0,-0.252188,127
0,-0.389169,127
255,-0.395386,255
255,-0.355384,255
255,-0.347433,255
255,-0.343517,255
0,-0.251593,127
0,-0.281471,127
0,-0.284602,127
0,-0.239665,127
0,-0.244528,127
0,-0.245906,127
0,-0.272757,127
0,-0.248176,127
0,-0.260851,127
0,-0.239165,127
0,-0.24523,127
0,-0.252043,127
0,-0.295061,127
0,-0.20393,127
0,-0.22551,127
0,-0.239167,127
0,-0.354751,127
255,-0.365157,255
255,-0.363252,255
255,-0.340611,255
0,-0.258169,127
0,-0.245109,127
0,-0.286486,127
255,-0.428982,255
255,-0.46336,255
255,-0.420441,255
255,-0.38635,255
0,-0.315085,127
0,-0.273464,127
0,-0.292532,127
0,-0.312313,127
0,-0.265696,127
0,-0.325933,127
0,-0.313506,127
0,-0.305584,127
0,-0.294095,127
0,-0.30067,127
0,-0.314659,127
0,-0.313827,127
0,-0.286834,127
0,-0.297013,127
0,-0.322778,127
0,-0.31141,127
0,-0.252376,127
0,-0.286172,127
0,-0.313709,127
0,-0.332595,127
0,-0.288829,127
0,-0.300298,127
0,-0.316167,127
0,-0.304896,127
0,-0.297076,127
0,-0.294755,127
0,-0.31365,127
0,-0.27019,127
0,-0.328741,127
0,-0.319689,127
0,-0.263595,127
0,-0.277662,127
0,-0.319684,127
0,-0.244777,127
0,-0.265038,127
0,-0.2909,127
0,-0.326273,127
255,-0.427426,255
255,-0.40858,255
255,-0.339941,255
255,-0.347329,255
0,-0.243518,127
0,-0.243988,127
0,-0.236255,127
0,-0.23982,127
0,-0.253592,127
0,-0.295362,127
0,-0.274985,127
0,-0.246481,127
0,-0.210556,127
0,-0.272695,127
0,-0.274135,127
0,-0.252716,127
0,-0.243446,127
0,-0.298075,127
0,-0.262457,127
0,-0.302202,127
0,-0.327446,127
255,-0.35837,255
255,-0.383708,255
255,-0.309208,255
0,-0.294471,127
0,-0.325609,127
0,-0.301711,127
255,-0.440703,255
255,-0.425038,255
255,-0.388924,255
255,-0.407493,255
0,-0.310419,127
0,-0.28546,127
0,-0.275829,127
0,-0.25715,127
0,-0.303938,127
0,-0.294959,127
0,-0.296091,127
0,-0.330608,127
0,-0.311814,127
0,-0.289426,127
0,-0.31011,127
0,-0.260021,127
0,-0.27483,127
0,-0.294163,127
0,-0.302221,127
0,-0.309642,127
0,-0.272744,127
0,-0.254745,127
0,-0.272576,127
0,-0.289229,127
0,-0.342765,127
0,-0.303022,127
0,-0.306554,127
0,-0.273044,127
0,-0.263188,127
0,-0.311934,127
0,-0.305761,127
0,-0.327921,127
0,-0.291425,127
0,-0.282681,127
0,-0.286187,127
0,-0.290907,127
0,-0.270679,127
0,-0.236465,127
0,-0.26031,127
0,-0.327605,127
255,-0.416538,255
255,-0.424362,255
255,-0.366397,255
255,-0.321495,255
0,-0.269816,127
0,-0.255032,127
0,-0.247147,127
0,-0.274585,127
0,-0.255653,127
0,-0.242706,127
0,-0.244947,127
0,-0.193984,127
0,-0.229926,127
0,-0.253053,127
0,-0.203177,127
0,-0.242043,127
0,-0.254082,127
0,-0.22213,127
0,-0.293232,127
0,-0.26074,127
0,-0.225463,127
0,-0.373658,127
255,-0.377931,255
255,-0.370718,255
255,-0.391635,255
255,-0.363978,255
0,-0.281143,127
0,-0.302825,127
255,-0.458798,255
255,-0.407077,255
255,-0.355681,255
255,-0.3877,255
0,-0.313283,127
0,-0.277268,127
0,-0.318636,127
255,-0.38493,255
255,-0.351687,255
255,-0.361774,255
255,-0.294954,255
0,-0.258155,127
0,-0.300436,127
0,-0.310582,127
0,-0.252647,127
0,-0.247363,127
0,-0.266954,127
0,-0.272035,127
0,-0.283348,127
0,-0.234373,127
0,-0.25136,127
0,-0.244786,127
0,-0.252635,127
0,-0.22122,127
0,-0.283027,127
0,-0.2917,127
0,-0.284336,127
0,-0.339544,127
255,-0.362916,255
255,-0.370928,255
255,-0.341998,255
0,-0.250288,127
0,-0.279719,127
0,-0.374824,127
255,-0.431437,255
255,-0.38304,255
255,-0.416244,255
255,-0.379799,255
0,-0.305188,127
0,-0.336568,127
0,-0.361939,127
255,-0.398486,255
255,-0.340364,255
255,-0.361181,255
255,-0.343671,255
0,-0.248648,127
0,-0.238129,127
0,-0.255239,127
0,-0.336663,127
0,-0.312566,127
255,-0.421479,255
255,-0.324202,255
255,-0.340051,255
0,-0.236408,127
0,-0.316464,127
0,-0.289701,127
255,-0.406755,255
255,-0.399333,255
255,-0.381372,255
255,-0.395736,255
0,-0.268232,127
0,-0.344936,127
255,-0.371785,255
255,-0.392792,255
255,-0.370665,255
255,-0.366998,255
0,-0.25248,127
0,-0.234203,127
0,-0.275139,127
0,-0.284394,127
0,-0.267291,127
0,-0.364776,127
255,-0.350627,255
255,-0.393803,255
255,-0.356562,255
255,-0.313034,255
0,-0.218585,127
0,-0.316892,127
255,-0.380297,255
255,-0.437217,255
255,-0.405818,255
255,-0.389373,255
0,-0.304348,127
0,-0.288637,127
0,-0.335403,127
255,-0.360788,255
255,-0.385985,255
255,-0.34181,255
255,-0.33137,255
0,-0.266914,127
0,-0.250943,127
0,-0.196057,127
0,-0.224001,127
0,-0.353983,127
255,-0.40387,255
255,-0.373951,255
255,-0.352167,255
0,-0.241084,127
0,-0.249542,127
0,-0.320547,127
255,-0.420581,255
255,-0.371095,255
255,-0.35689,255
255,-0.383636,255
0,-0.360891,127
0,-0.309596,127
0,-0.295118,127
0,-0.235958,127
0,-0.275856,127
0,-0.244202,127
0,-0.285488,127
0,-0.272854,127
0,-0.257373,127
0,-0.249096,127
0,-0.33247,127
255,-0.388638,255
255,-0.371492,255
255,-0.387151,255
255,-0.315698,255
0,-0.274043,127
0,-0.282033,127
0,-0.260638,127
0,-0.34246,127
0,-0.307447,127
255,-0.419278,255
255,-0.352037,255
255,-0.318983,255
0,-0.255341,127
0,-0.27522,127
0,-0.378035,127
255,-0.426457,255
255,-0.376279,255
255,-0.378196,255
255,-0.326238,255
0,-0.287956,127
0,-0.317734,127
0,-0.296791,127
0,-0.264329,127
0,-0.259649,127
0,-0.267332,127
0,-0.278531,127
0,-0.255267,127
0,-0.293367,127
0,-0.339478,127
255,-0.429217,255
255,-0.396,255
255,-0.39717,255
255,-0.332049,255
0,-0.252909,127
0,-0.252135,127
0,-0.294848,127
0,-0.274513,127
0,-0.26093,127
0,-0.3268,127
255,-0.411047,255
255,-0.370286,255
255,-0.359166,255
255,-0.306596,255
0,-0.229077,127
0,-0.292321,127
255,-0.409105,255
255,-0.419016,255
255,-0.371073,255
255,-0.418695,255
0,-0.297559,127
0,-0.300131,127
0,-0.323333,127
0,-0.252018,127
0,-0.290497,127
0,-0.271898,127
0,-0.283686,127
0,-0.258608,127
0,-0.224895,127
0,-0.23137,127
0,-0.372291,127
255,-0.370311,255
255,-0.366694,255
255,-0.352697,255
255,-0.348447,255
0,-0.297437,127
0,-0.274925,127
0,-0.234373,127
0,-0.249553,127
0,-0.365136,127
255,-0.398698,255
255,-0.372748,255
255,-0.370651,255
0,-0.246995,127
0,-0.242206,127
0,-0.342598,127
255,-0.452227,255
255,-0.39518,255
255,-0.320244,255
255,-0.306918,255
0,-0.319906,127
0,-0.296456,127
0,-0.288398,127
0,-0.265532,127
0,-0.225414,127
0,-0.239707,127
0,-0.240027,127
0,-0.278779,127
0,-0.294682,127
0,-0.296218,127
0,-0.322813,127
255,-0.375684,255
255,-0.346042,255
255,-0.361636,255
255,-0.275895,255
0,-0.225858,127
0,-0.225351,127
0,-0.252595,127
0,-0.30996,127
0,-0.318513,127
255,-0.426708,255
255,-0.337801,255
255,-0.347423,255
0,-0.210833,127
0,-0.282518,127
0,-0.317741,127
255,-0.421836,255
255,-0.376727,255
255,-0.393925,255
255,-0.393968,255
0,-0.263633,127
0,-0.251453,127
0,-0.259005,127
0,-0.279357,127
0,-0.24193,127
0,-0.23878,127
0,-0.284654,127
0,-0.259151,127
0,-0.273927,127
0,-0.256837,127
0,-0.252955,127
0,-0.232778,127
0,-0.283852,127
0,-0.289243,127
0,-0.273825,127
0,-0.241148,127
0,-0.333315,127
255,-0.41013,255
255,-0.391782,255
255,-0.370824,255
255,-0.332432,255
0,-0.268214,127
0,-0.26228,127
0,-0.288908,127
0,-0.277441,127
0,-0.239145,127
0,-0.326715,127
255,-0.414322,255
255,-0.375124,255
255,-0.348635,255
255,-0.330879,255
0,-0.233804,127
0,-0.313353,127
255,-0.459224,255
255,-0.402866,255
255,-0.404317,255
255,-0.372119,255
0,-0.289895,127
0,-0.257908,127
0,-0.243583,127
0,-0.231976,127
0,-0.261287,127
0,-0.26666,127
0,-0.265314,127
0,-0.240558,127
0,-0.26919,127
0,-0.261466,127
0,-0.203615,127
0,-0.30353,127
0,-0.272255,127
0,-0.256379,127
0,-0.29689,127
0,-0.280517,127
0,-0.330318,127
255,-0.414339,255
255,-0.402871,255
255,-0.337295,255
255,-0.347413,255
0,-0.241765,127
0,-0.230138,127
0,-0.258137,127
0,-0.243438,127
0,-0.280567,127
0,-0.252828,127
0,-0.252418,127
0,-0.247306,127
0,-0.277182,127
0,-0.243444,127
0,-0.283003,127
0,-0.255073,127
0,-0.22816,127
0,-0.272986,127
0,-0.244951,127
0,-0.258308,127
0,-0.303739,127
0,-0.263588,127
0,-0.286538,127
0,-0.330878,127
255,-0.413642,255
255,-0.399413,255
255,-0.309762,255
0,-0.300866,127
0,-0.211006,127
0,-0.34023,127
255,-0.388045,255
255,-0.346968,255
255,-0.354832,255
255,-0.345848,255
0,-0.277966,127
0,-0.230145,127
0,-0.268406,127
0,-0.261938,127
0,-0.243572,127
0,-0.179287,127
0,-0.252101,127
0,-0.246095,127
0,-0.255693,127
0,-0.2533,127
0,-0.232855,127
0,-0.287343,127
0,-0.292176,127
0,-0.207161,127
0,-0.2612,127
0,-0.274962,127
0,-0.296538,127
0,-0.340256,127
255,-0.374363,255
255,-0.374992,255
255,-0.355609,255
255,-0.325358,255
0,-0.255622,127
0,-0.18889,127
0,-0.190435,127
0,-0.254996,127
0,-0.274509,127
0,-0.255605,127
0,-0.221346,127
0,-0.277849,127
0,-0.276784,127
0,-0.243316,127
0,-0.263522,127
0,-0.237276,127
0,-0.234335,127
0,-0.25388,127
0,-0.245601,127
0,-0.24065,127
0,-0.267047,127
0,-0.201452,127
0,-0.274392,127
0,-0.308136,127
255,-0.439949,255
255,-0.349598,255
255,-0.317179,255
0,-0.227845,127
0,-0.324036,127
0,-0.334145,127
255,-0.439529,255
255,-0.38848,255
255,-0.367077,255
255,-0.344262,255
0,-0.301866,127
0,-0.274485,127
0,-0.254797,127
0,-0.253554,127
0,-0.263872,127
0,-0.273567,127
0,-0.258579,127
0,-0.300633,127
0,-0.282121,127
0,-0.215475,127
0,-0.253214,127
0,-0.242011,127
0,-0.298989,127
0,-0.255882,127
0,-0.278951,127
0,-0.263936,127
0,-0.285797,127
255,-0.388704,255
255,-0.401552,255
255,-0.37438,255
255,-0.32125,255
0,-0.25677,127
0,-0.219759,127
0,-0.25889,127
0,-0.255844,127
0,-0.275625,127
0,-0.237109,127
0,-0.234696,127
0,-0.278269,127
0,-0.227199,127
0,-0.298343,127
0,-0.258839,127
0,-0.232096,127
0,-0.220072,127
0,-0.237706,127
0,-0.251001,127
0,-0.273793,127
0,-0.264493,127
0,-0.247374,127
0,-0.246471,127
0,-0.305376,127
255,-0.37408,255
255,-0.366965,255
255,-0.360204,255
255,-0.305731,255
0,-0.257478,127
0,-0.346133,127
255,-0.383908,255
255,-0.308202,255
255,-0.378302,255
255,-0.34755,255
0,-0.239874,127
0,-0.264508,127
0,-0.232909,127
0,-0.288947,127
0,-0.292348,127
255,-0.396916,255
255,-0.407365,255
255,-0.377925,255
255,-0.297864,255
0,-0.253303,127
0,-0.299427,127
0,-0.274259,127
0,-0.256993,127
0,-0.277814,127
0,-0.290288,127
0,-0.259936,127
0,-0.225113,127
0,-0.24792,127
0,-0.259186,127
0,-0.196908,127
0,-0.269628,127
0,-0.214613,127
0,-0.267097,127
0,-0.248466,127
0,-0.270377,127
0,-0.280881,127
0,-0.208571,127
0,-0.230084,127
0,-0.365929,127
255,-0.442867,255
255,-0.384696,255
255,-0.341935,255
0,-0.250928,127
0,-0.267127,127
0,-0.334909,127
255,-0.383662,255
255,-0.411563,255
255,-0.384143,255
255,-0.325686,255
0,-0.279863,127
0,-0.223473,127
0,-0.204261,127
0,-0.237698,127
0,-0.326942,127
0,-0.342802,127
255,-0.440453,255
255,-0.354811,255
255,-0.320121,255
255,-0.34218,255
0,-0.285986,127
0,-0.260069,127
0,-0.262128,127
0,-0.257244,127
0,-0.336113,127
255,-0.360677,255
255,-0.330005,255
255,-0.30184,255
255,-0.306489,255
0,-0.271277,127
0,-0.336564,127
0,-0.368967,127
255,-0.389209,255
255,-0.320934,255
255,-0.315846,255
0,-0.233036,127
0,-0.359943,127
0,-0.320069,127
255,-0.416138,255
255,-0.390591,255
255,-0.323536,255
255,-0.344587,255
0,-0.264347,127
0,-0.260633,127
0,-0.23737,127
0,-0.240914,127
0,-0.352776,127
255,-0.400824,255
255,-0.397282,255
255,-0.382053,255
255,-0.339293,255
0,-0.272849,127
0,-0.300061,127
0,-0.211301,127
0,-0.276471,127
0,-0.321232,127
0,-0.301538,127
255,-0.330574,255
255,-0.316584,255
255,-0.306506,255
255,-0.278314,255
0,-0.27376,127
0,-0.268378,127
255,-0.364502,255
255,-0.394552,255
255,-0.345451,255
255,-0.377064,255
0,-0.24235,127
0,-0.303669,127
255,-0.405676,255
255,-0.376941,255
255,-0.383453,255
255,-0.308659,255
0,-0.245195,127
0,-0.221078,127
0,-0.20684,127
0,-0.284171,127
0,-0.347535,127
255,-0.400118,255
255,-0.42074,255
255,-0.350001,255
255,-0.339201,255
0,-0.246973,127
0,-0.282399,127
0,-0.225649,127
0,-0.253045,127
0,-0.315333,127
255,-0.359612,255
255,-0.330604,255
255,-0.309133,255
255,-0.330707,255
0,-0.260851,127
0,-0.232136,127
0,-0.315377,127
255,-0.420238,255
255,-0.377403,255
255,-0.311249,255
0,-0.260421,127
0,-0.320485,127
0,-0.327575,127
255,-0.407263,255
255,-0.415129,255
255,-0.386814,255
255,-0.371898,255
0,-0.283908,127
0,-0.255948,127
0,-0.288012,127
0,-0.263907,127
0,-0.270924,127
0,-0.285373,127
0,-0.247149,127
0,-0.276227,127
0,-0.240531,127
0,-0.273528,127
0,-0.268219,127
0,-0.26353,127
0,-0.284761,127
0,-0.2868,127
255,-0.397721,255
255,-0.383963,255
255,-0.42074,255
255,-0.349572,255
0,-0.258195,127
0,-0.203505,127
0,-0.250756,127
0,-0.28284,127
0,-0.328191,127
255,-0.357251,255
255,-0.298147,255
255,-0.329868,255
255,-0.300045,255
0,-0.264898,127
0,-0.297671,127
0,-0.296053,127
255,-0.433352,255
255,-0.388682,255
255,-0.366567,255
0,-0.225637,127
0,-0.284254,127
0,-0.350103,127
255,-0.342849,255
255,-0.390148,255
255,-0.366443,255
255,-0.366613,255
0,-0.255351,127
0,-0.257667,127
0,-0.233986,127
0,-0.257131,127
0,-0.263121,127
0,-0.244533,127
0,-0.312702,127
0,-0.275247,127
0,-0.283144,127
0,-0.301117,127
0,-0.227303,127
0,-0.273872,127
0,-0.331029,127
255,-0.409157,255
255,-0.367467,255
255,-0.35885,255
255,-0.346718,255
0,-0.236773,127
0,-0.250457,127
0,-0.214343,127
0,-0.221278,127
0,-0.314451,127
0,-0.317888,127
255,-0.346439,255
255,-0.33419,255
255,-0.352738,255
255,-0.309491,255
0,-0.277132,127
0,-0.276393,127
255,-0.420705,255
255,-0.36263,255
255,-0.366882,255
255,-0.352877,255
0,-0.277932,127
0,-0.313716,127
255,-0.427875,255
255,-0.341902,255
255,-0.344339,255
255,-0.291011,255
0,-0.240582,127
0,-0.244378,127
0,-0.243628,127
0,-0.217768,127
0,-0.267644,127
0,-0.231494,127
0,-0.232567,127
0,-0.27759,127
0,-0.259067,127
0,-0.257436,127
0,-0.281175,127
0,-0.262545,127
0,-0.331453,127
255,-0.379027,255
255,-0.371741,255
255,-0.35123,255
255,-0.303886,255
0,-0.246037,127
0,-0.241796,127
0,-0.244347,127
0,-0.253433,127
0,-0.296509,127
255,-0.369223,255
255,-0.358052,255
255,-0.370026,255
255,-0.299558,255
0,-0.247533,127
0,-0.244162,127
0,-0.352992,127
255,-0.407623,255
255,-0.353317,255
255,-0.350104,255
0,-0.227139,127
0,-0.27439,127
0,-0.306566,127
255,-0.403495,255
255,-0.35579,255
255,-0.360533,255
255,-0.317874,255
0,-0.255415,127
0,-0.277415,127
0,-0.240335,127
0,-0.256348,127
0,-0.247096,127
0,-0.260208,127
0,-0.258165,127
0,-0.283346,127
0,-0.269581,127
0,-0.319293,127
0,-0.285588,127
0,-0.274001,127
0,-0.315662,127
0,-0.288144,127
0,-0.301046,127
0,-0.311414,127
255,-0.448616,255
255,-0.375072,255
255,-0.359303,255
255,-0.288022,255
0,-0.213963,127
0,-0.259386,127
0,-0.285314,127
0,-0.239968,127
0,-0.305475,127
255,-0.420558,255
255,-0.354032,255
255,-0.325625,255
255,-0.313389,255
0,-0.226861,127
0,-0.303251,127
0,-0.344667,127
255,-0.409127,255
255,-0.369782,255
255,-0.340046,255
0,-0.26328,127
0,-0.324802,127
0,-0.30554,127
255,-0.402374,255
255,-0.398817,255
255,-0.357647,255
255,-0.31981,255
0,-0.268839,127
0,-0.191192,127
0,-0.25765,127
0,-0.289947,127
0,-0.299807,127
0,-0.342348,127
0,-0.318444,127
255,-0.423698,255
255,-0.404137,255
255,-0.355313,255
255,-0.295401,255
0,-0.243394,127
0,-0.247961,127
0,-0.205522,127
0,-0.268161,127
0,-0.302492,127
0,-0.351747,127
255,-0.342629,255
255,-0.403347,255
255,-0.301079,255
255,-0.283164,255
0,-0.268692,127
0,-0.337347,127
255,-0.4124,255
255,-0.399588,255
255,-0.372702,255
255,-0.337044,255
0,-0.239067,127
0,-0.310567,127
255,-0.415532,255
255,-0.388954,255
255,-0.377471,255
255,-0.304526,255
0,-0.258159,127
0,-0.204916,127
0,-0.208564,127
0,-0.257157,127
0,-0.273793,127
0,-0.266563,127
0,-0.317206,127
255,-0.435217,255
255,-0.387402,255
255,-0.355411,255
255,-0.320971,255
0,-0.260902,127
0,-0.2774,127
0,-0.259331,127
0,-0.183775,127
0,-0.326459,127
255,-0.360521,255
255,-0.346319,255
255,-0.363052,255
255,-0.343502,255
0,-0.272071,127
0,-0.240465,127
0,-0.287892,127
255,-0.35743,255
255,-0.342743,255
255,-0.353939,255
0,-0.246124,127
0,-0.280555,127
0,-0.302872,127
255,-0.363615,255
255,-0.394113,255
255,-0.393671,255
255,-0.347525,255
0,-0.304427,127
0,-0.242649,127
0,-0.247453,127
0,-0.243583,127
0,-0.2575,127
0,-0.289181,127
0,-0.308626,127
0,-0.327759,127
255,-0.407135,255
255,-0.356686,255
255,-0.302226,255
255,-0.318276,255
0,-0.284908,127
0,-0.248086,127
0,-0.234625,127
0,-0.220307,127
0,-0.307297,127
255,-0.377583,255
255,-0.394069,255
255,-0.342325,255
255,-0.345081,255
0,-0.224663,127
0,-0.338875,127
0,-0.338986,127
255,-0.375362,255
255,-0.389251,255
255,-0.354298,255
0,-0.199659,127
0,-0.344165,127
0,-0.327249,127
255,-0.394779,255
255,-0.342474,255
255,-0.315316,255
255,-0.321442,255
0,-0.214788,127
0,-0.244963,127
0,-0.251468,127
0,-0.277669,127
0,-0.268506,127
255,-0.41876,255
255,-0.37666,255
255,-0.404791,255
255,-0.348707,255
0,-0.277247,127
0,-0.264975,127
0,-0.272235,127
0,-0.277752,127
0,-0.310999,127
0,-0.323024,127
255,-0.398944,255
255,-0.346055,255
255,-0.27155,255
255,-0.340767,255
0,-0.252577,127
0,-0.335591,127
255,-0.422183,255
255,-0.376648,255
255,-0.372028,255
255,-0.332335,255
0,-0.269209,127
0,-0.304718,127
255,-0.440036,255
255,-0.424448,255
255,-0.400229,255
255,-0.328923,255
0,-0.223813,127
0,-0.272329,127
0,-0.247896,127
255,-0.343784,255
255,-0.317036,255
255,-0.257582,255
255,-0.298769,255
0,-0.236692,127
0,-0.220509,127
255,-0.349317,255
255,-0.378066,255
255,-0.393056,255
255,-0.340937,255
0,-0.2491,127
0,-0.296885,127
0,-0.309171,127
0,-0.298718,127
0,-0.312101,127
255,-0.401952,255
255,-0.366327,255
255,-0.401735,255
255,-0.342231,255
0,-0.264308,127
0,-0.24629,127
0,-0.306538,127
255,-0.390329,255
255,-0.37481,255
255,-0.361894,255
0,-0.250131,127
0,-0.249934,127
0,-0.305419,127
255,-0.423405,255
255,-0.375815,255
255,-0.314173,255
255,-0.299126,255
0,-0.254621,127
0,-0.250009,127
0,-0.256874,127
255,-0.334289,255
255,-0.307035,255
255,-0.317801,255
255,-0.324207,255
0,-0.28738,127
0,-0.240484,127
0,-0.289731,127
255,-0.380446,255
255,-0.381194,255
255,-0.312321,255
255,-0.268831,255
0,-0.239271,127
0,-0.293206,127
255,-0.351858,255
255,-0.293539,255
255,-0.343305,255
255,-0.296236,255
0,-0.234623,127
0,-0.207185,127
0,-0.36189,127
255,-0.396039,255
255,-0.345066,255
255,-0.360256,255
255,-0.343026,255
0,-0.240908,127
0,-0.298809,127
0,-0.305076,127
255,-0.378354,255
255,-0.348592,255
255,-0.317227,255
0,-0.2897,127
0,-0.303581,127
0,-0.312252,127
255,-0.426623,255
255,-0.423403,255
255,-0.334093,255
255,-0.359089,255
0,-0.268505,127
0,-0.270861,127
255,-0.309078,255
255,-0.342734,255
255,-0.295609,255
255,-0.270022,255
0,-0.251893,127
0,-0.267162,127
0,-0.29407,127
255,-0.392171,255
255,-0.410354,255
255,-0.34818,255
255,-0.33286,255
0,-0.22272,127
0,-0.271636,127
0,-0.31066,127
255,-0.330577,255
255,-0.344992,255
255,-0.307331,255
255,-0.298257,255
0,-0.237926,127
0,-0.28958,127
0,-0.342526,127
255,-0.37702,255
255,-0.384588,255
255,-0.330433,255
255,-0.347764,255
0,-0.25191,127
0,-0.342653,127
255,-0.384338,255
255,-0.366961,255
255,-0.362535,255
255,-0.300196,255
0,-0.267115,127
0,-0.308727,127
255,-0.394041,255
255,-0.399748,255
255,-0.344921,255
255,-0.305019,255
0,-0.298824,127
0,-0.258854,127
0,-0.29163,127
255,-0.311545,255
255,-0.309351,255
255,-0.309839,255
255,-0.314898,255
0,-0.260879,127
0,-0.255789,127
255,-0.396833,255
255,-0.425579,255
255,-0.297987,255
255,-0.311808,255
0,-0.246454,127
0,-0.290074,127
0,-0.288602,127
255,-0.333174,255
255,-0.290522,255
255,-0.318134,255
255,-0.312813,255
0,-0.27188,127
0,-0.284007,127
255,-0.391862,255
255,-0.386835,255
255,-0.348932,255
255,-0.359242,255
0,-0.238761,127
0,-0.212006,127
0,-0.303736,127
255,-0.399545,255
255,-0.354065,255
255,-0.347158,255
0,-0.256541,127
0,-0.239572,127
0,-0.357379,127
255,-0.379311,255
255,-0.323694,255
255,-0.340461,255
255,-0.352098,255
0,-0.23374,127
0,-0.286227,127
0,-0.303863,127
255,-0.356049,255
255,-0.286215,255
255,-0.335796,255
255,-0.284747,255
0,-0.286648,127
0,-0.286939,127
0,-0.270945,127
255,-0.423285,255
255,-0.3636,255
255,-0.382365,255
255,-0.27222,255
0,-0.244643,127
0,-0.291123,127
255,-0.352454,255
255,-0.385668,255
255,-0.237653,255
255,-0.287559,255
0,-0.259914,127
0,-0.230707,127
0,-0.356098,127
255,-0.359203,255
255,-0.3989,255
255,-0.351141,255
255,-0.316943,255
0,-0.294221,127
0,-0.344676,127
0,-0.312864,127
255,-0.382433,255
255,-0.348545,255
255,-0.346795,255
0,-0.242195,127
0,-0.329988,127
0,-0.360319,127
255,-0.408447,255
255,-0.348354,255
255,-0.348501,255
255,-0.338632,255
0,-0.24039,127
0,-0.303887,127
255,-0.377675,255
255,-0.361033,255
255,-0.350017,255
255,-0.320376,255
0,-0.280718,127
0,-0.180878,127
0,-0.280363,127
255,-0.37882,255
255,-0.397147,255
255,-0.370414,255
255,-0.346078,255
0,-0.247667,127
0,-0.225753,127
0,-0.290157,127
255,-0.370474,255
255,-0.342538,255
255,-0.381784,255
255,-0.309819,255
0,-0.247976,127
0,-0.309018,127
0,-0.333204,127
255,-0.388261,255
255,-0.354289,255
255,-0.331865,255
255,-0.325981,255
0,-0.296014,127
0,-0.313633,127
255,-0.387603,255
255,-0.354991,255
255,-0.360803,255
255,-0.344269,255
0,-0.268405,127
0,-0.329773,127
255,-0.446653,255
255,-0.388546,255
255,-0.382645,255
255,-0.331008,255
0,-0.274155,127
0,-0.249765,127
0,-0.285386,127
255,-0.354772,255
255,-0.334,255
255,-0.345945,255
255,-0.307398,255
0,-0.26482,127
0,-0.272172,127
255,-0.376638,255
255,-0.358758,255
255,-0.313869,255
255,-0.363636,255
0,-0.248779,127
0,-0.280083,127
0,-0.313346,127
255,-0.365693,255
255,-0.346834,255
255,-0.354963,255
255,-0.296325,255
0,-0.203255,127
0,-0.333103,127
255,-0.372372,255
255,-0.3784,255
255,-0.37244,255
255,-0.361695,255
0,-0.300019,127
0,-0.28956,127
0,-0.360273,127
255,-0.351727,255
255,-0.344083,255
255,-0.32917,255
0,-0.210575,127
0,-0.255013,127
0,-0.305797,127
255,-0.412832,255
255,-0.354629,255
255,-0.330824,255
255,-0.313476,255
0,-0.247066,127
0,-0.315696,127
0,-0.262148,127
255,-0.390569,255
255,-0.361898,255
255,-0.351379,255
255,-0.387777,255
0,-0.271523,127
0,-0.24211,127
0,-0.297931,127
255,-0.386107,255
255,-0.401628,255
255,-0.372066,255
255,-0.304839,255
0,-0.256545,127
0,-0.341695,127
255,-0.379941,255
255,-0.348115,255
255,-0.368636,255
255,-0.321646,255
0,-0.271221,127
0,-0.23373,127
0,-0.334196,127
255,-0.427885,255
255,-0.380834,255
255,-0.386288,255
255,-0.287122,255
0,-0.24174,127
0,-0.313148,127
0,-0.345881,127
255,-0.39223,255
255,-0.34224,255
255,-0.295022,255
0,-0.258404,127
0,-0.292926,127
0,-0.310134,127
255,-0.373042,255
255,-0.356871,255
255,-0.366228,255
255,-0.324681,255
0,-0.247899,127
0,-0.298266,127
255,-0.335166,255
255,-0.355911,255
255,-0.400276,255
255,-0.333828,255
255,-0.43099,255
255,-0.346303,255
255,-0.39476,255
255,-0.38892,255
255,-0.379129,255
255,-0.38023,255
255,-0.350685,255
255,-0.357333,255
0,-0.290143,127
0,-0.240131,127
0,-0.27445,127
255,-0.385445,255
255,-0.424359,255
255,-0.403457,255
255,-0.348594,255
0,-0.250683,127
0,-0.249995,127
0,-0.281647,127
255,-0.352009,255
255,-0.334966,255
255,-0.312545,255
255,-0.315751,255
0,-0.225177,127
0,-0.326494,127
0,-0.352166,127
255,-0.439211,255
255,-0.358856,255
255,-0.334281,255
255,-0.317309,255
0,-0.252601,127
0,-0.318855,127
255,-0.415616,255
255,-0.388729,255
255,-0.325165,255
255,-0.300507,255
0,-0.271919,127
0,-0.32358,127
255,-0.370816,255
255,-0.443539,255
255,-0.38803,255
255,-0.340883,255
0,-0.239911,127
0,-0.271329,127
0,-0.251985,127
255,-0.337851,255
255,-0.422294,255
255,-0.394553,255
255,-0.404989,255
255,-0.381813,255
255,-0.382479,255
255,-0.42873,255
255,-0.379344,255
255,-0.382257,255
255,-0.37679,255
255,-0.401717,255
255,-0.314798,255
0,-0.182197,127
0,-0.325936,127
255,-0.403824,255
255,-0.376223,255
255,-0.387585,255
255,-0.271733,255
0,-0.239238,127
0,-0.321191,127
0,-0.30516,127
255,-0.433281,255
255,-0.350318,255
255,-0.302534,255
255,-0.286258,255
0,-0.230673,127
0,-0.34279,127
255,-0.377749,255
255,-0.438117,255
255,-0.396407,255
255,-0.385615,255
0,-0.243316,127
0,-0.267777,127
0,-0.322949,127
255,-0.375901,255
255,-0.370409,255
255,-0.293701,255
0,-0.295494,127
0,-0.261461,127
0,-0.326073,127
255,-0.395102,255
255,-0.417473,255
255,-0.348807,255
255,-0.331279,255
0,-0.272085,127
0,-0.305512,127
0,-0.300203,127
255,-0.367539,255
255,-0.415724,255
255,-0.411354,255
255,-0.408308,255
255,-0.378678,255
255,-0.392475,255
255,-0.369199,255
255,-0.408416,255
255,-0.412176,255
255,-0.343565,255
255,-0.31289,255
255,-0.315582,255
0,-0.26704,127
0,-0.247024,127
0,-0.319927,127
255,-0.395789,255
255,-0.363928,255
255,-0.343493,255
255,-0.347501,255
0,-0.209361,127
0,-0.332234,127
255,-0.406166,255
255,-0.394963,255
255,-0.335611,255
255,-0.339013,255
0,-0.214318,127
0,-0.211372,127
0,-0.371964,127
255,-0.384463,255
255,-0.390533,255
255,-0.327739,255
255,-0.362734,255
0,-0.254787,127
0,-0.318546,127
0,-0.358882,127
255,-0.41272,255
255,-0.351661,255
255,-0.297987,255
0,-0.230119,127
0,-0.290186,127
0,-0.335971,127
255,-0.377895,255
255,-0.370137,255
255,-0.373301,255
255,-0.324048,255
0,-0.214017,127
0,-0.262429,127
255,-0.413442,255
255,-0.400069,255
255,-0.403629,255
255,-0.417502,255
255,-0.438254,255
255,-0.405061,255
255,-0.404386,255
255,-0.398367,255
255,-0.402205,255
255,-0.373391,255
255,-0.353676,255
255,-0.349923,255
0,-0.220343,127
0,-0.285893,127
0,-0.271314,127
255,-0.415099,255
255,-0.404613,255
255,-0.35214,255
255,-0.377298,255
255,-0.319606,255
255,-0.370135,255
0,-0.243785,127
0,-0.234283,127
0,-0.294322,127
255,-0.356083,255
255,-0.365154,255
255,-0.33053,255
255,-0.303033,255
0,-0.205096,127
0,-0.267144,127
0,-0.344397,127
255,-0.388821,255
255,-0.370847,255
255,-0.350285,255
255,-0.306792,255
0,-0.237639,127
0,-0.333559,127
255,-0.377585,255
255,-0.372276,255
255,-0.320443,255
255,-0.357323,255
0,-0.224128,127
0,-0.345451,127
255,-0.401486,255
255,-0.393454,255
255,-0.368932,255
255,-0.360905,255
0,-0.270231,127
0,-0.269057,127
0,-0.273069,127
255,-0.405738,255
255,-0.387968,255
255,-0.42779,255
255,-0.398644,255
255,-0.429211,255
255,-0.420253,255
255,-0.422303,255
255,-0.398498,255
255,-0.41163,255
255,-0.364376,255
255,-0.328521,255
255,-0.335522,255
0,-0.245863,127
