ObjectType = Scene
NDims = 3
NObjects = 86
ObjectType = Group
NDims = 3
ID = 159
Color = 1 0 0 1
BinaryData = False
TransformMatrix = 1 0 0 0 1 0 0 0 1
Offset = 0 0 0
CenterOfRotation = 0 0 0
ElementSpacing = 1 1 1
EndGroup = 
ObjectType = Tube
NDims = 3
ID = 0
ParentID = 159
Color = 1 0.3 0.21 1
BinaryData = False
TransformMatrix = 1 0 0 0 1 0 0 0 1
Offset = 0 0 0
CenterOfRotation = 0 0 0
ElementSpacing = 1 1 1
Root = False
Artery = True
PointDim = id x y z red green blue alpha mark r rn mn bn cv lv ro in tx ty tz v1x v1y v1z v2x v2y v2z a1 a2 a3
NPoints = 1
Points = 
-1 17.5656 13.8985 7.36385 1 0 0 1 0 0.207969 0 0 0 0 0 0 0 -0.823597 0.514082 -0.2396 0.154894 0.610252 0.776917 0.545615 0.602754 -0.58223 0 0 0 
ObjectType = Tube
NDims = 3
ID = 1
ParentID = 159
Color = 1 0.3 0.21 1
BinaryData = False
TransformMatrix = 1 0 0 0 1 0 0 0 1
Offset = 0 0 0
CenterOfRotation = 0 0 0
ElementSpacing = 1 1 1
Root = False
Artery = True
PointDim = id x y z red green blue alpha mark r rn mn bn cv lv ro in tx ty tz v1x v1y v1z v2x v2y v2z a1 a2 a3
NPoints = 1
Points = 
-1 17.5574 13.9037 7.3614 1 0 0 1 0 0.219531 0 0 0 0 0 0 0 -0.837625 0.488577 -0.244288 0 0.447214 0.894427 0.546245 0.749195 -0.374597 0 0 0 
ObjectType = Tube
NDims = 3
ID = 2
ParentID = 159
Color = 1 0.3 0.21 1
BinaryData = False
TransformMatrix = 1 0 0 0 1 0 0 0 1
Offset = 0 0 0
CenterOfRotation = 0 0 0
ElementSpacing = 1 1 1
Root = False
Artery = True
PointDim = id x y z red green blue alpha mark r rn mn bn cv lv ro in tx ty tz v1x v1y v1z v2x v2y v2z a1 a2 a3
NPoints = 1
Points = 
-1 17.4927 13.9382 7.34455 1 0 0 1 0 0.241055 0 0 0 0 0 0 0 -0.844815 0.489987 -0.214941 -0.505921 -0.600766 0.618971 0.174158 0.631659 0.755431 0 0 0 
ObjectType = Tube
NDims = 3
ID = 3
ParentID = 159
Color = 1 0.3 0.21 1
BinaryData = False
TransformMatrix = 1 0 0 0 1 0 0 0 1
Offset = 0 0 0
CenterOfRotation = 0 0 0
ElementSpacing = 1 1 1
Root = False
Artery = True
PointDim = id x y z red green blue alpha mark r rn mn bn cv lv ro in tx ty tz v1x v1y v1z v2x v2y v2z a1 a2 a3
NPoints = 1
Points = 
-1 17.4757 13.9477 7.34015 1 0 0 1 0 0.251797 0 0 0 0 0 0 0 -0.863433 0.454182 -0.219552 -0.391431 -0.328646 0.859519 0.318223 0.828076 0.461545 0 0 0 
ObjectType = Tube
NDims = 3
ID = 4
ParentID = 159
Color = 1 0.3 0.21 1
BinaryData = False
TransformMatrix = 1 0 0 0 1 0 0 0 1
Offset = 0 0 0
CenterOfRotation = 0 0 0
ElementSpacing = 1 1 1
Root = False
Artery = True
PointDim = id x y z red green blue alpha mark r rn mn bn cv lv ro in tx ty tz v1x v1y v1z v2x v2y v2z a1 a2 a3
NPoints = 1
Points = 
-1 17.4444 13.9615 7.3321 1 0 0 1 0 0.259649 0 0 0 0 0 0 0 -0.886009 0.403201 -0.228946 -0.400334 -0.416112 0.816446 0.233924 0.815033 0.530094 0 0 0 
ObjectType = Tube
NDims = 3
ID = 5
ParentID = 159
Color = 1 0.3 0.21 1
BinaryData = False
TransformMatrix = 1 0 0 0 1 0 0 0 1
Offset = 0 0 0
CenterOfRotation = 0 0 0
ElementSpacing = 1 1 1
Root = False
Artery = True
PointDim = id x y z red green blue alpha mark r rn mn bn cv lv ro in tx ty tz v1x v1y v1z v2x v2y v2z a1 a2 a3
NPoints = 3
Points = 
-1 20.5992 13.9691 8.0722 1 0 0 1 0 0.34 0 0 0 0 0 0 0 -0.556601 -0.756148 0.344146 -0.805341 0.592812 0 -0.204014 -0.277155 -0.938916 0 0 0 
-1 20.5833 13.9458 8.08105 1 0 0 1 0 0.34 0 0 0 0 0 0 0 -0.556601 -0.756148 0.344146 -0.785916 0.613529 0.0769359 -0.269319 -0.227647 -0.935759 0 0 0 
-1 20.5714 13.9311 8.08945 1 0 0 1 0 0.34 0 0 0 0 0 0 0 -0.53813 -0.739944 0.403608 -0.759144 0.633557 0.149349 -0.366218 -0.226027 -0.90266 0 0 0 
ObjectType = Tube
NDims = 3
ID = 6
ParentID = 159
Color = 1 0.3 0.21 1
BinaryData = False
TransformMatrix = 1 0 0 0 1 0 0 0 1
Offset = 0 0 0
CenterOfRotation = 0 0 0
ElementSpacing = 1 1 1
Root = False
Artery = True
PointDim = id x y z red green blue alpha mark r rn mn bn cv lv ro in tx ty tz v1x v1y v1z v2x v2y v2z a1 a2 a3
NPoints = 1
Points = 
-1 20.5592 13.9156 8.0934 1 0 0 1 0 0.34 0 0 0 0 0 0 0 -0.708806 -0.309389 -0.633934 0.113798 0.83676 -0.535615 0.696164 -0.451788 -0.557892 0 0 0 
ObjectType = Tube
NDims = 3
ID = 7
ParentID = 159
Color = 1 0.3 0.21 1
BinaryData = False
TransformMatrix = 1 0 0 0 1 0 0 0 1
Offset = 0 0 0
CenterOfRotation = 0 0 0
ElementSpacing = 1 1 1
Root = False
Artery = True
PointDim = id x y z red green blue alpha mark r rn mn bn cv lv ro in tx ty tz v1x v1y v1z v2x v2y v2z a1 a2 a3
NPoints = 3
Points = 
-1 20.5515 13.9128 8.0874 1 0 0 1 0 0.346875 0 0 0 0 0 0 0 -0.741946 -0.313766 -0.592509 0.445779 0.429239 -0.785516 0.500796 -0.846938 -0.178602 0 0 0 
-1 20.548 13.9109 8.08435 1 0 0 1 0 0.346875 0 0 0 0 0 0 0 -0.703665 -0.374374 -0.603903 0.700718 -0.506406 -0.50254 -0.117682 -0.776786 0.618671 0 0 0 
-1 20.5445 13.909 8.08135 1 0 0 1 0 0.346875 0 0 0 0 0 0 0 -0.705232 -0.38513 -0.59525 0.0566592 -0.867521 0.494163 -0.706709 0.314774 0.633625 0 0 0 
ObjectType = Tube
NDims = 3
ID = 8
ParentID = 159
Color = 1 0.3 0.21 1
BinaryData = False
TransformMatrix = 1 0 0 0 1 0 0 0 1
Offset = 0 0 0
CenterOfRotation = 0 0 0
ElementSpacing = 1 1 1
Root = False
Artery = True
PointDim = id x y z red green blue alpha mark r rn mn bn cv lv ro in tx ty tz v1x v1y v1z v2x v2y v2z a1 a2 a3
NPoints = 5
Points = 
-1 20.5336 13.9033 8.0727 1 0 0 1 0 0.346875 0 0 0 0 0 0 0 -0.739333 -0.374697 -0.559454 -0.407916 -0.411801 0.814877 -0.535716 0.830676 0.151613 0 0 0 
-1 20.5299 13.9015 8.0699 1 0 0 1 0 0.364062 0 0 0 0 0 0 0 -0.730856 -0.387655 -0.561759 -0.410701 -0.40759 0.815595 -0.545137 0.826797 0.138679 0 0 0 
-1 20.5263 13.8995 8.06705 1 0 0 1 0 0.364062 0 0 0 0 0 0 0 -0.715549 -0.410303 -0.565369 0.497434 -0.867502 6.67092e-11 -0.490458 -0.281234 0.824838 0 0 0 
-1 20.5227 13.8974 8.06425 1 0 0 1 0 0.364062 0 0 0 0 0 0 0 -0.717556 -0.411454 -0.561978 0.599422 -0.775701 -0.197434 -0.354692 -0.478533 0.803244 0 0 0 
-1 20.5191 13.8954 8.06145 1 0 0 1 0 0.364062 0 0 0 0 0 0 0 -0.720416 -0.415331 -0.555429 0.68194 -0.57008 -0.45822 -0.126326 -0.708878 0.693926 0 0 0 
ObjectType = Tube
NDims = 3
ID = 9
ParentID = 159
Color = 1 0.3 0.21 1
BinaryData = False
TransformMatrix = 1 0 0 0 1 0 0 0 1
Offset = 0 0 0
CenterOfRotation = 0 0 0
ElementSpacing = 1 1 1
Root = False
Artery = True
PointDim = id x y z red green blue alpha mark r rn mn bn cv lv ro in tx ty tz v1x v1y v1z v2x v2y v2z a1 a2 a3
NPoints = 2
Points = 
-1 20.5083 13.889 8.05325 1 0 0 1 0 0.393906 0 0 0 0 0 0 0 -0.723439 -0.42695 -0.542541 0.664369 -0.644237 -0.378909 -0.18775 -0.634565 0.749718 0 0 0 
-1 20.5047 13.8869 8.05055 1 0 0 1 0 0.393906 0 0 0 0 0 0 0 -0.724204 -0.429553 -0.539456 0.0437026 -0.809307 0.585758 -0.6882 0.400632 0.604876 0 0 0 
ObjectType = Tube
NDims = 3
ID = 10
ParentID = 159
Color = 1 0.3 0.21 1
BinaryData = False
TransformMatrix = 1 0 0 0 1 0 0 0 1
Offset = 0 0 0
CenterOfRotation = 0 0 0
ElementSpacing = 1 1 1
Root = False
Artery = True
PointDim = id x y z red green blue alpha mark r rn mn bn cv lv ro in tx ty tz v1x v1y v1z v2x v2y v2z a1 a2 a3
NPoints = 1
Points = 
-1 20.4973 13.8827 8.0453 1 0 0 1 0 0.393906 0 0 0 0 0 0 0 -0.746204 -0.420791 -0.515862 -0.0914518 -0.702757 0.705528 -0.659405 0.573645 0.485918 0 0 0 
ObjectType = Tube
NDims = 3
ID = 11
ParentID = 159
Color = 1 0.3 0.21 1
BinaryData = False
TransformMatrix = 1 0 0 0 1 0 0 0 1
Offset = 0 0 0
CenterOfRotation = 0 0 0
ElementSpacing = 1 1 1
Root = False
Artery = True
PointDim = id x y z red green blue alpha mark r rn mn bn cv lv ro in tx ty tz v1x v1y v1z v2x v2y v2z a1 a2 a3
NPoints = 2
Points = 
-1 20.4825 13.874 8.03495 1 0 0 1 0 0.417578 0 0 0 0 0 0 0 -0.738909 -0.437179 -0.512726 0.186924 0.598076 -0.779336 0.647359 -0.671699 -0.360205 0 0 0 
-1 20.4788 13.8719 8.0324 1 0 0 1 0 0.417578 0 0 0 0 0 0 0 -0.737594 -0.438541 -0.513456 0.664212 -0.334312 -0.668624 0.121564 -0.834217 0.53787 0 0 0 
ObjectType = Tube
NDims = 3
ID = 12
ParentID = 159
Color = 1 0.3 0.21 1
BinaryData = False
TransformMatrix = 1 0 0 0 1 0 0 0 1
Offset = 0 0 0
CenterOfRotation = 0 0 0
ElementSpacing = 1 1 1
Root = False
Artery = True
PointDim = id x y z red green blue alpha mark r rn mn bn cv lv ro in tx ty tz v1x v1y v1z v2x v2y v2z a1 a2 a3
NPoints = 5
Points = 
-1 20.4714 13.8674 8.02725 1 0 0 1 0 0.417578 0 0 0 0 0 0 0 -0.745304 -0.435155 -0.505137 0.120751 -0.833209 0.539614 -0.655699 0.34118 0.673539 0 0 0 
-1 20.4676 13.8653 8.02475 1 0 0 1 0 0.417578 0 0 0 0 0 0 0 -0.755025 -0.430004 -0.495008 -0.238999 -0.522521 0.818444 -0.610587 0.736253 0.291746 0 0 0 
-1 20.4639 13.8631 8.0223 1 0 0 1 0 0.438164 0 0 0 0 0 0 0 -0.747706 -0.438735 -0.498445 -0.183613 -0.584766 0.790149 -0.63814 0.68232 0.356675 0 0 0 
-1 20.4601 13.8609 8.01975 1 0 0 1 0 0.438593 0 0 0 0 0 0 0 -0.738144 -0.448822 -0.503688 -0.661375 0.334071 0.67155 -0.133139 0.828828 -0.543432 0 0 0 
-1 20.4564 13.8587 8.01725 1 0 0 1 0 0.438593 0 0 0 0 0 0 0 -0.73769 -0.451619 -0.50185 -0.362352 -0.362352 0.858721 -0.569661 0.815317 0.103659 0 0 0 
ObjectType = Tube
NDims = 3
ID = 13
ParentID = 159
Color = 1 0.3 0.21 1
BinaryData = False
TransformMatrix = 1 0 0 0 1 0 0 0 1
Offset = 0 0 0
CenterOfRotation = 0 0 0
ElementSpacing = 1 1 1
Root = False
Artery = True
PointDim = id x y z red green blue alpha mark r rn mn bn cv lv ro in tx ty tz v1x v1y v1z v2x v2y v2z a1 a2 a3
NPoints = 4
Points = 
-1 20.449 13.8542 8.01225 1 0 0 1 0 0.438593 0 0 0 0 0 0 0 -0.740009 -0.449956 -0.499926 -0.183364 -0.580161 0.793594 -0.64712 0.678935 0.346819 0 0 0 
-1 20.4454 13.8519 8.00975 1 0 0 1 0 0.438593 0 0 0 0 0 0 0 -0.730151 -0.46016 -0.505107 -0.0322511 -0.715199 0.698176 -0.682525 0.526064 0.507362 0 0 0 
-1 20.4417 13.8496 8.0072 1 0 0 1 0 0.446172 0 0 0 0 0 0 0 -0.732512 -0.458333 -0.503345 -0.680471 0.514298 0.521974 0.0196315 0.724864 -0.688612 0 0 0 
-1 20.438 13.8473 8.0047 1 0 0 1 0 0.447031 0 0 0 0 0 0 0 -0.732635 -0.463582 -0.498335 1.38183e-11 0.732176 -0.681115 0.680621 -0.499009 -0.536418 0 0 0 
ObjectType = Tube
NDims = 3
ID = 14
ParentID = 159
Color = 1 0.3 0.21 1
BinaryData = False
TransformMatrix = 1 0 0 0 1 0 0 0 1
Offset = 0 0 0
CenterOfRotation = 0 0 0
ElementSpacing = 1 1 1
Root = False
Artery = True
PointDim = id x y z red green blue alpha mark r rn mn bn cv lv ro in tx ty tz v1x v1y v1z v2x v2y v2z a1 a2 a3
NPoints = 1
Points = 
-1 20.4198 13.8357 7.9923 1 0 0 1 0 0.40039 0 0 0 0 0 0 0 -0.734438 -0.464722 -0.494606 -0.123782 -0.624832 0.770884 -0.667292 0.62739 0.401376 0 0 0 
ObjectType = Tube
NDims = 3
ID = 15
ParentID = 159
Color = 1 0.3 0.21 1
BinaryData = False
TransformMatrix = 1 0 0 0 1 0 0 0 1
Offset = 0 0 0
CenterOfRotation = 0 0 0
ElementSpacing = 1 1 1
Root = False
Artery = True
PointDim = id x y z red green blue alpha mark r rn mn bn cv lv ro in tx ty tz v1x v1y v1z v2x v2y v2z a1 a2 a3
NPoints = 4
Points = 
-1 20.4118 13.8316 7.9877 1 0 0 1 0 0.401719 0 0 0 0 0 0 0 -0.792209 -0.408421 -0.453429 -0.155789 -0.583049 0.797361 -0.59003 0.702315 0.398269 0 0 0 
-1 20.4081 13.8292 7.98525 1 0 0 1 0 0.401719 0 0 0 0 0 0 0 -0.730506 -0.475348 -0.490312 -0.0144835 -0.707033 0.707033 -0.682753 0.523593 0.509607 0 0 0 
-1 20.4045 13.8268 7.9828 1 0 0 1 0 0.401719 0 0 0 0 0 0 0 -0.726958 -0.478054 -0.492946 -0.0144835 -0.707033 0.707033 -0.686529 0.521123 0.507059 0 0 0 
-1 20.4009 13.8244 7.9803 1 0 0 1 0 0.401719 0 0 0 0 0 0 0 -0.726958 -0.478054 -0.492946 -0.00999061 -0.710428 0.703699 -0.686609 0.516485 0.511675 0 0 0 
ObjectType = Tube
NDims = 3
ID = 16
ParentID = 159
Color = 1 0.3 0.21 1
BinaryData = False
TransformMatrix = 1 0 0 0 1 0 0 0 1
Offset = 0 0 0
CenterOfRotation = 0 0 0
ElementSpacing = 1 1 1
Root = False
Artery = True
PointDim = id x y z red green blue alpha mark r rn mn bn cv lv ro in tx ty tz v1x v1y v1z v2x v2y v2z a1 a2 a3
NPoints = 1
Points = 
-1 20.3934 13.8197 7.9755 1 0 0 1 0 0.378281 0 0 0 0 0 0 0 -0.740344 -0.465272 -0.485193 -0.126234 -0.612704 0.780166 -0.660269 0.638839 0.394879 0 0 0 
ObjectType = Tube
NDims = 3
ID = 17
ParentID = 159
Color = 1 0.3 0.21 1
BinaryData = False
TransformMatrix = 1 0 0 0 1 0 0 0 1
Offset = 0 0 0
CenterOfRotation = 0 0 0
ElementSpacing = 1 1 1
Root = False
Artery = True
PointDim = id x y z red green blue alpha mark r rn mn bn cv lv ro in tx ty tz v1x v1y v1z v2x v2y v2z a1 a2 a3
NPoints = 1
Points = 
-1 20.3679 13.8029 7.9584 1 0 0 1 0 0.366563 0 0 0 0 0 0 0 -0.732852 -0.478628 -0.483573 -0.0487926 -0.671931 0.739005 -0.678636 0.565176 0.469072 0 0 0 
ObjectType = Tube
NDims = 3
ID = 18
ParentID = 159
Color = 1 0.3 0.21 1
BinaryData = False
TransformMatrix = 1 0 0 0 1 0 0 0 1
Offset = 0 0 0
CenterOfRotation = 0 0 0
ElementSpacing = 1 1 1
Root = False
Artery = True
PointDim = id x y z red green blue alpha mark r rn mn bn cv lv ro in tx ty tz v1x v1y v1z v2x v2y v2z a1 a2 a3
NPoints = 1
Points = 
-1 20.3602 13.7984 7.9538 1 0 0 1 0 0.366563 0 0 0 0 0 0 0 -0.759737 -0.454683 -0.464826 -0.103967 -0.620723 0.777106 -0.641865 0.638723 0.424314 0 0 0 
ObjectType = Tube
NDims = 3
ID = 19
ParentID = 159
Color = 1 0.3 0.21 1
BinaryData = False
TransformMatrix = 1 0 0 0 1 0 0 0 1
Offset = 0 0 0
CenterOfRotation = 0 0 0
ElementSpacing = 1 1 1
Root = False
Artery = True
PointDim = id x y z red green blue alpha mark r rn mn bn cv lv ro in tx ty tz v1x v1y v1z v2x v2y v2z a1 a2 a3
NPoints = 679
Points = 
-1 18.6986 16.3053 8.61835 1 0 0 1 0 0.15 0 0 0 0 0 0 0 -0.812018 -0.48523 -0.324312 -0.512955 0.858415 0 0.278394 0.166358 -0.94595 0 0 0 
-1 18.6984 16.3053 8.6183 1 0 0 1 0 0.15 0 0 0 0 0 0 0 -0.812018 -0.48523 -0.324312 0.0162622 0.536652 -0.843647 0.583406 -0.690331 -0.42788 0 0 0 
-1 18.6983 16.3052 8.61825 1 0 0 1 0 0.15 0 0 0 0 0 0 0 -0.741021 -0.560008 -0.370511 -0.0171947 0.567425 -0.823245 0.671261 -0.603672 -0.430103 0 0 0 
-1 18.6982 16.3051 8.6182 1 0 0 1 0 0.15 0 0 0 0 0 0 0 -0.639305 -0.639305 -0.427291 2.93295e-11 0.555679 -0.831397 0.768953 -0.531517 -0.355248 0 0 0 
-1 18.6982 16.305 8.61815 1 0 0 1 0 0.15 0 0 0 0 0 0 0 -0.482884 -0.728041 -0.486599 -0.00214074 0.556659 -0.830739 0.875681 -0.400109 -0.27036 0 0 0 
-1 18.6981 16.305 8.6181 1 0 0 1 0 0.15 0 0 0 0 0 0 0 -0.740243 -0.55942 -0.372947 -0.0043637 0.558686 -0.829368 0.672325 -0.612306 -0.416005 0 0 0 
-1 18.698 16.3049 8.61805 1 0 0 1 0 0.15 0 0 0 0 0 0 0 -0.639305 -0.639305 -0.427291 0.20153 0.396953 -0.895441 0.742074 -0.658572 -0.124935 0 0 0 
-1 18.698 16.3048 8.618 1 0 0 1 0 0.15 0 0 0 0 0 0 0 -0.219803 -0.872553 -0.436277 0.340021 0.350646 -0.872601 0.91437 -0.340144 0.219613 0 0 0 
-1 18.6979 16.3047 8.61795 1 0 0 1 0 0.15 0 0 0 0 0 0 0 -0.485935 -0.728902 -0.482254 0.704413 -2.43028e-11 -0.70979 0.517368 -0.684618 0.513448 0 0 0 
-1 18.6978 16.3046 8.6179 1 0 0 1 0 0.15 0 0 0 0 0 0 0 -0.581746 -0.572932 -0.577339 0.704413 -0 -0.70979 0.406661 -0.819603 0.403581 0 0 0 
-1 18.6978 16.3046 8.61785 1 0 0 1 0 0.15 0 0 0 0 0 0 0 -0.488551 -0.725424 -0.484849 0.688482 0.0208631 -0.724953 0.536013 -0.687986 0.489249 0 0 0 
-1 18.6978 16.3045 8.6178 1 0 0 1 0 0.15 0 0 0 0 0 0 0 -0.405646 -0.817533 -0.408767 0.709811 -1.96595e-16 -0.704392 0.575864 -0.575881 0.580294 0 0 0 
-1 18.6977 16.3044 8.61775 1 0 0 1 0 0.15 0 0 0 0 0 0 0 -0.482884 -0.728041 -0.486599 0.517354 -0.685519 0.512258 -0.706518 -0.00438245 0.707682 0 0 0 
-1 18.6977 16.3043 8.6177 1 0 0 1 0 0.15 0 0 0 0 0 0 0 -0.688793 -0.688793 -0.226119 -0.206669 -0.1124 0.971933 -0.694876 0.716192 -0.0649312 0 0 0 
-1 18.6975 16.3042 8.6177 1 0 0 1 0 0.15 0 0 0 0 0 0 0 -0.367001 -0.911942 -0.1835 1.35087e-11 -0.197266 0.98035 -0.930221 0.359789 0.0723967 0 0 0 
-1 18.6975 16.3041 8.61765 1 0 0 1 0 0.15 0 0 0 0 0 0 0 -0.187881 -0.962892 -0.193753 0.981699 -0.190343 -0.00600428 -0.031098 -0.191335 0.981032 0 0 0 
-1 18.6975 16.304 8.61765 1 0 0 1 0 0.15 0 0 0 0 0 0 0 -0.160272 -0.808757 -0.565884 0.469355 -0.566778 0.677103 -0.868343 -0.157079 0.470433 0 0 0 
-1 18.6975 16.3036 8.6173 1 0 0 1 0 0.15 0 0 0 0 0 0 0 -0.056527 -0.784526 -0.617514 -0.813309 -0.322553 0.48424 -0.57908 0.529603 -0.619829 0 0 0 
-1 18.6975 16.3033 8.6171 1 0 0 1 0 0.15 0 0 0 0 0 0 0 0 -0.832267 -0.554375 0.272744 -0.533356 0.800713 -0.962087 -0.151202 0.226996 0 0 0 
-1 18.6975 16.3032 8.617 1 0 0 1 0 0.15 0 0 0 0 0 0 0 -0.170209 -0.845889 -0.50547 0.664283 -0.477376 0.575187 -0.727844 -0.237873 0.643164 0 0 0 
-1 18.6974 16.3031 8.61695 1 0 0 1 0 0.15 0 0 0 0 0 0 0 -0.439286 -0.871915 -0.216315 0.713001 -0.484876 0.506482 -0.546495 0.0682575 0.834676 0 0 0 
-1 18.6973 16.3029 8.61695 1 0 0 1 0 0.15 0 0 0 0 0 0 0 -0.345416 -0.871512 -0.348073 0.928304 -0.262918 -0.262918 0.137622 -0.413934 0.899844 0 0 0 
-1 18.6973 16.3028 8.61685 1 0 0 1 0 0.15 0 0 0 0 0 0 0 -0.368651 -0.742973 -0.558648 0.318154 -0.665527 0.675168 -0.873427 0.0711654 0.481727 0 0 0 
-1 18.6973 16.3027 8.6168 1 0 0 1 0 0.15 0 0 0 0 0 0 0 -0.488551 -0.725424 -0.484849 -0.428751 -0.284375 0.857498 -0.759928 0.626811 -0.172095 0 0 0 
-1 18.6972 16.3027 8.61675 1 0 0 1 0 0.15 0 0 0 0 0 0 0 -0.488551 -0.725424 -0.484849 -0.00416342 -0.553734 0.832683 -0.872526 0.408826 0.267507 0 0 0 
-1 18.6971 16.3026 8.6167 1 0 0 1 0 0.15 0 0 0 0 0 0 0 -0.267261 -0.801784 -0.534522 -0.898483 0.00685865 0.438954 -0.34828 0.597575 -0.722223 0 0 0 
-1 18.6971 16.3025 8.61665 1 0 0 1 0 0.15 0 0 0 0 0 0 0 -0.219803 -0.872553 -0.436277 -0.20153 -0.396953 0.895441 -0.954501 0.284744 -0.088594 0 0 0 
-1 18.6971 16.3024 8.6166 1 0 0 1 0 0.15 0 0 0 0 0 0 0 -0.639305 -0.639305 -0.427291 1.92754e-16 -0.555679 0.831397 -0.768953 0.531517 0.355248 0 0 0 
-1 18.697 16.3023 8.61655 1 0 0 1 0 0.15 0 0 0 0 0 0 0 -0.743368 -0.556107 -0.371684 -0.184576 -0.363559 0.913103 -0.642912 0.747375 0.167614 0 0 0 
-1 18.6969 16.3022 8.6165 1 0 0 1 0 0.15 0 0 0 0 0 0 0 -0.41084 -0.815456 -0.407728 0.544136 -0.578145 0.608 -0.731523 0.0279312 0.681245 0 0 0 
-1 18.6969 16.3022 8.61645 1 0 0 1 0 0.15 0 0 0 0 0 0 0 -0.260281 -0.805244 -0.532762 -0.00833162 -0.549887 0.835197 -0.965497 0.221825 0.136416 0 0 0 
-1 18.6968 16.3021 8.6164 1 0 0 1 0 0.15 0 0 0 0 0 0 0 -0.639305 -0.639305 -0.427291 1.29379e-09 -0.555679 0.831397 -0.768953 0.531517 0.355248 0 0 0 
-1 18.6968 16.302 8.61635 1 0 0 1 0 0.15 0 0 0 0 0 0 0 -0.643139 -0.636642 -0.425511 -0.00833074 -0.549829 0.835236 -0.765705 0.540717 0.348312 0 0 0 
-1 18.6967 16.302 8.6163 1 0 0 1 0 0.15 0 0 0 0 0 0 0 -0.267839 -0.803518 -0.531621 -0.8755 -0.0273594 0.482444 -0.402197 0.594651 -0.696152 0 0 0 
-1 18.6967 16.3018 8.61625 1 0 0 1 0 0.15 0 0 0 0 0 0 0 -0.213451 -0.873814 -0.436907 -0.349367 -0.349367 0.869417 -0.912349 0.338219 -0.230709 0 0 0 
-1 18.6967 16.3018 8.6162 1 0 0 1 0 0.15 0 0 0 0 0 0 0 -0.482884 -0.728041 -0.486599 0.423205 -0.6805 0.598178 -0.766629 0.0829199 0.636714 0 0 0 
-1 18.6966 16.3017 8.61615 1 0 0 1 0 0.15 0 0 0 0 0 0 0 -0.771852 -0.616541 -0.155312 0.604354 -0.787323 0.12198 -0.197486 0.000287043 0.980306 0 0 0 
-1 18.6964 16.3015 8.61615 1 0 0 1 0 0.15 0 0 0 0 0 0 0 -0.796691 -0.595998 0.100347 0.124967 2.90959e-10 0.992161 -0.591326 0.802986 0.07448 0 0 0 
-1 18.6962 16.3014 8.6162 1 0 0 1 0 0.15 0 0 0 0 0 0 0 -0.795248 -0.597953 0.100165 0.308429 -0.256763 0.915939 -0.52197 0.759292 0.388616 0 0 0 
-1 18.696 16.3013 8.6162 1 0 0 1 0 0.15 0 0 0 0 0 0 0 -0.639801 -0.768541 0 0.375659 -0.312731 0.872399 -0.670474 0.558161 0.488795 0 0 0 
-1 18.6959 16.3011 8.6162 1 0 0 1 0 0.15 0 0 0 0 0 0 0 -0.2374 -0.942408 -0.235602 0.926155 -0.292749 0.237771 -0.29305 -0.161757 0.942314 0 0 0 
-1 18.6959 16.3008 8.6161 1 0 0 1 0 0.15 0 0 0 0 0 0 0 -0.0726284 -0.757096 -0.649254 -0.349173 -0.590473 0.727612 -0.934239 0.279547 -0.221473 0 0 0 
-1 18.6959 16.3001 8.6153 1 0 0 1 0 0.15 0 0 0 0 0 0 0 -0.198036 -0.712447 -0.673202 0.138772 -0.700265 0.700265 -0.970322 0.0452562 0.237545 0 0 0 
-1 18.6957 16.2999 8.61525 1 0 0 1 0 0.15 0 0 0 0 0 0 0 -0.707322 -0.564995 -0.424825 -0.157663 -0.459746 0.873943 -0.689085 0.685138 0.23611 0 0 0 
-1 18.6956 16.2999 8.61515 1 0 0 1 0 0.15 0 0 0 0 0 0 0 -0.322094 -0.812668 -0.485619 0.583226 -0.57439 0.57439 -0.745723 -0.0982182 0.658977 0 0 0 
-1 18.6956 16.2997 8.6151 1 0 0 1 0 0.15 0 0 0 0 0 0 0 -0.171474 -0.778229 -0.604116 -0.384196 -0.511827 0.768392 -0.907188 0.363858 -0.211227 0 0 0 
-1 18.6955 16.2994 8.6148 1 0 0 1 0 0.15 0 0 0 0 0 0 0 -0.173894 -0.777255 -0.604678 0.899035 -0.37588 0.224611 -0.401866 -0.504568 0.764143 0 0 0 
-1 18.6954 16.2992 8.61475 1 0 0 1 0 0.15 0 0 0 0 0 0 0 -0.302972 -0.904324 -0.300676 0.736062 -0.0216489 -0.676568 0.605328 -0.426297 0.672197 0 0 0 
-1 18.6954 16.2991 8.6147 1 0 0 1 0 0.15 0 0 0 0 0 0 0 -0.347022 -0.870225 -0.349692 0.709811 1.84925e-16 -0.704392 0.61298 -0.492655 0.617695 0 0 0 
-1 18.6954 16.299 8.61465 1 0 0 1 0 0.15 0 0 0 0 0 0 0 -0.300042 -0.904743 -0.30235 0.741509 -0.0218091 -0.670588 0.600116 -0.4254 0.677419 0 0 0 
-1 18.6953 16.2988 8.6146 1 0 0 1 0 0.15 0 0 0 0 0 0 0 -0.266038 -0.927101 -0.264022 0.961208 -0.275825 0 -0.0728239 -0.25378 0.964517 0 0 0 
-1 18.6952 16.2986 8.61455 1 0 0 1 0 0.15 0 0 0 0 0 0 0 -0.241727 -0.842382 -0.481623 0.728248 -0.485508 0.483669 -0.641266 -0.233825 0.730824 0 0 0 
-1 18.6952 16.2985 8.6144 1 0 0 1 0 0.15 0 0 0 0 0 0 0 -0.348558 -0.870066 -0.348558 0.935523 -0.300144 -0.186308 0.0574827 -0.391024 0.918584 0 0 0 
-1 18.695 16.2982 8.61435 1 0 0 1 0 0.15 0 0 0 0 0 0 0 -0.316185 -0.946626 -0.0626586 0.827855 -0.307565 0.469105 -0.463338 0.0964516 0.880917 0 0 0 
-1 18.695 16.2977 8.61435 1 0 0 1 0 0.15 0 0 0 0 0 0 0 -0.155128 -0.929196 -0.335455 0.982025 -0.108083 -0.154745 0.107531 -0.353431 0.92926 0 0 0 
-1 18.6947 16.2964 8.6137 1 0 0 1 0 0.15 0 0 0 0 0 0 0 -0.163187 -0.898152 -0.408279 0.875047 -0.322905 0.36059 -0.4557 -0.29842 0.838619 0 0 0 
-1 18.6945 16.2955 8.61335 1 0 0 1 0 0.15 0 0 0 0 0 0 0 -0.224341 -0.930672 -0.288998 0.427892 -0.360514 0.828818 -0.875546 0.0622779 0.479105 0 0 0 
-1 18.6944 16.2949 8.61325 1 0 0 1 0 0.15 0 0 0 0 0 0 0 -0.347368 -0.912172 -0.217436 0.895586 -0.391446 0.211411 -0.277958 -0.121295 0.952904 0 0 0 
-1 18.6941 16.2945 8.6131 1 0 0 1 0 0.15 0 0 0 0 0 0 0 -0.255641 -0.841719 -0.47556 0.116876 -0.515205 0.849061 -0.959681 0.161474 0.230084 0 0 0 
-1 18.694 16.2938 8.6126 1 0 0 1 0 0.15 0 0 0 0 0 0 0 -0.179118 -0.851836 -0.492232 0.880211 -0.362251 0.306597 -0.439482 -0.378352 0.814681 0 0 0 
-1 18.694 16.2935 8.61255 1 0 0 1 0 0.15 0 0 0 0 0 0 0 -0.358366 -0.930876 -0.0710176 0.933269 -0.355238 -0.0530598 0.0241639 -0.0852933 0.996063 0 0 0 
-1 18.6938 16.2931 8.61255 1 0 0 1 0 0.15 0 0 0 0 0 0 0 -0.32101 -0.89121 0.320466 0.93251 -0.356545 -0.0574547 0.165465 0.280394 0.945516 0 0 0 
-1 18.6935 16.2922 8.613 1 0 0 1 0 0.15 0 0 0 0 0 0 0 -0.274468 -0.803074 0.528904 0.92318 -0.373978 -0.0887649 0.269083 0.463911 0.844027 0 0 0 
-1 18.6931 16.291 8.6139 1 0 0 1 0 0.15 0 0 0 0 0 0 0 -0.258082 -0.774247 0.577872 0.925374 -0.369984 -0.082434 0.277627 0.513472 0.811954 0 0 0 
-1 18.6924 16.2891 8.61535 1 0 0 1 0 0.15 0 0 0 0 0 0 0 -0.246027 -0.751681 0.611921 0.96561 -0.244837 0.0874735 0.0840685 0.612398 0.786067 0 0 0 
-1 18.6912 16.2854 8.6185 1 0 0 1 0 0.15 0 0 0 0 0 0 0 -0.255366 -0.82994 0.495971 0.965316 -0.247695 0.0825385 0.0543477 0.499846 0.864407 0 0 0 
-1 18.6898 16.2807 8.6204 1 0 0 1 0 0.15 0 0 0 0 0 0 0 -0.259845 -0.942239 0.211342 0.961545 -0.232308 0.146505 -0.0889459 0.241284 0.96637 0 0 0 
-1 18.6883 16.2747 8.6209 1 0 0 1 0 0.15 0 0 0 0 0 0 0 -0.266917 -0.916088 0.299228 0.962952 -0.241132 0.120746 -0.0384604 0.320372 0.946511 0 0 0 
-1 18.687 16.2707 8.62365 1 0 0 1 0 0.15 0 0 0 0 0 0 0 -0.264675 -0.759265 0.594529 0.963735 -0.186471 0.190901 -0.0340821 0.623495 0.781084 0 0 0 
-1 18.6856 16.2671 8.62685 1 0 0 1 0 0.15 0 0 0 0 0 0 0 -0.265878 -0.732274 0.626964 0.625809 -0.625809 -0.465537 0.733261 0.268584 0.624653 0 0 0 
-1 18.6843 16.2634 8.6299 1 0 0 1 0 0.15 0 0 0 0 0 0 0 -0.269567 -0.733617 0.623811 0.698715 -0.594778 -0.397539 0.66267 0.328703 0.672921 0 0 0 
-1 18.6829 16.2598 8.6331 1 0 0 1 0 0.15 0 0 0 0 0 0 0 -0.289313 -0.743142 0.603356 -0.46662 -0.440863 -0.76675 0.835801 -0.503368 -0.219218 0 0 0 
-1 18.6814 16.2559 8.63595 1 0 0 1 0 0.15 0 0 0 0 0 0 0 -0.294848 -0.739788 0.604796 -0.841842 -0.0983324 -0.530692 0.45207 -0.665615 -0.593791 0 0 0 
-1 18.68 16.2523 8.63915 1 0 0 1 0 0.15 0 0 0 0 0 0 0 -0.309144 -0.718139 0.623463 -0.443405 -0.471118 -0.762522 0.841322 -0.512176 -0.172783 0 0 0 
-1 18.6783 16.2488 8.6422 1 0 0 1 0 0.15 0 0 0 0 0 0 0 -0.314909 -0.714608 0.624634 -0.631176 -0.333831 -0.700124 0.708836 -0.61473 -0.345917 0 0 0 
-1 18.6768 16.2452 8.6454 1 0 0 1 0 0.15 0 0 0 0 0 0 0 -0.344182 -0.688363 0.63851 0.633011 -0.672383 -0.383664 0.693423 0.272134 0.667164 0 0 0 
-1 18.6749 16.2418 8.6486 1 0 0 1 0 0.15 0 0 0 0 0 0 0 -0.401486 -0.708878 0.579915 0.915864 -0.309781 0.255399 -0.00139962 0.633662 0.773608 0 0 0 
-1 18.6728 16.238 8.65125 1 0 0 1 0 0.15 0 0 0 0 0 0 0 -0.391405 -0.830588 0.396139 0.8622 -0.481444 -0.157551 0.321579 0.279885 0.904573 0 0 0 
-1 18.6707 16.2332 8.65275 1 0 0 1 0 0.15 0 0 0 0 0 0 0 -0.372967 -0.813787 0.445698 0.910303 -0.22797 0.345512 -0.179567 0.534585 0.825818 0 0 0 
-1 18.6689 16.2296 8.65585 1 0 0 1 0 0.15 0 0 0 0 0 0 0 -0.402677 -0.681092 0.611526 0.303086 0.531187 0.791189 -0.863707 0.503939 -0.00746757 0 0 0 
-1 18.6667 16.2263 8.6589 1 0 0 1 0 0.15 0 0 0 0 0 0 0 -0.495256 -0.621515 0.606993 -0.162035 0.752523 0.638321 -0.853502 0.217778 -0.473399 0 0 0 
-1 18.6639 16.2232 8.6621 1 0 0 1 0 0.15 0 0 0 0 0 0 0 -0.479055 -0.625516 0.615821 0.242863 0.579725 0.777777 -0.843519 0.522158 -0.125805 0 0 0 
-1 18.6618 16.2199 8.6652 1 0 0 1 0 0.15 0 0 0 0 0 0 0 -0.720598 -0.428955 0.544735 0.252553 0.569294 0.782382 -0.645721 0.701357 -0.301898 0 0 0 
-1 18.6555 16.2183 8.66845 1 0 0 1 0 0.15 0 0 0 0 0 0 0 -0.818439 -0.30562 0.486574 0.210972 0.627834 0.74921 -0.534461 0.715836 -0.449367 0 0 0 
-1 18.651 16.2158 8.67165 1 0 0 1 0 0.15 0 0 0 0 0 0 0 -0.554404 -0.554404 0.620704 0.186338 0.644193 0.741818 -0.811119 0.526927 -0.253837 0 0 0 
-1 18.6496 16.2124 8.675 1 0 0 1 0 0.15 0 0 0 0 0 0 0 -0.264776 -0.69418 0.669334 -0.512267 0.689322 0.512267 -0.816992 -0.207241 -0.538122 0 0 0 
-1 18.6483 16.2089 8.67835 1 0 0 1 0 0.15 0 0 0 0 0 0 0 -0.27035 -0.69558 0.665642 -0.861129 0.48389 0.155906 -0.430543 -0.531055 -0.729804 0 0 0 
-1 18.6469 16.2055 8.68165 1 0 0 1 0 0.15 0 0 0 0 0 0 0 -0.308327 -0.740927 0.596626 -0.911117 0.410325 0.0387151 -0.273496 -0.531659 -0.801585 0 0 0 
-1 18.6452 16.2015 8.68435 1 0 0 1 0 0.15 0 0 0 0 0 0 0 -0.320944 -0.765294 0.557961 -0.924748 0.380445 -0.0101084 -0.204538 -0.519217 -0.829806 0 0 0 
-1 18.6437 16.1977 8.6873 1 0 0 1 0 0.15 0 0 0 0 0 0 0 -0.304561 -0.723847 0.619102 -0.940417 0.33169 -0.0748203 -0.151192 -0.605001 -0.781738 0 0 0 
-1 18.6421 16.1942 8.69055 1 0 0 1 0 0.15 0 0 0 0 0 0 0 -0.294173 -0.68331 0.668244 -0.300503 0.729849 0.614017 -0.907282 -0.020182 -0.420039 0 0 0 
-1 18.6407 16.1908 8.694 1 0 0 1 0 0.15 0 0 0 0 0 0 0 -0.304214 -0.683492 0.663546 0.897771 0.0272052 0.439622 -0.31853 0.729451 0.605343 0 0 0 
-1 18.6391 16.1874 8.6972 1 0 0 1 0 0.15 0 0 0 0 0 0 0 -0.305399 -0.680769 0.665797 0.904462 -0.426048 -0.0207549 0.297791 0.59585 0.745844 0 0 0 
-1 18.6376 16.184 8.70065 1 0 0 1 0 0.15 0 0 0 0 0 0 0 -0.295265 -0.660453 0.690377 0.955119 -0.222044 0.196072 0.0237978 0.717285 0.696373 0 0 0 
-1 18.6362 16.1807 8.7041 1 0 0 1 0 0.15 0 0 0 0 0 0 0 -0.295089 -0.655364 0.695284 0.955433 -0.208743 0.208743 0.00833307 0.725896 0.687754 0 0 0 
-1 18.6347 16.1775 8.7076 1 0 0 1 0 0.15 0 0 0 0 0 0 0 -0.294941 -0.644964 0.705005 -1.15551e-14 -0.737827 -0.67499 0.955516 -0.199082 0.217615 0 0 0 
-1 18.6332 16.1743 8.71115 1 0 0 1 0 0.15 0 0 0 0 0 0 0 -0.299528 -0.644 0.703951 0.906725 -0.421723 -2.25759e-09 0.296872 0.63829 0.710248 0 0 0 
-1 18.6317 16.171 8.71465 1 0 0 1 0 0.15 0 0 0 0 0 0 0 -0.299544 -0.644034 0.703913 0.519285 0.508883 0.686572 -0.800385 0.57119 0.182005 0 0 0 
-1 18.6302 16.1679 8.7182 1 0 0 1 0 0.15 0 0 0 0 0 0 0 -0.305077 -0.640065 0.705156 0.917789 -6.47565e-11 0.397069 -0.25415 0.76832 0.587445 0 0 0 
-1 18.6287 16.1646 8.7217 1 0 0 1 0 0.15 0 0 0 0 0 0 0 -0.306061 -0.637078 0.707431 0.820193 -0.553718 -0.143806 0.483333 0.536216 0.691998 0 0 0 
-1 18.6271 16.1615 8.72525 1 0 0 1 0 0.15 0 0 0 0 0 0 0 -0.300274 -0.630637 0.715634 0.953681 -0.212711 0.212711 0.0180796 0.746358 0.665299 0 0 0 
-1 18.6257 16.1583 8.72885 1 0 0 1 0 0.15 0 0 0 0 0 0 0 -0.300138 -0.625314 0.720347 0.797964 0.24918 0.548784 -0.522658 0.739522 0.424189 0 0 0 
-1 18.6241 16.1553 8.73245 1 0 0 1 0 0.15 0 0 0 0 0 0 0 -0.304559 -0.619021 0.723918 0.792938 0.256312 0.552769 -0.527724 0.742373 0.412783 0 0 0 
-1 18.6226 16.1521 8.7361 1 0 0 1 0 0.15 0 0 0 0 0 0 0 -0.308928 -0.612839 0.727318 0.92836 -0.0281321 0.370616 -0.206667 0.789707 0.577626 0 0 0 
-1 18.621 16.1491 8.73975 1 0 0 1 0 0.15 0 0 0 0 0 0 0 -0.30974 -0.60972 0.72959 0.920483 6.49485e-11 0.390782 -0.238268 0.792617 0.561237 0 0 0 
-1 18.6195 16.146 8.7434 1 0 0 1 0 0.15 0 0 0 0 0 0 0 -0.310691 -0.606544 0.73183 0.950476 -0.204895 0.233697 0.00820064 0.768194 0.640164 0 0 0 
-1 18.618 16.143 8.74705 1 0 0 1 0 0.15 0 0 0 0 0 0 0 -0.310625 -0.601072 0.736359 0.632244 0.447812 0.632244 -0.709775 0.661949 0.240922 0 0 0 
-1 18.6164 16.14 8.75075 1 0 0 1 0 0.15 0 0 0 0 0 0 0 -0.314008 -0.597907 0.7375 0.926252 -0.0223677 0.37624 -0.20846 0.801253 0.560837 0 0 0 
-1 18.6148 16.1371 8.75445 1 0 0 1 0 0.15 0 0 0 0 0 0 0 -0.31483 -0.594731 0.739714 0.920128 -6.69447e-11 0.391617 -0.232906 0.803925 0.547229 0 0 0 
-1 18.6133 16.1341 8.75815 1 0 0 1 0 0.15 0 0 0 0 0 0 0 -0.315745 -0.591562 0.741862 0.00920325 0.779913 0.625821 -0.9488 0.204427 -0.240809 0 0 0 
-1 18.6117 16.1311 8.76185 1 0 0 1 0 0.15 0 0 0 0 0 0 0 -0.320398 -0.590552 0.740671 0.546184 0.52367 0.653799 -0.773969 0.614018 0.154767 0 0 0 
-1 18.6101 16.1282 8.76555 1 0 0 1 0 0.15 0 0 0 0 0 0 0 -0.325784 -0.586258 0.741732 0.533613 0.533613 0.656136 -0.780463 0.609556 0.138992 0 0 0 
-1 18.6084 16.1253 8.76925 1 0 0 1 0 0.15 0 0 0 0 0 0 0 -0.320308 -0.590515 0.74074 0.0741323 0.763915 0.641045 -0.944409 0.260244 -0.200911 0 0 0 
-1 18.6068 16.1223 8.77295 1 0 0 1 0 0.15 0 0 0 0 0 0 0 -0.309238 -0.593518 0.743039 0.93066 -0.0282018 0.364796 -0.195558 0.804326 0.561085 0 0 0 
-1 18.6053 16.1194 8.7767 1 0 0 1 0 0.15 0 0 0 0 0 0 0 -0.310022 -0.590279 0.74529 0.950028 -0.222437 0.219015 0.0365003 0.775946 0.629742 0 0 0 
-1 18.6038 16.1164 8.7804 1 0 0 1 0 0.15 0 0 0 0 0 0 0 -0.310267 -0.595634 0.740914 0.266762 -0.802614 -0.533525 0.912454 0.0321127 0.407918 0 0 0 
-1 18.6022 16.1134 8.7841 1 0 0 1 0 0.15 0 0 0 0 0 0 0 -0.30014 -0.595242 0.745388 0.432472 -0.781404 -0.449862 0.850226 0.187338 0.491956 0 0 0 
-1 18.6007 16.1105 8.78785 1 0 0 1 0 0.15 0 0 0 0 0 0 0 -0.294564 -0.594002 0.748595 0.815807 -0.564268 -0.126729 0.497686 0.573379 0.650804 0 0 0 
-1 18.5992 16.1074 8.7916 1 0 0 1 0 0.15 0 0 0 0 0 0 0 -0.300471 -0.600789 0.74079 0.67973 -0.67973 -0.275564 0.669093 0.420738 0.612613 0 0 0 
-1 18.5977 16.1045 8.79525 1 0 0 1 0 0.15 0 0 0 0 0 0 0 -0.30036 -0.600719 0.740892 0.815823 -0.56424 -0.126752 0.494183 0.566366 0.659555 0 0 0 
-1 18.5962 16.1014 8.799 1 0 0 1 0 0.15 0 0 0 0 0 0 0 -0.294452 -0.59393 0.748696 0.815417 -0.564708 -0.127283 0.498392 0.57302 0.650579 0 0 0 
-1 18.5948 16.0985 8.80275 1 0 0 1 0 0.15 0 0 0 0 0 0 0 -0.300343 -0.600685 0.740926 0.953362 -0.213426 0.213426 0.0299312 0.770472 0.636771 0 0 0 
-1 18.5933 16.0954 8.8064 1 0 0 1 0 0.15 0 0 0 0 0 0 0 -0.300547 -0.60614 0.736387 0.778882 -0.601589 -0.177293 0.550467 0.520274 0.652918 0 0 0 
-1 18.5918 16.0924 8.8101 1 0 0 1 0 0.15 0 0 0 0 0 0 0 -0.305318 -0.610637 0.730687 0.827406 -0.549942 -0.113855 0.47136 0.569813 0.673152 0 0 0 
-1 18.5902 16.0893 8.8137 1 0 0 1 0 0.15 0 0 0 0 0 0 0 -0.396398 -0.715494 0.575272 0.840078 -0.535431 -0.0870753 0.37032 0.448757 0.813314 0 0 0 
-1 18.5877 16.085 8.81605 1 0 0 1 0 0.15 0 0 0 0 0 0 0 -0.428355 -0.75325 0.499125 0.878457 -0.47656 0.0347063 0.211721 0.453326 0.865835 0 0 0 
-1 18.5857 16.0814 8.819 1 0 0 1 0 0.15 0 0 0 0 0 0 0 -0.44131 -0.78134 0.44131 0.855845 -0.514324 -0.0547675 0.269768 0.353523 0.895682 0 0 0 
-1 18.5829 16.0765 8.82085 1 0 0 1 0 0.15 0 0 0 0 0 0 0 -0.410104 -0.739294 0.534096 0.836928 -0.537772 -0.101749 0.362444 0.405273 0.839279 0 0 0 
-1 18.5814 16.0736 8.8246 1 0 0 1 0 0.15 0 0 0 0 0 0 0 -0.294673 -0.599408 0.744229 -0.229039 -0.711807 -0.663982 0.927744 -0.366115 0.0724627 0 0 0 
-1 18.58 16.0706 8.8283 1 0 0 1 0 0.15 0 0 0 0 0 0 0 -0.280098 -0.605072 0.745274 0.544983 -0.739341 -0.395434 0.790278 0.295402 0.536842 0 0 0 
-1 18.5786 16.0676 8.83205 1 0 0 1 0 0.15 0 0 0 0 0 0 0 -0.270526 -0.601458 0.751708 0.270182 -0.796875 -0.540363 0.924022 0.0569153 0.378078 0 0 0 
-1 18.5773 16.0645 8.8358 1 0 0 1 0 0.15 0 0 0 0 0 0 0 -0.260297 -0.600792 0.75584 0.945503 7.10216e-11 0.325614 -0.195626 0.799405 0.568051 0 0 0 
-1 18.576 16.0616 8.8396 1 0 0 1 0 0.15 0 0 0 0 0 0 0 -0.259557 -0.603805 0.75369 0.0340694 0.774227 0.631991 -0.965127 0.189715 -0.180385 0 0 0 
-1 18.5746 16.0585 8.84335 1 0 0 1 0 0.15 0 0 0 0 0 0 0 -0.254994 -0.604695 0.754534 0.228332 0.720606 0.654669 -0.939597 0.339221 -0.0456789 0 0 0 
-1 18.5734 16.0555 8.84715 1 0 0 1 0 0.15 0 0 0 0 0 0 0 -0.75843 -0.28997 0.583696 0.0642985 0.857919 0.509746 -0.648575 0.424137 -0.632027 0 0 0 
-1 18.5651 16.0548 8.8507 1 0 0 1 0 0.15 0 0 0 0 0 0 0 -0.770841 -0.281706 0.571354 0.224899 0.718805 0.65783 -0.596007 0.635579 -0.490729 0 0 0 
-1 18.5635 16.0519 8.85445 1 0 0 1 0 0.15 0 0 0 0 0 0 0 -0.273413 -0.601447 0.750671 0.183515 0.733456 0.654495 -0.944229 0.316706 -0.0901618 0 0 0 
-1 18.5624 16.0488 8.85825 1 0 0 1 0 0.15 0 0 0 0 0 0 0 -0.234588 -0.61389 0.753729 0.62543 0.498262 0.600477 -0.744181 0.612269 0.267059 0 0 0 
-1 18.5612 16.0457 8.862 1 0 0 1 0 0.15 0 0 0 0 0 0 0 -0.230814 -0.616985 0.752366 0.95004 0.0240739 0.3112 -0.210118 0.786607 0.580603 0 0 0 
-1 18.56 16.0427 8.86575 1 0 0 1 0 0.15 0 0 0 0 0 0 0 -0.229964 -0.620155 0.750016 0.541731 0.55866 0.628033 -0.808482 0.550732 0.207486 0 0 0 
-1 18.5589 16.0395 8.8695 1 0 0 1 0 0.15 0 0 0 0 0 0 0 -0.224503 -0.623858 0.748599 5.7415e-15 0.768208 0.6402 -0.974473 0.143727 -0.172465 0 0 0 
-1 18.5578 16.0364 8.87325 1 0 0 1 0 0.15 0 0 0 0 0 0 0 -0.215071 -0.625218 0.750231 -0.945616 0.325286 2.88841e-09 -0.24404 -0.70943 -0.661176 0 0 0 
-1 18.5568 16.0333 8.877 1 0 0 1 0 0.15 0 0 0 0 0 0 0 -0.215059 -0.625182 0.750264 -5.41935e-11 0.768241 0.640161 -0.976601 0.137672 -0.165217 0 0 0 
-1 18.5557 16.0301 8.88075 1 0 0 1 0 0.15 0 0 0 0 0 0 0 -0.219855 -0.624498 0.749444 0.00972444 0.766799 0.641813 -0.975484 0.148394 -0.162512 0 0 0 
-1 18.5546 16.0271 8.8845 1 0 0 1 0 0.15 0 0 0 0 0 0 0 -0.215071 -0.625218 0.750231 -0.788312 0.564597 0.244529 -0.576462 -0.538825 -0.614296 0 0 0 
-1 18.5535 16.0239 8.88825 1 0 0 1 0 0.15 0 0 0 0 0 0 0 -0.220009 -0.629818 0.744933 0.325958 0.672287 0.664666 -0.919428 0.389049 0.0573845 0 0 0 
-1 18.5523 16.0208 8.89195 1 0 0 1 0 0.15 0 0 0 0 0 0 0 -0.230262 -0.625434 0.745528 -0.104399 0.777569 0.62007 -0.967512 0.064946 -0.24434 0 0 0 
-1 18.5512 16.0177 8.8957 1 0 0 1 0 0.15 0 0 0 0 0 0 0 -0.25926 -0.623197 0.737841 -0.276574 0.779874 0.561518 -0.92536 -0.0584887 -0.374551 0 0 0 
-1 18.5497 16.0145 8.89935 1 0 0 1 0 0.15 0 0 0 0 0 0 0 -0.32265 -0.625751 0.710164 -7.69752e-10 0.750291 0.661108 -0.946518 0.213307 -0.242082 0 0 0 
-1 18.548 16.0113 8.90285 1 0 0 1 0 0.15 0 0 0 0 0 0 0 -0.322786 -0.62572 0.710129 -0.193414 0.778066 0.597666 -0.926499 0.0555689 -0.372172 0 0 0 
-1 18.5465 16.0082 8.9065 1 0 0 1 0 0.15 0 0 0 0 0 0 0 -0.503087 -0.601639 0.620431 0.180476 0.628931 0.756223 -0.845182 0.492419 -0.207826 0 0 0 
-1 18.5426 16.0049 8.90945 1 0 0 1 0 0.15 0 0 0 0 0 0 0 -0.475018 -0.617508 0.62693 -0.168825 0.763157 0.623771 -0.86363 0.19046 -0.466764 0 0 0 
-1 18.5415 16.0017 8.9131 1 0 0 1 0 0.15 0 0 0 0 0 0 0 -0.200269 -0.646213 0.736411 -0.206435 0.762596 0.613051 -0.957746 -0.0292459 -0.286126 0 0 0 
-1 18.5406 15.9985 8.9168 1 0 0 1 0 0.15 0 0 0 0 0 0 0 -0.185132 -0.645671 0.740834 -0.982152 0.147044 -0.117281 -0.0332097 -0.749324 -0.66137 0 0 0 
-1 18.5396 15.9952 8.9205 1 0 0 1 0 0.15 0 0 0 0 0 0 0 -0.185364 -0.650989 0.736107 0 0.749089 0.66247 -0.98267 0.122798 -0.138854 0 0 0 
-1 18.5387 15.992 8.92415 1 0 0 1 0 0.15 0 0 0 0 0 0 0 -0.185216 -0.651008 0.736128 0.969774 8.87379e-12 0.244004 -0.158848 0.759071 0.63133 0 0 0 
-1 18.5378 15.9887 8.92785 1 0 0 1 0 0.15 0 0 0 0 0 0 0 -0.184627 -0.653812 0.733787 0.818613 0.310858 0.482949 -0.543861 0.689853 0.477826 0 0 0 
-1 18.5369 15.9855 8.9315 1 0 0 1 0 0.15 0 0 0 0 0 0 0 -0.17998 -0.659674 0.729683 -0.0225566 0.744369 0.667387 -0.983412 0.103657 -0.148852 0 0 0 
-1 18.536 15.9822 8.93515 1 0 0 1 0 0.15 0 0 0 0 0 0 0 -0.184825 -0.659155 0.728941 0.974943 -0.0295437 0.220485 -0.123798 0.751427 0.648099 0 0 0 
-1 18.535 15.9788 8.9388 1 0 0 1 0 0.15 0 0 0 0 0 0 0 -0.185291 -0.656316 0.73138 0.969375 2.86078e-10 0.245586 -0.161182 0.754486 0.636216 0 0 0 
-1 18.5342 15.9756 8.94245 1 0 0 1 0 0.15 0 0 0 0 0 0 0 -0.18531 -0.656229 0.731453 0.764971 0.370895 0.526552 -0.616831 0.657116 0.433265 0 0 0 
-1 18.5332 15.9723 8.9461 1 0 0 1 0 0.15 0 0 0 0 0 0 0 -0.179383 -0.662503 0.727263 0.343404 0.650586 0.677356 -0.921898 0.371252 0.110802 0 0 0 
-1 18.5324 15.969 8.94975 1 0 0 1 0 0.15 0 0 0 0 0 0 0 -0.170243 -0.666148 0.72613 -0.563009 0.670523 0.483135 -0.808726 -0.326568 -0.489199 0 0 0 
-1 18.5315 15.9656 8.95335 1 0 0 1 0 0.15 0 0 0 0 0 0 0 -0.180069 -0.670071 0.720125 -0.571189 0.667247 0.478042 -0.800823 -0.325247 -0.502888 0 0 0 
-1 18.5306 15.9622 8.95695 1 0 0 1 0 0.15 0 0 0 0 0 0 0 -0.189703 -0.673941 0.714015 0.016201 0.724972 0.688588 -0.981708 0.142195 -0.126611 0 0 0 
-1 18.5296 15.9589 8.9605 1 0 0 1 0 0.15 0 0 0 0 0 0 0 -0.179972 -0.675316 0.715233 -0.217896 0.736412 0.640483 -0.959235 -0.0405775 -0.279683 0 0 0 
-1 18.5288 15.9555 8.9641 1 0 0 1 0 0.15 0 0 0 0 0 0 0 -0.164991 -0.674601 0.719508 -0.0221775 0.731859 0.681095 -0.986046 0.0964173 -0.135711 0 0 0 
-1 18.528 15.9522 8.9677 1 0 0 1 0 0.15 0 0 0 0 0 0 0 -0.160106 -0.67507 0.720171 -0.49789 0.685204 0.531603 -0.852333 -0.273453 -0.445815 0 0 0 
-1 18.5271 15.9488 8.9713 1 0 0 1 0 0.15 0 0 0 0 0 0 0 -0.18976 -0.684204 0.704171 -0.963625 0.267256 -7.86392e-15 -0.188194 -0.678557 -0.710031 0 0 0 
-1 18.5261 15.9453 8.97475 1 0 0 1 0 0.15 0 0 0 0 0 0 0 -0.190423 -0.686594 0.70166 -0.310264 0.720195 0.620529 -0.931383 -0.099537 -0.350168 0 0 0 
-1 18.5252 15.9419 8.9783 1 0 0 1 0 0.15 0 0 0 0 0 0 0 -0.169799 -0.684228 0.709225 -0.571149 0.65481 0.494988 -0.803092 -0.321025 -0.501982 0 0 0 
-1 18.5243 15.9385 8.98185 1 0 0 1 0 0.15 0 0 0 0 0 0 0 -0.179552 -0.688081 0.703069 -0.345804 0.71322 0.609703 -0.920967 -0.13365 -0.366001 0 0 0 
-1 18.5234 15.935 8.98535 1 0 0 1 0 0.15 0 0 0 0 0 0 0 -0.170379 -0.686717 0.706676 -0.571306 0.653165 0.496976 -0.802858 -0.319054 -0.503611 0 0 0 
-1 18.5226 15.9316 8.9889 1 0 0 1 0 0.15 0 0 0 0 0 0 0 -0.160542 -0.682761 0.712786 0.542347 0.542347 0.641654 -0.824674 0.489589 0.283224 0 0 0 
-1 18.5219 15.9282 8.99245 1 0 0 1 0 0.15 0 0 0 0 0 0 0 -0.155239 -0.685893 0.710951 0.912238 -0.375715 -0.163282 0.379109 0.623209 0.684023 0 0 0 
-1 18.5211 15.9247 8.996 1 0 0 1 0 0.15 0 0 0 0 0 0 0 -0.159605 -0.693042 0.703007 0.557106 -0.651133 -0.515422 0.81496 0.309386 0.490021 0 0 0 
-1 18.5203 15.9212 8.9995 1 0 0 1 0 0.15 0 0 0 0 0 0 0 -0.174704 -0.698665 0.693791 0.97013 -0.242585 0 0.168304 0.673067 0.720177 0 0 0 
-1 18.5194 15.9178 9.00295 1 0 0 1 0 0.15 0 0 0 0 0 0 0 -0.175315 -0.701105 0.69117 0.163695 -0.713029 -0.681757 0.970808 -0.00638064 0.239772 0 0 0 
-1 18.5185 15.9143 9.0064 1 0 0 1 0 0.15 0 0 0 0 0 0 0 -0.155254 -0.701088 0.695969 0.318301 -0.70244 -0.636602 0.93519 0.122692 0.332214 0 0 0 
-1 18.5178 15.9107 9.0099 1 0 0 1 0 0.15 0 0 0 0 0 0 0 -0.144878 -0.699685 0.699608 0.572057 -0.636147 -0.517753 0.807318 0.325205 0.492423 0 0 0 
-1 18.517 15.9072 9.0134 1 0 0 1 0 0.15 0 0 0 0 0 0 0 -0.154566 -0.703541 0.693642 0.667895 -0.591758 -0.451374 0.728028 0.393514 0.561357 0 0 0 
-1 18.5163 15.9037 9.01685 1 0 0 1 0 0.15 0 0 0 0 0 0 0 -0.184965 -0.719427 0.669487 0.96389 0 0.266302 -0.191585 0.694569 0.693448 0 0 0 
-1 18.5152 15.9001 9.0201 1 0 0 1 0 0.15 0 0 0 0 0 0 0 -0.184945 -0.7195 0.669414 0.557842 -0.63765 -0.531239 0.809078 0.275177 0.519297 0 0 0 
-1 18.5144 15.8965 9.02355 1 0 0 1 0 0.15 0 0 0 0 0 0 0 -0.164312 -0.71227 0.682402 0.531657 -0.646668 -0.546957 0.830869 0.272932 0.484938 0 0 0 
-1 18.5135 15.8929 9.02695 1 0 0 1 0 0.15 0 0 0 0 0 0 0 -0.543504 -0.755774 0.365252 0.254923 -0.563194 -0.78602 0.799761 -0.334094 0.498762 0 0 0 
-1 18.508 15.8876 9.02785 1 0 0 1 0 0.15 0 0 0 0 0 0 0 -0.533574 -0.759847 0.371391 0.5183 -0.640778 -0.566364 0.668329 -0.109704 0.735732 0 0 0 
-1 18.5073 15.884 9.0313 1 0 0 1 0 0.159063 0 0 0 0 0 0 0 -0.129728 -0.713506 0.688535 0.234627 -0.696771 -0.677835 0.96339 0.0736145 0.257799 0 0 0 
-1 18.5067 15.8805 9.03475 1 0 0 1 0 0.159063 0 0 0 0 0 0 0 -0.115431 -0.712336 0.692281 -0.0108783 -0.695991 -0.717968 0.993256 -0.0904067 0.0725901 0 0 0 
-1 18.5061 15.8769 9.0382 1 0 0 1 0 0.159063 0 0 0 0 0 0 0 -0.110448 -0.712781 0.692636 -0.981873 -0.0297537 -0.187189 0.154033 -0.700756 -0.696574 0 0 0 
-1 18.5056 15.8734 9.04165 1 0 0 1 0 0.159063 0 0 0 0 0 0 0 -0.1099 -0.715266 0.690157 -0.570841 0.613848 0.545281 -0.813672 -0.334043 -0.475765 0 0 0 
-1 18.5051 15.8697 9.0451 1 0 0 1 0 0.159063 0 0 0 0 0 0 0 -0.1047 -0.713118 0.693182 -0.951776 0.273962 0.138082 -0.288374 -0.645297 -0.707412 0 0 0 
-1 18.5046 15.8662 9.0486 1 0 0 1 0 0.159063 0 0 0 0 0 0 0 -0.110013 -0.724923 0.679988 -0.938413 0.301203 0.169286 -0.327534 -0.619486 -0.713414 0 0 0 
-1 18.504 15.8625 9.0519 1 0 0 1 0 0.166406 0 0 0 0 0 0 0 -0.114913 -0.734134 0.66921 -0.577106 0.597663 0.556549 -0.808544 -0.32225 -0.492353 0 0 0 
-1 18.5034 15.8589 9.0553 1 0 0 1 0 0.166406 0 0 0 0 0 0 0 -0.105002 -0.730133 0.675189 -0.989817 0.142348 -0 -0.096112 -0.668314 -0.737644 0 0 0 
-1 18.5029 15.8552 9.05865 1 0 0 1 0 0.166406 0 0 0 0 0 0 0 -0.105008 -0.73017 0.675148 -0.99415 0.0598114 -0.0899372 0.0252879 -0.680642 -0.732179 0 0 0 
-1 18.5023 15.8516 9.06205 1 0 0 1 0 0.166406 0 0 0 0 0 0 0 -0.105185 -0.725304 0.680345 -0.569285 0.604866 0.556823 -0.815383 -0.328741 -0.476528 0 0 0 
-1 18.5019 15.848 9.06545 1 0 0 1 0 0.166406 0 0 0 0 0 0 0 -0.100403 -0.723365 0.683127 -0.203419 0.687018 0.697587 -0.97393 -0.0689205 -0.216125 0 0 0 
-1 18.5014 15.8443 9.06885 1 0 0 1 0 0.166406 0 0 0 0 0 0 0 -0.0996993 -0.723315 0.683283 0.709272 0.429954 0.558635 -0.697849 0.540329 0.470161 0 0 0 
-1 18.5009 15.8407 9.0723 1 0 0 1 0 0.172578 0 0 0 0 0 0 0 -0.0998558 -0.723194 0.683388 -0.337339 0.67075 0.660528 -0.936072 -0.164576 -0.31094 0 0 0 
-1 18.5003 15.8371 9.0757 1 0 0 1 0 0.172578 0 0 0 0 0 0 0 -0.100415 -0.723292 0.683203 -0.00740458 0.687198 0.726433 -0.994918 0.0678856 -0.0743603 0 0 0 
-1 18.4999 15.8335 9.0791 1 0 0 1 0 0.172578 0 0 0 0 0 0 0 -0.0947226 -0.723668 0.683617 7.99345e-10 0.686704 0.726937 -0.995504 0.0688573 -0.0650464 0 0 0 
-1 18.4994 15.8298 9.08255 1 0 0 1 0 0.172578 0 0 0 0 0 0 0 -0.0948735 -0.723658 0.683607 -0.990998 0.133812 0.00411729 -0.0944543 -0.677063 -0.729839 0 0 0 
-1 18.4989 15.8263 9.08595 1 0 0 1 0 0.172578 0 0 0 0 0 0 0 -0.0952055 -0.726038 0.681033 2.41279e-11 0.68414 0.72935 -0.995458 0.0694382 -0.0651339 0 0 0 
-1 18.4984 15.8226 9.08935 1 0 0 1 0 0.172578 0 0 0 0 0 0 0 -0.0902047 -0.726377 0.681351 2.48816e-11 0.68414 0.72935 -0.995923 0.0657908 -0.0617127 0 0 0 
-1 18.498 15.819 9.09275 1 0 0 1 0 0.179414 0 0 0 0 0 0 0 -0.0950541 -0.726048 0.681043 0.995465 -0.0667502 0.0677772 -0.00374973 0.684397 0.7291 0 0 0 
-1 18.4975 15.8154 9.09615 1 0 0 1 0 0.179414 0 0 0 0 0 0 0 -0.0950252 -0.730869 0.67587 0.820576 0.32687 0.46884 -0.563582 0.599155 0.568673 0 0 0 
-1 18.4971 15.8117 9.0995 1 0 0 1 0 0.179414 0 0 0 0 0 0 0 -0.0901499 -0.736021 0.670929 0.995327 -0.0431828 0.0863656 -0.0345943 0.67558 0.736474 0 0 0 
-1 18.4966 15.808 9.10285 1 0 0 1 0 0.179414 0 0 0 0 0 0 0 -0.0897823 -0.743063 0.663172 0.995327 -0.0431828 0.0863656 -0.0355375 0.667827 0.743468 0 0 0 
-1 18.4962 15.8042 9.10615 1 0 0 1 0 0.179414 0 0 0 0 0 0 0 -0.0897823 -0.743063 0.663172 0.995327 -0.0431828 0.0863656 -0.0355375 0.667827 0.743468 0 0 0 
-1 18.4957 15.8005 9.1095 1 0 0 1 0 0.179414 0 0 0 0 0 0 0 -0.0901499 -0.736021 0.670929 0.991093 -6.70758e-14 0.133169 -0.0980152 0.676959 0.729465 0 0 0 
-1 18.4953 15.7969 9.11285 1 0 0 1 0 0.185332 0 0 0 0 0 0 0 -0.0901601 -0.735951 0.671005 0.991093 0 0.133169 -0.0980058 0.677035 0.729396 0 0 0 
-1 18.4948 15.7932 9.1162 1 0 0 1 0 0.185898 0 0 0 0 0 0 0 -0.0901499 -0.736021 0.670929 0.992582 -0.121574 0 0.0815678 0.665953 0.741521 0 0 0 
-1 18.4944 15.7895 9.11955 1 0 0 1 0 0.185898 0 0 0 0 0 0 0 -0.0901546 -0.736059 0.670887 0.522298 0.53862 0.66113 -0.847984 0.410007 0.335883 0 0 0 
-1 18.4939 15.7859 9.1229 1 0 0 1 0 0.185898 0 0 0 0 0 0 0 -0.0848436 -0.738611 0.668771 -0.00913255 0.67174 0.740731 -0.996352 0.0567387 -0.0637382 0 0 0 
-1 18.4935 15.7822 9.12625 1 0 0 1 0 0.185898 0 0 0 0 0 0 0 -0.0898161 -0.738319 0.668445 -0.577755 0.585313 0.568866 -0.811254 -0.335104 -0.479138 0 0 0 
-1 18.493 15.7785 9.1296 1 0 0 1 0 0.185898 0 0 0 0 0 0 0 -0.0949581 -0.740429 0.665393 0 0.668414 0.74379 -0.995481 0.0706288 -0.0634713 0 0 0 
-1 18.4925 15.7747 9.1329 1 0 0 1 0 0.186074 0 0 0 0 0 0 0 -0.0851108 -0.741091 0.665988 -0.580373 0.580188 0.571445 -0.809891 -0.337886 -0.47949 0 0 0 
-1 18.4921 15.771 9.13625 1 0 0 1 0 0.18625 0 0 0 0 0 0 0 -0.0799883 -0.73894 0.669007 -0.995774 0.0288539 -0.0871874 0.0451227 -0.673154 -0.738125 0 0 0 
-1 18.4917 15.7673 9.1396 1 0 0 1 0 0.18625 0 0 0 0 0 0 0 -0.0801383 -0.736691 0.671464 -0.992953 1.38065e-10 -0.118508 0.0873035 -0.676229 -0.7315 0 0 0 
-1 18.4914 15.7637 9.14295 1 0 0 1 0 0.18625 0 0 0 0 0 0 0 -0.0801473 -0.736621 0.67154 -0.992714 -0.00182548 -0.120481 0.089975 -0.676303 -0.731108 0 0 0 
-1 18.4909 15.76 9.1463 1 0 0 1 0 0.18625 0 0 0 0 0 0 0 -0.0798459 -0.738879 0.66909 -0.996791 0.0553147 -0.0578677 0.00574671 -0.671564 -0.740925 0 0 0 
-1 18.4906 15.7563 9.14965 1 0 0 1 0 0.18625 0 0 0 0 0 0 0 -0.0798028 -0.743659 0.66378 -0.994291 0.106698 -7.01533e-11 -0.0708243 -0.65999 -0.747928 0 0 0 
-1 18.4902 15.7526 9.15295 1 0 0 1 0 0.18875 0 0 0 0 0 0 0 -0.0800693 -0.746142 0.660954 -0.256784 -0.625263 -0.736959 0.963146 -0.22873 -0.141533 0 0 0 
-1 18.4897 15.7488 9.15625 1 0 0 1 0 0.188906 0 0 0 0 0 0 0 -0.0802344 -0.746103 0.660978 -0.631811 -0.474821 -0.612666 0.770958 -0.46677 -0.4333 0 0 0 
-1 18.4893 15.7451 9.15955 1 0 0 1 0 0.188906 0 0 0 0 0 0 0 -0.0848074 -0.743321 0.663538 -0.811517 0.437926 0.386861 -0.578142 -0.505663 -0.640356 0 0 0 
-1 18.4889 15.7414 9.1629 1 0 0 1 0 0.188906 0 0 0 0 0 0 0 -0.0798369 -0.738949 0.669015 -0.990432 0.134598 0.0304748 -0.112568 -0.660181 -0.742624 0 0 0 
-1 18.4886 15.7377 9.16625 1 0 0 1 0 0.188906 0 0 0 0 0 0 0 -0.0802536 -0.74139 0.666258 -0.356848 -0.602742 -0.713696 0.930709 -0.295029 -0.216191 0 0 0 
-1 18.4881 15.734 9.16955 1 0 0 1 0 0.188906 0 0 0 0 0 0 0 -0.0801058 -0.741437 0.666223 0.348959 -0.646935 -0.678013 0.933708 0.178172 0.310555 0 0 0 
-1 18.4878 15.7303 9.1729 1 0 0 1 0 0.187578 0 0 0 0 0 0 0 -0.0699969 -0.739466 0.669545 0.566041 -0.582115 -0.583729 0.8214 0.338131 0.459314 0 0 0 
-1 18.4874 15.7266 9.17625 1 0 0 1 0 0.187812 0 0 0 0 0 0 0 -0.0752471 -0.741613 0.666595 -0.534396 -0.534396 -0.65486 0.841878 -0.405502 -0.356103 0 0 0 
-1 18.487 15.7229 9.17955 1 0 0 1 0 0.187812 0 0 0 0 0 0 0 -0.0750865 -0.74169 0.666527 0.571789 -0.579635 -0.580586 0.816957 0.337519 0.467613 0 0 0 
-1 18.4867 15.7192 9.1829 1 0 0 1 0 0.187812 0 0 0 0 0 0 0 -0.0698337 -0.739505 0.669519 -3.64961e-13 -0.671157 -0.741315 0.997559 -0.0517687 0.0468694 0 0 0 
-1 18.4863 15.7155 9.18625 1 0 0 1 0 0.187812 0 0 0 0 0 0 0 -0.0699854 -0.739497 0.669512 0.995552 -0.0942182 4.6358e-09 0.0630802 0.666533 0.742801 0 0 0 
-1 18.486 15.7118 9.1896 1 0 0 1 0 0.187812 0 0 0 0 0 0 0 -0.069989 -0.739535 0.66947 0.99458 2.04104e-15 0.103977 -0.0768948 0.673118 0.735526 0 0 0 
-1 18.4856 15.7081 9.19295 1 0 0 1 0 0.189531 0 0 0 0 0 0 0 -0.07025 -0.737242 0.671966 0.995721 -0.0923667 0.00275722 0.0600346 0.669285 0.740577 0 0 0 
-1 18.4852 15.7044 9.1963 1 0 0 1 0 0.189688 0 0 0 0 0 0 0 -0.0700161 -0.734635 0.67484 0.990334 0.0300101 0.135419 -0.119735 0.677798 0.725433 0 0 0 
-1 18.4849 15.7008 9.1997 1 0 0 1 0 0.189688 0 0 0 0 0 0 0 -0.0696065 -0.736948 0.672356 0.0971342 0.665782 0.739797 -0.992834 0.116803 0.0252401 0 0 0 
-1 18.4846 15.6971 9.20305 1 0 0 1 0 0.189688 0 0 0 0 0 0 0 -0.0652183 -0.737457 0.672238 0.996112 -0.088093 -7.13643e-11 0.0592195 0.669625 0.740335 0 0 0 
-1 18.4842 15.6934 9.2064 1 0 0 1 0 0.189688 0 0 0 0 0 0 0 -0.0650004 -0.734993 0.674952 0.578764 -0.578764 -0.574512 0.8129 0.353294 0.463008 0 0 0 
-1 18.4839 15.6897 9.2098 1 0 0 1 0 0.189688 0 0 0 0 0 0 0 -0.0697535 -0.737047 0.672232 0.578764 -0.578764 -0.574512 0.812506 0.34899 0.466947 0 0 0 
-1 18.4835 15.686 9.21315 1 0 0 1 0 0.187969 0 0 0 0 0 0 0 -0.0650004 -0.734993 0.674952 0.578764 -0.578764 -0.574512 0.8129 0.353294 0.463008 0 0 0 
-1 18.4832 15.6824 9.21655 1 0 0 1 0 0.187812 0 0 0 0 0 0 0 -0.0602067 -0.732898 0.67767 0.572666 -0.581423 -0.577929 0.817575 0.353283 0.454711 0 0 0 
-1 18.483 15.6787 9.2199 1 0 0 1 0 0.187812 0 0 0 0 0 0 0 -0.0649971 -0.734955 0.674993 0.996112 -0.088093 -0 0.0594622 0.672369 0.737824 0 0 0 
-1 18.4826 15.675 9.2233 1 0 0 1 0 0.187812 0 0 0 0 0 0 0 -0.0647798 -0.732499 0.677679 0.580179 -0.580179 -0.571651 0.811909 0.356144 0.462564 0 0 0 
-1 18.4823 15.6714 9.2267 1 0 0 1 0 0.187812 0 0 0 0 0 0 0 -0.0600007 -0.73039 0.68039 -0.349747 -0.623016 -0.699663 0.93492 -0.279945 -0.218071 0 0 0 
-1 18.482 15.6677 9.2301 1 0 0 1 0 0.187812 0 0 0 0 0 0 0 -0.0600007 -0.73039 0.68039 0.822479 -0.422408 -0.380919 0.565622 0.536751 0.626076 0 0 0 
-1 18.4817 15.6641 9.2335 1 0 0 1 0 0.189531 0 0 0 0 0 0 0 -0.055146 -0.725759 0.685736 0.98225 0.0838874 0.167775 -0.179289 0.682816 0.70825 0 0 0 
-1 18.4814 15.6605 9.23695 1 0 0 1 0 0.189688 0 0 0 0 0 0 0 -0.055137 -0.725793 0.6857 -1.64564e-09 0.686745 0.726899 -0.998479 0.040079 -0.0378651 0 0 0 
-1 18.4811 15.6568 9.24035 1 0 0 1 0 0.189688 0 0 0 0 0 0 0 -0.0549848 -0.725799 0.685706 -0.899369 0.334306 0.281735 -0.433719 -0.601212 -0.671143 0 0 0 
-1 18.4809 15.6532 9.2438 1 0 0 1 0 0.189688 0 0 0 0 0 0 0 -0.0498034 -0.71857 0.693669 -0.994668 0.098484 0.0306052 -0.0903073 -0.688446 -0.719644 0 0 0 
-1 18.4806 15.6496 9.2473 1 0 0 1 0 0.189688 0 0 0 0 0 0 0 -0.0501271 -0.721036 0.691082 -0.609194 -0.52625 -0.593247 0.791435 -0.450741 -0.412872 0 0 0 
-1 18.4804 15.646 9.2507 1 0 0 1 0 0.189688 0 0 0 0 0 0 0 -0.0452472 -0.723801 0.688524 -0.998052 0.0623915 0 -0.042958 -0.687182 -0.725214 0 0 0 
-1 18.4802 15.6424 9.25415 1 0 0 1 0 0.187969 0 0 0 0 0 0 0 -0.0449351 -0.71881 0.693753 -0.998864 0.0213093 -0.0426186 0.0158513 -0.69488 -0.718951 0 0 0 
-1 18.4799 15.6388 9.25765 1 0 0 1 0 0.187812 0 0 0 0 0 0 0 -0.0449377 -0.718698 0.693868 -0.998158 0.0606373 -0.00183749 -0.0407537 -0.692673 -0.7201 0 0 0 
-1 18.4797 15.6352 9.2611 1 0 0 1 0 0.187812 0 0 0 0 0 0 0 -0.0450897 -0.721283 0.691172 -0.998052 0.0623915 -2.23431e-12 -0.0431232 -0.689825 -0.722691 0 0 0 
-1 18.4795 15.6316 9.26455 1 0 0 1 0 0.187812 0 0 0 0 0 0 0 -0.0449351 -0.71881 0.693753 -0.820452 0.422757 0.384884 -0.569947 -0.551896 -0.608745 0 0 0 
-1 18.4793 15.628 9.26805 1 0 0 1 0 0.187812 0 0 0 0 0 0 0 -0.0399254 -0.713933 0.699075 -0.597125 -0.543913 -0.589576 0.801154 -0.440974 -0.404591 0 0 0 
-1 18.4791 15.6245 9.27155 1 0 0 1 0 0.187812 0 0 0 0 0 0 0 -0.0350204 -0.716619 0.696585 0.332658 -0.665624 -0.668045 0.942397 0.20833 0.2617 0 0 0 
-1 18.479 15.6208 9.275 1 0 0 1 0 0.189531 0 0 0 0 0 0 0 -0.0350204 -0.716619 0.696585 0.999348 -0.0189475 0.0307492 -0.00883684 0.697208 0.716815 0 0 0 
-1 18.4788 15.6173 9.2785 1 0 0 1 0 0.189688 0 0 0 0 0 0 0 -0.0350516 -0.714138 0.699127 0.566219 -0.590636 -0.57493 0.823509 0.375707 0.425061 0 0 0 
-1 18.4786 15.6137 9.282 1 0 0 1 0 0.189688 0 0 0 0 0 0 0 -0.0299235 -0.711785 0.70176 0.999467 -0.0304644 0.0117183 0.0130378 0.701737 0.712317 0 0 0 
-1 18.4785 15.6102 9.28555 1 0 0 1 0 0.189688 0 0 0 0 0 0 0 -0.0298766 -0.709264 0.70431 0.596248 -0.578179 -0.556954 0.802244 0.403303 0.440171 0 0 0 
-1 18.4783 15.6066 9.28905 1 0 0 1 0 0.189688 0 0 0 0 0 0 0 -0.0250915 -0.706846 0.706922 0.814322 -0.424633 -0.395684 0.57987 0.565734 0.586255 0 0 0 
-1 18.4782 15.6031 9.2926 1 0 0 1 0 0.189688 0 0 0 0 0 0 0 -0.0200455 -0.701897 0.711996 0.999604 3.27747e-11 0.0281427 -0.0197533 0.712278 0.701619 0 0 0 
-1 18.4781 15.5996 9.29615 1 0 0 1 0 0.187969 0 0 0 0 0 0 0 -0.0200433 -0.701975 0.71192 0.573446 -0.591367 -0.566961 0.818998 0.396884 0.414398 0 0 0 
-1 18.478 15.5961 9.2997 1 0 0 1 0 0.187812 0 0 0 0 0 0 0 -0.0250035 -0.704366 0.709397 -1.10356e-14 -0.709619 -0.704586 0.999687 -0.0176171 0.0177429 0 0 0 
-1 18.4778 15.5926 9.30325 1 0 0 1 0 0.187812 0 0 0 0 0 0 0 -0.0199745 -0.704445 0.709477 -0.0221604 -0.709132 -0.704727 0.999555 -0.0297989 -0.00144619 0 0 0 
-1 18.4778 15.5891 9.3068 1 0 0 1 0 0.187812 0 0 0 0 0 0 0 -0.0150949 -0.704582 0.709462 0.582767 -0.582767 -0.56636 0.812499 0.404902 0.419405 0 0 0 
-1 18.4777 15.5855 9.31035 1 0 0 1 0 0.187812 0 0 0 0 0 0 0 -0.0149441 -0.704507 0.709539 0.816414 -0.418288 -0.398126 0.577274 0.573328 0.58142 0 0 0 
-1 18.4776 15.582 9.3139 1 0 0 1 0 0.187812 0 0 0 0 0 0 0 -0.00991202 -0.699483 0.71458 0.584084 -0.584084 -0.563642 0.811633 0.411788 0.414346 0 0 0 
-1 18.4776 15.5785 9.3175 1 0 0 1 0 0.189531 0 0 0 0 0 0 0 -0.0100634 -0.69956 0.714503 -0.0106005 -0.714424 -0.699633 0.999893 -0.0146148 -0.000226131 0 0 0 
-1 18.4776 15.575 9.32105 1 0 0 1 0 0.189688 0 0 0 0 0 0 0 -0.00503218 -0.699625 0.714493 0.32962 -0.675731 -0.659347 0.9441 0.232193 0.234011 0 0 0 
-1 18.4776 15.5715 9.32465 1 0 0 1 0 0.189688 0 0 0 0 0 0 0 -0.00503218 -0.699625 0.714493 0.999976 -0.00010515 0.00693987 -0.00478018 0.71451 0.699609 0 0 0 
-1 18.4775 15.568 9.3282 1 0 0 1 0 0.189688 0 0 0 0 0 0 0 -0.00504964 -0.697004 0.717049 0.0217262 -0.716966 -0.69677 0.999751 0.0120603 0.0187637 0 0 0 
-1 18.4775 15.5645 9.3318 1 0 0 1 0 0.189688 0 0 0 0 0 0 0 0 -0.696934 0.717135 1 0 0 -0 0.717135 0.696934 0 0 0 
-1 18.4775 15.5611 9.33535 1 0 0 1 0 0.189688 0 0 0 0 0 0 0 0 -0.699518 0.714615 0.810129 -0.418944 -0.410093 0.586252 0.57893 0.5667 0 0 0 
-1 18.4775 15.5576 9.33895 1 0 0 1 0 0.187969 0 0 0 0 0 0 0 0.00503167 -0.694523 0.719453 0.810129 -0.418944 -0.410093 0.58623 0.584913 0.560545 0 0 0 
-1 18.4776 15.5541 9.34255 1 0 0 1 0 0.187812 0 0 0 0 0 0 0 0.00503167 -0.694523 0.719453 0.328602 -0.678359 -0.657153 0.944455 0.23972 0.224808 0 0 0 
-1 18.4776 15.5506 9.34615 1 0 0 1 0 0.187812 0 0 0 0 0 0 0 0.00503167 -0.694523 0.719453 0.814426 -0.414624 -0.405953 0.580246 0.587984 0.563551 0 0 0 
-1 18.4776 15.5471 9.34975 1 0 0 1 0 0.187812 0 0 0 0 0 0 0 0.010062 -0.689399 0.724312 0.010773 -0.724231 -0.689473 0.999891 0.0147405 0.000139693 0 0 0 
-1 18.4776 15.5437 9.3534 1 0 0 1 0 0.187812 0 0 0 0 0 0 0 0.0149388 -0.689319 0.724304 -0.999765 -0.0216667 -0 0.0156933 -0.724134 -0.689481 0 0 0 
-1 18.4777 15.5402 9.357 1 0 0 1 0 0.187812 0 0 0 0 0 0 0 0.0149925 -0.691798 0.721936 -0.999473 0.0104324 0.030753 -0.0288063 -0.722016 -0.691276 0 0 0 
-1 18.4778 15.5368 9.3606 1 0 0 1 0 0.189531 0 0 0 0 0 0 0 0.0150912 -0.689318 0.724302 0.0107694 0.724454 0.689239 -0.999828 -0.00260118 0.0183564 0 0 0 
-1 18.4779 15.5333 9.36425 1 0 0 1 0 0.189688 0 0 0 0 0 0 0 0.0199686 -0.689297 0.724204 -0.99962 7.05276e-11 0.0275627 -0.0189989 -0.724479 -0.689035 0 0 0 
-1 18.478 15.5299 9.36785 1 0 0 1 0 0.189688 0 0 0 0 0 0 0 0.0200379 -0.686643 0.726719 -0.999574 -0.02917 6.79568e-11 0.0211984 -0.726409 -0.686935 0 0 0 
-1 18.4781 15.5265 9.3715 1 0 0 1 0 0.189688 0 0 0 0 0 0 0 0.0200368 -0.686605 0.726755 -0.605245 -0.586904 -0.537794 0.795787 -0.429089 -0.427324 0 0 0 
-1 18.4782 15.5231 9.3751 1 0 0 1 0 0.189688 0 0 0 0 0 0 0 0.0248423 -0.689184 0.724161 -0 -0.724384 -0.689396 0.999691 0.0171262 -0.0179954 0 0 0 
-1 18.4783 15.5196 9.37875 1 0 0 1 0 0.189688 0 0 0 0 0 0 0 0.0249946 -0.689181 0.724158 0.999405 -0 -0.0344949 0.0237732 0.724589 0.688771 0 0 0 
-1 18.4785 15.5161 9.38235 1 0 0 1 0 0.187969 0 0 0 0 0 0 0 0.0250814 -0.686527 0.726672 0.567146 -0.588827 -0.575872 0.823235 0.426573 0.374592 0 0 0 
-1 18.4786 15.5128 9.386 1 0 0 1 0 0.187812 0 0 0 0 0 0 0 0.0300155 -0.683957 0.728904 0.999038 0.0438429 -7.15714e-11 -0.0319572 0.728203 0.684616 0 0 0 
-1 18.4788 15.5093 9.38965 1 0 0 1 0 0.187812 0 0 0 0 0 0 0 0.0301241 -0.686431 0.726571 8.46222e-10 0.726901 0.686743 -0.999546 -0.0206875 0.0218972 0 0 0 
-1 18.4789 15.5059 9.39325 1 0 0 1 0 0.187812 0 0 0 0 0 0 0 0.0299713 -0.686434 0.726574 -0.556017 0.592608 0.582805 -0.830631 -0.421455 -0.363907 0 0 0 
-1 18.479 15.5025 9.3969 1 0 0 1 0 0.187812 0 0 0 0 0 0 0 0.034882 -0.68393 0.728713 -0.996646 0.0302014 0.0760527 -0.0740229 -0.728922 -0.680583 0 0 0 
-1 18.4792 15.499 9.40055 1 0 0 1 0 0.187812 0 0 0 0 0 0 0 0.0351547 -0.681237 0.731218 -0.998846 -1.74801e-12 0.0480215 -0.032714 -0.732063 -0.680451 0 0 0 
-1 18.4794 15.4956 9.4042 1 0 0 1 0 0.189531 0 0 0 0 0 0 0 0.0350377 -0.683845 0.728785 -2.49012e-11 0.729233 0.684266 -0.999386 -0.0239751 0.0255507 0 0 0 
-1 18.4796 15.4922 9.40785 1 0 0 1 0 0.189688 0 0 0 0 0 0 0 0.0399053 -0.683721 0.728652 0.599685 0.599685 0.529864 -0.799241 0.415817 0.433948 0 0 0 
-1 18.4798 15.4888 9.4115 1 0 0 1 0 0.189688 0 0 0 0 0 0 0 0.0350057 -0.681159 0.731298 0.998823 -0.000734787 -0.048496 0.0335708 0.732135 0.680332 0 0 0 
-1 18.4799 15.4854 9.41515 1 0 0 1 0 0.189688 0 0 0 0 0 0 0 0.0348837 -0.683811 0.728825 -1.61354e-12 -0.729269 -0.684228 0.999391 0.0238684 -0.0254396 0 0 0 
-1 18.4802 15.482 9.4188 1 0 0 1 0 0.189688 0 0 0 0 0 0 0 0.0399031 -0.683683 0.728688 0.218861 -0.705579 -0.673986 0.97494 0.186375 0.121476 0 0 0 
-1 18.4804 15.4786 9.42245 1 0 0 1 0 0.189688 0 0 0 0 0 0 0 0.0401864 -0.683628 0.728723 0.998483 7.04468e-11 -0.0550626 0.0376424 0.72983 0.682591 0 0 0 
-1 18.4805 15.4751 9.42605 1 0 0 1 0 0.187969 0 0 0 0 0 0 0 0.0400475 -0.686311 0.726205 0.998403 0.0564749 -0.00168582 -0.0398553 0.725113 0.687476 0 0 0 
-1 18.4807 15.4717 9.4297 1 0 0 1 0 0.187812 0 0 0 0 0 0 0 0.0399031 -0.683683 0.728688 0.998504 -1.92869e-12 -0.0546782 0.0373826 0.729779 0.68266 0 0 0 
-1 18.4809 15.4683 9.43335 1 0 0 1 0 0.187812 0 0 0 0 0 0 0 0.0400404 -0.680992 0.731195 0.318344 0.702343 0.636688 -0.947129 0.207278 0.244912 0 0 0 
-1 18.4811 15.4649 9.437 1 0 0 1 0 0.187812 0 0 0 0 0 0 0 0.0401952 -0.681026 0.731155 0.998492 0 -0.054892 0.0373829 0.732259 0.679999 0 0 0 
-1 18.4813 15.4615 9.44065 1 0 0 1 0 0.187812 0 0 0 0 0 0 0 0.0400573 -0.683716 0.728648 0.578638 -0.578638 -0.574767 0.814601 0.444647 0.372445 0 0 0 
-1 18.4816 15.4581 9.4443 1 0 0 1 0 0.187812 0 0 0 0 0 0 0 0.0399011 -0.683802 0.728576 0.998504 1.92908e-12 -0.0546839 0.037393 0.729668 0.682778 0 0 0 
-1 18.4818 15.4546 9.44795 1 0 0 1 0 0.189531 0 0 0 0 0 0 0 0.0400384 -0.681112 0.731084 0.998504 -3.10043e-14 -0.0546839 0.0372459 0.732179 0.680093 0 0 0 
-1 18.482 15.4513 9.4516 1 0 0 1 0 0.189688 0 0 0 0 0 0 0 0.0400426 -0.68103 0.73116 0.998505 0 -0.0546557 0.0372222 0.732255 0.680012 0 0 0 
-1 18.4822 15.4479 9.45525 1 0 0 1 0 0.189688 0 0 0 0 0 0 0 0.0400426 -0.68103 0.73116 0.595719 0.603745 0.529726 -0.802194 0.414354 0.429878 0 0 0 
-1 18.4823 15.4445 9.4589 1 0 0 1 0 0.189688 0 0 0 0 0 0 0 0.0449194 -0.683537 0.728532 1.60313e-12 0.729269 0.684228 -0.998991 -0.0307351 0.0327583 0 0 0 
-1 18.4826 15.441 9.46255 1 0 0 1 0 0.189688 0 0 0 0 0 0 0 0.0399031 -0.683683 0.728688 -0.0103711 0.728946 0.684493 -0.99915 -0.0348707 0.0219966 0 0 0 
-1 18.4827 15.4376 9.4662 1 0 0 1 0 0.189688 0 0 0 0 0 0 0 0.0348856 -0.683849 0.728789 0.0221086 0.729583 0.683535 -0.999147 -0.00773306 0.0405708 0 0 0 
-1 18.483 15.4342 9.46985 1 0 0 1 0 0.187969 0 0 0 0 0 0 0 0.0399011 -0.683802 0.728576 0.0583529 0.729507 0.68148 -0.997498 0.0153228 0.06901 0 0 0 
-1 18.4832 15.4307 9.4735 1 0 0 1 0 0.187812 0 0 0 0 0 0 0 0.0351295 -0.683721 0.728898 0.999334 0.0312292 -0.0188696 -0.00986135 0.729075 0.684362 0 0 0 
-1 18.4833 15.4274 9.4771 1 0 0 1 0 0.187812 0 0 0 0 0 0 0 0.0351644 -0.686318 0.726451 0.99869 0.0511692 -0 -0.0371719 0.7255 0.687218 0 0 0 
-1 18.4835 15.4239 9.48075 1 0 0 1 0 0.187812 0 0 0 0 0 0 0 0.0350377 -0.683845 0.728785 0.999362 0.0189298 -0.0302837 0.00691358 0.729381 0.684072 0 0 0 
-1 18.4837 15.4205 9.4844 1 0 0 1 0 0.187812 0 0 0 0 0 0 0 0.0350137 -0.68636 0.726419 0.99884 9.48762e-16 -0.0481445 0.0330444 0.727262 0.685564 0 0 0 
-1 18.4839 15.4171 9.488 1 0 0 1 0 0.187812 0 0 0 0 0 0 0 0.0348926 -0.689014 0.723907 -0.0107675 -0.724565 -0.689122 0.999333 0.0162506 -0.032701 0 0 0 
-1 18.484 15.4136 9.49165 1 0 0 1 0 0.189531 0 0 0 0 0 0 0 0.0300199 -0.689086 0.724058 0.999142 9.48752e-16 -0.041425 0.0285454 0.72468 0.688494 0 0 0 
-1 18.4841 15.4102 9.49525 1 0 0 1 0 0.189688 0 0 0 0 0 0 0 0.0301241 -0.686431 0.726571 2.35183e-11 -0.726901 -0.686743 0.999546 0.0206875 -0.0218972 0 0 0 
-1 18.4843 15.4068 9.4989 1 0 0 1 0 0.189688 0 0 0 0 0 0 0 0.0249285 -0.686529 0.726675 -0.999525 -0.0302886 0.00567334 0.0181151 -0.726471 -0.686958 0 0 0 
-1 18.4844 15.4033 9.5025 1 0 0 1 0 0.189688 0 0 0 0 0 0 0 0.0249946 -0.689181 0.724158 -0.999404 2.69818e-05 0.0345097 -0.0238029 -0.724589 -0.68877 0 0 0 
-1 18.4846 15.3999 9.50615 1 0 0 1 0 0.189688 0 0 0 0 0 0 0 0.0249946 -0.689181 0.724158 -0.816481 0.403904 0.412577 -0.576831 -0.601574 -0.552608 0 0 0 
-1 18.4846 15.3964 9.50975 1 0 0 1 0 0.189688 0 0 0 0 0 0 0 0.0199705 -0.694393 0.719318 0 0.719462 0.694532 -0.999801 -0.0138701 0.014368 0 0 0 
-1 18.4848 15.3929 9.51335 1 0 0 1 0 0.187969 0 0 0 0 0 0 0 0.0249984 -0.694315 0.719237 -0.999397 -7.05116e-11 0.0347358 -0.0241176 -0.719671 -0.693896 0 0 0 
-1 18.4849 15.3895 9.51695 1 0 0 1 0 0.187812 0 0 0 0 0 0 0 0.0250858 -0.691696 0.721753 -0.578676 0.578676 0.57469 -0.815172 -0.432078 -0.385751 0 0 0 
-1 18.485 15.386 9.52055 1 0 0 1 0 0.187812 0 0 0 0 0 0 0 0.0199705 -0.694393 0.719318 -0.814382 0.406062 0.414602 -0.579985 -0.59408 -0.557392 0 0 0 
-1 18.4851 15.3825 9.52415 1 0 0 1 0 0.187812 0 0 0 0 0 0 0 0.0149417 -0.699517 0.714459 -0.999781 0 0.0209088 -0.0146261 -0.714615 -0.699365 0 0 0 
-1 18.4851 15.379 9.5277 1 0 0 1 0 0.187812 0 0 0 0 0 0 0 0.0149433 -0.69944 0.714535 -0.999888 -0.0104856 0.0106469 4.54573e-05 -0.714615 -0.699518 0 0 0 
-1 18.4852 15.3755 9.5313 1 0 0 1 0 0.187812 0 0 0 0 0 0 0 0.0149426 -0.694375 0.719458 -0.343347 0.672223 0.655919 -0.93909 -0.256825 -0.228367 0 0 0 
-1 18.4853 15.3721 9.5349 1 0 0 1 0 0.189531 0 0 0 0 0 0 0 0.00504992 -0.697042 0.717012 0.578374 0.586958 0.566537 -0.815756 0.41184 0.406115 0 0 0 
-1 18.4853 15.3686 9.53845 1 0 0 1 0 0.189688 0 0 0 0 0 0 0 0.0100634 -0.69956 0.714503 0.999897 0.0143872 -0 -0.0102797 0.714429 0.699633 0 0 0 
-1 18.4854 15.365 9.54205 1 0 0 1 0 0.189688 0 0 0 0 0 0 0 0.0100634 -0.69956 0.714503 0.00552719 0.714567 0.699545 -0.999934 -0.00309063 0.0110576 0 0 0 
-1 18.4854 15.3615 9.5456 1 0 0 1 0 0.189688 0 0 0 0 0 0 0 0 -0.699556 0.714578 0.00552719 0.714567 0.699545 -0.999985 0.00394961 0.00386658 0 0 0 
-1 18.4854 15.3581 9.5492 1 0 0 1 0 0.189688 0 0 0 0 0 0 0 0 -0.699556 0.714578 -0.0110539 0.714534 0.699513 -0.999939 -0.00789885 -0.0077328 0 0 0 
-1 18.4854 15.3546 9.55275 1 0 0 1 0 0.189688 0 0 0 0 0 0 0 -0.0050319 -0.699587 0.71453 -0.999987 0.00358617 -0.003531 -9.21864e-05 -0.714539 -0.699596 0 0 0 
-1 18.4853 15.351 9.55635 1 0 0 1 0 0.187969 0 0 0 0 0 0 0 -0.00503242 -0.704539 0.709648 -0.999987 0.00355848 -0.00355848 -1.81791e-05 -0.709656 -0.704548 0 0 0 
-1 18.4853 15.3475 9.55985 1 0 0 1 0 0.187812 0 0 0 0 0 0 0 -0.00503217 -0.714568 0.699548 1.10318e-14 -0.699557 -0.714577 0.999987 -0.00359587 0.00352029 0 0 0 
-1 18.4853 15.3439 9.56335 1 0 0 1 0 0.187812 0 0 0 0 0 0 0 -0.010064 -0.714541 0.699521 0.999404 -0.030285 -0.0165569 0.0330156 0.698938 0.71442 0 0 0 
-1 18.4852 15.3404 9.56685 1 0 0 1 0 0.187812 0 0 0 0 0 0 0 -0.00994719 -0.712066 0.702042 0.571536 -0.580143 -0.580328 0.820517 0.395469 0.412742 0 0 0 
-1 18.4852 15.3368 9.57035 1 0 0 1 0 0.187812 0 0 0 0 0 0 0 -0.00488019 -0.70961 0.704578 -0.334896 -0.662739 -0.669792 0.942242 -0.239229 -0.234411 0 0 0 
-1 18.4852 15.3333 9.5739 1 0 0 1 0 0.187812 0 0 0 0 0 0 0 -0.00503242 -0.709572 0.704615 -2.50189e-11 -0.704624 -0.709581 0.999987 -0.00357091 0.00354597 0 0 0 
-1 18.4851 15.3297 9.5774 1 0 0 1 0 0.189531 0 0 0 0 0 0 0 -0.0100645 -0.709545 0.704589 -0.816454 -0.400985 -0.415468 0.577323 -0.579445 -0.575275 0 0 0 
-1 18.4851 15.3262 9.58095 1 0 0 1 0 0.189688 0 0 0 0 0 0 0 -0.00503217 -0.714568 0.699548 -0.58275 -0.566397 -0.58275 0.812636 -0.410594 -0.413564 0 0 0 
-1 18.4851 15.3225 9.5844 1 0 0 1 0 0.189688 0 0 0 0 0 0 0 0 -0.717097 0.696974 0.167838 -0.687087 -0.706925 0.985815 0.116979 0.120356 0 0 0 
-1 18.4851 15.319 9.5879 1 0 0 1 0 0.189688 0 0 0 0 0 0 0 -0.0199726 -0.71932 0.694392 0.686922 -0.51452 -0.513232 0.726456 0.466743 0.504393 0 0 0 
-1 18.4849 15.3154 9.59135 1 0 0 1 0 0.189688 0 0 0 0 0 0 0 -0.0348838 -0.728751 0.68389 0.574543 -0.574543 -0.582925 0.817731 0.372589 0.438741 0 0 0 
-1 18.4848 15.3117 9.59475 1 0 0 1 0 0.189688 0 0 0 0 0 0 0 -0.0301208 -0.726569 0.686433 -0.589929 -0.541459 -0.599004 0.806893 -0.422989 -0.412314 0 0 0 
-1 18.4846 15.3081 9.5982 1 0 0 1 0 0.187969 0 0 0 0 0 0 0 -0.0350409 -0.723976 0.688935 -0.820491 0.41442 0.393766 -0.570585 -0.551467 -0.608537 0 0 0 
-1 18.4844 15.3044 9.60165 1 0 0 1 0 0.187812 0 0 0 0 0 0 0 -0.0399053 -0.728652 0.683721 -0.969433 -0.137551 -0.203171 0.242088 -0.670929 -0.700891 0 0 0 
-1 18.4842 15.3008 9.60505 1 0 0 1 0 0.187812 0 0 0 0 0 0 0 -0.0248347 -0.768808 0.638997 -0.428825 0.585593 0.687888 -0.903046 -0.256935 -0.344227 0 0 0 
-1 18.4841 15.2968 9.60805 1 0 0 1 0 0.187812 0 0 0 0 0 0 0 -0.00991219 -0.764458 0.644597 -0.999947 0.00577936 -0.0085225 0.00278974 -0.644647 -0.764475 0 0 0 
-1 18.4841 15.2931 9.6115 1 0 0 1 0 0.187812 0 0 0 0 0 0 0 -0.010062 -0.724312 0.689399 -0.171418 0.680478 0.712436 -0.985147 -0.111007 -0.131007 0 0 0 
-1 18.4841 15.2895 9.61495 1 0 0 1 0 0.187812 0 0 0 0 0 0 0 -0.0299124 -0.726401 0.686619 0.164633 0.673965 0.720186 -0.985901 0.134582 0.0994294 0 0 0 
-1 18.4838 15.2859 9.6184 1 0 0 1 0 0.197031 0 0 0 0 0 0 0 -0.0499397 -0.723517 0.688498 0.998743 -0.0391143 0.0313393 0.00425563 0.689198 0.724561 0 0 0 
-1 18.4835 15.2822 9.62185 1 0 0 1 0 0.197187 0 0 0 0 0 0 0 -0.0500499 -0.745103 0.665069 0.9987 -0.0308859 0.0405547 -0.00967614 0.666234 0.74568 0 0 0 
-1 18.4833 15.2784 9.62505 1 0 0 1 0 0.197187 0 0 0 0 0 0 0 -0.0498352 -0.758958 0.649229 0.943206 -0.249533 -0.219307 0.328449 0.601428 0.72829 0 0 0 
-1 18.4831 15.2747 9.62835 1 0 0 1 0 0.197187 0 0 0 0 0 0 0 -0.0400208 -0.74069 0.670654 0.580067 -0.563732 -0.587987 0.813585 0.365492 0.452211 0 0 0 
-1 18.4829 15.271 9.63175 1 0 0 1 0 0.197187 0 0 0 0 0 0 0 -0.0249834 -0.733811 0.678894 -0.423175 -0.607497 -0.672213 0.905703 -0.304085 -0.295353 0 0 0 
-1 18.4828 15.2673 9.63515 1 0 0 1 0 0.197187 0 0 0 0 0 0 0 -0.00990107 -0.738772 0.673882 0.577059 -0.554596 -0.599522 0.816643 0.382934 0.431806 0 0 0 
-1 18.4828 15.2636 9.6385 1 0 0 1 0 0.199218 0 0 0 0 0 0 0 -0.0199445 -0.743426 0.66852 -0.111039 -0.66287 -0.740455 0.993616 -0.0889999 -0.0693288 0 0 0 
-1 18.4826 15.2598 9.64185 1 0 0 1 0 0.199062 0 0 0 0 0 0 0 -0.0500714 -0.740385 0.670316 -0.536442 -0.54619 -0.643356 0.84245 -0.391799 -0.369825 0 0 0 
-1 18.4823 15.2562 9.6452 1 0 0 1 0 0.199062 0 0 0 0 0 0 0 -0.0553032 -0.737937 0.6726 -0.976665 0.17999 0.11717 -0.207525 -0.650425 -0.730671 0 0 0 
-1 18.482 15.2525 9.64855 1 0 0 1 0 0.199062 0 0 0 0 0 0 0 -0.0596945 -0.751573 0.656943 -0.716847 -0.425715 -0.552175 0.69467 -0.503889 -0.51335 0 0 0 
-1 18.4817 15.2486 9.6518 1 0 0 1 0 0.199062 0 0 0 0 0 0 0 -0.0698117 -0.74415 0.664354 -0.972865 0.198056 0.119614 -0.22059 -0.637977 -0.737784 0 0 0 
-1 18.4813 15.2451 9.6552 1 0 0 1 0 0.199062 0 0 0 0 0 0 0 -0.0650185 -0.73016 0.680175 -0.995462 6.68798e-11 -0.0951569 0.0694798 -0.683276 -0.726847 0 0 0 
-1 18.4811 15.2414 9.6586 1 0 0 1 0 0.204219 0 0 0 0 0 0 0 -0.0647798 -0.732499 0.677679 -0.879227 0.363094 0.30842 -0.471979 -0.575854 -0.667554 0 0 0 
-1 18.4807 15.2377 9.662 1 0 0 1 0 0.204375 0 0 0 0 0 0 0 -0.0800421 -0.750777 0.655689 -0.801334 -0.342758 -0.490287 0.592839 -0.564669 -0.574188 0 0 0 
-1 18.4803 15.2339 9.66515 1 0 0 1 0 0.204375 0 0 0 0 0 0 0 -0.0852421 -0.745792 0.660703 -0.95619 0.247624 0.156149 -0.28006 -0.618447 -0.734227 0 0 0 
-1 18.4798 15.2303 9.6686 1 0 0 1 0 0.204375 0 0 0 0 0 0 0 -0.0800144 -0.734151 0.674255 -0.991009 0.131358 0.0254235 -0.107234 -0.666158 -0.738061 0 0 0 
-1 18.4795 15.2265 9.6719 1 0 0 1 0 0.204375 0 0 0 0 0 0 0 -0.084898 -0.764234 0.639326 -0.996356 0.0598478 -0.0607685 0.00817914 -0.642156 -0.766531 0 0 0 
-1 18.479 15.2226 9.675 1 0 0 1 0 0.204375 0 0 0 0 0 0 0 -0.0850047 -0.755122 0.650049 -0.844397 0.400929 0.355316 -0.528931 -0.518696 -0.671704 0 0 0 
-1 18.4786 15.219 9.6784 1 0 0 1 0 0.204375 0 0 0 0 0 0 0 -0.104862 -0.774119 0.624295 -0.993311 0.0510111 -0.103592 0.0483465 -0.630981 -0.77429 0 0 0 
-1 18.4779 15.2148 9.68125 1 0 0 1 0 0.204219 0 0 0 0 0 0 0 -0.104367 -0.780474 0.616415 -0.404405 0.59955 0.690649 -0.908606 -0.177201 -0.378201 0 0 0 
-1 18.4776 15.2111 9.6846 1 0 0 1 0 0.204219 0 0 0 0 0 0 0 -0.0397709 -0.765969 0.641647 -0.904835 0.300033 0.302082 -0.423901 -0.56857 -0.705008 0 0 0 
-1 18.4776 15.2072 9.6877 1 0 0 1 0 0.204219 0 0 0 0 0 0 0 -0.0597388 -0.791957 0.607648 -0.811007 -0.316398 -0.492098 0.581979 -0.522204 -0.623381 0 0 0 
-1 18.4769 15.2031 9.6907 1 0 0 1 0 0.204219 0 0 0 0 0 0 0 -0.0747458 -0.778209 0.623541 -0.945818 -0.142807 -0.291608 0.315978 -0.611553 -0.72537 0 0 0 
-1 18.4768 15.1994 9.69395 1 0 0 1 0 0.204219 0 0 0 0 0 0 0 -0.0644211 -0.797703 0.5996 -0.43415 0.56341 0.702911 -0.898534 -0.215034 -0.382618 0 0 0 
-1 18.4763 15.1951 9.69675 1 0 0 1 0 0.207422 0 0 0 0 0 0 0 -0.12362 -0.810162 0.573023 -0.528921 0.542383 0.652736 -0.83962 -0.222393 -0.495561 0 0 0 
-1 18.4755 15.1911 9.69975 1 0 0 1 0 0.208047 0 0 0 0 0 0 0 -0.0797017 -0.797473 0.598067 -0.903913 0.310749 0.293898 -0.420225 -0.517176 -0.745614 0 0 0 
-1 18.4755 15.1871 9.70275 1 0 0 1 0 0.208047 0 0 0 0 0 0 0 -0.0597455 -0.772131 0.632649 -0.944851 0.24819 0.21368 -0.322006 -0.584992 -0.744377 0 0 0 
-1 18.4749 15.1834 9.7061 1 0 0 1 0 0.208047 0 0 0 0 0 0 0 -0.0549611 -0.763366 0.643624 -0.904417 0.311199 0.291865 -0.423095 -0.566063 -0.707505 0 0 0 
-1 18.4749 15.1794 9.7092 1 0 0 1 0 0.208047 0 0 0 0 0 0 0 -0.0698397 -0.782844 0.618287 0.371911 0.554681 0.744319 -0.925637 0.281931 0.25241 0 0 0 
-1 18.4742 15.1755 9.7123 1 0 0 1 0 0.208047 0 0 0 0 0 0 0 -0.129666 -0.762932 0.633342 -0.770469 0.479584 0.419972 -0.62415 -0.433514 -0.650002 0 0 0 
-1 18.4736 15.1718 9.71555 1 0 0 1 0 0.206836 0 0 0 0 0 0 0 -0.0932733 -0.736523 0.66995 -0.906094 0.341685 0.249488 -0.412666 -0.583768 -0.69923 0 0 0 
-1 18.4729 15.1645 9.72235 1 0 0 1 0 0.20668 0 0 0 0 0 0 0 -0.0663653 -0.697191 0.713807 -0.97248 0.205317 0.110122 -0.223332 -0.686855 -0.69163 0 0 0 
-1 18.4727 15.1613 9.7263 1 0 0 1 0 0.20668 0 0 0 0 0 0 0 -0.0496075 -0.644292 0.763169 -0.869326 0.404062 0.284615 -0.491743 -0.649324 -0.580145 0 0 0 
-1 18.4723 15.158 9.73005 1 0 0 1 0 0.20668 0 0 0 0 0 0 0 -0.084919 -0.689414 0.719372 -0.883061 0.386483 0.266146 -0.46151 -0.612649 -0.641615 0 0 0 
-1 18.4718 15.1544 9.7335 1 0 0 1 0 0.20668 0 0 0 0 0 0 0 -0.105065 -0.715604 0.690559 -0.550449 0.620174 0.558918 -0.828231 -0.321395 -0.459063 0 0 0 
-1 18.4713 15.1509 9.73695 1 0 0 1 0 0.20668 0 0 0 0 0 0 0 -0.110422 -0.717669 0.687574 -0.343565 0.67672 0.651163 -0.932615 -0.164324 -0.321291 0 0 0 
-1 18.4707 15.1473 9.74035 1 0 0 1 0 0.211153 0 0 0 0 0 0 0 -0.119805 -0.719287 0.684305 -0.560181 0.618042 0.551563 -0.819661 -0.317255 -0.476975 0 0 0 
-1 18.4701 15.1436 9.7438 1 0 0 1 0 0.211406 0 0 0 0 0 0 0 -0.114603 -0.71726 0.687317 -0.348704 0.676896 0.648242 -0.9302 -0.165379 -0.327686 0 0 0 
-1 18.4695 15.14 9.74725 1 0 0 1 0 0.211406 0 0 0 0 0 0 0 -0.105077 -0.715529 0.690635 -0.0319681 0.696551 0.716795 -0.99395 0.0532401 -0.0960654 0 0 0 
-1 18.4691 15.1365 9.7507 1 0 0 1 0 0.211406 0 0 0 0 0 0 0 -0.110051 -0.715254 0.690145 -0.57391 0.612641 0.543414 -0.81149 -0.336278 -0.477913 0 0 0 
-1 18.4684 15.1329 9.75415 1 0 0 1 0 0.211406 0 0 0 0 0 0 0 -0.119961 -0.719311 0.684252 -0.989559 0.031174 -0.140716 0.0798874 -0.693989 -0.71554 0 0 0 
-1 18.4678 15.1293 9.75755 1 0 0 1 0 0.211406 0 0 0 0 0 0 0 -0.120252 -0.716771 0.686861 0.0319332 -0.694317 -0.718961 0.99223 -0.064523 0.106382 0 0 0 
-1 18.4673 15.1258 9.761 1 0 0 1 0 0.216016 0 0 0 0 0 0 0 -0.125216 -0.716439 0.68632 -0.534226 -0.534226 -0.655138 0.836016 -0.448684 -0.315847 0 0 0 
-1 18.4666 15.1221 9.7644 1 0 0 1 0 0.21586 0 0 0 0 0 0 0 -0.119811 -0.719324 0.684265 0.0328885 -0.691727 -0.72141 0.992252 -0.0639285 0.106534 0 0 0 
-1 18.4661 15.1186 9.76785 1 0 0 1 0 0.21586 0 0 0 0 0 0 0 -0.115006 -0.719625 0.684773 0.714716 -0.538697 -0.44608 0.689895 0.438116 0.576281 0 0 0 
-1 18.4655 15.115 9.77125 1 0 0 1 0 0.21586 0 0 0 0 0 0 0 -0.104851 -0.713106 0.693171 0.804033 -0.470985 -0.362911 0.585267 0.519281 0.622744 0 0 0 
-1 18.465 15.1114 9.7748 1 0 0 1 0 0.21586 0 0 0 0 0 0 0 -0.0997422 -0.70855 0.698576 0.67138 -0.566093 -0.478317 0.73437 0.421302 0.53217 0 0 0 
-1 18.4645 15.1079 9.77825 1 0 0 1 0 0.21586 0 0 0 0 0 0 0 -0.115266 -0.71731 0.687154 0.6011 -0.6011 -0.526648 0.790818 0.352344 0.500461 0 0 0 
-1 18.4639 15.1042 9.78165 1 0 0 1 0 0.214805 0 0 0 0 0 0 0 -0.119811 -0.719324 0.684265 -0.0318031 -0.686095 -0.726817 0.992287 -0.108842 0.0593251 0 0 0 
-1 18.4633 15.1006 9.7851 1 0 0 1 0 0.215 0 0 0 0 0 0 0 -0.124772 -0.718771 0.68396 -0.97715 -0.0305359 -0.210347 0.172077 -0.694576 -0.698537 0 0 0 
-1 18.4626 15.0971 9.7885 1 0 0 1 0 0.215 0 0 0 0 0 0 0 -0.12536 -0.716388 0.686347 -0.985032 0.17237 0 -0.118306 -0.676074 -0.727274 0 0 0 
-1 18.462 15.0935 9.79195 1 0 0 1 0 0.215 0 0 0 0 0 0 0 -0.124933 -0.713949 0.688962 -0.334273 0.684094 0.648288 -0.934159 -0.149309 -0.32412 0 0 0 
-1 18.4613 15.0899 9.7954 1 0 0 1 0 0.215 0 0 0 0 0 0 0 -0.13498 -0.715514 0.685434 -0.982667 0.185377 -6.3761e-11 -0.127064 -0.673554 -0.728135 0 0 0 
-1 18.4607 15.0863 9.7988 1 0 0 1 0 0.215 0 0 0 0 0 0 0 -0.135439 -0.717952 0.68279 -0.0485402 0.69312 0.719186 -0.989596 0.0642634 -0.128725 0 0 0 
-1 18.46 15.0828 9.8022 1 0 0 1 0 0.216875 0 0 0 0 0 0 0 -0.129716 -0.718311 0.683522 -0.573317 0.616767 0.539356 -0.809 -0.321912 -0.491825 0 0 0 
-1 18.4594 15.0792 9.80565 1 0 0 1 0 0.216719 0 0 0 0 0 0 0 -0.119979 -0.714389 0.689387 -0.986188 0.165627 5.84405e-12 -0.114181 -0.679865 -0.724394 0 0 0 
-1 18.4588 15.0756 9.8091 1 0 0 1 0 0.216719 0 0 0 0 0 0 0 -0.120396 -0.71687 0.686733 -0.980714 0.193177 0.0297186 -0.153966 -0.66991 -0.726302 0 0 0 
-1 18.4581 15.072 9.8125 1 0 0 1 0 0.216719 0 0 0 0 0 0 0 -0.119829 -0.714402 0.689399 -0.551898 0.625154 0.551898 -0.825257 -0.314344 -0.469188 0 0 0 
-1 18.4576 15.0684 9.816 1 0 0 1 0 0.216719 0 0 0 0 0 0 0 -0.114468 -0.712345 0.692431 -0.761024 0.510897 0.399783 -0.638545 -0.481194 -0.600593 0 0 0 
-1 18.457 15.0648 9.81945 1 0 0 1 0 0.216719 0 0 0 0 0 0 0 -0.120409 -0.716796 0.686808 -0.021016 0.693527 0.720124 -0.992502 0.0722758 -0.0985714 0 0 0 
-1 18.4564 15.0613 9.82285 1 0 0 1 0 0.200235 0 0 0 0 0 0 0 -0.125367 -0.716426 0.686307 -0.543921 0.628167 0.556377 -0.829719 -0.303546 -0.46843 0 0 0 
-1 18.4557 15.0577 9.8263 1 0 0 1 0 0.200547 0 0 0 0 0 0 0 -0.114474 -0.712383 0.692392 -0.987334 0.158656 -0 -0.109852 -0.683622 -0.721522 0 0 0 
-1 18.4552 15.0542 9.8298 1 0 0 1 0 0.200547 0 0 0 0 0 0 0 -0.114866 -0.714824 0.689806 -0.171139 0.69826 0.695086 -0.978528 -0.0382107 -0.20254 0 0 0 
-1 18.4546 15.0505 9.8332 1 0 0 1 0 0.200547 0 0 0 0 0 0 0 -0.135122 -0.715462 0.68546 0.00997856 0.690787 0.722989 -0.990779 0.104532 -0.0862016 0 0 0 
-1 18.4539 15.047 9.83665 1 0 0 1 0 0.200547 0 0 0 0 0 0 0 -0.140086 -0.714929 0.68502 -0.0216841 0.693891 0.719754 -0.989902 0.0859737 -0.112707 0 0 0 
-1 18.4532 15.0434 9.84005 1 0 0 1 0 0.200547 0 0 0 0 0 0 0 -0.144853 -0.714507 0.684469 -0.980062 0.19869 0 -0.135997 -0.670822 -0.729042 0 0 0 
-1 18.4524 15.0399 9.8435 1 0 0 1 0 0.187148 0 0 0 0 0 0 0 -0.144846 -0.714469 0.684509 -1.64593e-09 0.691805 0.722084 -0.989454 0.104591 -0.100205 0 0 0 
-1 18.4517 15.0363 9.8469 1 0 0 1 0 0.187304 0 0 0 0 0 0 0 -0.144995 -0.714454 0.684494 0.983288 -0.0270688 0.180034 -0.110097 0.699159 0.706439 0 0 0 
-1 18.451 15.0327 9.85035 1 0 0 1 0 0.187304 0 0 0 0 0 0 0 -0.145375 -0.712031 0.686934 0.530155 0.530155 0.661719 -0.835346 0.460379 0.300415 0 0 0 
-1 18.4503 15.0292 9.85375 1 0 0 1 0 0.187304 0 0 0 0 0 0 0 -0.139922 -0.715019 0.68496 0.0054746 0.691196 0.722647 -0.990147 0.104864 -0.0927987 0 0 0 
-1 18.4496 15.0255 9.8572 1 0 0 1 0 0.187304 0 0 0 0 0 0 0 -0.149766 -0.71394 0.684002 -0.00950985 0.692813 0.721054 -0.988676 0.101485 -0.110549 0 0 0 
-1 18.4488 15.022 9.8606 1 0 0 1 0 0.187304 0 0 0 0 0 0 0 -0.165469 -0.712236 0.682158 0.978041 -0.0296376 0.206296 -0.126714 0.701314 0.7015 0 0 0 
-1 18.448 15.0184 9.864 1 0 0 1 0 0.18584 0 0 0 0 0 0 0 -0.165023 -0.714694 0.679691 0.971768 2.53732e-09 0.235937 -0.168623 0.699437 0.694517 0 0 0 
-1 18.4471 15.0148 9.8674 1 0 0 1 0 0.185625 0 0 0 0 0 0 0 -0.165041 -0.714619 0.679765 0.809922 0.295114 0.506887 -0.56284 0.634214 0.530079 0 0 0 
-1 18.4463 15.0113 9.8708 1 0 0 1 0 0.185625 0 0 0 0 0 0 0 -0.169799 -0.709225 0.684228 -1.12084e-14 0.69431 0.719676 -0.985479 0.122201 -0.117893 0 0 0 
-1 18.4454 15.0077 9.87425 1 0 0 1 0 0.185625 0 0 0 0 0 0 0 -0.174678 -0.708611 0.683636 -0.53192 0.652189 0.540103 -0.828583 -0.269295 -0.490847 0 0 0 
-1 18.4445 15.0042 9.87765 1 0 0 1 0 0.185625 0 0 0 0 0 0 0 -0.180151 -0.710376 0.680376 0.518954 0.518954 0.679245 -0.835603 0.475451 0.275162 0 0 0 
-1 18.4436 15.0007 9.88105 1 0 0 1 0 0.185625 0 0 0 0 0 0 0 -0.179984 -0.710471 0.680321 0.0208697 0.688702 0.724744 -0.983448 0.14464 -0.109128 0 0 0 
-1 18.4428 14.9971 9.88445 1 0 0 1 0 0.1825 0 0 0 0 0 0 0 -0.184872 -0.709743 0.67977 -2.51701e-11 0.691693 0.722192 -0.982763 0.133513 -0.127875 0 0 0 
-1 18.4418 14.9936 9.88785 1 0 0 1 0 0.182656 0 0 0 0 0 0 0 -0.180151 -0.710376 0.680376 2.44086e-11 0.691693 0.722192 -0.983639 0.130104 -0.124609 0 0 0 
-1 18.441 14.99 9.89125 1 0 0 1 0 0.182656 0 0 0 0 0 0 0 -0.17527 -0.711012 0.680986 3.77547e-15 0.691693 0.722192 -0.98452 0.126579 -0.121233 0 0 0 
-1 18.4401 14.9865 9.89465 1 0 0 1 0 0.182656 0 0 0 0 0 0 0 -0.189727 -0.709074 0.67913 0.963058 -0 0.269292 -0.190948 0.705134 0.68288 0 0 0 
-1 18.4391 14.9829 9.89805 1 0 0 1 0 0.182656 0 0 0 0 0 0 0 -0.189727 -0.709074 0.67913 2.5319e-11 0.691693 0.722192 -0.981837 0.137019 -0.131233 0 0 0 
-1 18.4382 14.9794 9.90145 1 0 0 1 0 0.182656 0 0 0 0 0 0 0 -0.180151 -0.710376 0.680376 -0.969316 0.245818 -0 -0.167249 -0.659499 -0.732863 0 0 0 
-1 18.4373 14.9758 9.90485 1 0 0 1 0 0.186016 0 0 0 0 0 0 0 -0.180161 -0.710413 0.680335 0.0113065 0.690111 0.723615 -0.983572 0.138059 -0.116299 0 0 0 
-1 18.4363 14.9722 9.90825 1 0 0 1 0 0.184922 0 0 0 0 0 0 0 -0.184872 -0.709743 0.67977 -0.530652 0.654283 0.538815 -0.827183 -0.261109 -0.497585 0 0 0 
-1 18.4354 14.9687 9.91165 1 0 0 1 0 0.184922 0 0 0 0 0 0 0 -0.190366 -0.711463 0.676448 -0.00581975 0.689854 0.723925 -0.981696 0.133874 -0.135465 0 0 0 
-1 18.4345 14.9652 9.915 1 0 0 1 0 0.184922 0 0 0 0 0 0 0 -0.169765 -0.71411 0.679136 -0.00581975 0.689854 0.723925 -0.985467 0.118945 -0.121269 0 0 0 
-1 18.4337 14.9615 9.91845 1 0 0 1 0 0.184922 0 0 0 0 0 0 0 -0.149237 -0.716429 0.681511 -0.00710526 0.689989 0.723785 -0.988776 0.103173 -0.108062 0 0 0 
-1 18.4329 14.9579 9.92185 1 0 0 1 0 0.184922 0 0 0 0 0 0 0 -0.190523 -0.711479 0.676387 0.167153 0.655434 0.736523 -0.967347 0.253384 -0.00594938 0 0 0 
-1 18.4318 14.9544 9.9252 1 0 0 1 0 0.204648 0 0 0 0 0 0 0 -0.230128 -0.700461 0.67557 -0.00629168 0.695259 0.718732 -0.97314 0.16115 -0.164405 0 0 0 
-1 18.4307 14.951 9.9286 1 0 0 1 0 0.204336 0 0 0 0 0 0 0 -0.219035 -0.70225 0.677398 -0.527538 0.669268 0.523244 -0.820809 -0.242745 -0.517057 0 0 0 
-1 18.4296 14.9474 9.932 1 0 0 1 0 0.204336 0 0 0 0 0 0 0 -0.224683 -0.703906 0.673821 0.000446228 0.691427 0.722446 -0.974432 0.162622 -0.155038 0 0 0 
-1 18.4284 14.9439 9.93535 1 0 0 1 0 0.204336 0 0 0 0 0 0 0 -0.235691 -0.702021 0.672024 0.214461 0.636885 0.740529 -0.947869 0.318659 0.000448573 0 0 0 
-1 18.4272 14.9404 9.9387 1 0 0 1 0 0.204336 0 0 0 0 0 0 0 -0.220662 -0.706976 0.671933 0.95008 0 0.312005 -0.22058 0.707238 0.671684 0 0 0 
-1 18.4262 14.9368 9.94205 1 0 0 1 0 0.204336 0 0 0 0 0 0 0 -0.219852 -0.709564 0.669466 0.169487 0.648037 0.742511 -0.960697 0.276708 -0.0222106 0 0 0 
-1 18.4251 14.9333 9.9454 1 0 0 1 0 0.216855 0 0 0 0 0 0 0 -0.239459 -0.703754 0.668871 0.377991 0.566987 0.73188 -0.894305 0.428083 0.130243 0 0 0 
-1 18.4238 14.9298 9.94875 1 0 0 1 0 0.217187 0 0 0 0 0 0 0 -0.255384 -0.696001 0.67109 -0.015992 0.697052 0.716842 -0.966707 0.172338 -0.189146 0 0 0 
-1 18.4225 14.9264 9.9521 1 0 0 1 0 0.217187 0 0 0 0 0 0 0 -0.264762 -0.694295 0.669221 -2.54063e-11 0.693986 0.719988 -0.964314 0.190625 -0.183741 0 0 0 
-1 18.4212 14.9228 9.95545 1 0 0 1 0 0.217187 0 0 0 0 0 0 0 -0.26943 -0.693363 0.668323 -0.00307775 0.694603 0.719387 -0.963015 0.191767 -0.189281 0 0 0 
-1 18.4198 14.9194 9.9588 1 0 0 1 0 0.217187 0 0 0 0 0 0 0 -0.275791 -0.69208 0.667057 -0 0.693971 0.720003 -0.961218 0.198571 -0.191391 0 0 0 
-1 18.4184 14.9159 9.9621 1 0 0 1 0 0.217187 0 0 0 0 0 0 0 -0.285085 -0.690125 0.665172 0.652205 0.368874 0.662239 -0.702393 0.622623 0.344942 0 0 0 
-1 18.417 14.9125 9.96545 1 0 0 1 0 0.219531 0 0 0 0 0 0 0 -0.28875 -0.686863 0.666965 -0.0148841 0.699775 0.714208 -0.957289 0.1963 -0.212283 0 0 0 
-1 18.4155 14.909 9.9688 1 0 0 1 0 0.219375 0 0 0 0 0 0 0 -0.295193 -0.685525 0.66552 0.914068 0.000214469 0.405561 -0.278165 0.728049 0.626553 0 0 0 
-1 18.414 14.9057 9.9721 1 0 0 1 0 0.219375 0 0 0 0 0 0 0 -0.295193 -0.685525 0.66552 -2.45589e-11 0.69656 0.717498 -0.955438 0.2118 -0.205619 0 0 0 
-1 18.4125 14.9022 9.97545 1 0 0 1 0 0.219375 0 0 0 0 0 0 0 -0.299783 -0.684499 0.664524 -0.012806 0.699385 0.714631 -0.953922 0.205724 -0.218429 0 0 0 
-1 18.411 14.8988 9.97875 1 0 0 1 0 0.219375 0 0 0 0 0 0 0 -0.31095 -0.682039 0.661916 0.480606 0.488 0.728611 -0.819956 0.544682 0.176049 0 0 0 
-1 18.4095 14.8954 9.98205 1 0 0 1 0 0.219375 0 0 0 0 0 0 0 -0.29973 -0.689409 0.659452 0.917077 -0.398711 6.4703e-11 0.262931 0.604768 0.751747 0 0 0 
-1 18.408 14.8919 9.98535 1 0 0 1 0 0.223125 0 0 0 0 0 0 0 -0.300726 -0.691699 0.656594 0.292052 0.588597 0.753829 -0.907893 0.418456 0.025006 0 0 0 
-1 18.4065 14.8885 9.9886 1 0 0 1 0 0.223438 0 0 0 0 0 0 0 -0.320957 -0.682167 0.656989 0.674156 0.322669 0.664378 -0.665207 0.65615 0.356324 0 0 0 
-1 18.4048 14.8851 9.9919 1 0 0 1 0 0.223438 0 0 0 0 0 0 0 -0.324434 -0.678723 0.658846 0.784468 0.196128 0.58834 -0.528538 0.707721 0.468806 0 0 0 
-1 18.4032 14.8817 9.9952 1 0 0 1 0 0.223438 0 0 0 0 0 0 0 -0.319886 -0.684772 0.654797 -0.498384 0.709384 0.498384 -0.805783 -0.166915 -0.568202 0 0 0 
-1 18.4016 14.8783 9.99845 1 0 0 1 0 0.223438 0 0 0 0 0 0 0 -0.325461 -0.685912 0.650845 0.204534 0.620955 0.756691 -0.923169 0.379393 -0.0618038 0 0 0 
-1 18.4 14.8749 10.0017 1 0 0 1 0 0.223438 0 0 0 0 0 0 0 -0.339995 -0.679837 0.649788 0.423842 0.506025 0.751197 -0.8395 0.530811 0.116098 0 0 0 
-1 18.3982 14.8714 10.0049 1 0 0 1 0 0.222656 0 0 0 0 0 0 0 -0.353042 -0.671479 0.651519 0.649891 0.324946 0.68706 -0.673055 0.665978 0.321668 0 0 0 
-1 18.3964 14.8681 10.0082 1 0 0 1 0 0.22375 0 0 0 0 0 0 0 -0.359817 -0.664723 0.654733 0.873744 -0.486201 -0.0134422 0.327267 0.567232 0.755741 0 0 0 
-1 18.3946 14.8648 10.0115 1 0 0 1 0 0.22375 0 0 0 0 0 0 0 -0.362291 -0.66901 0.648977 0.687378 -0.662022 -0.29873 0.62949 0.337865 0.699707 0 0 0 
-1 18.3928 14.8615 10.0147 1 0 0 1 0 0.22375 0 0 0 0 0 0 0 -0.365329 -0.670635 0.645588 0.684875 0.276067 0.674339 -0.630461 0.688502 0.358446 0 0 0 
-1 18.3909 14.8581 10.018 1 0 0 1 0 0.22375 0 0 0 0 0 0 0 -0.368374 -0.667297 0.647314 0.639067 0.323931 0.697612 -0.6752 0.670658 0.30712 0 0 0 
-1 18.3891 14.8547 10.0212 1 0 0 1 0 0.22375 0 0 0 0 0 0 0 -0.3753 -0.660363 0.650439 0.461227 0.47564 0.749023 -0.804002 0.581108 0.126069 0 0 0 
-1 18.3872 14.8515 10.0245 1 0 0 1 0 0.225938 0 0 0 0 0 0 0 -0.380838 -0.656338 0.651293 -0.775927 0.609944 0.160953 -0.502892 -0.444059 -0.74156 0 0 0 
-1 18.3853 14.8482 10.0277 1 0 0 1 0 0.226094 0 0 0 0 0 0 0 -0.385029 -0.660027 0.645072 -0.77369 0.611895 0.164284 -0.503148 -0.435831 -0.746253 0 0 0 
-1 18.3834 14.8449 10.0309 1 0 0 1 0 0.226094 0 0 0 0 0 0 0 -0.389248 -0.66367 0.638771 -0.853851 -0.00020938 -0.520518 0.345586 -0.748025 -0.566594 0 0 0 
-1 18.3814 14.8415 10.0341 1 0 0 1 0 0.226094 0 0 0 0 0 0 0 -0.389248 -0.66367 0.638771 -0.41832 -0.490465 -0.764495 0.820667 -0.564788 -0.0867141 0 0 0 
-1 18.3794 14.8383 10.0373 1 0 0 1 0 0.226094 0 0 0 0 0 0 0 -0.376286 -0.672475 0.637327 2.42782e-11 -0.687884 -0.72582 0.926504 -0.273116 0.258841 0 0 0 
-1 18.3777 14.8348 10.0405 1 0 0 1 0 0.226094 0 0 0 0 0 0 0 -0.380612 -0.671191 0.636111 -0.428875 -0.481309 -0.764466 0.819268 -0.563777 -0.104665 0 0 0 
-1 18.3757 14.8316 10.0436 1 0 0 1 0 0.224609 0 0 0 0 0 0 0 -0.399063 -0.658255 0.638317 -0.871851 0.48798 -0.041841 -0.283944 -0.573215 -0.768635 0 0 0 
-1 18.3736 14.8282 10.0469 1 0 0 1 0 0.224375 0 0 0 0 0 0 0 -0.400155 -0.660462 0.635347 -0.84616 1.34992e-09 -0.532929 0.351979 -0.75086 -0.558856 0 0 0 
-1 18.3717 14.8249 10.05 1 0 0 1 0 0.224375 0 0 0 0 0 0 0 -0.400195 -0.660376 0.635411 -8.39098e-10 -0.693355 -0.720596 0.91643 -0.288379 0.277477 0 0 0 
-1 18.3696 14.8217 10.0532 1 0 0 1 0 0.224375 0 0 0 0 0 0 0 -0.400324 -0.660335 0.635372 -0.464857 -0.451185 -0.7618 0.789714 -0.600324 -0.126342 0 0 0 
-1 18.3676 14.8183 10.0563 1 0 0 1 0 0.224375 0 0 0 0 0 0 0 -0.394718 -0.664572 0.634461 -0.849091 1.97667e-09 -0.528246 0.351058 -0.747224 -0.564282 0 0 0 
-1 18.3657 14.815 10.0595 1 0 0 1 0 0.224375 0 0 0 0 0 0 0 -0.394758 -0.664487 0.634526 0.00841578 -0.6932 -0.720696 0.918746 -0.279161 0.279239 0 0 0 
-1 18.3637 14.8117 10.0627 1 0 0 1 0 0.22625 0 0 0 0 0 0 0 -0.405685 -0.661111 0.631151 0.0134434 -0.694769 -0.719108 0.913914 -0.283247 0.290745 0 0 0 
-1 18.3617 14.8084 10.0659 1 0 0 1 0 0.226406 0 0 0 0 0 0 0 -0.398865 -0.663203 0.6333 -0.285423 -0.566522 -0.773037 0.871459 -0.489096 0.0366724 0 0 0 
-1 18.3597 14.8051 10.069 1 0 0 1 0 0.226406 0 0 0 0 0 0 0 -0.379325 -0.673949 0.63396 -0.68982 -0.250649 -0.679208 0.616653 -0.694959 -0.369826 0 0 0 
-1 18.3579 14.8016 10.0722 1 0 0 1 0 0.226406 0 0 0 0 0 0 0 -0.376323 -0.67732 0.632155 -0.859269 -0 -0.511524 0.346465 -0.735689 -0.582 0 0 0 
-1 18.3559 14.7983 10.0753 1 0 0 1 0 0.226406 0 0 0 0 0 0 0 -0.375076 -0.679958 0.63006 -0.151088 -0.625751 -0.765251 0.914599 -0.382221 0.131971 0 0 0 
-1 18.3541 14.7949 10.0785 1 0 0 1 0 0.226406 0 0 0 0 0 0 0 -0.393233 -0.672204 0.627304 -0.517315 -0.402275 -0.755354 0.7601 -0.621544 -0.189553 0 0 0 
-1 18.352 14.7915 10.0816 1 0 0 1 0 0.224765 0 0 0 0 0 0 0 -0.379156 -0.683546 0.623703 -0.461586 -0.444467 -0.767716 0.801985 -0.578976 -0.146993 0 0 0 
-1 18.3503 14.788 10.0848 1 0 0 1 0 0.224609 0 0 0 0 0 0 0 -0.31784 -0.725107 0.610899 -0.347681 -0.510294 -0.786586 0.882097 -0.462407 -0.0899135 0 0 0 
-1 18.3488 14.7843 10.0878 1 0 0 1 0 0.224609 0 0 0 0 0 0 0 -0.302188 -0.733172 0.609213 -0.416746 -0.47317 -0.776166 0.857325 -0.488435 -0.16256 0 0 0 
-1 18.3472 14.7806 10.0909 1 0 0 1 0 0.224609 0 0 0 0 0 0 0 -0.359386 -0.698519 0.618799 -0.492381 -0.421348 -0.761595 0.792718 -0.578392 -0.192511 0 0 0 
-1 18.3452 14.7773 10.094 1 0 0 1 0 0.224609 0 0 0 0 0 0 0 -0.333585 -0.716843 0.612256 -0.313641 -0.528068 -0.78916 0.889017 -0.45528 -0.0486754 0 0 0 
-1 18.3439 14.7734 10.097 1 0 0 1 0 0.224609 0 0 0 0 0 0 0 -0.30768 -0.729736 0.610588 -0.367263 -0.500905 -0.783717 0.877753 -0.46538 -0.113886 0 0 0 
-1 18.3421 14.7699 10.1002 1 0 0 1 0 0.233867 0 0 0 0 0 0 0 -0.228511 -0.768183 0.598061 -0.422657 -0.475122 -0.771764 0.877008 -0.429132 -0.216108 0 0 0 
-1 18.3415 14.7655 10.1032 1 0 0 1 0 0.234063 0 0 0 0 0 0 0 -0.166865 -0.79621 0.581555 -0.405287 -0.482303 -0.776612 0.898832 -0.365286 -0.242214 0 0 0 
-1 18.3404 14.7615 10.1062 1 0 0 1 0 0.234063 0 0 0 0 0 0 0 -0.276339 -0.745136 0.606967 -0.401225 -0.484442 -0.777389 0.873301 -0.458353 -0.165097 0 0 0 
-1 18.3387 14.7579 10.1094 1 0 0 1 0 0.234063 0 0 0 0 0 0 0 -0.349366 -0.703605 0.618776 -0.396728 -0.487193 -0.777978 0.848852 -0.517285 -0.108931 0 0 0 
-1 18.3368 14.7545 10.1124 1 0 0 1 0 0.234063 0 0 0 0 0 0 0 -0.281959 -0.741879 0.608371 -0.352817 -0.509491 -0.784818 0.892199 -0.43593 -0.118091 0 0 0 
-1 18.3359 14.7505 10.1155 1 0 0 1 0 0.234063 0 0 0 0 0 0 0 -0.213851 -0.77265 0.597729 -0.459309 -0.460499 -0.759589 0.86215 -0.436981 -0.256407 0 0 0 
-1 18.3347 14.7465 10.1186 1 0 0 1 0 0.241093 0 0 0 0 0 0 0 -0.123038 -0.813902 0.567825 -0.243692 -0.529875 -0.81231 0.962017 -0.238319 -0.133146 0 0 0 
-1 18.3346 14.7418 10.1215 1 0 0 1 0 0.240938 0 0 0 0 0 0 0 -0.129056 -0.812395 0.568647 -0.409562 -0.478581 -0.776672 0.903108 -0.33313 -0.270962 0 0 0 
-1 18.3333 14.738 10.1245 1 0 0 1 0 0.240938 0 0 0 0 0 0 0 -0.226002 -0.771586 0.594624 0.569242 -0.599957 -0.562152 0.790498 0.211437 0.574811 0 0 0 
-1 18.3323 14.734 10.1276 1 0 0 1 0 0.240938 0 0 0 0 0 0 0 -0.245728 -0.77664 0.580042 -0.440514 -0.443558 -0.780515 0.863461 -0.447311 -0.233125 0 0 0 
-1 18.3308 14.7302 10.1304 1 0 0 1 0 0.240938 0 0 0 0 0 0 0 -0.104206 -0.838276 0.535196 -0.339629 -0.475783 -0.811346 0.934769 -0.266315 -0.235123 0 0 0 
-1 18.3312 14.7251 10.1332 1 0 0 1 0 0.240938 0 0 0 0 0 0 0 0.0356101 -0.868507 0.494396 0.443691 -0.429541 -0.786532 0.895472 0.247368 0.370053 0 0 0 
-1 18.3312 14.7204 10.136 1 0 0 1 0 0.237656 0 0 0 0 0 0 0 -0.0318683 -0.884657 0.465151 -0.0299143 -0.464335 -0.885154 0.999044 -0.042123 -0.0116664 0 0 0 
-1 18.3309 14.7154 10.1383 1 0 0 1 0 0.237812 0 0 0 0 0 0 0 -0.132497 -0.875894 0.463955 -0.660072 -0.271218 -0.700532 0.739425 -0.399062 -0.542218 0 0 0 
-1 18.3298 14.7111 10.1409 1 0 0 1 0 0.237812 0 0 0 0 0 0 0 -0.225315 -0.818132 0.52905 -0.212673 -0.488617 -0.846181 0.950791 -0.303172 -0.0639019 0 0 0 
-1 18.3286 14.7071 10.1437 1 0 0 1 0 0.237812 0 0 0 0 0 0 0 0.0538179 -0.870535 0.489154 -0.998493 -0.041656 0.0357224 -0.0107215 -0.49034 -0.871466 0 0 0 
-1 18.3304 14.7014 10.1463 1 0 0 1 0 0.237812 0 0 0 0 0 0 0 0.0521766 -0.922318 0.382894 -0.283792 -0.381303 -0.879813 0.957465 -0.0627566 -0.281642 0 0 0 
-1 18.3292 14.6965 10.1481 1 0 0 1 0 0.237812 0 0 0 0 0 0 0 -0.181629 -0.87955 0.439775 0.751688 -0.412517 -0.514583 0.634016 0.23711 0.736072 0 0 0 
-1 18.3285 14.6923 10.1509 1 0 0 1 0 0.233594 0 0 0 0 0 0 0 -0.149247 -0.866396 0.476533 0.827824 0.154083 0.539412 -0.54077 0.474991 0.694227 0 0 0 
-1 18.3276 14.6875 10.1531 1 0 0 1 0 0.233437 0 0 0 0 0 0 0 -0.0736079 -0.923393 0.376732 0.996925 -0.0579547 0.0527339 -0.0268607 0.379455 0.92482 0 0 0 
-1 18.3277 14.6822 10.1551 1 0 0 1 0 0.233437 0 0 0 0 0 0 0 -0.0745374 -0.908958 0.410169 0.0974805 -0.415985 -0.904132 0.992442 -0.0274081 0.119612 0 0 0 
-1 18.3268 14.6777 10.1574 1 0 0 1 0 0.233437 0 0 0 0 0 0 0 0.0183709 -0.907551 0.419539 -0.883461 -0.211206 -0.418198 0.468145 -0.362963 -0.805666 0 0 0 
-1 18.3279 14.6723 10.1596 1 0 0 1 0 0.233437 0 0 0 0 0 0 0 -0.023576 -0.871448 0.48992 -0.268442 -0.466541 -0.84278 0.963007 -0.151385 -0.222934 0 0 0 
-1 18.3265 14.6685 10.1627 1 0 0 1 0 0.233437 0 0 0 0 0 0 0 -0.228446 -0.819102 0.526198 -0.470814 -0.380135 -0.796136 0.852143 -0.429615 -0.298804 0 0 0 
-1 18.3256 14.664 10.1649 1 0 0 1 0 0.233906 0 0 0 0 0 0 0 0.0501285 -0.912479 0.406041 0.201612 -0.388938 -0.898933 0.978182 0.126925 0.16447 0 0 0 
-1 18.3271 14.6585 10.1671 1 0 0 1 0 0.234531 0 0 0 0 0 0 0 0.111691 -0.902663 0.415601 0.23286 -0.382801 -0.894002 0.966075 0.196629 0.167439 0 0 0 
-1 18.3268 14.6539 10.1696 1 0 0 1 0 0.234531 0 0 0 0 0 0 0 0.0139348 -0.917865 0.396648 0.144035 -0.390707 -0.909177 0.989475 0.0698002 0.12676 0 0 0 
-1 18.3273 14.6486 10.1714 1 0 0 1 0 0.234531 0 0 0 0 0 0 0 -0.113071 -0.919237 0.377118 -0.666403 -0.211361 -0.715006 0.736968 -0.332158 -0.588684 0 0 0 
-1 18.3256 14.6441 10.1736 1 0 0 1 0 0.234531 0 0 0 0 0 0 0 -0.266303 -0.828249 0.493038 0.112394 -0.534702 -0.837533 0.957314 -0.167623 0.235483 0 0 0 
-1 18.3246 14.6402 10.1764 1 0 0 1 0 0.234531 0 0 0 0 0 0 0 -0.0388148 -0.844593 0.534 -0.929465 -0.165684 -0.329611 0.366862 -0.509128 -0.778589 0 0 0 
-1 18.3253 14.6355 10.1791 1 0 0 1 0 0.229453 0 0 0 0 0 0 0 0 -0.893473 0.449117 -0.37571 -0.416213 -0.828015 0.926737 -0.168738 -0.335687 0 0 0 
-1 18.3246 14.6307 10.1812 1 0 0 1 0 0.229609 0 0 0 0 0 0 0 -0.158451 -0.851466 0.499898 0.893618 -0.338995 -0.294157 0.419928 0.400109 0.8146 0 0 0 
-1 18.3237 14.6268 10.1841 1 0 0 1 0 0.229609 0 0 0 0 0 0 0 -0.11937 -0.811293 0.572324 0.820808 0.243678 0.51662 -0.558592 0.531437 0.636827 0 0 0 
-1 18.3234 14.6225 10.1869 1 0 0 1 0 0.229609 0 0 0 0 0 0 0 -0.0783813 -0.847834 0.524437 0.989415 -0.130598 -0.0632554 0.12212 0.513928 0.849097 0 0 0 
-1 18.3228 14.6182 10.1895 1 0 0 1 0 0.229609 0 0 0 0 0 0 0 -0.0741583 -0.829759 0.553173 0.744258 0.323156 0.584509 -0.663763 0.455049 0.59359 0 0 0 
-1 18.3226 14.6141 10.1925 1 0 0 1 0 0.229609 0 0 0 0 0 0 0 -0.11943 -0.796656 0.592516 0.483476 0.474582 0.735542 -0.867172 0.374313 0.328485 0 0 0 
-1 18.3217 14.6102 10.1954 1 0 0 1 0 0.224492 0 0 0 0 0 0 0 -0.08408 -0.811214 0.578673 0.429681 0.494449 0.755576 -0.899058 0.312174 0.30699 0 0 0 
-1 18.3218 14.6059 10.1983 1 0 0 1 0 0.224062 0 0 0 0 0 0 0 0.0047579 -0.837985 0.545672 0.645297 0.41943 0.63849 -0.763917 0.349082 0.542745 0 0 0 
-1 18.3217 14.6016 10.201 1 0 0 1 0 0.224062 0 0 0 0 0 0 0 -0.00975765 -0.831201 0.555886 0.628465 0.427299 0.64996 -0.777777 0.355696 0.518211 0 0 0 
-1 18.3217 14.5975 10.204 1 0 0 1 0 0.224062 0 0 0 0 0 0 0 -0.0800082 -0.795655 0.600444 -0.423995 0.572329 0.701903 -0.902124 -0.198427 -0.383144 0 0 0 
-1 18.3209 14.5936 10.2071 1 0 0 1 0 0.224062 0 0 0 0 0 0 0 -0.109563 -0.801736 0.58755 0.703336 0.355155 0.615778 -0.702363 0.480711 0.524979 0 0 0 
-1 18.3206 14.5894 10.2099 1 0 0 1 0 0.224062 0 0 0 0 0 0 0 -0.079166 -0.821724 0.56436 0.853003 0.23713 0.464925 -0.515867 0.518207 0.682161 0 0 0 
-1 18.3201 14.5854 10.2128 1 0 0 1 0 0.224844 0 0 0 0 0 0 0 -0.0950908 -0.805296 0.585198 -0.00621997 0.588331 0.808596 -0.995449 0.0732502 -0.0609538 0 0 0 
-1 18.3196 14.5814 10.2157 1 0 0 1 0 0.224688 0 0 0 0 0 0 0 -0.104913 -0.804533 0.584568 0.235877 0.550907 0.80054 -0.966103 0.221873 0.131973 0 0 0 
-1 18.319 14.5773 10.2186 1 0 0 1 0 0.224688 0 0 0 0 0 0 0 -0.0296756 -0.819317 0.572573 0.988544 0.0607501 0.138164 -0.147984 0.570114 0.808128 0 0 0 
-1 18.3193 14.5731 10.2215 1 0 0 1 0 0.224688 0 0 0 0 0 0 0 -0.0348326 -0.798878 0.600484 0.403005 0.538602 0.739929 -0.914534 0.267772 0.303191 0 0 0 
-1 18.3187 14.5693 10.2246 1 0 0 1 0 0.224688 0 0 0 0 0 0 0 -0.079918 -0.784692 0.614713 0.996757 -0.0571149 0.056679 -0.00936619 0.61725 0.786712 0 0 0 
-1 18.3185 14.5652 10.2277 1 0 0 1 0 0.224688 0 0 0 0 0 0 0 -0.0797796 -0.793228 0.603676 0.939231 -0.26267 -0.221022 0.333888 0.549358 0.76598 0 0 0 
-1 18.3179 14.5613 10.2307 1 0 0 1 0 0.222656 0 0 0 0 0 0 0 -0.090005 -0.80974 0.579846 0.0349387 -0.584417 -0.810701 0.995328 -0.052708 0.0808918 0 0 0 
-1 18.3176 14.5571 10.2335 1 0 0 1 0 0.222813 0 0 0 0 0 0 0 -0.0596613 -0.810969 0.582039 -0.752703 -0.34643 -0.559844 0.655652 -0.471504 -0.58975 0 0 0 
-1 18.3173 14.5531 10.2366 1 0 0 1 0 0.222813 0 0 0 0 0 0 0 -0.0296113 -0.831685 0.554457 0.515231 -0.488031 -0.70453 0.856539 0.264812 0.442962 0 0 0 
-1 18.3173 14.5487 10.2391 1 0 0 1 0 0.222813 0 0 0 0 0 0 0 -0.0547068 -0.839091 0.541234 0.857874 0.23787 0.455489 -0.510939 0.489229 0.706821 0 0 0 
-1 18.3167 14.5447 10.242 1 0 0 1 0 0.222813 0 0 0 0 0 0 0 -0.0898342 -0.803331 0.588718 0.853832 -0.366434 -0.369725 0.512738 0.469453 0.718828 0 0 0 
-1 18.3164 14.5407 10.245 1 0 0 1 0 0.222813 0 0 0 0 0 0 0 -0.0748448 -0.7893 0.609429 -0.322918 -0.559029 -0.763683 0.943463 -0.253953 -0.213039 0 0 0 
-1 18.316 14.5368 10.2481 1 0 0 1 0 0.224219 0 0 0 0 0 0 0 -0.00501024 -0.80589 0.592044 -0.565467 -0.48602 -0.666356 0.824756 -0.33812 -0.453269 0 0 0 
-1 18.3163 14.5326 10.2509 1 0 0 1 0 0.223906 0 0 0 0 0 0 0 0.0731099 -0.834286 0.546463 -0.467868 -0.512585 -0.71997 0.880769 -0.203035 -0.42781 0 0 0 
-1 18.3167 14.5282 10.2537 1 0 0 1 0 0.223906 0 0 0 0 0 0 0 0.0296336 -0.823272 0.566874 -0.388903 -0.531933 -0.752198 0.920802 -0.198168 -0.335936 0 0 0 
-1 18.3167 14.5242 10.2567 1 0 0 1 0 0.223906 0 0 0 0 0 0 0 -0.0400223 -0.805946 0.590635 -0.585857 -0.459914 -0.667271 0.809426 -0.372733 -0.453762 0 0 0 
-1 18.3163 14.5202 10.2596 1 0 0 1 0 0.223906 0 0 0 0 0 0 0 -0.0649291 -0.794086 0.604328 -0.875792 -0.244929 -0.415931 0.478302 -0.556272 -0.679551 0 0 0 
-1 18.316 14.5163 10.2628 1 0 0 1 0 0.223906 0 0 0 0 0 0 0 -0.0746948 -0.782546 0.618096 -0.288216 -0.576433 -0.764628 0.954648 -0.235259 -0.182486 0 0 0 
-1 18.3156 14.5124 10.2658 1 0 0 1 0 0.213515 0 0 0 0 0 0 0 -0.0850005 -0.77996 0.620031 -0.00354698 -0.622042 -0.782976 0.996375 -0.0687526 0.0501074 0 0 0 
-1 18.3152 14.5085 10.2689 1 0 0 1 0 0.21336 0 0 0 0 0 0 0 -0.0751284 -0.780602 0.620496 0.941929 -0.259794 -0.212782 0.3273 0.568478 0.75479 0 0 0 
-1 18.3148 14.5045 10.272 1 0 0 1 0 0.21336 0 0 0 0 0 0 0 -0.0799954 -0.788984 0.609184 0.573195 0.463582 0.675677 -0.815505 0.403233 0.415157 0 0 0 
-1 18.3144 14.5006 10.2751 1 0 0 1 0 0.21336 0 0 0 0 0 0 0 -0.0899072 -0.784021 0.614188 -0.240254 0.615547 0.750587 -0.966538 -0.0800778 -0.243706 0 0 0 
-1 18.3139 14.4967 10.2782 1 0 0 1 0 0.21336 0 0 0 0 0 0 0 -0.089771 -0.78401 0.614223 -0.99544 0.0506595 -0.0808243 0.0322509 -0.618677 -0.784983 0 0 0 
-1 18.3134 14.4928 10.2812 1 0 0 1 0 0.21336 0 0 0 0 0 0 0 -0.0899968 -0.779616 0.619757 -0.00697549 -0.621774 -0.783166 0.995918 -0.0748055 0.0505194 0 0 0 
-1 18.313 14.4889 10.2843 1 0 0 1 0 0.211367 0 0 0 0 0 0 0 -0.0849864 -0.779983 0.620004 -0.571547 -0.471539 -0.671554 0.816157 -0.411434 -0.405722 0 0 0 
-1 18.3126 14.485 10.2874 1 0 0 1 0 0.211562 0 0 0 0 0 0 0 -0.0749142 -0.784997 0.614953 -0 -0.616686 -0.78721 0.99719 -0.0589732 0.0461985 0 0 0 
-1 18.3123 14.4811 10.2905 1 0 0 1 0 0.211562 0 0 0 0 0 0 0 -0.0700566 -0.785275 0.61517 -2.77772e-11 -0.616686 -0.78721 0.997543 -0.0551492 0.0432029 0 0 0 
-1 18.3119 14.4771 10.2936 1 0 0 1 0 0.211562 0 0 0 0 0 0 0 -0.065042 -0.785543 0.61538 -0.0186552 -0.615621 -0.787822 0.997708 -0.0627215 0.0253868 0 0 0 
-1 18.3116 14.4732 10.2966 1 0 0 1 0 0.211562 0 0 0 0 0 0 0 -0.070065 -0.785217 0.615244 0.546265 -0.546265 -0.634971 0.834677 0.291597 0.467211 0 0 0 
-1 18.3112 14.4693 10.2997 1 0 0 1 0 0.211562 0 0 0 0 0 0 0 -0.074779 -0.786852 0.612595 -0.501361 -0.501361 -0.705177 0.862001 -0.359864 -0.357005 0 0 0 
-1 18.3109 14.4653 10.3028 1 0 0 1 0 0.205469 0 0 0 0 0 0 0 -0.079918 -0.784692 0.614713 0 -0.616692 -0.787205 0.996801 -0.0629119 0.0492848 0 0 0 
-1 18.3104 14.4614 10.3059 1 0 0 1 0 0.205312 0 0 0 0 0 0 0 -0.079918 -0.784692 0.614713 0.366207 -0.596674 -0.714054 0.927095 0.168046 0.335044 0 0 0 
-1 18.3101 14.4574 10.309 1 0 0 1 0 0.205312 0 0 0 0 0 0 0 -0.0698513 -0.782821 0.618313 -0.483557 -0.515565 -0.707364 0.872521 -0.3484 -0.342526 0 0 0 
-1 18.3097 14.4536 10.312 1 0 0 1 0 0.205312 0 0 0 0 0 0 0 -0.0500843 -0.790507 0.610402 -0.963163 0.199911 0.179868 -0.264213 -0.578908 -0.771399 0 0 0 
-1 18.3096 14.4495 10.3151 1 0 0 1 0 0.205312 0 0 0 0 0 0 0 -0.0550117 -0.801184 0.595884 -0.967571 0.190126 0.166305 -0.246534 -0.567411 -0.785662 0 0 0 
-1 18.3092 14.4456 10.318 1 0 0 1 0 0.205312 0 0 0 0 0 0 0 -0.0648669 -0.823323 0.563855 -0.490389 -0.465808 -0.736574 0.869086 -0.324288 -0.373533 0 0 0 
-1 18.3089 14.4413 10.3207 1 0 0 1 0 0.197343 0 0 0 0 0 0 0 0.0536574 -0.85971 0.507956 0.561308 -0.394747 -0.727398 0.825866 0.32415 0.461381 0 0 0 
-1 18.3097 14.4367 10.3232 1 0 0 1 0 0.1975 0 0 0 0 0 0 0 0.0734994 -0.851667 0.518903 -0.55017 -0.4686 -0.691178 0.831812 -0.234684 -0.503004 0 0 0 
-1 18.3097 14.4326 10.326 1 0 0 1 0 0.1975 0 0 0 0 0 0 0 -0.0450093 -0.809862 0.584892 -0.767702 -0.346595 -0.538985 0.639224 -0.473282 -0.606133 0 0 0 
-1 18.3092 14.4286 10.3291 1 0 0 1 0 0.1975 0 0 0 0 0 0 0 -0.0747701 -0.786909 0.612522 -0.756339 0.445063 0.479448 -0.649893 -0.427426 -0.628447 0 0 0 
-1 18.3089 14.4247 10.3322 1 0 0 1 0 0.1975 0 0 0 0 0 0 0 -0.11459 -0.811702 0.57272 -0.512248 0.542242 0.666015 -0.851159 -0.217057 -0.477928 0 0 0 
-1 18.3081 14.4205 10.3348 1 0 0 1 0 0.1975 0 0 0 0 0 0 0 -0.139534 -0.817726 0.558439 -0.762846 0.448338 0.465896 -0.631344 -0.360995 -0.686357 0 0 0 
-1 18.3076 14.4165 10.3378 1 0 0 1 0 0.187188 0 0 0 0 0 0 0 -0.109854 -0.799948 0.589929 -0.813813 0.413144 0.408682 -0.57065 -0.435197 -0.696393 0 0 0 
-1 18.307 14.4125 10.3407 1 0 0 1 0 0.186485 0 0 0 0 0 0 0 -0.139515 -0.821591 0.552742 -0.749444 0.452447 0.483348 -0.647201 -0.346815 -0.67886 0 0 0 
-1 18.3061 14.4083 10.3433 1 0 0 1 0 0.186485 0 0 0 0 0 0 0 -0.262559 -0.873305 0.410367 -0.798661 0.435347 0.415469 -0.541483 -0.218659 -0.811779 0 0 0 
-1 18.3042 14.4033 10.345 1 0 0 1 0 0.186485 0 0 0 0 0 0 0 -0.223593 -0.855647 0.46677 -0.747406 0.4579 0.481364 -0.625612 -0.241238 -0.741899 0 0 0 
-1 18.3039 14.3995 10.3481 1 0 0 1 0 0.186485 0 0 0 0 0 0 0 -0.110013 -0.799843 0.590041 -0.82255 0.406512 0.397693 -0.557951 -0.441586 -0.702632 0 0 0 
-1 18.3032 14.3954 10.3509 1 0 0 1 0 0.186485 0 0 0 0 0 0 0 -0.11485 -0.803645 0.583922 -0.650796 0.504971 0.566982 -0.750516 -0.314896 -0.581004 0 0 0 
-1 18.3027 14.3914 10.3539 1 0 0 1 0 0.184179 0 0 0 0 0 0 0 -0.08959 -0.79262 0.603097 -0.962562 -0.0866327 -0.256845 0.255829 -0.603529 -0.755185 0 0 0 
-1 18.3022 14.3874 10.357 1 0 0 1 0 0.184375 0 0 0 0 0 0 0 -0.084843 -0.803647 0.589027 -0.944805 0.252641 0.208606 -0.316458 -0.538816 -0.780725 0 0 0 
-1 18.3018 14.3833 10.3598 1 0 0 1 0 0.184375 0 0 0 0 0 0 0 -0.0801734 -0.795625 0.60046 -0.726259 0.459231 0.511522 -0.68273 -0.395079 -0.614648 0 0 0 
-1 18.3014 14.3794 10.363 1 0 0 1 0 0.184375 0 0 0 0 0 0 0 -0.0698516 -0.789567 0.609676 0.68121 0.408724 0.60737 -0.728749 0.457743 0.50931 0 0 0 
-1 18.3012 14.3755 10.3659 1 0 0 1 0 0.184375 0 0 0 0 0 0 0 -0.054849 -0.798814 0.599072 0.696946 0.399015 0.595863 -0.715023 0.450204 0.534845 0 0 0 
-1 18.3009 14.3714 10.3689 1 0 0 1 0 0.184375 0 0 0 0 0 0 0 -0.0651891 -0.792216 0.606749 0.741142 0.368706 0.561039 -0.668176 0.48626 0.563109 0 0 0 
-1 18.3005 14.3676 10.372 1 0 0 1 0 0.180625 0 0 0 0 0 0 0 -0.0750749 -0.78493 0.615019 0.513407 0.498307 0.698644 -0.854855 0.368206 0.365578 0 0 0 
-1 18.3001 14.3636 10.3751 1 0 0 1 0 0.180312 0 0 0 0 0 0 0 -0.0697803 -0.787195 0.612744 -0.604348 0.522049 0.601854 -0.793659 -0.328313 -0.512168 0 0 0 
-1 18.2998 14.3596 10.3781 1 0 0 1 0 0.180312 0 0 0 0 0 0 0 -0.0748573 -0.789279 0.609454 0.573464 0.465924 0.673836 -0.815804 0.399941 0.417745 0 0 0 
-1 18.2994 14.3557 10.3812 1 0 0 1 0 0.180312 0 0 0 0 0 0 0 -0.0649291 -0.794086 0.604328 0.994278 2.33164e-15 0.106825 -0.0848284 0.607806 0.789542 0 0 0 
-1 18.2992 14.3517 10.3842 1 0 0 1 0 0.180312 0 0 0 0 0 0 0 -0.0651812 -0.792273 0.606675 0.997385 -0.0327141 0.0644369 -0.0312048 0.609289 0.792334 0 0 0 
-1 18.2987 14.3478 10.3872 1 0 0 1 0 0.180312 0 0 0 0 0 0 0 -0.0648655 -0.798333 0.598712 0.809037 0.309153 0.499883 -0.584168 0.516805 0.625828 0 0 0 
-1 18.2985 14.3437 10.3902 1 0 0 1 0 0.183281 0 0 0 0 0 0 0 -0.0298027 -0.82782 0.560201 0.694997 0.385642 0.606844 -0.718395 0.407423 0.563839 0 0 0 
-1 18.2985 14.3394 10.3929 1 0 0 1 0 0.182968 0 0 0 0 0 0 0 -0.0398402 -0.822045 0.568026 0.608536 0.43093 0.666321 -0.792525 0.372211 0.483076 0 0 0 
-1 18.2981 14.3355 10.3959 1 0 0 1 0 0.182968 0 0 0 0 0 0 0 -0.0849364 -0.7995 0.594631 0.996277 -0.0769915 0.0387896 0.0147692 0.595712 0.803063 0 0 0 
-1 18.2976 14.3314 10.3989 1 0 0 1 0 0.182968 0 0 0 0 0 0 0 -0.0850942 -0.806027 0.585729 0.269532 0.547322 0.792332 -0.959224 0.225296 0.170676 0 0 0 
-1 18.2973 14.3274 10.4018 1 0 0 1 0 0.182968 0 0 0 0 0 0 0 -0.0499722 -0.813724 0.579099 0.482796 0.487895 0.727232 -0.874306 0.315928 0.368482 0 0 0 
-1 18.2971 14.3233 10.4046 1 0 0 1 0 0.182968 0 0 0 0 0 0 0 -0.0697169 -0.806377 0.587278 0.696421 0.382163 0.607412 -0.714239 0.451339 0.534935 0 0 0 
-1 18.2966 14.3193 10.4076 1 0 0 1 0 0.19836 0 0 0 0 0 0 0 -0.0799374 -0.799832 0.594878 0.673557 0.396585 0.623731 -0.7348 0.450544 0.50703 0 0 0 
-1 18.2963 14.3153 10.4106 1 0 0 1 0 0.197968 0 0 0 0 0 0 0 -0.0450285 -0.820283 0.570183 0.89172 0.224295 0.393099 -0.450341 0.526145 0.721363 0 0 0 
-1 18.2961 14.3111 10.4134 1 0 0 1 0 0.197968 0 0 0 0 0 0 0 -0.0296493 -0.837743 0.545259 0.807389 0.301518 0.507159 -0.589274 0.455273 0.667445 0 0 0 
-1 18.296 14.3068 10.4161 1 0 0 1 0 0.197968 0 0 0 0 0 0 0 -0.0598427 -0.813282 0.578784 -0.197922 0.577979 0.791687 -0.978389 -0.0671772 -0.195554 0 0 0 
-1 18.2955 14.3029 10.4191 1 0 0 1 0 0.197968 0 0 0 0 0 0 0 -0.080062 -0.814497 0.574616 -0.94422 0.246707 0.218139 -0.319436 -0.525099 -0.788816 0 0 0 
-1 18.2952 14.2987 10.4219 1 0 0 1 0 0.197968 0 0 0 0 0 0 0 -0.0846985 -0.822047 0.563085 -0.738499 -0.327587 -0.589327 0.668914 -0.465753 -0.579334 0 0 0 
-1 18.2947 14.2947 10.4248 1 0 0 1 0 0.211485 0 0 0 0 0 0 0 -0.0496147 -0.84527 0.53203 -0.773135 -0.304728 -0.55624 0.632298 -0.438929 -0.638389 0 0 0 
-1 18.2947 14.2902 10.4272 1 0 0 1 0 0.211641 0 0 0 0 0 0 0 0.014629 -0.885351 0.464693 -0.833103 -0.267788 -0.483972 0.552924 -0.380058 -0.741506 0 0 0 
-1 18.2948 14.2857 10.4296 1 0 0 1 0 0.211641 0 0 0 0 0 0 0 -0.0447273 -0.839508 0.541503 -0.861845 -0.241687 -0.445881 0.505195 -0.486635 -0.712716 0 0 0 
-1 18.2943 14.2818 10.4326 1 0 0 1 0 0.211641 0 0 0 0 0 0 0 -0.0897409 -0.79261 0.603089 -0.792195 -0.310195 -0.525553 0.603634 -0.524928 -0.600064 0 0 0 
-1 18.2939 14.2777 10.4356 1 0 0 1 0 0.211641 0 0 0 0 0 0 0 -0.0548483 -0.821509 0.567551 -0.810199 -0.295596 -0.506162 0.583583 -0.487592 -0.649373 0 0 0 
-1 18.2937 14.2735 10.4383 1 0 0 1 0 0.211641 0 0 0 0 0 0 0 -0.0648474 -0.813027 0.578603 -0.889564 -0.215642 -0.402709 0.452185 -0.540819 -0.709256 0 0 0 
-1 18.2932 14.2695 10.4414 1 0 0 1 0 0.22707 0 0 0 0 0 0 0 -0.0794625 -0.79508 0.601276 -0.87698 -0.231003 -0.421359 0.47391 -0.56079 -0.678914 0 0 0 
-1 18.2929 14.2655 10.4444 1 0 0 1 0 0.226914 0 0 0 0 0 0 0 -0.0848514 -0.788646 0.608965 -0.496445 -0.496445 -0.712099 0.863911 -0.36274 -0.349395 0 0 0 
-1 18.2924 14.2617 10.4475 1 0 0 1 0 0.226914 0 0 0 0 0 0 0 -0.0901959 -0.786386 0.611115 -0.889049 -0.212966 -0.405262 0.44884 -0.579864 -0.679927 0 0 0 
-1 18.292 14.2577 10.4505 1 0 0 1 0 0.226914 0 0 0 0 0 0 0 -0.0745604 -0.806041 0.587144 -0.894607 -0.20607 -0.396501 0.440589 -0.554826 -0.705726 0 0 0 
-1 18.2917 14.2536 10.4534 1 0 0 1 0 0.226914 0 0 0 0 0 0 0 -0.0847586 -0.792957 0.603353 -0.889065 -0.213206 -0.405102 0.449867 -0.570756 -0.686919 0 0 0 
-1 18.2911 14.2497 10.4565 1 0 0 1 0 0.226914 0 0 0 0 0 0 0 -0.0701212 -0.811054 0.580754 -0.993089 0.00183354 -0.117347 0.0941097 -0.584969 -0.805577 0 0 0 
-1 18.291 14.2455 10.4592 1 0 0 1 0 0.232207 0 0 0 0 0 0 0 -0.0698471 -0.812752 0.578407 -0.996871 0.0353522 -0.0707044 0.0370172 -0.581536 -0.812678 0 0 0 
-1 18.2904 14.2415 10.4623 1 0 0 1 0 0.2325 0 0 0 0 0 0 0 -0.0694784 -0.818452 0.570358 -0.892467 -0.204462 -0.402115 0.445729 -0.536965 -0.716236 0 0 0 
-1 18.2902 14.2372 10.4649 1 0 0 1 0 0.2325 0 0 0 0 0 0 0 0.0238887 -0.911558 0.410478 -0.904497 -0.194593 -0.379497 0.42581 -0.36221 -0.82915 0 0 0 
-1 18.2907 14.232 10.4667 1 0 0 1 0 0.2325 0 0 0 0 0 0 0 0.376912 -0.781099 -0.497817 -0.614134 -0.613077 0.496967 -0.693381 0.118413 -0.710775 0 0 0 
-1 18.3061 14.2042 10.4439 1 0 0 1 0 0.2325 0 0 0 0 0 0 0 0.311434 -0.766869 -0.561179 -0.772494 0.139609 -0.619486 0.55341 0.626436 -0.548922 0 0 0 
-1 18.3066 14.1929 10.438 1 0 0 1 0 0.2325 0 0 0 0 0 0 0 -0.0256486 -0.981597 -0.189232 -0.977194 0.0645335 -0.202303 0.210792 0.179727 -0.960867 0 0 0 
-1 18.3057 14.1889 10.441 1 0 0 1 0 0.238125 0 0 0 0 0 0 0 -0.174952 -0.784613 0.59479 -0.976031 0.217634 7.68017e-12 -0.129446 -0.580533 -0.803881 0 0 0 
-1 18.3048 14.185 10.4439 1 0 0 1 0 0.238984 0 0 0 0 0 0 0 -0.175475 -0.786962 0.591522 -0.969148 0.243725 0.0367537 -0.173092 -0.566823 -0.805451 0 0 0 
-1 18.304 14.1811 10.4469 1 0 0 1 0 0.238984 0 0 0 0 0 0 0 -0.174783 -0.784692 0.594734 -0.57244 0.57244 0.587047 -0.801101 -0.237844 -0.549242 0 0 0 
-1 18.3031 14.1771 10.4499 1 0 0 1 0 0.238984 0 0 0 0 0 0 0 -0.178949 -0.785919 0.591868 -0.951642 -0.0144188 -0.306872 0.24971 -0.618161 -0.745333 0 0 0 
-1 18.3022 14.1732 10.4529 1 0 0 1 0 0.238984 0 0 0 0 0 0 0 -0.180514 -0.782022 0.596537 -0.983248 0.127899 -0.129866 0.0252621 -0.609986 -0.792009 0 0 0 
-1 18.3013 14.1693 10.4559 1 0 0 1 0 0.238984 0 0 0 0 0 0 0 -0.180687 -0.777718 0.602085 -0.972714 0.231884 0.00761407 -0.145536 -0.58428 -0.798396 0 0 0 
-1 18.3004 14.1654 10.4588 1 0 0 1 0 0.238867 0 0 0 0 0 0 0 -0.184168 -0.79168 0.582516 -0.955207 0.00448341 -0.295905 0.231651 -0.610919 -0.757044 0 0 0 
-1 18.2994 14.1614 10.4617 1 0 0 1 0 0.239219 0 0 0 0 0 0 0 -0.184893 -0.789762 0.584885 -0.982623 0.158444 -0.0966806 -0.016317 -0.592597 -0.805334 0 0 0 
-1 18.2985 14.1575 10.4647 1 0 0 1 0 0.239219 0 0 0 0 0 0 0 -0.185157 -0.800312 0.570278 -0.963884 0.260945 0.0532497 -0.191427 -0.539822 -0.819724 0 0 0 
-1 18.2976 14.1534 10.4674 1 0 0 1 0 0.239219 0 0 0 0 0 0 0 -0.189193 -0.81163 0.552687 -0.981308 0.13608 -0.13608 0.0352371 -0.568101 -0.822204 0 0 0 
-1 18.2966 14.1494 10.4703 1 0 0 1 0 0.239219 0 0 0 0 0 0 0 -0.190306 -0.791337 0.581007 -0.980353 0.184457 -0.0698779 -0.0518738 -0.58289 -0.810893 0 0 0 
-1 18.2957 14.1455 10.4732 1 0 0 1 0 0.239219 0 0 0 0 0 0 0 -0.189508 -0.782518 0.593087 -0.981861 0.147313 -0.119368 0.00603841 -0.60495 -0.796241 0 0 0 
-1 18.2948 14.1416 10.4762 1 0 0 1 0 0.247735 0 0 0 0 0 0 0 -0.189545 -0.778278 0.598628 -0.953352 0 -0.301862 0.234933 -0.62792 -0.741972 0 0 0 
-1 18.2938 14.1377 10.4792 1 0 0 1 0 0.248281 0 0 0 0 0 0 0 -0.190288 -0.776285 0.600975 -0.971234 0.238126 -0.000195105 -0.142956 -0.583725 -0.799268 0 0 0 
-1 18.2929 14.1338 10.4822 1 0 0 1 0 0.248281 0 0 0 0 0 0 0 -0.190288 -0.776285 0.600975 0.0120015 0.610275 0.792098 -0.981655 0.15794 -0.106812 0 0 0 
-1 18.2919 14.1299 10.4852 1 0 0 1 0 0.248281 0 0 0 0 0 0 0 -0.195134 -0.775496 0.600441 0.951039 -6.71034e-11 0.309072 -0.239684 0.631353 0.737526 0 0 0 
-1 18.2909 14.126 10.4882 1 0 0 1 0 0.248281 0 0 0 0 0 0 0 -0.194373 -0.777493 0.598101 0.575485 -0.584157 -0.572344 0.794378 0.23295 0.56098 0 0 0 
-1 18.29 14.1221 10.4912 1 0 0 1 0 0.248281 0 0 0 0 0 0 0 -0.190288 -0.776285 0.600975 0 -0.612161 -0.790733 0.981728 -0.150467 0.116487 0 0 0 
-1 18.289 14.1183 10.4942 1 0 0 1 0 0.249765 0 0 0 0 0 0 0 -0.195143 -0.775531 0.600392 0.969771 -0.244018 6.84244e-11 0.146506 0.582242 0.799706 0 0 0 
-1 18.288 14.1144 10.4972 1 0 0 1 0 0.24961 0 0 0 0 0 0 0 -0.194552 -0.773186 0.6036 0.969771 -0.244018 6.84244e-11 0.147289 0.585353 0.797288 0 0 0 
-1 18.2871 14.1105 10.5002 1 0 0 1 0 0.24961 0 0 0 0 0 0 0 -0.194552 -0.773186 0.6036 0.571137 -0.589579 -0.571137 0.797466 0.233622 0.5563 0 0 0 
-1 18.2861 14.1066 10.5033 1 0 0 1 0 0.24961 0 0 0 0 0 0 0 -0.199982 -0.77476 0.599795 0.585374 -0.585374 -0.560959 0.785713 0.238922 0.570589 0 0 0 
-1 18.285 14.1028 10.5063 1 0 0 1 0 0.24961 0 0 0 0 0 0 0 -0.195907 -0.773511 0.602744 0.524704 -0.601949 -0.601949 0.828436 0.198336 0.523791 0 0 0 
-1 18.2841 14.099 10.5092 1 0 0 1 0 0.24961 0 0 0 0 0 0 0 -0.194552 -0.773186 0.6036 1.12764e-14 -0.615358 -0.788248 0.980892 -0.153356 0.119719 0 0 0 
-1 18.2831 14.095 10.5123 1 0 0 1 0 0.256992 0 0 0 0 0 0 0 -0.199379 -0.772422 0.603003 0.973173 -0.228175 0.0294901 0.114812 0.592706 0.797194 0 0 0 
-1 18.2821 14.0912 10.5153 1 0 0 1 0 0.257188 0 0 0 0 0 0 0 -0.199836 -0.774784 0.599813 -2.31893e-14 -0.612161 -0.790733 0.979829 -0.158017 0.122332 0 0 0 
-1 18.2811 14.0873 10.5183 1 0 0 1 0 0.257188 0 0 0 0 0 0 0 -0.195143 -0.775531 0.600392 -0.951027 4.34555e-15 -0.309108 0.239723 -0.631309 -0.737551 0 0 0 
-1 18.2801 14.0835 10.5213 1 0 0 1 0 0.257188 0 0 0 0 0 0 0 -0.195907 -0.773511 0.602744 -0.524704 0.601949 0.601949 -0.828436 -0.198336 -0.523791 0 0 0 
-1 18.2792 14.0796 10.5243 1 0 0 1 0 0.257188 0 0 0 0 0 0 0 -0.194552 -0.773186 0.6036 0.147445 0.585314 0.797288 -0.969747 0.244112 0.000128554 0 0 0 
-1 18.2782 14.0757 10.5273 1 0 0 1 0 0.257188 0 0 0 0 0 0 0 -0.174572 -0.778042 0.603469 0.230889 0.563446 0.793233 -0.957191 0.277811 0.0812792 0 0 0 
-1 18.2774 14.0718 10.5303 1 0 0 1 0 0.257031 0 0 0 0 0 0 0 0.498941 -0.768474 0.400631 0.360799 0.604508 0.710207 -0.787961 -0.209804 0.578878 0 0 0 
-1 18.285 14.0652 10.5329 1 0 0 1 0 0.256875 0 0 0 0 0 0 0 0.528741 -0.759879 0.378176 0.21817 0.552252 0.804624 -0.820265 -0.342931 0.457781 0 0 0 
-1 18.285 14.0609 10.5357 1 0 0 1 0 0.256875 0 0 0 0 0 0 0 0 -0.824485 0.565884 0.224662 0.551418 0.803408 -0.974437 0.127133 0.18523 0 0 0 
-1 18.285 14.0567 10.5386 1 0 0 1 0 0.256875 0 0 0 0 0 0 0 -0.0541694 -0.816142 0.575306 0.184118 0.558109 0.809083 -0.98141 0.149752 0.120034 0 0 0 
-1 18.2844 14.0527 10.5416 1 0 0 1 0 0.256875 0 0 0 0 0 0 0 -0.0689326 -0.813796 0.577047 1.15496e-14 0.578423 0.815737 -0.997621 0.0562309 -0.0398722 0 0 0 
-1 18.2844 14.0484 10.5445 1 0 0 1 0 0.256875 0 0 0 0 0 0 0 -0.0641369 -0.814057 0.577232 0.288598 0.538577 0.79161 -0.9553 0.217359 0.200392 0 0 0 
-1 18.2837 14.0444 10.5475 1 0 0 1 0 0.2725 0 0 0 0 0 0 0 -0.128799 -0.797436 0.589498 0.269885 0.543824 0.794618 -0.954239 0.261443 0.145172 0 0 0 
-1 18.2831 14.0404 10.5505 1 0 0 1 0 0.273047 0 0 0 0 0 0 0 -0.15963 -0.788552 0.593889 -0.580274 0.561649 0.589774 -0.798624 -0.250473 -0.547232 0 0 0 
-1 18.2822 14.0365 10.5534 1 0 0 1 0 0.273047 0 0 0 0 0 0 0 -0.165134 -0.790261 0.590101 0.00409012 0.597761 0.801664 -0.986263 0.134795 -0.0954782 0 0 0 
-1 18.2814 14.0325 10.5563 1 0 0 1 0 0.273047 0 0 0 0 0 0 0 -0.179619 -0.788193 0.588633 0.376063 0.497901 0.781455 -0.909018 0.361727 0.206978 0 0 0 
-1 18.2803 14.0286 10.5593 1 0 0 1 0 0.273047 0 0 0 0 0 0 0 -0.149057 -0.799872 0.581367 0.360607 0.503474 0.78516 -0.92073 0.326678 0.213393 0 0 0 
-1 18.2799 14.0245 10.5622 1 0 0 1 0 0.273047 0 0 0 0 0 0 0 -0.123971 -0.808457 0.57535 0.988911 -0.14844 0.0044982 0.0817687 0.569528 0.817895 0 0 0 
-1 18.2791 14.0204 10.5651 1 0 0 1 0 0.284336 0 0 0 0 0 0 0 -0.124311 -0.810833 0.571924 0.510337 0.442066 0.737654 -0.850942 0.383573 0.358844 0 0 0 
-1 18.2787 14.0163 10.5679 1 0 0 1 0 0.28418 0 0 0 0 0 0 0 -0.103708 -0.819867 0.563084 0.259861 0.524137 0.81102 -0.960061 0.230433 0.158695 0 0 0 
-1 18.278 14.0122 10.5708 1 0 0 1 0 0.28418 0 0 0 0 0 0 0 -0.0936143 -0.822243 0.561385 0.402185 0.484576 0.77681 -0.91076 0.298501 0.285331 0 0 0 
-1 18.2777 14.0079 10.5737 1 0 0 1 0 0.28418 0 0 0 0 0 0 0 -0.0521473 -0.834953 0.547845 0.390547 0.487849 0.78069 -0.919105 0.25467 0.300649 0 0 0 
-1 18.2777 14.0057 10.575 1 0 0 1 0 0.28418 0 0 0 0 0 0 0 0.0718738 -0.861609 0.502459 0.373496 0.490358 0.787432 -0.924843 0.131071 0.357051 0 0 0 
-1 18.278 14.0049 10.5754 1 0 0 1 0 0.28418 0 0 0 0 0 0 0 0.19906 -0.871455 0.448264 0.373496 0.490358 0.787432 -0.906022 0.0106788 0.423096 0 0 0 
-1 18.278 14.004 10.5759 1 0 0 1 0 0.286153 0 0 0 0 0 0 0 0.19906 -0.871455 0.448264 0.373496 0.490358 0.787432 -0.906022 0.0106788 0.423096 0 0 0 
ObjectType = Tube
NDims = 3
ID = 20
ParentID = 159
Color = 1 0.3 0.21 1
BinaryData = False
TransformMatrix = 1 0 0 0 1 0 0 0 1
Offset = 0 0 0
CenterOfRotation = 0 0 0
ElementSpacing = 1 1 1
Root = False
Artery = True
PointDim = id x y z red green blue alpha mark r rn mn bn cv lv ro in tx ty tz v1x v1y v1z v2x v2y v2z a1 a2 a3
NPoints = 1
Points = 
-1 20.6061 13.8791 9.08795 1 0 0 1 0 0.216875 0 0 0 0 0 0 0 0.300104 0.270048 -0.914883 -0.656869 -0.636964 -0.403484 -0.691708 0.722046 -0.0137694 0 0 0 
ObjectType = Tube
NDims = 3
ID = 21
ParentID = 159
Color = 1 0.3 0.21 1
BinaryData = False
TransformMatrix = 1 0 0 0 1 0 0 0 1
Offset = 0 0 0
CenterOfRotation = 0 0 0
ElementSpacing = 1 1 1
Root = False
Artery = True
PointDim = id x y z red green blue alpha mark r rn mn bn cv lv ro in tx ty tz v1x v1y v1z v2x v2y v2z a1 a2 a3
NPoints = 1
Points = 
-1 20.6091 13.8818 9.0788 1 0 0 1 0 0.216875 0 0 0 0 0 0 0 0.305191 0.260283 -0.91603 -0.69566 0.717833 -0.0278039 0.65032 0.645731 0.400144 0 0 0 
ObjectType = Tube
NDims = 3
ID = 22
ParentID = 159
Color = 1 0.3 0.21 1
BinaryData = False
TransformMatrix = 1 0 0 0 1 0 0 0 1
Offset = 0 0 0
CenterOfRotation = 0 0 0
ElementSpacing = 1 1 1
Root = False
Artery = True
PointDim = id x y z red green blue alpha mark r rn mn bn cv lv ro in tx ty tz v1x v1y v1z v2x v2y v2z a1 a2 a3
NPoints = 1
Points = 
-1 20.6138 13.8857 9.0651 1 0 0 1 0 0.228906 0 0 0 0 0 0 0 0.295091 0.305167 -0.905425 -0.653054 0.756145 0.0420135 0.697454 0.578893 0.422422 0 0 0 
ObjectType = Tube
NDims = 3
ID = 23
ParentID = 159
Color = 1 0.3 0.21 1
BinaryData = False
TransformMatrix = 1 0 0 0 1 0 0 0 1
Offset = 0 0 0
CenterOfRotation = 0 0 0
ElementSpacing = 1 1 1
Root = False
Artery = True
PointDim = id x y z red green blue alpha mark r rn mn bn cv lv ro in tx ty tz v1x v1y v1z v2x v2y v2z a1 a2 a3
NPoints = 3
Points = 
-1 20.6193 13.8918 9.0413 1 0 0 1 0 0.232266 0 0 0 0 0 0 0 0.172218 0.197014 -0.965156 -0.576692 0.814501 0.0633587 0.798603 0.545687 0.253888 0 0 0 
-1 20.6206 13.893 9.0366 1 0 0 1 0 0.233672 0 0 0 0 0 0 0 0.188001 0.207783 -0.959938 -0.581575 0.811152 0.0616776 0.791471 0.54668 0.273339 0 0 0 
-1 20.6212 13.8939 9.0316 1 0 0 1 0 0.233672 0 0 0 0 0 0 0 0.20385 0.218714 -0.954258 0.57954 0.758631 0.297679 0.789037 -0.613713 0.0278935 0 0 0 
ObjectType = Tube
NDims = 3
ID = 24
ParentID = 159
Color = 1 0.3 0.21 1
BinaryData = False
TransformMatrix = 1 0 0 0 1 0 0 0 1
Offset = 0 0 0
CenterOfRotation = 0 0 0
ElementSpacing = 1 1 1
Root = False
Artery = True
PointDim = id x y z red green blue alpha mark r rn mn bn cv lv ro in tx ty tz v1x v1y v1z v2x v2y v2z a1 a2 a3
NPoints = 1
Points = 
-1 20.6252 13.8967 9.01195 1 0 0 1 0 0.238086 0 0 0 0 0 0 0 0.132088 0.127163 -0.983048 -0.706185 0.70802 -0.00330079 0.695597 0.694649 0.183321 0 0 0 
ObjectType = Tube
NDims = 3
ID = 25
ParentID = 159
Color = 1 0.3 0.21 1
BinaryData = False
TransformMatrix = 1 0 0 0 1 0 0 0 1
Offset = 0 0 0
CenterOfRotation = 0 0 0
ElementSpacing = 1 1 1
Root = False
Artery = True
PointDim = id x y z red green blue alpha mark r rn mn bn cv lv ro in tx ty tz v1x v1y v1z v2x v2y v2z a1 a2 a3
NPoints = 1
Points = 
-1 20.6304 13.9018 8.98785 1 0 0 1 0 0.239375 0 0 0 0 0 0 0 0.197001 0.103384 -0.974937 -0.837671 0.534443 -0.112591 0.509409 0.838857 0.191888 0 0 0 
ObjectType = Tube
NDims = 3
ID = 26
ParentID = 159
Color = 1 0.3 0.21 1
BinaryData = False
TransformMatrix = 1 0 0 0 1 0 0 0 1
Offset = 0 0 0
CenterOfRotation = 0 0 0
ElementSpacing = 1 1 1
Root = False
Artery = True
PointDim = id x y z red green blue alpha mark r rn mn bn cv lv ro in tx ty tz v1x v1y v1z v2x v2y v2z a1 a2 a3
NPoints = 3
Points = 
-1 20.6336 13.9042 8.9678 1 0 0 1 0 0.243593 0 0 0 0 0 0 0 0.198918 0.198918 -0.959616 0.540747 -0.838912 -0.0618064 -0.817328 -0.506615 -0.274439 0 0 0 
-1 20.6347 13.9051 8.963 1 0 0 1 0 0.243593 0 0 0 0 0 0 0 0.107715 0.141927 -0.983999 0.708152 -0.705643 -0.0242593 -0.697795 -0.694208 -0.176514 0 0 0 
-1 20.6347 13.9056 8.95775 1 0 0 1 0 0.243593 0 0 0 0 0 0 0 0.102416 0.136654 -0.98531 0.613839 -0.788119 -0.045501 -0.782759 -0.600162 -0.1646 0 0 0 
ObjectType = Tube
NDims = 3
ID = 27
ParentID = 159
Color = 1 0.3 0.21 1
BinaryData = False
TransformMatrix = 1 0 0 0 1 0 0 0 1
Offset = 0 0 0
CenterOfRotation = 0 0 0
ElementSpacing = 1 1 1
Root = False
Artery = True
PointDim = id x y z red green blue alpha mark r rn mn bn cv lv ro in tx ty tz v1x v1y v1z v2x v2y v2z a1 a2 a3
NPoints = 1
Points = 
-1 20.6365 13.9076 8.94805 1 0 0 1 0 0.243203 0 0 0 0 0 0 0 0.220207 0.195162 -0.95573 0.754636 -0.654915 0.0401379 -0.618089 -0.730067 -0.291493 0 0 0 
ObjectType = Tube
NDims = 3
ID = 28
ParentID = 159
Color = 1 0.3 0.21 1
BinaryData = False
TransformMatrix = 1 0 0 0 1 0 0 0 1
Offset = 0 0 0
CenterOfRotation = 0 0 0
ElementSpacing = 1 1 1
Root = False
Artery = True
PointDim = id x y z red green blue alpha mark r rn mn bn cv lv ro in tx ty tz v1x v1y v1z v2x v2y v2z a1 a2 a3
NPoints = 4
Points = 
-1 20.6385 13.9093 8.9383 1 0 0 1 0 0.243203 0 0 0 0 0 0 0 0.148143 0.177681 -0.972874 0.640388 -0.766872 -0.0425437 -0.753629 -0.616714 -0.227391 0 0 0 
-1 20.6395 13.9103 8.9335 1 0 0 1 0 0.243203 0 0 0 0 0 0 0 0.199988 0.219972 -0.954787 0.508416 -0.856312 -0.0907923 -0.837567 -0.467271 -0.283089 0 0 0 
-1 20.6405 13.9115 8.92875 1 0 0 1 0 0.243203 0 0 0 0 0 0 0 0.143707 0.188332 -0.971535 0.830947 -0.556147 0.0151027 -0.537472 -0.809464 -0.236416 0 0 0 
-1 20.6409 13.9122 8.9237 1 0 0 1 0 0.247851 0 0 0 0 0 0 0 0.133775 0.173379 -0.975727 0.782015 -0.623249 -0.00352951 -0.608733 -0.762562 -0.21896 0 0 0 
ObjectType = Tube
NDims = 3
ID = 29
ParentID = 159
Color = 1 0.3 0.21 1
BinaryData = False
TransformMatrix = 1 0 0 0 1 0 0 0 1
Offset = 0 0 0
CenterOfRotation = 0 0 0
ElementSpacing = 1 1 1
Root = False
Artery = True
PointDim = id x y z red green blue alpha mark r rn mn bn cv lv ro in tx ty tz v1x v1y v1z v2x v2y v2z a1 a2 a3
NPoints = 7
Points = 
-1 20.6425 13.9142 8.91395 1 0 0 1 0 0.247695 0 0 0 0 0 0 0 0.153903 0.198438 -0.967955 0.510062 -0.854967 -0.0941758 -0.846257 -0.479223 -0.232798 0 0 0 
-1 20.6434 13.9152 8.90915 1 0 0 1 0 0.247695 0 0 0 0 0 0 0 0.118922 0.178535 -0.976721 -0.442295 -0.871186 -0.213096 -0.888951 0.45734 -0.0246385 0 0 0 
-1 20.6437 13.916 8.9041 1 0 0 1 0 0.247695 0 0 0 0 0 0 0 0.109111 0.183567 -0.976933 0.472213 -0.874397 -0.11156 -0.874705 -0.449148 -0.18209 0 0 0 
-1 20.6445 13.9171 8.8993 1 0 0 1 0 0.247695 0 0 0 0 0 0 0 0.1696 0.214319 -0.961927 0.611499 -0.788333 -0.0678272 -0.772855 -0.576714 -0.264757 0 0 0 
-1 20.6454 13.9181 8.89445 1 0 0 1 0 0.247598 0 0 0 0 0 0 0 0.188989 0.22876 -0.954962 0.644352 -0.762734 -0.0551935 -0.741008 -0.604901 -0.29155 0 0 0 
-1 20.6464 13.9193 8.8897 1 0 0 1 0 0.247813 0 0 0 0 0 0 0 0.160002 0.205041 -0.965587 0.780161 -0.625569 -0.00356241 -0.604771 -0.752743 -0.260058 0 0 0 
-1 20.6469 13.9202 8.8848 1 0 0 1 0 0.247813 0 0 0 0 0 0 0 0.139735 0.179812 -0.973726 0.769739 -0.638315 -0.00741172 -0.622877 -0.748479 -0.227603 0 0 0 
ObjectType = Tube
NDims = 3
ID = 30
ParentID = 159
Color = 1 0.3 0.21 1
BinaryData = False
TransformMatrix = 1 0 0 0 1 0 0 0 1
Offset = 0 0 0
CenterOfRotation = 0 0 0
ElementSpacing = 1 1 1
Root = False
Artery = True
PointDim = id x y z red green blue alpha mark r rn mn bn cv lv ro in tx ty tz v1x v1y v1z v2x v2y v2z a1 a2 a3
NPoints = 2
Points = 
-1 20.6488 13.9232 8.87015 1 0 0 1 0 0.247813 0 0 0 0 0 0 0 0.0784063 0.0831853 -0.993445 0.603943 -0.7968 -0.0190541 -0.793162 -0.59849 -0.112713 0 0 0 
-1 20.6494 13.9232 8.865 1 0 0 1 0 0.253281 0 0 0 0 0 0 0 0.0387306 0.0532177 -0.997832 0.892936 -0.450057 0.0106561 -0.448514 -0.891413 -0.064951 0 0 0 
ObjectType = Tube
NDims = 3
ID = 31
ParentID = 159
Color = 1 0.3 0.21 1
BinaryData = False
TransformMatrix = 1 0 0 0 1 0 0 0 1
Offset = 0 0 0
CenterOfRotation = 0 0 0
ElementSpacing = 1 1 1
Root = False
Artery = True
PointDim = id x y z red green blue alpha mark r rn mn bn cv lv ro in tx ty tz v1x v1y v1z v2x v2y v2z a1 a2 a3
NPoints = 3
Points = 
-1 20.6505 13.9251 8.85005 1 0 0 1 0 0.253437 0 0 0 0 0 0 0 0.0744532 0.143761 -0.986808 0.513078 -0.854052 -0.08571 -0.855107 -0.499928 -0.137348 0 0 0 
-1 20.6509 13.9258 8.84505 1 0 0 1 0 0.253437 0 0 0 0 0 0 0 0.109492 0.164162 -0.980338 -0.641919 -0.741343 -0.195835 -0.758915 0.65074 0.0242075 0 0 0 
-1 20.6516 13.9268 8.8402 1 0 0 1 0 0.253437 0 0 0 0 0 0 0 0.120006 0.155122 -0.980579 -0.659756 -0.725597 -0.195527 -0.741836 0.670408 0.0152668 0 0 0 
ObjectType = Tube
NDims = 3
ID = 32
ParentID = 159
Color = 1 0.3 0.21 1
BinaryData = False
TransformMatrix = 1 0 0 0 1 0 0 0 1
Offset = 0 0 0
CenterOfRotation = 0 0 0
ElementSpacing = 1 1 1
Root = False
Artery = True
PointDim = id x y z red green blue alpha mark r rn mn bn cv lv ro in tx ty tz v1x v1y v1z v2x v2y v2z a1 a2 a3
NPoints = 1
Points = 
-1 20.6533 13.9291 8.82545 1 0 0 1 0 0.253437 0 0 0 0 0 0 0 0.125397 0.14023 -0.982146 0.469422 0.863747 0.183259 0.874024 -0.484021 0.0424839 0 0 0 
ObjectType = Tube
NDims = 3
ID = 33
ParentID = 159
Color = 1 0.3 0.21 1
BinaryData = False
TransformMatrix = 1 0 0 0 1 0 0 0 1
Offset = 0 0 0
CenterOfRotation = 0 0 0
ElementSpacing = 1 1 1
Root = False
Artery = True
PointDim = id x y z red green blue alpha mark r rn mn bn cv lv ro in tx ty tz v1x v1y v1z v2x v2y v2z a1 a2 a3
NPoints = 1
Points = 
-1 20.6542 13.9307 8.8156 1 0 0 1 0 0.253437 0 0 0 0 0 0 0 -0.00496259 0.13805 -0.990413 0.893111 0.446119 0.0577079 0.449808 -0.884263 -0.125508 0 0 0 
ObjectType = Tube
NDims = 3
ID = 34
ParentID = 159
Color = 1 0.3 0.21 1
BinaryData = False
TransformMatrix = 1 0 0 0 1 0 0 0 1
Offset = 0 0 0
CenterOfRotation = 0 0 0
ElementSpacing = 1 1 1
Root = False
Artery = True
PointDim = id x y z red green blue alpha mark r rn mn bn cv lv ro in tx ty tz v1x v1y v1z v2x v2y v2z a1 a2 a3
NPoints = 1
Points = 
-1 20.6542 13.932 8.80555 1 0 0 1 0 0.256094 0 0 0 0 0 0 0 0.094846 0.109942 -0.989402 0.662383 0.734966 0.145167 0.743137 -0.669132 -0.00311515 0 0 0 
ObjectType = Tube
NDims = 3
ID = 35
ParentID = 159
Color = 1 0.3 0.21 1
BinaryData = False
TransformMatrix = 1 0 0 0 1 0 0 0 1
Offset = 0 0 0
CenterOfRotation = 0 0 0
ElementSpacing = 1 1 1
Root = False
Artery = True
PointDim = id x y z red green blue alpha mark r rn mn bn cv lv ro in tx ty tz v1x v1y v1z v2x v2y v2z a1 a2 a3
NPoints = 3
Points = 
-1 20.6552 13.9331 8.79565 1 0 0 1 0 0.256406 0 0 0 0 0 0 0 0.0850184 0.159676 -0.983502 0.546715 -0.832689 -0.0879305 -0.832991 -0.530219 -0.158091 0 0 0 
-1 20.6557 13.9339 8.79075 1 0 0 1 0 0.256406 0 0 0 0 0 0 0 0.0701242 0.150179 -0.986169 0.931311 -0.364066 0.0107815 -0.357412 -0.919186 -0.165393 0 0 0 
-1 20.6559 13.9346 8.7858 1 0 0 1 0 0.256406 0 0 0 0 0 0 0 0.0446552 0.0847537 -0.995401 0.961587 0.266489 0.0658286 0.270842 -0.960104 -0.069598 0 0 0 
ObjectType = Tube
NDims = 3
ID = 36
ParentID = 159
Color = 1 0.3 0.21 1
BinaryData = False
TransformMatrix = 1 0 0 0 1 0 0 0 1
Offset = 0 0 0
CenterOfRotation = 0 0 0
ElementSpacing = 1 1 1
Root = False
Artery = True
PointDim = id x y z red green blue alpha mark r rn mn bn cv lv ro in tx ty tz v1x v1y v1z v2x v2y v2z a1 a2 a3
NPoints = 1
Points = 
-1 20.6565 13.9351 8.77575 1 0 0 1 0 0.25414 0 0 0 0 0 0 0 0.0598174 0.0795541 -0.995034 0.93015 0.357328 0.0844857 0.362275 -0.930585 -0.0526228 0 0 0 
ObjectType = Tube
NDims = 3
ID = 37
ParentID = 159
Color = 1 0.3 0.21 1
BinaryData = False
TransformMatrix = 1 0 0 0 1 0 0 0 1
Offset = 0 0 0
CenterOfRotation = 0 0 0
ElementSpacing = 1 1 1
Root = False
Artery = True
PointDim = id x y z red green blue alpha mark r rn mn bn cv lv ro in tx ty tz v1x v1y v1z v2x v2y v2z a1 a2 a3
NPoints = 1
Points = 
-1 20.6577 13.9373 8.75585 1 0 0 1 0 0.253985 0 0 0 0 0 0 0 0.0796546 0.0348109 -0.996215 -0.832425 0.552119 -0.0472657 0.548383 0.833039 0.0729562 0 0 0 
ObjectType = Tube
NDims = 3
ID = 38
ParentID = 159
Color = 1 0.3 0.21 1
BinaryData = False
TransformMatrix = 1 0 0 0 1 0 0 0 1
Offset = 0 0 0
CenterOfRotation = 0 0 0
ElementSpacing = 1 1 1
Root = False
Artery = True
PointDim = id x y z red green blue alpha mark r rn mn bn cv lv ro in tx ty tz v1x v1y v1z v2x v2y v2z a1 a2 a3
NPoints = 2
Points = 
-1 20.6585 13.9374 8.74585 1 0 0 1 0 0.25793 0 0 0 0 0 0 0 0.0753005 0.0902994 -0.993064 -0.942671 0.331149 -0.041368 0.325117 0.939248 0.110058 0 0 0 
-1 20.6589 13.9379 8.7409 1 0 0 1 0 0.258281 0 0 0 0 0 0 0 0.0700162 0.0750501 -0.994719 -0.713341 -0.693278 -0.102517 -0.697311 0.716752 0.00499559 0 0 0 
ObjectType = Tube
NDims = 3
ID = 39
ParentID = 159
Color = 1 0.3 0.21 1
BinaryData = False
TransformMatrix = 1 0 0 0 1 0 0 0 1
Offset = 0 0 0
CenterOfRotation = 0 0 0
ElementSpacing = 1 1 1
Root = False
Artery = True
PointDim = id x y z red green blue alpha mark r rn mn bn cv lv ro in tx ty tz v1x v1y v1z v2x v2y v2z a1 a2 a3
NPoints = 2
Points = 
-1 20.6596 13.9386 8.73095 1 0 0 1 0 0.258281 0 0 0 0 0 0 0 0.0947209 0.0698986 -0.993047 0.426595 -0.904151 -0.022951 -0.899469 -0.421455 -0.11546 0 0 0 
-1 20.6601 13.9389 8.72595 1 0 0 1 0 0.258281 0 0 0 0 0 0 0 0.0198732 0.0347402 -0.999199 0.598946 -0.800631 -0.0159239 -0.800543 -0.598149 -0.0367186 0 0 0 
ObjectType = Tube
NDims = 3
ID = 40
ParentID = 159
Color = 1 0.3 0.21 1
BinaryData = False
TransformMatrix = 1 0 0 0 1 0 0 0 1
Offset = 0 0 0
CenterOfRotation = 0 0 0
ElementSpacing = 1 1 1
Root = False
Artery = True
PointDim = id x y z red green blue alpha mark r rn mn bn cv lv ro in tx ty tz v1x v1y v1z v2x v2y v2z a1 a2 a3
NPoints = 1
Points = 
-1 20.6601 13.9391 8.7159 1 0 0 1 0 0.266328 0 0 0 0 0 0 0 0.0549769 0.0300013 -0.998037 0.395358 -0.918509 -0.00583229 -0.91688 -0.394261 -0.062358 0 0 0 
ObjectType = Tube
NDims = 3
ID = 41
ParentID = 159
Color = 1 0.3 0.21 1
BinaryData = False
TransformMatrix = 1 0 0 0 1 0 0 0 1
Offset = 0 0 0
CenterOfRotation = 0 0 0
ElementSpacing = 1 1 1
Root = False
Artery = True
PointDim = id x y z red green blue alpha mark r rn mn bn cv lv ro in tx ty tz v1x v1y v1z v2x v2y v2z a1 a2 a3
NPoints = 1
Points = 
-1 20.6608 13.9394 8.7009 1 0 0 1 0 0.266172 0 0 0 0 0 0 0 0.0950819 0.0250296 -0.995155 0.447061 -0.894275 0.020222 -0.889436 -0.446817 -0.0962191 0 0 0 
ObjectType = Tube
NDims = 3
ID = 42
ParentID = 159
Color = 1 0.3 0.21 1
BinaryData = False
TransformMatrix = 1 0 0 0 1 0 0 0 1
Offset = 0 0 0
CenterOfRotation = 0 0 0
ElementSpacing = 1 1 1
Root = False
Artery = True
PointDim = id x y z red green blue alpha mark r rn mn bn cv lv ro in tx ty tz v1x v1y v1z v2x v2y v2z a1 a2 a3
NPoints = 3
Points = 
-1 20.6615 13.9395 8.69095 1 0 0 1 0 0.266172 0 0 0 0 0 0 0 0.0747031 0.00988941 -0.997157 0.829532 -0.55558 0.0566353 -0.55344 -0.831404 -0.0497071 0 0 0 
-1 20.662 13.9396 8.68595 1 0 0 1 0 0.267774 0 0 0 0 0 0 0 0.0648658 -0.00487255 -0.997882 0.450598 -0.892093 0.0336464 -0.890367 -0.451826 -0.0556707 0 0 0 
-1 20.6622 13.9395 8.68095 1 0 0 1 0 0.267929 0 0 0 0 0 0 0 0.0350672 -0.019973 -0.999185 0.368274 -0.929184 0.0314986 -0.929056 -0.369079 -0.0252283 0 0 0 
ObjectType = Tube
NDims = 3
ID = 43
ParentID = 159
Color = 1 0.3 0.21 1
BinaryData = False
TransformMatrix = 1 0 0 0 1 0 0 0 1
Offset = 0 0 0
CenterOfRotation = 0 0 0
ElementSpacing = 1 1 1
Root = False
Artery = True
PointDim = id x y z red green blue alpha mark r rn mn bn cv lv ro in tx ty tz v1x v1y v1z v2x v2y v2z a1 a2 a3
NPoints = 2
Points = 
-1 20.6628 13.9394 8.67095 1 0 0 1 0 0.267929 0 0 0 0 0 0 0 0.0846833 -0.00988225 -0.996359 0.722052 -0.68847 0.0681977 -0.686637 -0.725198 -0.0511664 0 0 0 
-1 20.6632 13.9393 8.66595 1 0 0 1 0 0.267929 0 0 0 0 0 0 0 0.0750676 -0.0200282 -0.996977 0.449336 -0.891863 0.0517494 -0.890204 -0.451862 -0.0579506 0 0 0 
ObjectType = Tube
NDims = 3
ID = 44
ParentID = 159
Color = 1 0.3 0.21 1
BinaryData = False
TransformMatrix = 1 0 0 0 1 0 0 0 1
Offset = 0 0 0
CenterOfRotation = 0 0 0
ElementSpacing = 1 1 1
Root = False
Artery = True
PointDim = id x y z red green blue alpha mark r rn mn bn cv lv ro in tx ty tz v1x v1y v1z v2x v2y v2z a1 a2 a3
NPoints = 1
Points = 
-1 20.6637 13.939 8.656 1 0 0 1 0 0.264903 0 0 0 0 0 0 0 0.0648377 -0.0298314 -0.99745 0.305661 -0.950914 0.0483087 -0.94993 -0.308014 -0.0525367 0 0 0 
ObjectType = Tube
NDims = 3
ID = 45
ParentID = 159
Color = 1 0.3 0.21 1
BinaryData = False
TransformMatrix = 1 0 0 0 1 0 0 0 1
Offset = 0 0 0
CenterOfRotation = 0 0 0
ElementSpacing = 1 1 1
Root = False
Artery = True
PointDim = id x y z red green blue alpha mark r rn mn bn cv lv ro in tx ty tz v1x v1y v1z v2x v2y v2z a1 a2 a3
NPoints = 1
Points = 
-1 20.6647 13.9388 8.64605 1 0 0 1 0 0.264687 0 0 0 0 0 0 0 0.0950852 -0.0201465 -0.995265 0.436598 -0.897662 0.0598822 -0.894618 -0.440224 -0.0765584 0 0 0 
ObjectType = Tube
NDims = 3
ID = 46
ParentID = 159
Color = 1 0.3 0.21 1
BinaryData = False
TransformMatrix = 1 0 0 0 1 0 0 0 1
Offset = 0 0 0
CenterOfRotation = 0 0 0
ElementSpacing = 1 1 1
Root = False
Artery = True
PointDim = id x y z red green blue alpha mark r rn mn bn cv lv ro in tx ty tz v1x v1y v1z v2x v2y v2z a1 a2 a3
NPoints = 1
Points = 
-1 20.6651 13.9383 8.636 1 0 0 1 0 0.264687 0 0 0 0 0 0 0 0.0348693 -0.0548164 -0.997887 0.446279 -0.892558 0.0646248 -0.894214 -0.447589 -0.00665948 0 0 0 
ObjectType = Tube
NDims = 3
ID = 47
ParentID = 159
Color = 1 0.3 0.21 1
BinaryData = False
TransformMatrix = 1 0 0 0 1 0 0 0 1
Offset = 0 0 0
CenterOfRotation = 0 0 0
ElementSpacing = 1 1 1
Root = False
Artery = True
PointDim = id x y z red green blue alpha mark r rn mn bn cv lv ro in tx ty tz v1x v1y v1z v2x v2y v2z a1 a2 a3
NPoints = 7
Points = 
-1 20.6655 13.9378 8.626 1 0 0 1 0 0.265781 0 0 0 0 0 0 0 0.0248546 -0.0545589 -0.998201 0.272189 -0.960416 0.0592711 -0.961923 -0.273173 -0.00902043 0 0 0 
-1 20.6658 13.9376 8.621 1 0 0 1 0 0.266093 0 0 0 0 0 0 0 0.075174 -0.0401844 -0.99636 0.451584 -0.889483 0.0699453 -0.889056 -0.455198 -0.0487193 0 0 0 
-1 20.6663 13.9374 8.61605 1 0 0 1 0 0.266093 0 0 0 0 0 0 0 0.0850539 -0.035121 -0.995757 -0.700379 -0.712928 -0.0346784 -0.708685 0.700357 -0.0852354 0 0 0 
-1 20.6666 13.9373 8.61105 1 0 0 1 0 0.266093 0 0 0 0 0 0 0 0.0796675 -0.0297993 -0.996376 -0.710329 0.699566 -0.0777184 0.699347 0.713946 0.0345654 0 0 0 
-1 20.667 13.9371 8.60605 1 0 0 1 0 0.266093 0 0 0 0 0 0 0 0.0698123 -0.0398493 -0.996764 0.495731 0.868476 -3.11109e-11 0.865665 -0.494127 0.0803848 0 0 0 
-1 20.6673 13.9368 8.60105 1 0 0 1 0 0.266093 0 0 0 0 0 0 0 0.0701579 -0.0400466 -0.996732 -0.451247 0.889842 -0.0675143 0.889637 0.454508 0.0443586 0 0 0 
-1 20.6678 13.9367 8.5961 1 0 0 1 0 0.260859 0 0 0 0 0 0 0 0.0800547 -0.0349857 -0.996176 0.680755 0.731937 0.0290012 0.728123 -0.680474 0.0824116 0 0 0 
ObjectType = Tube
NDims = 3
ID = 48
ParentID = 159
Color = 1 0.3 0.21 1
BinaryData = False
TransformMatrix = 1 0 0 0 1 0 0 0 1
Offset = 0 0 0
CenterOfRotation = 0 0 0
ElementSpacing = 1 1 1
Root = False
Artery = True
PointDim = id x y z red green blue alpha mark r rn mn bn cv lv ro in tx ty tz v1x v1y v1z v2x v2y v2z a1 a2 a3
NPoints = 5
Points = 
-1 20.6685 13.9364 8.5861 1 0 0 1 0 0.26125 0 0 0 0 0 0 0 0.0598289 -0.0299906 -0.997758 -0.425403 0.903471 -0.0526651 0.903024 0.4276 0.0412956 0 0 0 
-1 20.6687 13.9362 8.5811 1 0 0 1 0 0.26125 0 0 0 0 0 0 0 0.0701922 -0.0250796 -0.997218 -0.359655 0.931811 -0.04875 0.930442 0.362076 0.0563859 0 0 0 
-1 20.6692 13.9361 8.57615 1 0 0 1 0 0.26125 0 0 0 0 0 0 0 0.0449412 -0.0348866 -0.99838 0.613199 0.789929 2.82953e-11 0.788649 -0.612206 0.0568927 0 0 0 
-1 20.6691 13.9359 8.5711 1 0 0 1 0 0.26125 0 0 0 0 0 0 0 0.0447201 -0.034715 -0.998396 -0.469251 0.881552 -0.0516709 0.881932 0.470809 0.0231331 0 0 0 
-1 20.6697 13.9358 8.5661 1 0 0 1 0 0.260938 0 0 0 0 0 0 0 0.100099 -0.00503548 -0.994965 -0.290684 0.956212 -0.0340838 0.951569 0.292632 0.0942523 0 0 0 
ObjectType = Tube
NDims = 3
ID = 49
ParentID = 159
Color = 1 0.3 0.21 1
BinaryData = False
TransformMatrix = 1 0 0 0 1 0 0 0 1
Offset = 0 0 0
CenterOfRotation = 0 0 0
ElementSpacing = 1 1 1
Root = False
Artery = True
PointDim = id x y z red green blue alpha mark r rn mn bn cv lv ro in tx ty tz v1x v1y v1z v2x v2y v2z a1 a2 a3
NPoints = 3
Points = 
-1 20.67 13.9355 8.5561 1 0 0 1 0 0.260781 0 0 0 0 0 0 0 0.00485619 -0.0298959 -0.999541 -0.38201 0.923688 -0.0294832 0.924146 0.381978 -0.00693494 0 0 0 
-1 20.6702 13.9355 8.5511 1 0 0 1 0 0.260781 0 0 0 0 0 0 0 0.0648657 -0.00502481 -0.997881 -0.391596 0.919645 -0.0300859 0.917848 0.392718 0.0576858 0 0 0 
-1 20.6707 13.9355 8.5461 1 0 0 1 0 0.260781 0 0 0 0 0 0 0 0.100088 0.0100698 -0.994928 -0.946429 0.309508 -0.0920763 0.307011 0.950844 0.0405083 0 0 0 
ObjectType = Tube
NDims = 3
ID = 50
ParentID = 159
Color = 1 0.3 0.21 1
BinaryData = False
TransformMatrix = 1 0 0 0 1 0 0 0 1
Offset = 0 0 0
CenterOfRotation = 0 0 0
ElementSpacing = 1 1 1
Root = False
Artery = True
PointDim = id x y z red green blue alpha mark r rn mn bn cv lv ro in tx ty tz v1x v1y v1z v2x v2y v2z a1 a2 a3
NPoints = 1
Points = 
-1 20.6726 13.936 8.5262 1 0 0 1 0 0.257968 0 0 0 0 0 0 0 0.0896258 0.029774 -0.99553 0.87935 -0.471711 0.0650585 -0.467666 -0.88125 -0.0684593 0 0 0 
ObjectType = Tube
NDims = 3
ID = 51
ParentID = 159
Color = 1 0.3 0.21 1
BinaryData = False
TransformMatrix = 1 0 0 0 1 0 0 0 1
Offset = 0 0 0
CenterOfRotation = 0 0 0
ElementSpacing = 1 1 1
Root = False
Artery = True
PointDim = id x y z red green blue alpha mark r rn mn bn cv lv ro in tx ty tz v1x v1y v1z v2x v2y v2z a1 a2 a3
NPoints = 3
Points = 
-1 20.6738 13.9365 8.51125 1 0 0 1 0 0.257968 0 0 0 0 0 0 0 0.064815 0.0398627 -0.997101 0.317114 -0.94823 -0.0172954 -0.94617 -0.315074 -0.0741005 0 0 0 
-1 20.6742 13.9368 8.50625 1 0 0 1 0 0.259297 0 0 0 0 0 0 0 -0.0098179 0.0149534 -0.99984 0.560778 -0.827773 -0.0178866 -0.827908 -0.560864 -0.00025856 0 0 0 
-1 20.6737 13.9367 8.50115 1 0 0 1 0 0.259453 0 0 0 0 0 0 0 0.00485686 0.0248914 -0.999678 0.448592 -0.893511 -0.0200685 -0.893724 -0.44835 -0.0155057 0 0 0 
ObjectType = Tube
NDims = 3
ID = 52
ParentID = 159
Color = 1 0.3 0.21 1
BinaryData = False
TransformMatrix = 1 0 0 0 1 0 0 0 1
Offset = 0 0 0
CenterOfRotation = 0 0 0
ElementSpacing = 1 1 1
Root = False
Artery = True
PointDim = id x y z red green blue alpha mark r rn mn bn cv lv ro in tx ty tz v1x v1y v1z v2x v2y v2z a1 a2 a3
NPoints = 1
Points = 
-1 20.6754 13.9381 8.48125 1 0 0 1 0 0.259453 0 0 0 0 0 0 0 0.0547305 0.0647644 -0.996399 0.708252 -0.705925 -0.00698098 -0.703835 -0.705319 -0.0845051 0 0 0 
ObjectType = Tube
NDims = 3
ID = 53
ParentID = 159
Color = 1 0.3 0.21 1
BinaryData = False
TransformMatrix = 1 0 0 0 1 0 0 0 1
Offset = 0 0 0
CenterOfRotation = 0 0 0
ElementSpacing = 1 1 1
Root = False
Artery = True
PointDim = id x y z red green blue alpha mark r rn mn bn cv lv ro in tx ty tz v1x v1y v1z v2x v2y v2z a1 a2 a3
NPoints = 4
Points = 
-1 20.6762 13.9392 8.4663 1 0 0 1 0 0.257188 0 0 0 0 0 0 0 0.049884 0.0898522 -0.994705 -0.491955 0.868955 0.0538218 0.86919 0.486666 0.0875502 0 0 0 
-1 20.6766 13.9398 8.46135 1 0 0 1 0 0.257188 0 0 0 0 0 0 0 0.0947995 0.114918 -0.988841 -0.371855 0.925502 0.0719072 0.923437 0.360889 0.13047 0 0 0 
-1 20.6771 13.9404 8.4564 1 0 0 1 0 0.257188 0 0 0 0 0 0 0 0.00499435 0.0794555 -0.996826 -0.371855 0.925502 0.0719072 0.928277 0.370316 0.0341682 0 0 0 
-1 20.6767 13.9406 8.4513 1 0 0 1 0 0.257188 0 0 0 0 0 0 0 0.00499435 0.0794555 -0.996826 -0.371855 0.925502 0.0719072 0.928277 0.370316 0.0341682 0 0 0 
ObjectType = Tube
NDims = 3
ID = 54
ParentID = 159
Color = 1 0.3 0.21 1
BinaryData = False
TransformMatrix = 1 0 0 0 1 0 0 0 1
Offset = 0 0 0
CenterOfRotation = 0 0 0
ElementSpacing = 1 1 1
Root = False
Artery = True
PointDim = id x y z red green blue alpha mark r rn mn bn cv lv ro in tx ty tz v1x v1y v1z v2x v2y v2z a1 a2 a3
NPoints = 574
Points = 
-1 20.9432 15.901 7.62225 1 0 0 1 0 0.15 0 0 0 0 0 0 0 -0.695096 0.549611 0.463431 0.620236 0.784416 0 -0.363523 0.287437 -0.886133 0 0 0 
-1 20.9412 15.9023 7.62305 1 0 0 1 0 0.15 0 0 0 0 0 0 0 -0.695096 0.549611 0.463431 0.394434 0.830493 -0.393324 -0.601052 -0.0906052 -0.794058 0 0 0 
-1 20.938 15.9051 7.62575 1 0 0 1 0 0.15 0 0 0 0 0 0 0 -0.645119 0.555074 0.525085 0.199802 0.785848 -0.585253 -0.737496 -0.272645 -0.617871 0 0 0 
-1 20.9347 15.9079 7.6283 1 0 0 1 0 0.15 0 0 0 0 0 0 0 -0.656078 0.550934 0.515784 0.458608 0.833817 -0.307291 -0.599367 0.0349363 -0.799712 0 0 0 
-1 20.9314 15.9107 7.6309 1 0 0 1 0 0.15 0 0 0 0 0 0 0 -0.645146 0.550213 0.530143 0.763881 0.449476 0.463096 0.0165152 0.703731 -0.710275 0 0 0 
-1 20.9282 15.9134 7.6336 1 0 0 1 0 0.15 0 0 0 0 0 0 0 -0.645249 0.545111 0.535265 0.371775 0.836123 -0.403338 -0.667411 -0.0612551 -0.742166 0 0 0 
-1 20.925 15.9161 7.63625 1 0 0 1 0 0.15 0 0 0 0 0 0 0 -0.705793 0.536815 0.462262 -0.541054 0.0127408 -0.840891 -0.457293 -0.843604 0.281454 0 0 0 
-1 20.9212 15.9188 7.63825 1 0 0 1 0 0.15 0 0 0 0 0 0 0 -0.707713 0.533256 0.463443 0.412027 0.844393 -0.342396 -0.573913 -0.051367 -0.817304 0 0 0 
-1 20.9179 15.9214 7.6409 1 0 0 1 0 0.15 0 0 0 0 0 0 0 -0.660914 0.535637 0.52563 0.196425 0.799459 -0.567699 -0.7243 -0.271953 -0.633586 0 0 0 
-1 20.9145 15.9242 7.6435 1 0 0 1 0 0.15 0 0 0 0 0 0 0 -0.670879 0.53182 0.516807 0.520765 0.834023 -0.182234 -0.527945 0.146878 -0.836482 0 0 0 
-1 20.9111 15.9268 7.6461 1 0 0 1 0 0.15 0 0 0 0 0 0 0 -0.665407 0.530279 0.525393 -0.0108654 0.696872 -0.717113 -0.746402 -0.482881 -0.457941 0 0 0 
-1 20.9079 15.9294 7.64875 1 0 0 1 0 0.15 0 0 0 0 0 0 0 -0.662611 0.532081 0.527102 -0.246908 0.509247 -0.824442 -0.707095 -0.67643 -0.206058 0 0 0 
-1 20.9046 15.9321 7.65135 1 0 0 1 0 0.15 0 0 0 0 0 0 0 -0.669945 0.525002 0.524925 0.437018 0.850452 -0.292824 -0.600157 0.0332256 -0.799192 0 0 0 
-1 20.9012 15.9347 7.654 1 0 0 1 0 0.15 0 0 0 0 0 0 0 -0.659015 0.524317 0.53925 -0.00270627 0.715306 -0.698806 -0.752125 -0.461983 -0.469979 0 0 0 
-1 20.898 15.9374 7.65675 1 0 0 1 0 0.15 0 0 0 0 0 0 0 -0.649821 0.529896 0.544925 -0.638838 0.00770264 -0.769302 -0.411848 -0.848028 0.333513 0 0 0 
-1 20.8947 15.94 7.65945 1 0 0 1 0 0.15 0 0 0 0 0 0 0 -0.651614 0.526186 0.546377 -0.669761 -0.0609439 -0.740071 -0.356117 -0.848183 0.392131 0 0 0 
-1 20.8915 15.9426 7.6622 1 0 0 1 0 0.15 0 0 0 0 0 0 0 -0.654397 0.519493 0.549446 -0.643132 -0.00036604 -0.765755 -0.397604 -0.854474 0.334342 0 0 0 
-1 20.8881 15.9452 7.66495 1 0 0 1 0 0.15 0 0 0 0 0 0 0 -0.654397 0.519493 0.549446 -0.756024 -0.462832 -0.462832 0.0138633 -0.718271 0.695625 0 0 0 
-1 20.8849 15.9478 7.6677 1 0 0 1 0 0.15 0 0 0 0 0 0 0 -0.654282 0.514372 0.554379 -0.387973 0.40094 -0.829894 -0.649147 -0.758069 -0.0627652 0 0 0 
-1 20.8816 15.9503 7.6705 1 0 0 1 0 0.15 0 0 0 0 0 0 0 -0.658722 0.509158 0.553935 -0.694561 -0.694561 -0.187533 0.289258 -0.508275 0.811164 0 0 0 
-1 20.8783 15.9529 7.67325 1 0 0 1 0 0.15 0 0 0 0 0 0 0 -0.65755 0.507104 0.557202 -0.753401 -0.446432 -0.48279 0.00392757 -0.737255 0.675604 0 0 0 
-1 20.875 15.9554 7.67605 1 0 0 1 0 0.15 0 0 0 0 0 0 0 -0.657504 0.501743 0.562087 -0.702406 -0.138271 -0.698216 -0.272605 -0.853894 0.443342 0 0 0 
-1 20.8717 15.9579 7.67885 1 0 0 1 0 0.15 0 0 0 0 0 0 0 -0.658445 0.498781 0.56362 -8.71674e-10 0.748869 -0.662718 -0.752629 -0.436363 -0.493089 0 0 0 
-1 20.8685 15.9604 7.6817 1 0 0 1 0 0.15 0 0 0 0 0 0 0 -0.658359 0.498831 0.563677 -0.0385019 0.725571 -0.687069 -0.751719 -0.474041 -0.45848 0 0 0 
-1 20.8652 15.9629 7.6845 1 0 0 1 0 0.15 0 0 0 0 0 0 0 -0.664708 0.494794 0.55977 -0.746623 -0.466796 -0.473978 0.0267772 -0.732994 0.679708 0 0 0 
-1 20.8618 15.9654 7.6873 1 0 0 1 0 0.15 0 0 0 0 0 0 0 -0.664502 0.489609 0.564552 -0.347074 -0.871252 0.347074 0.661798 0.03469 0.748879 0 0 0 
-1 20.8585 15.9678 7.69015 1 0 0 1 0 0.15 0 0 0 0 0 0 0 -0.659786 0.489843 0.569857 0.013139 -0.750703 0.660509 0.751339 0.443282 0.488867 0 0 0 
-1 20.8552 15.9703 7.693 1 0 0 1 0 0.15 0 0 0 0 0 0 0 -0.656938 0.491517 0.571703 -0.358229 -0.87071 0.336949 0.663404 0.0165542 0.748078 0 0 0 
-1 20.8519 15.9727 7.69585 1 0 0 1 0 0.15 0 0 0 0 0 0 0 -0.65223 0.491622 0.576978 0.667293 0.0112835 0.74471 0.359605 0.870736 -0.335415 0 0 0 
-1 20.8487 15.9751 7.69875 1 0 0 1 0 0.15 0 0 0 0 0 0 0 -0.650636 0.495461 0.575492 0.605606 0.795765 -0 -0.457956 0.348522 -0.817807 0 0 0 
-1 20.8454 15.9777 7.7016 1 0 0 1 0 0.15 0 0 0 0 0 0 0 -0.650636 0.495461 0.575492 0.742811 0.257748 0.617898 0.157813 0.829509 -0.535734 0 0 0 
-1 20.8422 15.9801 7.7045 1 0 0 1 0 0.15 0 0 0 0 0 0 0 -0.652852 0.483403 0.583186 0.0236412 -0.756519 0.653544 0.757116 0.440455 0.482467 0 0 0 
-1 20.8389 15.9825 7.70745 1 0 0 1 0 0.15 0 0 0 0 0 0 0 -0.649998 0.485057 0.584998 0.416498 -0.416498 0.80812 0.635635 0.768927 0.0686976 0 0 0 
-1 20.8357 15.985 7.71035 1 0 0 1 0 0.15 0 0 0 0 0 0 0 -0.64562 0.490323 0.585456 0.693605 0.0557457 0.718196 0.319511 0.869756 -0.376081 0 0 0 
-1 20.8324 15.9874 7.7133 1 0 0 1 0 0.15 0 0 0 0 0 0 0 -0.648072 0.483581 0.588347 0.672166 -1.34876e-11 0.7404 0.358044 0.8753 -0.325047 0 0 0 
-1 20.8292 15.9898 7.71625 1 0 0 1 0 0.15 0 0 0 0 0 0 0 -0.649595 0.479837 0.58973 1.72731e-11 -0.775675 0.631132 0.76028 0.409981 0.503875 0 0 0 
-1 20.826 15.9922 7.7192 1 0 0 1 0 0.15 0 0 0 0 0 0 0 -0.64685 0.481313 0.591543 -0.586356 -0.809859 0.0177684 0.487619 -0.335362 0.806077 0 0 0 
-1 20.8228 15.9946 7.72215 1 0 0 1 0 0.15 0 0 0 0 0 0 0 -0.644829 0.479923 0.594869 0.429401 -0.416389 0.801395 0.632305 0.772201 0.0624205 0 0 0 
-1 20.8195 15.997 7.72515 1 0 0 1 0 0.15 0 0 0 0 0 0 0 -0.64922 0.47453 0.59442 0.751836 0.282076 0.595966 0.115132 0.833819 -0.539898 0 0 0 
-1 20.8162 15.9993 7.7281 1 0 0 1 0 0.15 0 0 0 0 0 0 0 -0.650458 0.465245 0.600376 0.722915 0.621715 0.301438 -0.23302 0.630093 -0.740732 0 0 0 
-1 20.813 16.0016 7.73115 1 0 0 1 0 0.15 0 0 0 0 0 0 0 -0.647975 0.458602 0.608123 0.611402 -0.162958 0.774359 0.454221 0.873573 -0.174798 0 0 0 
-1 20.8097 16.004 7.7342 1 0 0 1 0 0.15 0 0 0 0 0 0 0 -0.648537 0.45752 0.608339 0.576455 0.817129 1.40692e-14 -0.497091 0.35068 -0.793678 0 0 0 
-1 20.8066 16.0062 7.7372 1 0 0 1 0 0.15 0 0 0 0 0 0 0 -0.64657 0.456133 0.611465 -0.167477 0.69712 -0.69712 -0.744244 -0.553143 -0.374345 0 0 0 
-1 20.8033 16.0085 7.7403 1 0 0 1 0 0.15 0 0 0 0 0 0 0 -0.643098 0.458703 0.613202 0.265327 0.884619 -0.383473 -0.71835 -0.0839111 -0.690603 0 0 0 
-1 20.8001 16.0108 7.74335 1 0 0 1 0 0.15 0 0 0 0 0 0 0 -0.630326 0.460112 0.625288 0.319801 0.887819 -0.330915 -0.707401 -0.00861605 -0.70676 0 0 0 
-1 20.797 16.0131 7.74655 1 0 0 1 0 0.15 0 0 0 0 0 0 0 -0.6203 0.460188 0.635181 -0.452048 0.452048 -0.768964 -0.641 -0.76412 -0.0723782 0 0 0 
-1 20.7939 16.0154 7.7497 1 0 0 1 0 0.15 0 0 0 0 0 0 0 -0.615744 0.465589 0.635678 0.606909 0.79475 0.00577972 -0.502514 0.389358 -0.771933 0 0 0 
-1 20.7908 16.0177 7.7529 1 0 0 1 0 0.15 0 0 0 0 0 0 0 -0.613751 0.464044 0.638727 0.724803 0.0104375 0.688877 0.313003 0.88575 -0.342747 0 0 0 
-1 20.7878 16.0201 7.7561 1 0 0 1 0 0.15 0 0 0 0 0 0 0 -0.615149 0.460065 0.640259 0.696958 0.696958 0.168818 -0.368566 0.550082 -0.749379 0 0 0 
-1 20.7847 16.0224 7.7593 1 0 0 1 0 0.15 0 0 0 0 0 0 0 -0.615201 0.460142 0.640154 0.783379 0.448019 0.430808 -0.0885687 0.766517 -0.636087 0 0 0 
-1 20.7816 16.0247 7.7625 1 0 0 1 0 0.15 0 0 0 0 0 0 0 -0.614564 0.454747 0.644606 0.525445 0.845453 -0.0954807 -0.588403 0.280026 -0.758529 0 0 0 
-1 20.7786 16.0269 7.76575 1 0 0 1 0 0.15 0 0 0 0 0 0 0 -0.605761 0.45054 0.655796 0.789786 0.440348 0.427004 -0.096396 0.7766 -0.622575 0 0 0 
-1 20.7755 16.0292 7.76905 1 0 0 1 0 0.15 0 0 0 0 0 0 0 -0.605079 0.445149 0.660093 0.789979 0.438839 0.428198 -0.0990625 0.780553 -0.61719 0 0 0 
-1 20.7725 16.0314 7.77235 1 0 0 1 0 0.15 0 0 0 0 0 0 0 -0.604353 0.439543 0.664499 0.316208 0.897874 -0.306326 -0.73128 0.0249904 -0.68162 0 0 0 
-1 20.7695 16.0336 7.7757 1 0 0 1 0 0.15 0 0 0 0 0 0 0 -0.599382 0.439364 0.669104 0.744848 4.20678e-11 0.667234 0.293158 0.898309 -0.32726 0 0 0 
-1 20.7665 16.0357 7.77905 1 0 0 1 0 0.15 0 0 0 0 0 0 0 -0.600663 0.435416 0.670534 0.647477 0.75693 0.0884913 -0.469017 0.487309 -0.736582 0 0 0 
-1 20.7635 16.0379 7.7824 1 0 0 1 0 0.15 0 0 0 0 0 0 0 -0.596572 0.431172 0.6769 0.714543 0.669381 0.203366 -0.365418 0.604996 -0.707424 0 0 0 
-1 20.7605 16.0401 7.7858 1 0 0 1 0 0.15 0 0 0 0 0 0 0 -0.589742 0.419958 0.689812 0.80177 0.406843 0.437772 -0.096799 0.811242 -0.576642 0 0 0 
-1 20.7576 16.0421 7.7893 1 0 0 1 0 0.15 0 0 0 0 0 0 0 -0.589058 0.414336 0.693784 0.482339 -0.508556 0.713246 0.648352 0.754782 0.0997188 0 0 0 
-1 20.7547 16.0442 7.79275 1 0 0 1 0 0.15 0 0 0 0 0 0 0 -0.584536 0.419573 0.694461 -0.250492 -0.907423 0.337397 0.771733 0.0232641 0.635521 0 0 0 
-1 20.7518 16.0463 7.79625 1 0 0 1 0 0.15 0 0 0 0 0 0 0 -0.565018 0.420024 0.710165 -0.420824 -0.887057 0.189833 0.709691 -0.191595 0.67796 0 0 0 
-1 20.749 16.0484 7.79985 1 0 0 1 0 0.15 0 0 0 0 0 0 0 -0.551952 0.416452 0.722438 -0.824855 -0.399758 -0.399758 0.12232 -0.816554 0.564161 0 0 0 
-1 20.7463 16.0504 7.80345 1 0 0 1 0 0.15 0 0 0 0 0 0 0 -0.551087 0.410755 0.72635 -0.640868 -0.765808 -0.0531627 0.534407 -0.494791 0.685266 0 0 0 
-1 20.7435 16.0525 7.8071 1 0 0 1 0 0.15 0 0 0 0 0 0 0 -0.544577 0.404735 0.734592 -0.662526 -0.74466 -0.0808704 0.51429 -0.530727 0.673672 0 0 0 
-1 20.7408 16.0545 7.8108 1 0 0 1 0 0.15 0 0 0 0 0 0 0 -0.540214 0.400237 0.740256 -0.807744 0 -0.589534 -0.235953 -0.916411 0.323289 0 0 0 
-1 20.7381 16.0565 7.8145 1 0 0 1 0 0.15 0 0 0 0 0 0 0 -0.540214 0.400237 0.740256 -0.64487 -0.762044 -0.0585868 0.540659 -0.509018 0.669767 0 0 0 
-1 20.7354 16.0585 7.8182 1 0 0 1 0 0.15 0 0 0 0 0 0 0 -0.533686 0.3941 0.748241 -0.666363 -0.740752 -0.0851308 0.520711 -0.544033 0.657942 0 0 0 
-1 20.7327 16.0605 7.822 1 0 0 1 0 0.15 0 0 0 0 0 0 0 -0.524648 0.384681 0.759451 -0.663434 -0.743775 -0.0815766 0.533479 -0.546644 0.64543 0 0 0 
-1 20.7302 16.0624 7.8258 1 0 0 1 0 0.15 0 0 0 0 0 0 0 -0.520019 0.379944 0.764999 -0.663434 -0.743775 -0.0815766 0.537992 -0.549948 0.638844 0 0 0 
-1 20.7276 16.0643 7.82965 1 0 0 1 0 0.15 0 0 0 0 0 0 0 -0.515345 0.375171 0.770498 -0.655833 -0.751388 -0.0727857 0.551636 -0.542828 0.633274 0 0 0 
-1 20.725 16.0661 7.8335 1 0 0 1 0 0.15 0 0 0 0 0 0 0 -0.510566 0.370474 0.775932 -0.271539 -0.925707 0.263311 0.815836 -0.0762585 0.573233 0 0 0 
-1 20.7225 16.068 7.8374 1 0 0 1 0 0.15 0 0 0 0 0 0 0 -0.504951 0.369941 0.779851 -0.483697 -0.869583 0.0993157 0.714886 -0.327062 0.618036 0 0 0 
-1 20.7199 16.0698 7.8413 1 0 0 1 0 0.15 0 0 0 0 0 0 0 -0.496376 0.366008 0.787178 -0.648402 -0.759247 -0.0558456 0.577223 -0.538128 0.614192 0 0 0 
-1 20.7175 16.0716 7.84525 1 0 0 1 0 0.15 0 0 0 0 0 0 0 -0.489562 0.359663 0.794337 -0.808199 -0.529132 -0.258523 0.327329 -0.768545 0.549722 0 0 0 
-1 20.715 16.0734 7.84925 1 0 0 1 0 0.15 0 0 0 0 0 0 0 -0.485598 0.350413 0.800878 -0.6613 -0.746425 -0.0743796 0.571732 -0.565739 0.59419 0 0 0 
-1 20.7127 16.0751 7.85325 1 0 0 1 0 0.15 0 0 0 0 0 0 0 -0.475617 0.340556 0.811055 -0.651234 -0.75614 -0.0643976 0.59134 -0.558815 0.581415 0 0 0 
-1 20.7103 16.0768 7.85735 1 0 0 1 0 0.15 0 0 0 0 0 0 0 -0.468692 0.334019 0.817777 -0.676326 -0.731211 -0.0889607 0.568253 -0.594779 0.568619 0 0 0 
-1 20.708 16.0784 7.86145 1 0 0 1 0 0.15 0 0 0 0 0 0 0 -0.460427 0.325385 0.825912 -0.671748 -0.735939 -0.0845464 0.580311 -0.593733 0.557423 0 0 0 
-1 20.7057 16.0801 7.8656 1 0 0 1 0 0.15 0 0 0 0 0 0 0 -0.455398 0.320245 0.830696 -0.671748 -0.735939 -0.0845464 0.584266 -0.596521 0.550269 0 0 0 
-1 20.7034 16.0816 7.86975 1 0 0 1 0 0.15 0 0 0 0 0 0 0 -0.450338 0.315084 0.835415 -0.296139 -0.935409 0.193161 0.842317 -0.160411 0.514559 0 0 0 
-1 20.7012 16.0832 7.87395 1 0 0 1 0 0.15 0 0 0 0 0 0 0 -0.425125 0.310181 0.850327 0.0963132 -0.918612 0.383243 0.899996 0.244824 0.360651 0 0 0 
-1 20.6992 16.0848 7.87825 1 0 0 1 0 0.15 0 0 0 0 0 0 0 -0.389374 0.319577 0.863863 0.116679 -0.913211 0.390424 0.91366 0.252816 0.318293 0 0 0 
-1 20.6973 16.0864 7.8826 1 0 0 1 0 0.15 0 0 0 0 0 0 0 -0.338112 0.333104 0.880183 -0.855641 -0.498241 -0.140126 0.391867 -0.800499 0.453478 0 0 0 
-1 20.6958 16.0881 7.8871 1 0 0 1 0 0.15 0 0 0 0 0 0 0 -0.323601 0.303698 0.896131 -0.936338 0.03356 -0.349493 -0.136215 -0.952177 0.273504 0 0 0 
-1 20.694 16.0895 7.8916 1 0 0 1 0 0.15 0 0 0 0 0 0 0 -0.337014 0.193227 0.921458 -0.89812 0.22768 -0.376222 -0.282494 -0.954372 0.09681 0 0 0 
-1 20.6923 16.09 7.8964 1 0 0 1 0 0.15 0 0 0 0 0 0 0 -0.331222 0.212519 0.919308 -0.92082 -0.285382 -0.265795 0.205867 -0.934555 0.290217 0 0 0 
-1 20.6907 16.0916 7.9009 1 0 0 1 0 0.15 0 0 0 0 0 0 0 -0.349083 0.299301 0.888009 -0.888021 0.196971 -0.415477 -0.299265 -0.933607 0.197027 0 0 0 
-1 20.6889 16.0931 7.9053 1 0 0 1 0 0.15 0 0 0 0 0 0 0 -0.359802 0.264933 0.894625 -0.266404 0.889753 -0.370633 -0.894188 -0.371686 -0.249556 0 0 0 
-1 20.6871 16.0942 7.90985 1 0 0 1 0 0.15 0 0 0 0 0 0 0 -0.349095 0.269354 0.897542 0.0170333 0.959465 -0.281312 -0.936933 -0.0829165 -0.339532 0 0 0 
-1 20.6854 16.0958 7.9143 1 0 0 1 0 0.15 0 0 0 0 0 0 0 -0.293646 0.273746 0.915879 0.835412 0.539168 0.106696 -0.464605 0.796468 -0.387016 0 0 0 
-1 20.6842 16.097 7.91905 1 0 0 1 0 0.157813 0 0 0 0 0 0 0 -0.272676 0.238024 0.932198 -0.354699 0.875794 -0.327375 -0.894336 -0.419917 -0.154381 0 0 0 
-1 20.6826 16.0982 7.9237 1 0 0 1 0 0.157813 0 0 0 0 0 0 0 -0.313121 0.218654 0.9242 0.0948535 0.97547 -0.198647 -0.944965 0.025463 -0.32618 0 0 0 
-1 20.681 16.0992 7.92835 1 0 0 1 0 0.157813 0 0 0 0 0 0 0 -0.344213 0.219377 0.912903 -0.511658 0.771423 -0.378301 -0.787225 -0.59731 -0.153288 0 0 0 
-1 20.6791 16.1003 7.93285 1 0 0 1 0 0.157813 0 0 0 0 0 0 0 -0.358015 0.20883 0.910063 0.752218 0.641936 0.148616 -0.553167 0.737773 -0.386908 0 0 0 
-1 20.6774 16.1013 7.9375 1 0 0 1 0 0.157813 0 0 0 0 0 0 0 -0.343157 0.189108 0.920044 0.625779 0.776502 0.0737981 -0.70046 0.601068 -0.384802 0 0 0 
-1 20.6757 16.1023 7.9421 1 0 0 1 0 0.157813 0 0 0 0 0 0 0 -0.307799 0.158898 0.938089 -0.105311 0.974208 -0.19957 -0.945605 -0.160218 -0.283126 0 0 0 
-1 20.6743 16.1029 7.94695 1 0 0 1 0 0.172968 0 0 0 0 0 0 0 -0.226264 0.171948 0.958769 0.957 0.222687 0.185909 -0.181539 0.959606 -0.21494 0 0 0 
-1 20.6734 16.104 7.95185 1 0 0 1 0 0.172968 0 0 0 0 0 0 0 -0.214556 0.112039 0.970264 0.965057 0.17732 0.192929 -0.150432 0.977755 -0.14617 0 0 0 
-1 20.6721 16.104 7.9569 1 0 0 1 0 0.172968 0 0 0 0 0 0 0 -0.185869 -0.0557607 0.980991 0.971709 0.137636 0.191934 -0.145722 0.988912 0.028601 0 0 0 
-1 20.6714 16.1034 7.9624 1 0 0 1 0 0.172968 0 0 0 0 0 0 0 -0.201288 0.0574901 0.977843 0.979479 0.0222293 0.200318 -0.0102204 0.998099 -0.0607848 0 0 0 
-1 20.67 16.1046 7.9671 1 0 0 1 0 0.172968 0 0 0 0 0 0 0 -0.200661 0.200661 0.95889 0.979626 0.0328294 0.198131 0.00827738 0.97911 -0.203161 0 0 0 
-1 20.6693 16.1054 7.9722 1 0 0 1 0 0.172968 0 0 0 0 0 0 0 -0.200828 0.166733 0.965333 0.245862 -0.945291 0.214421 0.948272 0.2804 0.148847 0 0 0 
-1 20.6679 16.1063 7.97695 1 0 0 1 0 0.175234 0 0 0 0 0 0 0 -0.307341 0.133771 0.94215 -0.894374 -0.378763 -0.237978 0.325017 -0.915775 0.236051 0 0 0 
-1 20.6663 16.1068 7.9817 1 0 0 1 0 0.175234 0 0 0 0 0 0 0 -0.317882 0.163867 0.933862 -0.631495 -0.771282 -0.0796184 0.707224 -0.615038 0.348658 0 0 0 
-1 20.6648 16.108 7.98635 1 0 0 1 0 0.175234 0 0 0 0 0 0 0 -0.270785 0.123152 0.95473 -0.765197 -0.629299 -0.135854 0.58408 -0.767344 0.26464 0 0 0 
-1 20.6635 16.1081 7.9914 1 0 0 1 0 0.175234 0 0 0 0 0 0 0 -0.228368 0.0680215 0.971196 -0.86444 -0.473074 -0.170132 0.447875 -0.878393 0.166836 0 0 0 
-1 20.6624 16.1087 7.99635 1 0 0 1 0 0.175234 0 0 0 0 0 0 0 -0.278634 0.169155 0.945383 -0.913084 0.258498 -0.315367 -0.297725 -0.951087 0.0824261 0 0 0 
-1 20.6607 16.1098 8.0009 1 0 0 1 0 0.175234 0 0 0 0 0 0 0 -0.257838 0.233159 0.937633 -0.744119 -0.666921 -0.0387818 0.616285 -0.70771 0.345456 0 0 0 
-1 20.6598 16.111 8.0058 1 0 0 1 0 0.166367 0 0 0 0 0 0 0 -0.128156 0.0855337 0.988059 0.382698 -0.914847 0.128833 0.914942 0.394639 0.0845091 0 0 0 
-1 20.6594 16.1107 8.0113 1 0 0 1 0 0.166367 0 0 0 0 0 0 0 -0.192126 0.0575937 0.979679 -0.708172 -0.699237 -0.0977731 0.679397 -0.712566 0.175128 0 0 0 
-1 20.6578 16.1117 8.016 1 0 0 1 0 0.166367 0 0 0 0 0 0 0 -0.328976 0.20426 0.921983 -0.790178 0.475076 -0.387196 -0.517101 -0.855909 0.00511318 0 0 0 
-1 20.656 16.1127 8.02055 1 0 0 1 0 0.166367 0 0 0 0 0 0 0 -0.343792 0.179423 0.921745 -0.93695 1.16071e-14 -0.349463 -0.0627015 -0.983772 0.16811 0 0 0 
-1 20.6544 16.1135 8.02525 1 0 0 1 0 0.166367 0 0 0 0 0 0 0 -0.343488 0.184125 0.920931 -0.907402 -0.317901 -0.274883 0.242152 -0.930074 0.276271 0 0 0 
-1 20.6526 16.1145 8.0298 1 0 0 1 0 0.166367 0 0 0 0 0 0 0 -0.327192 0.123888 0.936801 -0.742034 -0.647512 -0.173536 0.585091 -0.751918 0.30379 0 0 0 
-1 20.6511 16.1147 8.0347 1 0 0 1 0 0.154434 0 0 0 0 0 0 0 -0.295795 0.0839541 0.951555 -0.953885 -0.0792187 -0.28953 0.0510737 -0.993316 0.103515 0 0 0 
-1 20.6496 16.1154 8.03945 1 0 0 1 0 0.154922 0 0 0 0 0 0 0 -0.299656 0.194792 0.93395 -0.949066 -0.160764 -0.270976 0.097361 -0.96758 0.233044 0 0 0 
-1 20.6481 16.1166 8.04405 1 0 0 1 0 0.154922 0 0 0 0 0 0 0 -0.304724 0.249694 0.919128 -0.766564 0.508435 -0.392268 -0.565264 -0.824103 0.0364739 0 0 0 
-1 20.6465 16.1179 8.04865 1 0 0 1 0 0.154922 0 0 0 0 0 0 0 -0.314806 0.234884 0.919634 0.10525 0.97156 -0.212118 -0.943303 0.0300149 -0.330575 0 0 0 
-1 20.6449 16.119 8.05325 1 0 0 1 0 0.154922 0 0 0 0 0 0 0 -0.293923 0.234165 0.926702 0.953767 0.00819948 0.300436 0.0627531 0.972162 -0.225749 0 0 0 
-1 20.6436 16.1203 8.05795 1 0 0 1 0 0.154922 0 0 0 0 0 0 0 -0.292989 0.248146 0.923353 0.112751 0.967962 -0.224358 -0.949445 0.038375 -0.311581 0 0 0 
-1 20.6419 16.1215 8.06255 1 0 0 1 0 0.146211 0 0 0 0 0 0 0 -0.324152 0.249277 0.912571 -0.0291385 0.961569 -0.273012 -0.945556 -0.115088 -0.304431 0 0 0 
-1 20.6404 16.1227 8.0671 1 0 0 1 0 0.146914 0 0 0 0 0 0 0 -0.319634 0.249824 0.914014 -0.656783 0.636881 -0.403756 -0.682986 -0.729363 -0.0394888 0 0 0 
-1 20.6388 16.124 8.0717 1 0 0 1 0 0.146914 0 0 0 0 0 0 0 -0.314844 0.254925 0.914268 -0.0962834 0.949709 -0.297964 -0.944247 -0.181841 -0.274465 0 0 0 
-1 20.6372 16.1253 8.07625 1 0 0 1 0 0.146914 0 0 0 0 0 0 0 -0.264356 0.264204 0.92753 -0.820669 0.443541 -0.360241 -0.506575 -0.856427 0.0995711 0 0 0 
-1 20.6361 16.1266 8.081 1 0 0 1 0 0.146914 0 0 0 0 0 0 0 -0.267952 0.258107 0.928215 -0.349426 0.871809 -0.343293 -0.897832 -0.416329 -0.143414 0 0 0 
-1 20.6345 16.1279 8.0856 1 0 0 1 0 0.146914 0 0 0 0 0 0 0 -0.308482 0.238918 0.920737 0.884051 0.429308 0.184792 -0.35113 0.870984 -0.343649 0 0 0 
-1 20.633 16.129 8.09025 1 0 0 1 0 0.152519 0 0 0 0 0 0 0 -0.294484 0.2046 0.933498 0.92972 -0.164695 0.329389 0.221135 0.964891 -0.141721 0 0 0 
-1 20.6315 16.1299 8.09495 1 0 0 1 0 0.152187 0 0 0 0 0 0 0 -0.294454 0.204732 0.933478 0.798289 0.58969 0.122479 -0.525387 0.78125 -0.337071 0 0 0 
-1 20.6301 16.1311 8.0996 1 0 0 1 0 0.152187 0 0 0 0 0 0 0 -0.324152 0.249277 0.912571 0.75168 0.653566 0.0884745 -0.574371 0.714641 -0.399232 0 0 0 
-1 20.6283 16.1325 8.1041 1 0 0 1 0 0.152187 0 0 0 0 0 0 0 -0.344216 0.274338 0.897916 0.805039 0.578371 0.131904 -0.483143 0.768261 -0.419938 0 0 0 
-1 20.6266 16.1339 8.1086 1 0 0 1 0 0.152187 0 0 0 0 0 0 0 -0.335266 0.260152 0.905493 0.914062 0.322647 0.245741 -0.228225 0.910066 -0.345968 0 0 0 
-1 20.625 16.135 8.11315 1 0 0 1 0 0.152187 0 0 0 0 0 0 0 -0.324931 0.219977 0.919799 0.912328 0.329131 0.243578 -0.249153 0.918305 -0.307636 0 0 0 
-1 20.6234 16.1361 8.1178 1 0 0 1 0 0.160157 0 0 0 0 0 0 0 -0.317665 0.193599 0.928228 0.923643 0.284541 0.25675 -0.214413 0.938912 -0.269205 0 0 0 
-1 20.6217 16.137 8.1225 1 0 0 1 0 0.159531 0 0 0 0 0 0 0 -0.324602 0.22463 0.91879 0.930905 0.247875 0.26828 -0.167481 0.94239 -0.28957 0 0 0 
-1 20.6201 16.1383 8.127 1 0 0 1 0 0.159531 0 0 0 0 0 0 0 -0.330783 0.260589 0.907015 0.887981 0.411329 0.205665 -0.319488 0.873442 -0.367459 0 0 0 
-1 20.6185 16.1396 8.13155 1 0 0 1 0 0.159531 0 0 0 0 0 0 0 -0.328199 0.253546 0.909945 0.879042 0.434613 0.195953 -0.345791 0.864191 -0.365517 0 0 0 
-1 20.6168 16.1409 8.13615 1 0 0 1 0 0.159531 0 0 0 0 0 0 0 -0.17168 -0.094872 0.980574 0.94333 0.271108 0.191389 -0.283999 0.957862 0.0429518 0 0 0 
-1 20.6166 16.1385 8.1424 1 0 0 1 0 0.159531 0 0 0 0 0 0 0 -0.160102 -0.133373 0.978049 0.934738 0.29794 0.193642 -0.317227 0.945221 0.0769682 0 0 0 
-1 20.615 16.1393 8.14715 1 0 0 1 0 0.168828 0 0 0 0 0 0 0 -0.27295 0.253107 0.928135 0.910368 0.379853 0.164137 -0.311011 0.889746 -0.334102 0 0 0 
-1 20.6138 16.1411 8.15175 1 0 0 1 0 0.168359 0 0 0 0 0 0 0 -0.298648 0.328573 0.896019 0.788183 -0.444469 0.425694 0.538124 0.833359 -0.126236 0 0 0 
-1 20.612 16.1427 8.15615 1 0 0 1 0 0.168359 0 0 0 0 0 0 0 -0.344474 0.254585 0.903617 0.0885453 -0.949426 0.301246 0.934611 0.183783 0.304511 0 0 0 
-1 20.6103 16.1437 8.1608 1 0 0 1 0 0.168359 0 0 0 0 0 0 0 -0.323327 0.258662 0.910249 -0.912397 -0.340341 -0.227377 0.250982 -0.904025 0.346044 0 0 0 
-1 20.6087 16.1453 8.1653 1 0 0 1 0 0.168359 0 0 0 0 0 0 0 -0.339745 0.319921 0.884434 0.216587 -0.888482 0.404585 0.91524 0.329013 0.232566 0 0 0 
-1 20.607 16.1469 8.16965 1 0 0 1 0 0.168359 0 0 0 0 0 0 0 -0.206221 0.363434 0.908509 -0.266352 -0.914256 0.305274 0.941557 -0.179029 0.28534 0 0 0 
-1 20.6066 16.149 8.17455 1 0 0 1 0 0.175742 0 0 0 0 0 0 0 -0.0908286 0.339113 0.936351 0.172257 -0.920715 0.350159 0.980856 0.193098 0.0252125 0 0 0 
-1 20.606 16.1504 8.17945 1 0 0 1 0 0.175586 0 0 0 0 0 0 0 -0.248562 0.303343 0.919891 -0.322743 -0.921364 0.216621 0.913266 -0.243045 0.326918 0 0 0 
-1 20.6042 16.152 8.1838 1 0 0 1 0 0.175586 0 0 0 0 0 0 0 -0.354822 0.329957 0.874774 -0.832415 -0.537481 -0.134907 0.425661 -0.776043 0.465371 0 0 0 
-1 20.6025 16.1537 8.1882 1 0 0 1 0 0.175586 0 0 0 0 0 0 0 -0.348618 0.31868 0.881424 -0.7317 0.495167 -0.468428 -0.585731 -0.80824 0.0605539 0 0 0 
-1 20.6007 16.1552 8.19265 1 0 0 1 0 0.175586 0 0 0 0 0 0 0 -0.359063 0.304139 0.882368 0.341763 0.922595 -0.178931 -0.868488 0.237313 -0.435214 0 0 0 
-1 20.5989 16.1567 8.19705 1 0 0 1 0 0.175586 0 0 0 0 0 0 0 -0.324574 0.294555 0.898826 -0.428904 0.801126 -0.417418 -0.843026 -0.520993 -0.133689 0 0 0 
-1 20.5974 16.1581 8.20165 1 0 0 1 0 0.176856 0 0 0 0 0 0 0 -0.262339 0.331702 0.906174 0.858119 0.509712 0.0618489 -0.441372 0.793831 -0.418358 0 0 0 
-1 20.5962 16.1601 8.2062 1 0 0 1 0 0.1775 0 0 0 0 0 0 0 -0.28698 0.376246 0.880955 -0.0788186 0.907245 -0.413151 -0.954688 -0.188002 -0.230706 0 0 0 
-1 20.5945 16.162 8.21055 1 0 0 1 0 0.1775 0 0 0 0 0 0 0 -0.364536 0.359507 0.858992 -0.538632 0.671076 -0.509443 -0.759598 -0.648391 -0.0509898 0 0 0 
-1 20.5926 16.1637 8.2148 1 0 0 1 0 0.1775 0 0 0 0 0 0 0 -0.386104 0.340824 0.857183 -0.215626 0.870152 -0.443105 -0.8969 -0.355915 -0.262478 0 0 0 
-1 20.5906 16.1653 8.2191 1 0 0 1 0 0.1775 0 0 0 0 0 0 0 -0.313444 0.368088 0.875365 -0.840423 0.321624 -0.436173 -0.442088 -0.872393 0.208538 0 0 0 
-1 20.5894 16.1674 8.2236 1 0 0 1 0 0.1775 0 0 0 0 0 0 0 -0.303251 0.387943 0.870367 -0.170349 0.876594 -0.450071 -0.937561 -0.284751 -0.199742 0 0 0 
-1 20.5876 16.1693 8.22785 1 0 0 1 0 0.182812 0 0 0 0 0 0 0 -0.355997 0.371149 0.857622 0.747513 0.663849 0.0230004 -0.560794 0.649272 -0.513767 0 0 0 
-1 20.5858 16.1711 8.23215 1 0 0 1 0 0.183125 0 0 0 0 0 0 0 -0.354617 0.369551 0.858882 -0.0351604 0.912659 -0.407207 -0.93435 -0.174601 -0.310651 0 0 0 
-1 20.584 16.173 8.23645 1 0 0 1 0 0.183125 0 0 0 0 0 0 0 -0.337893 0.372607 0.864287 0.872143 0.46918 0.138694 -0.353828 0.800646 -0.483499 0 0 0 
-1 20.5824 16.1749 8.24085 1 0 0 1 0 0.183125 0 0 0 0 0 0 0 -0.283803 0.254244 0.924563 0.226026 0.954776 -0.193171 -0.931863 0.154153 -0.328434 0 0 0 
-1 20.5812 16.1755 8.2459 1 0 0 1 0 0.183125 0 0 0 0 0 0 0 -0.28947 0.255177 0.922546 0.915508 0.35512 0.189035 -0.279377 0.899319 -0.336414 0 0 0 
-1 20.5795 16.1775 8.25025 1 0 0 1 0 0.183125 0 0 0 0 0 0 0 -0.328387 0.388232 0.861068 0.503132 0.843425 -0.188397 -0.799387 0.371363 -0.472302 0 0 0 
-1 20.5779 16.1794 8.25455 1 0 0 1 0 0.183125 0 0 0 0 0 0 0 -0.338095 0.392725 0.855254 0.901931 -0.124275 0.413614 0.268723 0.911221 -0.312194 0 0 0 
-1 20.5761 16.1814 8.25885 1 0 0 1 0 0.183437 0 0 0 0 0 0 0 -0.349084 0.354105 0.867612 0.726831 -0.482082 0.489197 0.591487 0.801378 -0.0890879 0 0 0 
-1 20.5744 16.183 8.26325 1 0 0 1 0 0.183437 0 0 0 0 0 0 0 -0.359575 0.33976 0.869062 0.101988 -0.911465 0.398535 0.927526 0.231937 0.293089 0 0 0 
-1 20.5725 16.1848 8.26755 1 0 0 1 0 0.183437 0 0 0 0 0 0 0 -0.327648 0.347492 0.878576 0.936965 0 0.349423 0.121422 0.937683 -0.325588 0 0 0 
-1 20.571 16.1865 8.2721 1 0 0 1 0 0.183437 0 0 0 0 0 0 0 -0.327666 0.347359 0.878622 0.172856 -0.892225 0.4172 0.928847 0.288577 0.232308 0 0 0 
-1 20.5692 16.1883 8.2764 1 0 0 1 0 0.183437 0 0 0 0 0 0 0 -0.383963 0.329024 0.862737 -0.725521 -0.685448 -0.061484 0.571131 -0.649542 0.501901 0 0 0 
-1 20.5672 16.1898 8.28075 1 0 0 1 0 0.186406 0 0 0 0 0 0 0 -0.351041 0.291755 0.889747 0.2601 -0.88244 0.391979 0.89951 0.369024 0.233887 0 0 0 
-1 20.5656 16.1912 8.2854 1 0 0 1 0 0.186563 0 0 0 0 0 0 0 -0.304984 0.310089 0.900461 -0.731629 -0.681577 -0.0130881 0.609675 -0.662795 0.43474 0 0 0 
-1 20.5641 16.193 8.2899 1 0 0 1 0 0.186563 0 0 0 0 0 0 0 -0.358866 0.368754 0.857459 0.513085 -0.689471 0.511247 0.779718 0.623418 0.0582254 0 0 0 
-1 20.562 16.195 8.294 1 0 0 1 0 0.186563 0 0 0 0 0 0 0 -0.394541 0.339528 0.853849 0.168122 -0.886871 0.430344 0.903367 0.313339 0.292825 0 0 0 
-1 20.5602 16.1964 8.29845 1 0 0 1 0 0.186563 0 0 0 0 0 0 0 -0.338149 0.358183 0.870264 -0.915305 -0.340169 -0.215644 0.218796 -0.869477 0.442875 0 0 0 
-1 20.5587 16.1986 8.30275 1 0 0 1 0 0.186563 0 0 0 0 0 0 0 -0.34301 0.377751 0.860028 -0.149306 -0.92586 0.347118 0.92739 -0.0093426 0.37398 0 0 0 
-1 20.5567 16.2001 8.3071 1 0 0 1 0 0.185468 0 0 0 0 0 0 0 -0.307762 0.377129 0.873531 -0.896277 -0.423039 -0.133137 0.319328 -0.8239 0.468207 0 0 0 
-1 20.5555 16.2024 8.31155 1 0 0 1 0 0.185312 0 0 0 0 0 0 0 -0.284954 0.319281 0.903804 0.140339 -0.918838 0.368838 0.948212 0.231941 0.217019 0 0 0 
-1 20.5538 16.2034 8.3163 1 0 0 1 0 0.185312 0 0 0 0 0 0 0 -0.370744 0.296655 0.880082 0.918558 -0.0227765 0.394629 0.137114 0.954713 -0.264051 0 0 0 
-1 20.5518 16.2053 8.32045 1 0 0 1 0 0.185312 0 0 0 0 0 0 0 -0.374873 0.266476 0.887953 0.894708 0.354869 0.271229 -0.242831 0.896135 -0.371449 0 0 0 
-1 20.55 16.2061 8.3253 1 0 0 1 0 0.185312 0 0 0 0 0 0 0 -0.33866 0.143061 0.929969 0.87081 0.422002 0.252198 -0.356369 0.895236 -0.267494 0 0 0 
-1 20.5483 16.2069 8.3302 1 0 0 1 0 0.185312 0 0 0 0 0 0 0 -0.38504 0.266485 0.883589 0.920339 0.0396007 0.389111 0.0687017 0.963025 -0.260505 0 0 0 
-1 20.5461 16.2088 8.33425 1 0 0 1 0 0.198593 0 0 0 0 0 0 0 -0.387063 0.235168 0.89156 0.875158 0.398139 0.274924 -0.290311 0.886669 -0.359914 0 0 0 
-1 20.5443 16.2092 8.3393 1 0 0 1 0 0.198906 0 0 0 0 0 0 0 -0.351651 0.13312 0.926618 0.900461 0.318737 0.295934 -0.255953 0.938449 -0.231953 0 0 0 
-1 20.5424 16.2102 8.344 1 0 0 1 0 0.198906 0 0 0 0 0 0 0 -0.350212 0.127862 0.927902 0.863542 0.427812 0.26697 -0.362832 0.894778 -0.260239 0 0 0 
-1 20.5406 16.2106 8.3491 1 0 0 1 0 0.198906 0 0 0 0 0 0 0 -0.383578 0.213576 0.898473 0.877349 0.388008 0.282326 -0.288316 0.896568 -0.336212 0 0 0 
-1 20.5385 16.2124 8.35325 1 0 0 1 0 0.198906 0 0 0 0 0 0 0 -0.423244 0.3485 0.836309 0.874173 0.399648 0.275868 -0.238089 0.847838 -0.473798 0 0 0 
-1 20.5364 16.2141 8.3575 1 0 0 1 0 0.198906 0 0 0 0 0 0 0 -0.371031 0.183163 0.910378 0.568226 0.820176 0.0665692 -0.734477 0.541999 -0.408388 0 0 0 
-1 20.5346 16.2143 8.3627 1 0 0 1 0 0.19789 0 0 0 0 0 0 0 -0.41434 0.215285 0.884293 0.909431 0.0600644 0.411495 0.0354743 0.974702 -0.220674 0 0 0 
-1 20.53 16.2174 8.37105 1 0 0 1 0 0.197735 0 0 0 0 0 0 0 -0.402831 0.372954 0.835843 0.64396 -0.533467 0.548387 0.650418 0.759156 -0.0252702 0 0 0 
-1 20.5286 16.2199 8.37525 1 0 0 1 0 0.197735 0 0 0 0 0 0 0 -0.300489 0.482826 0.822548 0.23576 -0.798042 0.554568 0.924188 0.360565 0.125971 0 0 0 
-1 20.527 16.2223 8.3794 1 0 0 1 0 0.197735 0 0 0 0 0 0 0 -0.352499 0.461566 0.814065 0.253835 -0.79013 0.557909 0.900729 0.4033 0.161359 0 0 0 
-1 20.525 16.2246 8.38345 1 0 0 1 0 0.197735 0 0 0 0 0 0 0 -0.399642 0.439591 0.804392 -0.757528 -0.652504 -0.0197728 0.516177 -0.617251 0.59377 0 0 0 
-1 20.523 16.2267 8.38745 1 0 0 1 0 0.197735 0 0 0 0 0 0 0 -0.401237 0.441499 0.802551 -0.559895 0.575216 -0.596358 -0.724932 -0.688626 0.0163948 0 0 0 
-1 20.521 16.229 8.39145 1 0 0 1 0 0.192305 0 0 0 0 0 0 0 -0.388606 0.453374 0.802146 0 0.870569 -0.492046 -0.921404 -0.191212 -0.338308 0 0 0 
-1 20.5191 16.2313 8.3955 1 0 0 1 0 0.1925 0 0 0 0 0 0 0 -0.384464 0.454228 0.803657 -0.107621 0.842579 -0.527711 -0.916845 -0.289376 -0.275056 0 0 0 
-1 20.5171 16.2335 8.3995 1 0 0 1 0 0.1925 0 0 0 0 0 0 0 -0.369161 0.458978 0.808121 -0.178522 0.818326 -0.546326 -0.912058 -0.34595 -0.220157 0 0 0 
-1 20.5154 16.2359 8.4036 1 0 0 1 0 0.1925 0 0 0 0 0 0 0 -0.322229 0.476002 0.818285 -0.248501 0.791546 -0.558304 -0.913464 -0.383246 -0.136772 0 0 0 
-1 20.5139 16.2383 8.40775 1 0 0 1 0 0.1925 0 0 0 0 0 0 0 -0.349535 0.46427 0.813805 -0.0546762 0.857005 -0.512399 -0.935326 -0.223597 -0.274169 0 0 0 
-1 20.5119 16.2405 8.41175 1 0 0 1 0 0.1925 0 0 0 0 0 0 0 -0.377791 0.457262 0.8051 -0.17915 0.817008 -0.548091 -0.908394 -0.351297 -0.22674 0 0 0 
-1 20.5101 16.2429 8.41585 1 0 0 1 0 0.192188 0 0 0 0 0 0 0 -0.348718 0.4682 0.811902 -0.248631 0.789028 -0.561799 -0.903647 -0.397773 -0.158739 0 0 0 
-1 20.5084 16.2452 8.4199 1 0 0 1 0 0.192031 0 0 0 0 0 0 0 -0.375739 0.456025 0.80676 -0.905805 0.00320971 -0.423682 -0.195799 -0.889961 0.411864 0 0 0 
-1 20.5064 16.2474 8.4239 1 0 0 1 0 0.192031 0 0 0 0 0 0 0 -0.373979 0.463935 0.803059 -0.149489 0.824414 -0.545889 -0.91531 -0.324199 -0.238961 0 0 0 
-1 20.5046 16.2499 8.42795 1 0 0 1 0 0.192031 0 0 0 0 0 0 0 -0.385158 0.459931 0.800073 0.00774315 0.868538 -0.495562 -0.922818 -0.184675 -0.338086 0 0 0 
-1 20.5025 16.252 8.4319 1 0 0 1 0 0.192031 0 0 0 0 0 0 0 -0.389329 0.459091 0.798535 -0.200739 0.80381 -0.559995 -0.898959 -0.37832 -0.220788 0 0 0 
-1 20.5007 16.2544 8.43595 1 0 0 1 0 0.192031 0 0 0 0 0 0 0 -0.322086 0.485699 0.812624 0.0338359 0.863723 -0.50283 -0.946106 -0.134458 -0.294627 0 0 0 
-1 20.4992 16.257 8.4401 1 0 0 1 0 0.189453 0 0 0 0 0 0 0 -0.343213 0.482563 0.805815 0.594721 0.775689 -0.211218 -0.726988 0.406742 -0.553217 0 0 0 
-1 20.4972 16.2593 8.44405 1 0 0 1 0 0.190313 0 0 0 0 0 0 0 -0.353849 0.488482 0.797606 -0.129872 0.818856 -0.559113 -0.926242 -0.301428 -0.226312 0 0 0 
-1 20.4957 16.2619 8.4481 1 0 0 1 0 0.190313 0 0 0 0 0 0 0 -0.364923 0.484835 0.794837 -0.349158 0.720138 -0.599575 -0.863087 -0.496322 -0.0935111 0 0 0 
-1 20.4936 16.2641 8.452 1 0 0 1 0 0.190313 0 0 0 0 0 0 0 -0.374479 0.479297 0.79375 -0.110781 0.826781 -0.551507 -0.920594 -0.294461 -0.256516 0 0 0 
-1 20.4919 16.2667 8.45605 1 0 0 1 0 0.190313 0 0 0 0 0 0 0 -0.348153 0.487476 0.800723 -0.158044 0.811412 -0.562701 -0.924019 -0.322456 -0.205453 0 0 0 
-1 20.4901 16.2691 8.46005 1 0 0 1 0 0.190313 0 0 0 0 0 0 0 -0.398945 0.46881 0.788073 -0.247566 0.772447 -0.584839 -0.882923 -0.428419 -0.192103 0 0 0 
-1 20.4879 16.2714 8.46395 1 0 0 1 0 0.184844 0 0 0 0 0 0 0 -0.364923 0.484835 0.794837 -0.361852 0.712738 -0.600889 -0.857843 -0.506891 -0.0846563 0 0 0 
-1 20.4865 16.2739 8.468 1 0 0 1 0 0.184375 0 0 0 0 0 0 0 -0.355404 0.490417 0.795725 -0.144372 0.812287 -0.565107 -0.923496 -0.315721 -0.217888 0 0 0 
-1 20.4844 16.2762 8.4719 1 0 0 1 0 0.184375 0 0 0 0 0 0 0 -0.399705 0.474554 0.784241 -0.223045 0.779491 -0.585359 -0.889093 -0.408892 -0.205719 0 0 0 
-1 20.4824 16.2787 8.47585 1 0 0 1 0 0.184375 0 0 0 0 0 0 0 -0.327123 0.505814 0.798212 0.826907 0.562073 -0.0172946 -0.457401 0.65439 -0.602128 0 0 0 
-1 20.4811 16.2814 8.47995 1 0 0 1 0 0.184375 0 0 0 0 0 0 0 -0.328435 0.507693 0.796479 0.917755 -0.0278108 0.396172 0.223284 0.861089 -0.456803 0 0 0 
-1 20.4792 16.2837 8.48385 1 0 0 1 0 0.184375 0 0 0 0 0 0 0 -0.329406 0.503932 0.798464 0.26927 -0.760404 0.590999 0.904978 0.409681 0.114788 0 0 0 
-1 20.4778 16.2864 8.48795 1 0 0 1 0 0.17125 0 0 0 0 0 0 0 -0.292357 0.520165 0.802469 0.14881 -0.804164 0.575478 0.94466 0.28766 0.157697 0 0 0 
-1 20.4762 16.289 8.49195 1 0 0 1 0 0.170938 0 0 0 0 0 0 0 -0.343951 0.503529 0.792563 -0.371765 -0.848113 0.377485 0.862258 -0.164811 0.478904 0 0 0 
-1 20.4743 16.2915 8.4959 1 0 0 1 0 0.170938 0 0 0 0 0 0 0 -0.338182 0.502416 0.795745 -0.441727 -0.831375 0.337184 0.830969 -0.237472 0.503087 0 0 0 
-1 20.4728 16.2941 8.49995 1 0 0 1 0 0.170938 0 0 0 0 0 0 0 -0.255721 0.476925 0.840922 -0.955628 0.00686562 -0.294496 -0.146226 -0.878917 0.454007 0 0 0 
-1 20.4718 16.2963 8.50445 1 0 0 1 0 0.170938 0 0 0 0 0 0 0 -0.261051 0.443456 0.857438 -0.0438902 0.881866 -0.469452 -0.964327 -0.160184 -0.210749 0 0 0 
-1 20.4701 16.2985 8.50865 1 0 0 1 0 0.170938 0 0 0 0 0 0 0 -0.343372 0.427962 0.836029 -0.925481 -0.00259038 -0.378785 -0.15994 -0.903793 0.39696 0 0 0 
-1 20.4683 16.3006 8.51285 1 0 0 1 0 0.157032 0 0 0 0 0 0 0 -0.351822 0.376466 0.857027 -0.430435 -0.878087 0.209017 0.831232 -0.295358 0.470974 0 0 0 
-1 20.4666 16.3023 8.5173 1 0 0 1 0 0.157187 0 0 0 0 0 0 0 -0.184504 0.312271 0.931904 -0.758731 -0.647959 0.0669056 0.624728 -0.694721 0.356481 0 0 0 
-1 20.4664 16.3039 8.5227 1 0 0 1 0 0.157187 0 0 0 0 0 0 0 -0.0793067 0.193831 0.977824 -0.400397 -0.904503 0.146822 0.912903 -0.379874 0.149342 0 0 0 
-1 20.4657 16.3046 8.5284 1 0 0 1 0 0.157187 0 0 0 0 0 0 0 -0.231112 0.254727 0.93899 -0.838871 -0.541048 -0.0596955 0.492832 -0.801487 0.338725 0 0 0 
-1 20.4639 16.3066 8.53265 1 0 0 1 0 0.157187 0 0 0 0 0 0 0 -0.331009 0.419981 0.845014 -0.922078 -0.334242 -0.195074 0.200512 -0.843741 0.497893 0 0 0 
-1 20.4624 16.3088 8.53695 1 0 0 1 0 0.157187 0 0 0 0 0 0 0 -0.319725 0.373913 0.870612 -0.944677 -0.196801 -0.262402 0.0732222 -0.906343 0.416149 0 0 0 
-1 20.4607 16.3104 8.5415 1 0 0 1 0 0.153281 0 0 0 0 0 0 0 -0.322894 0.417336 0.849453 -0.946431 -0.144996 -0.28852 0.00275743 -0.89711 0.441798 0 0 0 
-1 20.4591 16.313 8.5455 1 0 0 1 0 0.153125 0 0 0 0 0 0 0 -0.322807 0.446928 0.834297 -0.12932 0.852392 -0.506659 -0.937588 -0.271444 -0.217361 0 0 0 
-1 20.4574 16.3149 8.5499 1 0 0 1 0 0.153125 0 0 0 0 0 0 0 -0.281078 0.458482 0.843083 -0.682661 0.521933 -0.51143 -0.674515 -0.719291 0.166284 0 0 0 
-1 20.4562 16.3176 8.55405 1 0 0 1 0 0.153125 0 0 0 0 0 0 0 -0.200938 0.538824 0.818103 -0.250463 0.77912 -0.574666 -0.947044 -0.320377 -0.0215989 0 0 0 
-1 20.4553 16.3204 8.55825 1 0 0 1 0 0.153125 0 0 0 0 0 0 0 0.0274905 0.59907 0.800225 -0.977146 0.184908 -0.104858 -0.210785 -0.779054 0.590462 0 0 0 
-1 20.4566 16.3242 8.5628 1 0 0 1 0 0.153125 0 0 0 0 0 0 0 -0.00464068 0.474615 0.880181 -0.256773 0.850113 -0.459755 -0.966461 -0.228141 0.117923 0 0 0 
-1 20.4553 16.3256 8.5678 1 0 0 1 0 0.147188 0 0 0 0 0 0 0 -0.288811 0.386475 0.875914 0.854934 0.515889 0.0542701 -0.430901 0.764523 -0.479405 0 0 0 
-1 20.4536 16.3281 8.57175 1 0 0 1 0 0.146953 0 0 0 0 0 0 0 -0.354001 0.503759 0.787979 0.922621 0.326069 0.206031 -0.153146 0.799941 -0.580207 0 0 0 
-1 20.4517 16.3306 8.5757 1 0 0 1 0 0.146953 0 0 0 0 0 0 0 -0.347743 0.472099 0.81006 0.858989 -0.185862 0.477067 0.375782 0.86173 -0.340896 0 0 0 
-1 20.4501 16.3329 8.5799 1 0 0 1 0 0.146953 0 0 0 0 0 0 0 -0.338516 0.492884 0.801544 0.898697 0.421782 0.120185 -0.278839 0.761029 -0.585733 0 0 0 
-1 20.4484 16.3356 8.58375 1 0 0 1 0 0.146953 0 0 0 0 0 0 0 -0.355922 0.541301 0.761783 0.399565 0.825042 -0.399565 -0.844788 0.162168 -0.509936 0 0 0 
-1 20.4466 16.3383 8.5875 1 0 0 1 0 0.146953 0 0 0 0 0 0 0 -0.350149 0.540182 0.765245 0.15501 0.839115 -0.5214 -0.923779 -0.0639471 -0.377549 0 0 0 
-1 20.4449 16.341 8.5914 1 0 0 1 0 0.149101 0 0 0 0 0 0 0 -0.308609 0.542496 0.781319 0.951131 0.185072 0.247181 -0.0105056 0.819418 -0.573099 0 0 0 
-1 20.4434 16.3438 8.59535 1 0 0 1 0 0.148438 0 0 0 0 0 0 0 -0.306975 0.480102 0.821747 0.902498 0.420923 0.0912183 -0.302099 0.769627 -0.562504 0 0 0 
-1 20.4417 16.3458 8.5997 1 0 0 1 0 0.148438 0 0 0 0 0 0 0 -0.29017 0.437732 0.850995 0.864952 -0.260522 0.428935 0.409462 0.860534 -0.303021 0 0 0 
-1 20.4405 16.3482 8.604 1 0 0 1 0 0.148438 0 0 0 0 0 0 0 -0.251927 0.513805 0.820083 0.555778 0.770548 -0.312037 -0.79224 0.377174 -0.479684 0 0 0 
-1 20.4392 16.351 8.608 1 0 0 1 0 0.148438 0 0 0 0 0 0 0 -0.312996 0.541678 0.78014 0.949671 0.189375 0.249523 -0.0125779 0.818976 -0.573689 0 0 0 
-1 20.4374 16.3536 8.61185 1 0 0 1 0 0.148438 0 0 0 0 0 0 0 -0.305856 0.388544 0.869186 0.347839 -0.804224 0.481905 0.886262 0.44973 0.110826 0 0 0 
-1 20.4361 16.355 8.61695 1 0 0 1 0 0.157344 0 0 0 0 0 0 0 -0.217819 0.430618 0.875856 0.933345 -0.170463 0.315926 0.285344 0.88629 -0.364785 0 0 0 
-1 20.4351 16.3581 8.6209 1 0 0 1 0 0.156875 0 0 0 0 0 0 0 -0.170321 0.56442 0.807725 0.95168 -0.118345 0.283372 0.255531 0.81696 -0.516991 0 0 0 
-1 20.4343 16.3608 8.62525 1 0 0 1 0 0.156875 0 0 0 0 0 0 0 -0.207168 0.433743 0.876897 0.257945 0.888843 -0.378712 -0.943687 0.147734 -0.296021 0 0 0 
-1 20.4329 16.3626 8.63 1 0 0 1 0 0.156875 0 0 0 0 0 0 0 -0.314991 0.447927 0.836745 0.886395 0.453966 0.0906641 -0.339243 0.770245 -0.540034 0 0 0 
-1 20.4311 16.3654 8.63375 1 0 0 1 0 0.156875 0 0 0 0 0 0 0 -0.365014 0.564917 0.740023 0.605873 0.747656 -0.271899 -0.706882 0.349113 -0.615173 0 0 0 
-1 20.4293 16.3682 8.6374 1 0 0 1 0 0.156875 0 0 0 0 0 0 0 -0.245644 0.500879 0.829927 0.842998 0.53305 -0.0721947 -0.478553 0.681893 -0.55318 0 0 0 
-1 20.4286 16.3704 8.6422 1 0 0 1 0 0.169062 0 0 0 0 0 0 0 -0.185808 0.414506 0.890876 0.811803 -0.446047 0.376853 0.553581 0.793238 -0.253618 0 0 0 
-1 20.4273 16.3726 8.64675 1 0 0 1 0 0.169258 0 0 0 0 0 0 0 -0.133493 0.486516 0.863413 0.841574 0.515747 -0.160496 -0.523386 0.7052 -0.478288 0 0 0 
-1 20.4272 16.3755 8.65125 1 0 0 1 0 0.169258 0 0 0 0 0 0 0 -0.190372 0.561284 0.805431 0.660352 -0.533873 0.528123 0.726425 0.632408 -0.269011 0 0 0 
-1 20.4254 16.3783 8.655 1 0 0 1 0 0.169258 0 0 0 0 0 0 0 -0.312395 0.444235 0.839681 0.88865 0.449047 0.0930437 -0.335723 0.77525 -0.535049 0 0 0 
-1 20.424 16.3801 8.65985 1 0 0 1 0 0.169258 0 0 0 0 0 0 0 -0.288378 0.389442 0.874742 0.953092 0.029027 0.301285 0.0919419 0.920593 -0.379545 0 0 0 
-1 20.4224 16.3824 8.6641 1 0 0 1 0 0.169258 0 0 0 0 0 0 0 -0.278499 0.473955 0.835347 0.865832 -0.252521 0.431936 0.415661 0.843564 -0.340038 0 0 0 
-1 20.4212 16.385 8.6684 1 0 0 1 0 0.179316 0 0 0 0 0 0 0 -0.226654 0.571675 0.788553 0.917892 -0.145393 0.369236 0.325733 0.807495 -0.491782 0 0 0 
-1 20.4201 16.3882 8.6721 1 0 0 1 0 0.179063 0 0 0 0 0 0 0 -0.206482 0.619596 0.757276 0.954787 0.296775 0.0175173 -0.213887 0.726654 -0.652861 0 0 0 
-1 20.4191 16.3913 8.6761 1 0 0 1 0 0.179063 0 0 0 0 0 0 0 -0.166827 0.486082 0.857842 0.980977 0.169412 0.094779 -0.0992584 0.857336 -0.505098 0 0 0 
-1 20.4184 16.3933 8.6811 1 0 0 1 0 0.179063 0 0 0 0 0 0 0 -0.1532 0.375778 0.913959 0.592862 0.774891 -0.219223 -0.790597 0.508267 -0.341498 0 0 0 
-1 20.4174 16.3953 8.68595 1 0 0 1 0 0.179063 0 0 0 0 0 0 0 -0.235132 0.426928 0.873181 0.847903 0.529276 -0.0304553 -0.475156 0.733212 -0.486443 0 0 0 
-1 20.4159 16.3977 8.6902 1 0 0 1 0 0.179063 0 0 0 0 0 0 0 -0.300936 0.527805 0.794267 0.57219 -0.566363 0.593153 0.762913 0.632973 -0.131566 0 0 0 
-1 20.4143 16.4007 8.694 1 0 0 1 0 0.192656 0 0 0 0 0 0 0 -0.186718 0.614294 0.766668 0.957079 0.289826 0.000867395 -0.221668 0.733923 -0.642044 0 0 0 
-1 20.414 16.404 8.698 1 0 0 1 0 0.192969 0 0 0 0 0 0 0 -0.16998 0.558889 0.811634 0.339999 -0.739785 0.580619 0.924936 0.374649 -0.0642728 0 0 0 
-1 20.4126 16.4064 8.70235 1 0 0 1 0 0.192969 0 0 0 0 0 0 0 -0.269599 0.514812 0.813809 0.909978 -0.140289 0.390204 0.31505 0.845747 -0.430646 0 0 0 
-1 20.4113 16.4093 8.7063 1 0 0 1 0 0.192969 0 0 0 0 0 0 0 -0.22172 0.630586 0.743775 -0.316392 -0.768015 0.55682 0.922354 -0.111867 0.369797 0 0 0 
-1 20.4104 16.4128 8.7099 1 0 0 1 0 0.192969 0 0 0 0 0 0 0 -0.257792 0.634494 0.72867 -0.924789 -0.380458 0.00411094 0.279837 -0.672806 0.684852 0 0 0 
-1 20.4086 16.4156 8.71365 1 0 0 1 0 0.192969 0 0 0 0 0 0 0 -0.146385 0.365753 0.919128 0.139704 -0.912181 0.385239 0.979313 0.184799 0.0824323 0 0 0 
-1 20.4087 16.4168 8.71995 1 0 0 1 0 0.21461 0 0 0 0 0 0 0 -0.127661 0.369215 0.920534 -0.850469 -0.518281 0.0899321 0.5103 -0.771405 0.38017 0 0 0 
-1 20.4072 16.4197 8.72375 1 0 0 1 0 0.215078 0 0 0 0 0 0 0 -0.289176 0.603465 0.743107 -0.831336 -0.543185 0.117602 0.474613 -0.583764 0.658758 0 0 0 
-1 20.4058 16.4228 8.7274 1 0 0 1 0 0.215078 0 0 0 0 0 0 0 -0.103 0.358518 0.927823 -0.916861 -0.395911 0.0511995 0.385691 -0.845411 0.36949 0 0 0 
-1 20.4061 16.4237 8.7341 1 0 0 1 0 0.215078 0 0 0 0 0 0 0 -0.108594 0.370764 0.922356 -0.987025 0.0701767 -0.144417 -0.118272 -0.926072 0.358333 0 0 0 
-1 20.4046 16.427 8.7376 1 0 0 1 0 0.215078 0 0 0 0 0 0 0 -0.0803797 0.562658 0.822773 -0.97123 -0.22985 0.0623012 0.224169 -0.794094 0.564945 0 0 0 
-1 20.4053 16.4296 8.7428 1 0 0 1 0 0.215078 0 0 0 0 0 0 0 -0.0261565 0.362989 0.931426 -0.378691 0.858704 -0.345283 -0.925154 -0.361754 0.115 0 0 0 
-1 20.4044 16.4311 8.74825 1 0 0 1 0 0.183164 0 0 0 0 0 0 0 -0.156412 0.308324 0.938335 0.859399 0.510715 -0.0245596 -0.486794 0.802563 -0.344855 0 0 0 
-1 20.4035 16.4331 8.7533 1 0 0 1 0 0.183633 0 0 0 0 0 0 0 0.158841 -0.221014 0.962249 0.9861 -0.012606 -0.165674 0.0487464 0.975189 0.21594 0 0 0 
-1 20.4078 16.4263 8.76915 1 0 0 1 0 0.183633 0 0 0 0 0 0 0 0.161212 -0.168746 0.972386 0.984154 0.101196 -0.145602 -0.0738322 0.980451 0.182387 0 0 0 
-1 20.4067 16.4298 8.7726 1 0 0 1 0 0.183633 0 0 0 0 0 0 0 0.0184808 0.758135 0.651835 0.926273 -0.258417 0.274298 0.3764 0.598708 -0.707016 0 0 0 
-1 20.408 16.4345 8.7762 1 0 0 1 0 0.183633 0 0 0 0 0 0 0 -0.0094308 0.71174 0.70238 0.345068 -0.656947 0.670334 0.93853 0.248691 -0.239403 0 0 0 
-1 20.4066 16.4374 8.7801 1 0 0 1 0 0.183633 0 0 0 0 0 0 0 -0.303803 0.597575 0.74203 -0.749642 -0.630607 0.200924 0.587997 -0.495215 0.639548 0 0 0 
-1 20.4049 16.4405 8.78365 1 0 0 1 0 0.167442 0 0 0 0 0 0 0 -0.329181 0.618623 0.713404 0.238865 -0.676385 0.69674 0.913555 0.399761 0.0748857 0 0 0 
-1 20.4033 16.4436 8.78725 1 0 0 1 0 0.167695 0 0 0 0 0 0 0 -0.1015 0.696189 0.710647 -0.319693 -0.699273 0.639386 0.942069 -0.162291 0.293543 0 0 0 
-1 20.4039 16.4477 8.791 1 0 0 1 0 0.167695 0 0 0 0 0 0 0 -0.0621827 0.688827 0.722254 0.756857 -0.439189 0.484025 0.650616 0.576741 -0.494034 0 0 0 
-1 20.4027 16.4508 8.7948 1 0 0 1 0 0.167695 0 0 0 0 0 0 0 -0.194888 0.55523 0.80854 0.521372 -0.639593 0.564883 0.830777 0.531639 -0.164832 0 0 0 
-1 20.4019 16.4534 8.7993 1 0 0 1 0 0.167695 0 0 0 0 0 0 0 -0.224274 0.535997 0.813885 -0.610931 -0.728002 0.311089 0.759253 -0.427458 0.490729 0 0 0 
-1 20.4003 16.4562 8.80315 1 0 0 1 0 0.167695 0 0 0 0 0 0 0 -0.167671 0.503014 0.847858 -0.921866 -0.384772 0.0459692 0.349355 -0.773904 0.528227 0 0 0 
-1 20.4002 16.4587 8.80815 1 0 0 1 0 0.159472 0 0 0 0 0 0 0 -0.113508 0.381549 0.917353 -0.867807 -0.487649 0.095447 0.483764 -0.785251 0.386463 0 0 0 
-1 20.3991 16.4605 8.81325 1 0 0 1 0 0.16 0 0 0 0 0 0 0 -0.204108 0.524954 0.826295 -0.922109 0.180327 -0.342339 -0.328716 -0.831808 0.447259 0 0 0 
-1 20.3981 16.4641 8.81665 1 0 0 1 0 0.16 0 0 0 0 0 0 0 -0.0961452 0.750226 0.654154 -0.291228 0.607237 -0.739222 -0.95181 -0.26158 0.160103 0 0 0 
-1 20.3981 16.4683 8.82005 1 0 0 1 0 0.16 0 0 0 0 0 0 0 -0.0471282 0.762672 0.645067 -0.7836 0.372265 -0.497383 -0.619475 -0.528915 0.580085 0 0 0 
-1 20.3975 16.4721 8.8235 1 0 0 1 0 0.16 0 0 0 0 0 0 0 -0.125345 0.6894 0.713454 -0.992095 -0.0826887 -0.0943984 -0.00608369 -0.719646 0.694314 0 0 0 
-1 20.3968 16.4754 8.82745 1 0 0 1 0 0.16 0 0 0 0 0 0 0 -0.124802 0.571277 0.811213 -0.816107 0.405875 -0.411382 -0.564265 -0.713378 0.415569 0 0 0 
-1 20.3962 16.4781 8.83195 1 0 0 1 0 0.140625 0 0 0 0 0 0 0 -0.168218 0.514188 0.841019 -0.94219 -0.33469 0.0161709 0.289796 -0.789679 0.540764 0 0 0 
-1 20.3951 16.4807 8.8362 1 0 0 1 0 0.141562 0 0 0 0 0 0 0 -0.101243 0.33035 0.938413 -0.895491 0.380671 -0.23062 -0.433412 -0.863689 0.257286 0 0 0 
-1 20.3951 16.4818 8.8426 1 0 0 1 0 0.141562 0 0 0 0 0 0 0 -0.0451664 0.437756 0.897958 -0.883252 -0.43745 0.168831 0.466718 -0.785498 0.406407 0 0 0 
-1 20.3946 16.4856 8.84615 1 0 0 1 0 0.141562 0 0 0 0 0 0 0 -0.202137 0.680106 0.704696 -0.880426 0.188958 -0.434907 -0.428941 -0.708344 0.560588 0 0 0 
-1 20.393 16.4888 8.84975 1 0 0 1 0 0.141562 0 0 0 0 0 0 0 -0.271047 0.552021 0.788547 -0.352836 0.705214 -0.614963 -0.895567 -0.444912 0.0036269 0 0 0 
-1 20.3918 16.4912 8.85415 1 0 0 1 0 0.141562 0 0 0 0 0 0 0 -0.241223 0.56646 0.787994 -0.0303961 0.807163 -0.589545 -0.969994 -0.166164 -0.177488 0 0 0 
-1 20.3906 16.4945 8.85775 1 0 0 1 0 0.133906 0 0 0 0 0 0 0 -0.013882 0.58942 0.807708 0.91672 0.330074 -0.225114 -0.39929 0.737316 -0.544915 0 0 0 
-1 20.3917 16.4975 8.86285 1 0 0 1 0 0.13125 0 0 0 0 0 0 0 0.108282 0.337097 0.935222 -0.205234 0.928068 -0.310755 -0.972704 -0.15829 0.169677 0 0 0 
-1 20.3919 16.4987 8.8694 1 0 0 1 0 0.13125 0 0 0 0 0 0 0 -0.0642847 0.304046 0.950486 0.846537 0.520968 -0.109395 -0.528434 0.797589 -0.290876 0 0 0 
-1 20.3909 16.5011 8.87395 1 0 0 1 0 0.13125 0 0 0 0 0 0 0 -0.208173 0.513118 0.832691 0.977497 0.13884 0.158819 -0.0341182 0.847014 -0.530474 0 0 0 
-1 20.3898 16.504 8.878 1 0 0 1 0 0.13125 0 0 0 0 0 0 0 -0.210944 0.637773 0.740775 0.848713 0.495477 -0.184902 -0.484962 0.589702 -0.645805 0 0 0 
-1 20.3888 16.5076 8.8815 1 0 0 1 0 0.13125 0 0 0 0 0 0 0 -0.112347 0.510566 0.852467 0.706236 0.644525 -0.292948 -0.699006 0.569131 -0.43299 0 0 0 
-1 20.3886 16.5094 8.8871 1 0 0 1 0 0.12625 0 0 0 0 0 0 0 -0.0933444 0.494939 0.863899 0.783829 0.571559 -0.242761 -0.613921 0.654489 -0.441299 0 0 0 
-1 20.3878 16.5129 8.89075 1 0 0 1 0 0.12625 0 0 0 0 0 0 0 -0.17991 0.583186 0.792166 0.795221 -0.387791 0.466092 0.579013 0.713801 -0.393994 0 0 0 
-1 20.3867 16.5154 8.89525 1 0 0 1 0 0.12625 0 0 0 0 0 0 0 -0.237274 0.50838 0.827799 -0.0590761 -0.858107 0.510061 0.969645 0.0721209 0.233639 0 0 0 
-1 20.3853 16.5182 8.8993 1 0 0 1 0 0.12625 0 0 0 0 0 0 0 -0.151835 0.512732 0.845016 -0.969176 -0.245049 -0.0254553 0.194019 -0.822834 0.534135 0 0 0 
-1 20.3852 16.5208 8.90415 1 0 0 1 0 0.12625 0 0 0 0 0 0 0 -0.163804 0.563756 0.809535 -0.381718 0.720474 -0.578972 -0.909648 -0.403852 0.0971797 0 0 0 
-1 20.3836 16.524 8.9077 1 0 0 1 0 0.12625 0 0 0 0 0 0 0 -0.278304 0.507741 0.81532 -0.910583 0.130597 -0.392151 -0.30559 -0.851554 0.425994 0 0 0 
-1 20.3823 16.5261 8.9125 1 0 0 1 0 0.131875 0 0 0 0 0 0 0 -0.272099 0.524772 0.806583 -0.93853 -0.329766 -0.102061 0.212425 -0.784773 0.582243 0 0 0 
-1 20.3808 16.5294 8.916 1 0 0 1 0 0.131875 0 0 0 0 0 0 0 -0.307738 0.665326 0.680175 -0.901689 -0.432135 0.0147414 0.303735 -0.60877 0.732901 0 0 0 
-1 20.3792 16.5327 8.91935 1 0 0 1 0 0.131875 0 0 0 0 0 0 0 -0.248723 0.546269 0.79983 -0.525558 0.617527 -0.585192 -0.813588 -0.565908 0.133502 0 0 0 
-1 20.3783 16.535 8.9242 1 0 0 1 0 0.131875 0 0 0 0 0 0 0 -0.28294 0.521824 0.804764 0.570823 0.765891 -0.295927 -0.770783 0.375648 -0.51457 0 0 0 
-1 20.3763 16.5381 8.9276 1 0 0 1 0 0.131875 0 0 0 0 0 0 0 -0.357603 0.556339 0.750072 0.660472 0.718497 -0.218034 -0.660225 0.417432 -0.624383 0 0 0 
-1 20.3747 16.5406 8.93175 1 0 0 1 0 0.131875 0 0 0 0 0 0 0 -0.320362 0.532283 0.783609 0.876988 0.479384 0.032907 -0.358134 0.697758 -0.620382 0 0 0 
-1 20.3731 16.5435 8.93555 1 0 0 1 0 0.132188 0 0 0 0 0 0 0 -0.348168 0.586756 0.731093 0.769511 0.624293 -0.134578 -0.53538 0.515728 -0.668874 0 0 0 
-1 20.3712 16.5465 8.9391 1 0 0 1 0 0.13125 0 0 0 0 0 0 0 -0.357251 0.595469 0.719575 0.900016 0.425426 0.0947834 -0.249685 0.681491 -0.687915 0 0 0 
-1 20.3694 16.5495 8.9428 1 0 0 1 0 0.13125 0 0 0 0 0 0 0 -0.363428 0.61245 0.702015 0.466907 0.771813 -0.431628 -0.806175 0.17091 -0.566456 0 0 0 
-1 20.3675 16.5527 8.94615 1 0 0 1 0 0.13125 0 0 0 0 0 0 0 -0.27573 0.590828 0.758219 0.928452 0.367944 0.0509223 -0.248896 0.718011 -0.650009 0 0 0 
-1 20.3666 16.5555 8.9505 1 0 0 1 0 0.13125 0 0 0 0 0 0 0 -0.221351 0.437959 0.871318 0.47131 0.830248 -0.297583 -0.853739 0.34479 -0.390191 0 0 0 
-1 20.3652 16.5573 8.9554 1 0 0 1 0 0.13125 0 0 0 0 0 0 0 -0.33486 0.480594 0.810493 0.940074 0.22905 0.25258 -0.0642549 0.846502 -0.528493 0 0 0 
-1 20.3632 16.5605 8.95885 1 0 0 1 0 0.1375 0 0 0 0 0 0 0 -0.340509 0.592163 0.73034 0.906334 -3.94248e-11 0.422563 0.250226 0.805818 -0.536697 0 0 0 
-1 20.3617 16.5633 8.9628 1 0 0 1 0 0.137656 0 0 0 0 0 0 0 -0.342514 0.585652 0.73464 0.889825 0.45314 0.0536253 -0.301489 0.672069 -0.676334 0 0 0 
-1 20.3598 16.5663 8.96625 1 0 0 1 0 0.137656 0 0 0 0 0 0 0 -0.362706 0.631096 0.685684 0.699692 0.670416 -0.246928 -0.615528 0.390206 -0.684737 0 0 0 
-1 20.3581 16.5697 8.9697 1 0 0 1 0 0.137656 0 0 0 0 0 0 0 -0.348261 0.62183 0.701457 0.937241 0.244667 0.248431 -0.0171413 0.743953 -0.668013 0 0 0 
-1 20.3563 16.5726 8.9733 1 0 0 1 0 0.137656 0 0 0 0 0 0 0 -0.348132 0.616592 0.706129 0.742376 0.64129 -0.193972 -0.572435 0.456685 -0.680997 0 0 0 
-1 20.3545 16.5758 8.9768 1 0 0 1 0 0.137656 0 0 0 0 0 0 0 -0.330888 0.602683 0.726145 -0.448904 0.576322 -0.68289 -0.830059 -0.551929 0.0798489 0 0 0 
-1 20.3529 16.5787 8.98065 1 0 0 1 0 0.146953 0 0 0 0 0 0 0 -0.284382 0.632342 0.720604 -0.952704 -0.270405 -0.138694 0.107153 -0.725964 0.679334 0 0 0 
-1 20.3517 16.5823 8.98415 1 0 0 1 0 0.146797 0 0 0 0 0 0 0 -0.254868 0.462362 0.849272 -0.488497 0.696401 -0.525734 -0.834513 -0.54886 0.0483725 0 0 0 
-1 20.3502 16.5836 8.98965 1 0 0 1 0 0.146797 0 0 0 0 0 0 0 -0.302418 0.430047 0.850649 -0.869932 -0.489269 -0.0619223 0.389566 -0.758733 0.522075 0 0 0 
-1 20.3484 16.5868 8.99315 1 0 0 1 0 0.146797 0 0 0 0 0 0 0 -0.392993 0.61188 0.68641 -0.918495 -0.225611 -0.324756 -0.0438495 -0.758092 0.650672 0 0 0 
-1 20.3462 16.5898 8.99655 1 0 0 1 0 0.146797 0 0 0 0 0 0 0 -0.394824 0.477686 0.784812 -0.375544 0.695683 -0.612365 -0.838499 -0.536508 -0.0952802 0 0 0 
-1 20.3444 16.5917 9.0012 1 0 0 1 0 0.146797 0 0 0 0 0 0 0 -0.362447 0.497867 0.787884 -0.928278 -0.268363 -0.257453 0.0832615 -0.824688 0.559426 0 0 0 
-1 20.3425 16.5949 9.0047 1 0 0 1 0 0.154023 0 0 0 0 0 0 0 -0.371531 0.638919 0.673608 -0.606005 0.382777 -0.697309 -0.703365 -0.667282 0.244974 0 0 0 
-1 20.3406 16.5982 9.008 1 0 0 1 0 0.154532 0 0 0 0 0 0 0 -0.313515 0.69072 0.651624 -0.946152 -0.168945 -0.27614 -0.080647 -0.70311 0.706493 0 0 0 
-1 20.3393 16.6019 9.01135 1 0 0 1 0 0.154532 0 0 0 0 0 0 0 -0.323221 0.54042 0.776836 -0.591667 0.525258 -0.611583 -0.738551 -0.657305 0.149974 0 0 0 
-1 20.3373 16.6038 9.01605 1 0 0 1 0 0.154532 0 0 0 0 0 0 0 -0.368176 0.498833 0.784609 -0.915994 -0.339271 -0.214128 0.159381 -0.797534 0.58184 0 0 0 
-1 20.3355 16.6071 9.01945 1 0 0 1 0 0.154532 0 0 0 0 0 0 0 -0.392271 0.645451 0.655375 -0.832058 -0.552748 0.0463543 0.392177 -0.527127 0.75388 0 0 0 
-1 20.3333 16.6103 9.02265 1 0 0 1 0 0.154532 0 0 0 0 0 0 0 -0.40719 0.665415 0.625635 -0.473932 0.431624 -0.767522 -0.78076 -0.609035 0.139608 0 0 0 
-1 20.3314 16.6138 9.02575 1 0 0 1 0 0.155391 0 0 0 0 0 0 0 -0.447967 0.632227 0.632151 -0.311626 0.552308 -0.773205 -0.837983 -0.543365 -0.0503972 0 0 0 
-1 20.3288 16.6166 9.029 1 0 0 1 0 0.155235 0 0 0 0 0 0 0 -0.498189 0.597948 0.627906 -0.754389 0.0580828 -0.653853 -0.427441 -0.799428 0.422149 0 0 0 
-1 20.3264 16.6198 9.03205 1 0 0 1 0 0.155235 0 0 0 0 0 0 0 -0.483955 0.623751 0.613777 -0.84786 -0.507834 -0.152441 0.216611 -0.594171 0.774622 0 0 0 
-1 20.324 16.6229 9.03515 1 0 0 1 0 0.155235 0 0 0 0 0 0 0 -0.454692 0.548495 0.701718 -0.687423 -0.717082 0.115075 0.566308 -0.430054 0.7031 0 0 0 
-1 20.3218 16.6253 9.03915 1 0 0 1 0 0.155235 0 0 0 0 0 0 0 -0.418374 0.520518 0.744328 -0.84666 -0.520188 -0.112119 0.328831 -0.677101 0.658335 0 0 0 
-1 20.3197 16.6283 9.0428 1 0 0 1 0 0.155235 0 0 0 0 0 0 0 -0.43302 0.551034 0.713341 -0.891767 -0.377188 -0.249963 0.131325 -0.744373 0.654723 0 0 0 
-1 20.3174 16.6309 9.0464 1 0 0 1 0 0.163867 0 0 0 0 0 0 0 -0.442479 0.61131 0.656134 -0.896365 -0.279257 -0.344305 -0.0272465 -0.740483 0.671522 0 0 0 
-1 20.3153 16.6344 9.0494 1 0 0 1 0 0.164219 0 0 0 0 0 0 0 -0.443316 0.566584 0.694588 -0.230643 -0.820905 0.522416 0.866184 0.0713936 0.494599 0 0 0 
-1 20.3129 16.6367 9.05345 1 0 0 1 0 0.164219 0 0 0 0 0 0 0 -0.376987 0.570347 0.729785 -0.871852 -0.484488 -0.0717332 0.312659 -0.663306 0.679904 0 0 0 
-1 20.3113 16.6403 9.05695 1 0 0 1 0 0.164219 0 0 0 0 0 0 0 -0.399326 0.618382 0.676862 -0.142677 -0.771201 0.620396 0.905639 0.151168 0.396189 0 0 0 
-1 20.3088 16.643 9.0604 1 0 0 1 0 0.164219 0 0 0 0 0 0 0 -0.517764 0.59236 0.617276 -0.850194 -0.436673 -0.294086 0.0953431 -0.677072 0.729715 0 0 0 
-1 20.3061 16.6462 9.06315 1 0 0 1 0 0.164219 0 0 0 0 0 0 0 -0.519372 0.604257 0.604257 -0.758277 -0.651933 0.000178635 0.394043 -0.458101 0.796789 0 0 0 
-1 20.3036 16.6491 9.06645 1 0 0 1 0 0.175859 0 0 0 0 0 0 0 -0.445039 0.517834 0.730608 -0.892899 -0.318867 -0.317892 0.0683516 -0.793833 0.604282 0 0 0 
-1 20.3015 16.6516 9.0707 1 0 0 1 0 0.17625 0 0 0 0 0 0 0 -0.447098 0.544409 0.709734 -0.682005 -0.720874 0.123324 0.578768 -0.428904 0.693591 0 0 0 
-1 20.299 16.6547 9.07375 1 0 0 1 0 0.17625 0 0 0 0 0 0 0 -0.526659 0.601095 0.601095 0.22517 -0.583206 0.780493 0.819713 0.546402 0.171802 0 0 0 
-1 20.2962 16.6576 9.07675 1 0 0 1 0 0.17625 0 0 0 0 0 0 0 -0.558899 0.578849 0.593773 -0.669005 -0.73784 0.0895822 0.489964 -0.34717 0.79963 0 0 0 
-1 20.2934 16.6605 9.0797 1 0 0 1 0 0.17625 0 0 0 0 0 0 0 -0.575604 0.590575 0.565598 -0.743802 -0.665513 -0.0620584 0.339763 -0.456414 0.822343 0 0 0 
-1 20.2905 16.6635 9.0824 1 0 0 1 0 0.17625 0 0 0 0 0 0 0 -0.589692 0.609669 0.529686 -0.71837 -0.695661 0.000954652 0.369064 -0.379947 0.848193 0 0 0 
-1 20.2875 16.6666 9.085 1 0 0 1 0 0.186875 0 0 0 0 0 0 0 -0.592586 0.612648 0.522977 -0.709446 -0.704436 0.0213466 0.381482 -0.358374 0.852079 0 0 0 
-1 20.2845 16.6697 9.08765 1 0 0 1 0 0.187031 0 0 0 0 0 0 0 -0.594194 0.614158 0.519368 -0.239201 -0.751437 0.614919 0.76793 0.241148 0.593407 0 0 0 
-1 20.2816 16.6727 9.0902 1 0 0 1 0 0.187031 0 0 0 0 0 0 0 -0.6056 0.610487 0.510445 0.75544 0.239437 0.609902 0.250118 0.754967 -0.60619 0 0 0 
-1 20.2785 16.6758 9.09275 1 0 0 1 0 0.187031 0 0 0 0 0 0 0 -0.609215 0.59931 0.519311 0.782827 0.559085 0.273141 -0.126643 0.572932 -0.809759 0 0 0 
-1 20.2754 16.6788 9.0954 1 0 0 1 0 0.187031 0 0 0 0 0 0 0 -0.610559 0.60552 0.510454 0.770405 0.603493 0.205603 -0.183558 0.518789 -0.834964 0 0 0 
-1 20.2724 16.6819 9.09785 1 0 0 1 0 0.187031 0 0 0 0 0 0 0 -0.615726 0.620614 0.485509 0.297536 0.753666 -0.586055 -0.729626 -0.216393 -0.648707 0 0 0 
-1 20.2693 16.6849 9.10025 1 0 0 1 0 0.194765 0 0 0 0 0 0 0 -0.623336 0.618314 0.478687 0.704241 0.709961 -5.08601e-11 -0.339849 0.337111 -0.877986 0 0 0 
-1 20.2661 16.688 9.10265 1 0 0 1 0 0.194609 0 0 0 0 0 0 0 -0.624809 0.619775 0.474861 0.712298 0.701545 0.021586 -0.319758 0.35173 -0.879796 0 0 0 
-1 20.2631 16.6912 9.105 1 0 0 1 0 0.194609 0 0 0 0 0 0 0 -0.626218 0.621325 0.470963 0.705491 0.708713 0.0030778 -0.331865 0.334187 -0.882148 0 0 0 
-1 20.2599 16.6943 9.10735 1 0 0 1 0 0.194609 0 0 0 0 0 0 0 -0.62877 0.623896 0.464114 0.655487 0.104185 0.747985 0.418311 0.774532 -0.474464 0 0 0 
-1 20.2568 16.6974 9.10965 1 0 0 1 0 0.194609 0 0 0 0 0 0 0 -0.625327 0.630212 0.460217 0.327251 -0.323606 0.887798 0.70843 0.70577 -0.00387821 0 0 0 
-1 20.2537 16.7006 9.11195 1 0 0 1 0 0.194609 0 0 0 0 0 0 0 -0.630282 0.625245 0.460232 0.318506 -0.332377 0.887738 0.708024 0.706112 0.010347 0 0 0 
-1 20.2505 16.7036 9.11425 1 0 0 1 0 0.204179 0 0 0 0 0 0 0 -0.635158 0.620352 0.46015 -0.0619208 -0.634734 0.770246 0.769896 0.460735 0.441569 0 0 0 
-1 20.2473 16.7068 9.11655 1 0 0 1 0 0.204688 0 0 0 0 0 0 0 -0.644545 0.614659 0.454704 -0.31229 -0.754498 0.577241 0.69788 0.230059 0.67826 0 0 0 
-1 20.244 16.7098 9.1188 1 0 0 1 0 0.204688 0 0 0 0 0 0 0 -0.659649 0.609482 0.439766 -0.736054 -0.642185 -0.214062 0.151945 -0.464897 0.872229 0 0 0 
-1 20.2407 16.7128 9.12095 1 0 0 1 0 0.204688 0 0 0 0 0 0 0 -0.661934 0.616642 0.426141 -0.740974 -0.452501 -0.496185 -0.113139 -0.644201 0.756442 0 0 0 
-1 20.2374 16.716 9.12305 1 0 0 1 0 0.204688 0 0 0 0 0 0 0 -0.661111 0.621215 0.420742 -0.68756 -0.72608 -0.00832201 0.300323 -0.294787 0.907142 0 0 0 
-1 20.2341 16.7191 9.12515 1 0 0 1 0 0.204688 0 0 0 0 0 0 0 -0.664671 0.624712 0.409814 -0.44909 -0.772422 0.44909 0.597102 0.114454 0.793958 0 0 0 
-1 20.2307 16.7222 9.12715 1 0 0 1 0 0.211719 0 0 0 0 0 0 0 -0.66883 0.623896 0.404253 -0.682117 -0.731244 1.01262e-10 0.295607 -0.275748 0.914647 0 0 0 
-1 20.2274 16.7253 9.1292 1 0 0 1 0 0.212187 0 0 0 0 0 0 0 -0.670164 0.625141 0.400099 -0.731122 -0.648864 -0.210799 0.127831 -0.433791 0.891899 0 0 0 
-1 20.224 16.7285 9.13115 1 0 0 1 0 0.212187 0 0 0 0 0 0 0 -0.672073 0.631819 0.386163 -0.694729 -0.718488 -0.033546 0.256259 -0.290824 0.92182 0 0 0 
-1 20.2207 16.7316 9.13305 1 0 0 1 0 0.212187 0 0 0 0 0 0 0 -0.675094 0.635257 0.375095 -0.69312 -0.720294 -0.0275919 0.252651 -0.278613 0.926576 0 0 0 
-1 20.2173 16.7348 9.1349 1 0 0 1 0 0.212187 0 0 0 0 0 0 0 -0.676905 0.637257 0.368379 -0.679054 -0.733771 0.0215699 0.284051 -0.235548 0.929426 0 0 0 
-1 20.2139 16.738 9.13675 1 0 0 1 0 0.212187 0 0 0 0 0 0 0 -0.679514 0.639417 0.35973 -0.733258 -0.608166 -0.304083 0.0243393 -0.470403 0.882116 0 0 0 
-1 20.2105 16.7412 9.1385 1 0 0 1 0 0.221094 0 0 0 0 0 0 0 -0.679745 0.644668 0.349786 -0.690952 -0.722824 -0.0105489 0.246033 -0.248856 0.93677 0 0 0 
-1 20.2071 16.7444 9.14025 1 0 0 1 0 0.221406 0 0 0 0 0 0 0 -0.682017 0.646967 0.341008 -0.616581 -0.759421 0.207624 0.393295 -0.0686561 0.916845 0 0 0 
-1 20.2037 16.7477 9.1419 1 0 0 1 0 0.221406 0 0 0 0 0 0 0 -0.688132 0.647969 0.326514 -0.645656 -0.341505 -0.68301 -0.331063 -0.680816 0.653366 0 0 0 
-1 20.2003 16.7509 9.1435 1 0 0 1 0 0.221406 0 0 0 0 0 0 0 -0.684738 0.654841 0.31987 -0.692113 -0.721779 -0.00395694 0.228284 -0.224095 0.947453 0 0 0 
-1 20.1968 16.7542 9.1451 1 0 0 1 0 0.221406 0 0 0 0 0 0 0 -0.687339 0.657396 0.308862 -0.508166 -0.739071 0.442201 0.518972 0.146989 0.842059 0 0 0 
-1 20.1933 16.7575 9.1466 1 0 0 1 0 0.221406 0 0 0 0 0 0 0 -0.698974 0.653879 0.289614 -0.672973 -0.464389 -0.575717 -0.241956 -0.597314 0.764639 0 0 0 
-1 20.1898 16.7607 9.148 1 0 0 1 0 0.230703 0 0 0 0 0 0 0 -0.696012 0.66102 0.280391 -0.627857 -0.370821 -0.684315 -0.348371 -0.652337 0.673122 0 0 0 
-1 20.1864 16.7641 9.1494 1 0 0 1 0 0.230859 0 0 0 0 0 0 0 -0.69072 0.67071 0.270285 -0.722301 -0.65774 -0.213682 0.0344586 -0.342821 0.938768 0 0 0 
-1 20.1829 16.7675 9.1507 1 0 0 1 0 0.230859 0 0 0 0 0 0 0 -0.691178 0.676046 0.255409 -0.508115 -0.705916 0.493459 0.513898 0.211291 0.831423 0 0 0 
-1 20.1795 16.7708 9.15195 1 0 0 1 0 0.230859 0 0 0 0 0 0 0 -0.697971 0.673168 0.244297 -0.472052 -0.689018 0.549929 0.53852 0.268513 0.798685 0 0 0 
-1 20.176 16.7742 9.15315 1 0 0 1 0 0.230859 0 0 0 0 0 0 0 -0.7079 0.66804 0.229349 -0.686334 -0.727286 -1.71902e-11 0.166802 -0.15741 0.973344 0 0 0 
-1 20.1724 16.7775 9.15425 1 0 0 1 0 0.230859 0 0 0 0 0 0 0 -0.710265 0.670272 0.215079 -0.703905 -0.673501 -0.22564 -0.006384 -0.31166 0.950172 0 0 0 
-1 20.1688 16.7809 9.1553 1 0 0 1 0 0.209179 0 0 0 0 0 0 0 -0.710075 0.675128 0.19999 -0.704069 -0.677144 -0.213924 -0.00900404 -0.292709 0.956159 0 0 0 
-1 20.1653 16.7843 9.15625 1 0 0 1 0 0.209531 0 0 0 0 0 0 0 -0.709845 0.679646 0.184935 -0.692513 -0.721371 -0.00703059 0.128629 -0.133061 0.982726 0 0 0 
-1 20.1617 16.7877 9.15715 1 0 0 1 0 0.209531 0 0 0 0 0 0 0 -0.71167 0.681539 0.170385 -0.692548 -0.721335 -0.00732319 0.117913 -0.123211 0.98535 0 0 0 
-1 20.1582 16.7911 9.15795 1 0 0 1 0 0.209531 0 0 0 0 0 0 0 -0.713347 0.683299 0.155685 -0.692786 -0.721081 -0.00952788 0.105751 -0.114653 0.987761 0 0 0 
-1 20.1546 16.7945 9.1587 1 0 0 1 0 0.209531 0 0 0 0 0 0 0 -0.714937 0.685033 0.139982 -0.696454 -0.680029 -0.229157 -0.0617885 -0.261324 0.963272 0 0 0 
-1 20.1511 16.798 9.15935 1 0 0 1 0 0.209531 0 0 0 0 0 0 0 -0.713881 0.689044 0.124872 -0.693107 -0.720692 0.0143533 0.0998843 -0.0763031 0.992069 0 0 0 
-1 20.1475 16.8014 9.15995 1 0 0 1 0 0.198516 0 0 0 0 0 0 0 -0.715292 0.690105 0.110057 -0.670874 -0.722208 0.168356 0.195667 0.0465897 0.979563 0 0 0 
-1 20.1439 16.8048 9.16045 1 0 0 1 0 0.198672 0 0 0 0 0 0 0 -0.719173 0.688998 0.0898395 -0.692663 -0.721117 -0.0144263 0.0548451 -0.0726035 0.995852 0 0 0 
-1 20.1403 16.8083 9.16085 1 0 0 1 0 0.198672 0 0 0 0 0 0 0 -0.71991 0.690003 0.074997 -0.649169 -0.631166 -0.424509 -0.245577 -0.354294 0.902312 0 0 0 
-1 20.1367 16.8117 9.1612 1 0 0 1 0 0.198672 0 0 0 0 0 0 0 -0.715762 0.695753 0.0601051 -0.697013 -0.717059 -1.6476e-11 0.0430989 -0.041894 0.998192 0 0 0 
-1 20.1332 16.8153 9.16145 1 0 0 1 0 0.198672 0 0 0 0 0 0 0 -0.716329 0.696304 0.0450954 -0.697013 -0.717059 2.45818e-11 0.0323361 -0.0314321 0.998983 0 0 0 
-1 20.1296 16.8187 9.16165 1 0 0 1 0 0.198672 0 0 0 0 0 0 0 -0.716619 0.696585 0.0350204 -0.683674 -0.691628 -0.232895 -0.13801 -0.19084 0.971871 0 0 0 
-1 20.126 16.8222 9.1618 1 0 0 1 0 0.193086 0 0 0 0 0 0 0 -0.714396 0.699456 0.0199714 -0.698509 -0.711155 -0.0796451 -0.0415055 -0.0708484 0.996623 0 0 0 
-1 20.1224 16.8257 9.16185 1 0 0 1 0 0.193438 0 0 0 0 0 0 0 -0.711809 0.701934 -0.0248412 -0.659594 -0.680192 -0.319803 -0.241377 -0.211254 0.947158 0 0 0 
-1 20.1189 16.8293 9.16155 1 0 0 1 0 0.193438 0 0 0 0 0 0 0 -0.709184 0.704155 -0.0349791 -0.679392 -0.695817 -0.23295 -0.188372 -0.14144 0.97186 0 0 0 
-1 20.1153 16.8328 9.1615 1 0 0 1 0 0.193438 0 0 0 0 0 0 0 -0.711995 0.701898 -0.0200411 -0.62775 -0.64905 -0.429725 -0.314631 -0.293382 0.902737 0 0 0 
-1 20.1117 16.8363 9.16135 1 0 0 1 0 0.193438 0 0 0 0 0 0 0 -0.706673 0.706673 -0.0350277 -0.707107 -0.707107 0 -0.0247683 0.0247683 0.999386 0 0 0 
-1 20.1082 16.8398 9.16115 1 0 0 1 0 0.193438 0 0 0 0 0 0 0 -0.706537 0.706537 -0.0401441 -0.695054 -0.682151 0.227088 0.133062 0.188348 0.973046 0 0 0 
-1 20.1047 16.8433 9.16095 1 0 0 1 0 0.190469 0 0 0 0 0 0 0 -0.708473 0.7036 -0.0548903 -0.554299 -0.602903 -0.573813 -0.436828 -0.376105 0.817145 0 0 0 
-1 20.1012 16.8469 9.1606 1 0 0 1 0 0.190781 0 0 0 0 0 0 0 -0.703104 0.708126 -0.0648316 -0.567015 -0.613333 -0.549833 -0.429114 -0.349829 0.832755 0 0 0 
-1 20.0977 16.8504 9.1603 1 0 0 1 0 0.190781 0 0 0 0 0 0 0 -0.70039 0.710313 -0.0700695 -0.712063 -0.702116 2.5508e-11 -0.0491969 0.0498939 0.997542 0 0 0 
-1 20.0942 16.854 9.1599 1 0 0 1 0 0.190781 0 0 0 0 0 0 0 -0.699869 0.709784 -0.0799327 -0.711637 -0.70251 -0.00722475 -0.0612815 0.0518268 0.996774 0 0 0 
-1 20.0906 16.8575 9.1595 1 0 0 1 0 0.190781 0 0 0 0 0 0 0 -0.698873 0.708929 -0.0948438 -0.650517 -0.685137 -0.327742 -0.297327 -0.167352 0.939995 0 0 0 
-1 20.0872 16.861 9.15895 1 0 0 1 0 0.190781 0 0 0 0 0 0 0 -0.69559 0.710712 -0.105087 -0.653274 -0.686566 -0.319157 -0.298977 -0.153352 0.941858 0 0 0 
-1 20.0837 16.8646 9.15845 1 0 0 1 0 0.18914 0 0 0 0 0 0 0 -0.692287 0.712342 -0.115356 -0.710588 -0.700783 -0.0629884 -0.125709 0.0383643 0.991325 0 0 0 
-1 20.0802 16.8682 9.1578 1 0 0 1 0 0.1875 0 0 0 0 0 0 0 -0.6843 0.709142 -0.169856 -0.240908 -3.42407e-11 0.970548 0.688256 0.705066 0.170838 0 0 0 
-1 20.0768 16.8717 9.15675 1 0 0 1 0 0.1875 0 0 0 0 0 0 0 -0.681864 0.711629 -0.169251 0.674605 0.701234 0.230605 0.28279 0.0430634 -0.958215 0 0 0 
-1 20.0734 16.8753 9.1561 1 0 0 1 0 0.1875 0 0 0 0 0 0 0 -0.672635 0.712631 -0.199296 0.703837 0.699283 0.124966 0.228419 -0.0562159 -0.971939 0 0 0 
-1 20.0701 16.8788 9.15475 1 0 0 1 0 0.1875 0 0 0 0 0 0 0 -0.658991 0.708438 -0.252679 0.69986 0.700612 0.139063 0.275547 -0.0851984 -0.957505 0 0 0 
-1 20.0667 16.8825 9.15355 1 0 0 1 0 0.1875 0 0 0 0 0 0 0 -0.086345 0.276246 -0.957201 0.982398 0.183357 -0.0357015 0.165647 -0.943434 -0.287215 0 0 0 
-1 20.0679 16.8861 9.1298 1 0 0 1 0 0.1875 0 0 0 0 0 0 0 -0.0872018 0.281128 -0.9557 0.712436 0.68815 0.137421 0.696298 -0.668892 -0.260294 0 0 0 
-1 20.0645 16.8897 9.1289 1 0 0 1 0 0.1875 0 0 0 0 0 0 0 -0.651765 0.721466 -0.233858 0.715638 0.482932 -0.504618 -0.251127 -0.496249 -0.831067 0 0 0 
-1 20.0613 16.8933 9.12745 1 0 0 1 0 0.1875 0 0 0 0 0 0 0 -0.653434 0.718123 -0.239425 0.616399 0.68836 0.382377 0.439404 0.102277 -0.892448 0 0 0 
-1 20.0579 16.8969 9.1265 1 0 0 1 0 0.1875 0 0 0 0 0 0 0 -0.665169 0.715068 -0.215009 0.401025 0.585006 0.704945 0.629865 0.382683 -0.675888 0 0 0 
-1 20.0546 16.9004 9.1253 1 0 0 1 0 0.1875 0 0 0 0 0 0 0 -0.655559 0.720778 -0.225215 0.754494 0.637561 -0.15574 0.0313339 -0.27202 -0.961781 0 0 0 
-1 20.0514 16.9041 9.12425 1 0 0 1 0 0.1875 0 0 0 0 0 0 0 -0.656065 0.726226 -0.205364 0.536926 0.640363 0.549222 0.530367 0.25006 -0.81005 0 0 0 
-1 20.0481 16.9077 9.12325 1 0 0 1 0 0.1875 0 0 0 0 0 0 0 -0.663153 0.72279 -0.194428 0.683226 0.690637 0.237113 0.305662 0.0244044 -0.951827 0 0 0 
-1 20.0448 16.9114 9.1223 1 0 0 1 0 0.1875 0 0 0 0 0 0 0 -0.658263 0.723085 -0.209378 0.735312 0.677193 0.0269362 0.161267 -0.136227 -0.977464 0 0 0 
-1 20.0415 16.915 9.12115 1 0 0 1 0 0.1875 0 0 0 0 0 0 0 -0.655559 0.720778 -0.225215 0.751386 0.59289 -0.289656 -0.0752505 -0.35911 -0.930257 0 0 0 
-1 20.0382 16.9186 9.12005 1 0 0 1 0 0.1875 0 0 0 0 0 0 0 -0.654687 0.724702 -0.214924 0.652351 0.685322 0.323686 0.381868 0.0717069 -0.921431 0 0 0 
-1 20.035 16.9222 9.119 1 0 0 1 0 0.1875 0 0 0 0 0 0 0 -0.646032 0.726117 -0.235365 0.749647 0.54547 -0.374823 -0.143781 -0.418589 -0.896722 0 0 0 
-1 20.0317 16.9258 9.1177 1 0 0 1 0 0.1875 0 0 0 0 0 0 0 -0.647398 0.722016 -0.244066 0.719425 0.684638 0.117038 0.2516 -0.0998174 -0.96267 0 0 0 
-1 20.0285 16.9294 9.11655 1 0 0 1 0 0.1875 0 0 0 0 0 0 0 -0.654702 0.724702 -0.214879 0.686994 0.689054 0.230746 0.315285 0.0034494 -0.948991 0 0 0 
-1 20.0252 16.9331 9.11555 1 0 0 1 0 0.1875 0 0 0 0 0 0 0 -0.644412 0.724449 -0.244761 0.705607 0.686707 0.174794 0.294708 -0.0600656 -0.953698 0 0 0 
-1 20.022 16.9367 9.1141 1 0 0 1 0 0.1875 0 0 0 0 0 0 0 -0.631795 0.721379 -0.283632 0.710861 0.685115 0.15904 0.309049 -0.101142 -0.945653 0 0 0 
-1 20.0189 16.9403 9.1127 1 0 0 1 0 0.1875 0 0 0 0 0 0 0 -0.645258 0.725248 -0.240121 0.698737 0.687337 0.198331 0.308883 -0.0398064 -0.950267 0 0 0 
-1 20.0156 16.944 9.1117 1 0 0 1 0 0.1875 0 0 0 0 0 0 0 -0.633658 0.723332 -0.274352 0.686923 0.689198 0.230527 0.35583 -0.0423834 -0.933589 0 0 0 
-1 20.0125 16.9475 9.10995 1 0 0 1 0 0.1875 0 0 0 0 0 0 0 -0.616191 0.720532 -0.318029 0.711958 0.682251 0.16628 0.336786 -0.123963 -0.933385 0 0 0 
-1 20.0093 16.9512 9.1085 1 0 0 1 0 0.1875 0 0 0 0 0 0 0 -0.637579 0.727272 -0.254104 0.649535 0.684837 0.330307 0.414243 0.0455472 -0.909026 0 0 0 
-1 20.0061 16.9548 9.1074 1 0 0 1 0 0.1875 0 0 0 0 0 0 0 -0.63298 0.727729 -0.264096 0.609976 0.678883 0.408715 0.476724 0.0976158 -0.873616 0 0 0 
-1 20.003 16.9585 9.10585 1 0 0 1 0 0.1875 0 0 0 0 0 0 0 -0.624339 0.729361 -0.279703 0.68285 0.683475 0.258026 0.379364 -0.0298993 -0.924764 0 0 0 
-1 19.9999 16.9622 9.1046 1 0 0 1 0 0.1875 0 0 0 0 0 0 0 -0.639947 0.729972 -0.240018 0.720446 0.67861 0.142989 0.267257 -0.0814146 -0.96018 0 0 0 
-1 19.9966 16.9658 9.10345 1 0 0 1 0 0.1875 0 0 0 0 0 0 0 -0.625698 0.724955 -0.287997 0.703841 0.683848 0.19225 0.336319 -0.0824132 -0.938135 0 0 0 
-1 19.9935 16.9694 9.1017 1 0 0 1 0 0.1875 0 0 0 0 0 0 0 -0.583624 0.710974 -0.3923 0.724601 0.674043 0.143595 0.366519 -0.200456 -0.90856 0 0 0 
-1 19.9907 16.973 9.09945 1 0 0 1 0 0.1875 0 0 0 0 0 0 0 -0.600803 0.719903 -0.347526 0.704268 0.682353 0.195961 0.378209 -0.127018 -0.916965 0 0 0 
-1 19.9875 16.9767 9.0982 1 0 0 1 0 0.1875 0 0 0 0 0 0 0 -0.633779 0.728671 -0.259543 0.651675 0.683756 0.328325 0.416705 0.0389476 -0.908207 0 0 0 
-1 19.9843 16.9804 9.09685 1 0 0 1 0 0.1875 0 0 0 0 0 0 0 -0.638385 0.728191 -0.249403 0.766992 0.629048 -0.126577 0.0647141 -0.272094 -0.960092 0 0 0 
-1 19.9811 16.984 9.0957 1 0 0 1 0 0.1875 0 0 0 0 0 0 0 -0.639823 0.734865 -0.224945 0.750482 0.660488 0.0230917 0.165543 -0.154042 -0.974098 0 0 0 
-1 19.9779 16.9877 9.0946 1 0 0 1 0 0.1875 0 0 0 0 0 0 0 -0.640619 0.735605 -0.220208 0.163927 -0.149152 -0.975132 -0.750156 -0.660786 -0.0250357 0 0 0 
-1 19.9747 16.9914 9.0935 1 0 0 1 0 0.1875 0 0 0 0 0 0 0 -0.635271 0.740284 -0.220025 0.75531 0.654968 0.0228882 0.161053 -0.151647 -0.975226 0 0 0 
-1 19.9715 16.9951 9.0924 1 0 0 1 0 0.1875 0 0 0 0 0 0 0 -0.634469 0.739527 -0.224832 0.751689 0.65809 0.0433778 0.180038 -0.141481 -0.973432 0 0 0 
-1 19.9683 16.9988 9.09125 1 0 0 1 0 0.1875 0 0 0 0 0 0 0 -0.635332 0.740203 -0.220122 -0.163994 0.14922 0.97511 0.754625 0.655617 0.0265848 0 0 0 
-1 19.9652 17.0025 9.0902 1 0 0 1 0 0.1875 0 0 0 0 0 0 0 -0.629956 0.74484 -0.219928 0.408285 0.558512 0.722058 0.66065 0.365071 -0.655946 0 0 0 
-1 19.962 17.0062 9.08905 1 0 0 1 0 0.1875 0 0 0 0 0 0 0 -0.583311 0.768059 -0.264263 0.227267 0.466682 0.854726 0.779807 0.438513 -0.446775 0 0 0 
-1 19.9594 17.0102 9.08755 1 0 0 1 0 0.1875 0 0 0 0 0 0 0 -0.526491 0.797246 -0.295307 0.566915 0.588064 0.576878 0.633573 0.136308 -0.761581 0 0 0 
-1 19.9567 17.0143 9.08605 1 0 0 1 0 0.1875 0 0 0 0 0 0 0 -0.549354 0.791716 -0.267202 0.377503 0.520438 0.765922 0.745454 0.319892 -0.584779 0 0 0 
-1 19.9538 17.0182 9.08485 1 0 0 1 0 0.1875 0 0 0 0 0 0 0 -0.595039 0.770087 -0.229988 0.753888 0.435645 -0.4918 -0.278535 -0.466025 -0.839785 0 0 0 
-1 19.9508 17.022 9.08375 1 0 0 1 0 0.1875 0 0 0 0 0 0 0 -0.609119 0.743988 -0.27469 0.577438 0.178626 -0.796654 -0.543634 -0.643874 -0.538412 0 0 0 
-1 19.9477 17.0257 9.0821 1 0 0 1 0 0.1875 0 0 0 0 0 0 0 -0.588279 0.767638 -0.254282 0.766713 0.62943 0.12637 0.257059 -0.12062 -0.958838 0 0 0 
-1 19.9449 17.0297 9.0812 1 0 0 1 0 0.1875 0 0 0 0 0 0 0 -0.597304 0.771543 -0.218976 0.587814 0.606891 0.534937 0.545621 0.190803 -0.816022 0 0 0 
-1 19.9417 17.0334 9.0799 1 0 0 1 0 0.1875 0 0 0 0 0 0 0 -0.493142 0.792982 -0.357757 -0.478516 0.096184 0.872795 0.726521 0.601604 0.332022 0 0 0 
-1 19.9398 17.0379 9.0775 1 0 0 1 0 0.1875 0 0 0 0 0 0 0 -0.484759 0.799845 -0.353917 0.70152 0.597222 0.388839 0.522377 -0.0597869 -0.850616 0 0 0 
-1 19.9367 17.0417 9.07625 1 0 0 1 0 0.1875 0 0 0 0 0 0 0 -0.551955 0.800471 -0.233648 0.387462 0.494305 0.778162 0.738389 0.338981 -0.582987 0 0 0 
-1 19.9342 17.0459 9.07515 1 0 0 1 0 0.1875 0 0 0 0 0 0 0 -0.559465 0.796969 -0.227684 0.0842101 0.32793 0.940941 0.824565 0.50725 -0.250578 0 0 0 
-1 19.931 17.0497 9.07395 1 0 0 1 0 0.1875 0 0 0 0 0 0 0 -0.629495 0.749508 -0.204876 -0.745644 -0.508557 0.430562 0.218519 0.423801 0.879001 0 0 0 
-1 19.9279 17.0534 9.0731 1 0 0 1 0 0.1875 0 0 0 0 0 0 0 -0.620402 0.765615 -0.170103 -0.119735 0.121886 0.985296 0.77509 0.631646 0.0160524 0 0 0 
-1 19.9249 17.0574 9.07225 1 0 0 1 0 0.1875 0 0 0 0 0 0 0 -0.581773 0.795575 -0.169115 -0.299744 -0.0164258 0.953878 0.756104 0.605632 0.248025 0 0 0 
-1 19.9221 17.0615 9.0714 1 0 0 1 0 0.1875 0 0 0 0 0 0 0 -0.597979 0.7823 -0.174436 -0.764376 -0.491127 0.41776 0.241143 0.383146 0.891655 0 0 0 
-1 19.9188 17.0652 9.0705 1 0 0 1 0 0.1875 0 0 0 0 0 0 0 -0.601838 0.775938 -0.188975 -0.14078 0.129844 0.981489 0.786112 0.617301 0.0310918 0 0 0 
-1 19.916 17.0693 9.0695 1 0 0 1 0 0.1875 0 0 0 0 0 0 0 -0.607281 0.771633 -0.189187 0.180957 0.366205 0.91277 0.773605 0.520073 -0.362022 0 0 0 
-1 19.9128 17.073 9.0686 1 0 0 1 0 0.1875 0 0 0 0 0 0 0 -0.656181 0.736274 -0.165306 -0.702031 -0.515304 0.491542 0.276727 0.438591 0.85502 0 0 0 
-1 19.9095 17.0766 9.06785 1 0 0 1 0 0.1875 0 0 0 0 0 0 0 -0.646062 0.751217 -0.135189 -0.569706 -0.356717 0.740397 0.507975 0.55536 0.658435 0 0 0 
-1 19.9063 17.0805 9.06725 1 0 0 1 0 0.1875 0 0 0 0 0 0 0 -0.634085 0.763919 -0.119853 0.094645 0.230503 0.968458 0.76745 0.602741 -0.218459 0 0 0 
-1 19.9031 17.0842 9.06665 1 0 0 1 0 0.1875 0 0 0 0 0 0 0 -0.650609 0.750643 -0.115078 0.754657 0.622133 -0.20843 -0.0848629 -0.222451 -0.971243 0 0 0 
-1 19.8998 17.0879 9.0661 1 0 0 1 0 0.1875 0 0 0 0 0 0 0 -0.649196 0.754043 -0.0998177 0.568366 0.393698 -0.72247 -0.505475 -0.525757 -0.68416 0 0 0 
-1 19.8966 17.0918 9.06565 1 0 0 1 0 0.1875 0 0 0 0 0 0 0 -0.634261 0.768976 -0.0799303 0.0567774 -0.0567774 -0.996771 -0.771032 -0.636751 -0.00764881 0 0 0 
-1 19.8934 17.0956 9.0653 1 0 0 1 0 0.1875 0 0 0 0 0 0 0 -0.65036 0.755394 -0.0800736 -0.161531 -0.240527 -0.957107 -0.742253 -0.60953 0.278449 0 0 0 
-1 19.8901 17.0993 9.06485 1 0 0 1 0 0.1875 0 0 0 0 0 0 0 -0.677413 0.732293 -0.0697024 -0.733896 -0.679251 -0.00373484 -0.0500804 0.0486243 0.997561 0 0 0 
-1 19.8867 17.103 9.0646 1 0 0 1 0 0.1875 0 0 0 0 0 0 0 -0.678606 0.733418 -0.0398911 -0.729974 -0.667406 0.147334 0.0814341 0.129101 0.988282 0 0 0 
-1 19.8833 17.1067 9.06445 1 0 0 1 0 0.1875 0 0 0 0 0 0 0 -0.676347 0.736429 -0.0150588 -0.736558 -0.676351 0.00562258 -0.0060444 0.0148945 0.999871 0 0 0 
-1 19.8799 17.1103 9.06445 1 0 0 1 0 0.1875 0 0 0 0 0 0 0 -0.676332 0.73658 0.00496966 -0.59948 -0.546501 -0.584774 -0.428017 -0.398481 0.811181 0 0 0 
-1 19.8766 17.114 9.0645 1 0 0 1 0 0.1875 0 0 0 0 0 0 0 -0.684129 0.729088 0.0199646 -0.677426 -0.625033 -0.387849 -0.270297 -0.278863 0.921507 0 0 0 
-1 19.8731 17.1176 9.06465 1 0 0 1 0 0.1875 0 0 0 0 0 0 0 -0.691248 0.721209 0.0450947 -0.712586 -0.690685 0.123186 0.119989 0.0530181 0.991359 0 0 0 
-1 19.8696 17.1213 9.06495 1 0 0 1 0 0.1875 0 0 0 0 0 0 0 -0.687275 0.722489 0.0752497 -0.617397 -0.526423 -0.58455 -0.382718 -0.448206 0.80786 0 0 0 
-1 19.8662 17.1249 9.0654 1 0 0 1 0 0.1875 0 0 0 0 0 0 0 -0.69861 0.708507 0.0998122 -0.683896 -0.620215 -0.384213 -0.210313 -0.336676 0.917833 0 0 0 
-1 19.8626 17.1283 9.06595 1 0 0 1 0 0.1875 0 0 0 0 0 0 0 -0.704087 0.699058 0.124815 -0.706542 -0.672035 -0.221737 -0.0711269 -0.24431 0.967085 0 0 0 
-1 19.8591 17.1318 9.06665 1 0 0 1 0 0.1875 0 0 0 0 0 0 0 -0.70598 0.691005 0.155255 -0.707613 -0.679044 -0.195405 -0.0296012 -0.247812 0.968356 0 0 0 
-1 19.8556 17.1353 9.0675 1 0 0 1 0 0.1875 0 0 0 0 0 0 0 -0.70659 0.681513 0.190448 -0.707406 -0.686974 -0.166264 0.0175217 -0.252204 0.967515 0 0 0 
-1 19.8521 17.1387 9.06855 1 0 0 1 0 0.1875 0 0 0 0 0 0 0 -0.68697 0.612919 0.390389 -0.711246 -0.677262 -0.18827 0.149001 -0.406998 0.901194 0 0 0 
-1 19.8486 17.1415 9.07145 1 0 0 1 0 0.1875 0 0 0 0 0 0 0 -0.143228 -0.122587 0.982068 -0.726313 -0.661029 -0.188441 0.672276 -0.740279 0.00564164 0 0 0 
-1 19.8472 17.1345 9.1018 1 0 0 1 0 0.1875 0 0 0 0 0 0 0 -0.0913278 -0.178914 0.979617 -0.709813 -0.678267 -0.190051 0.698444 -0.712702 -0.0650508 0 0 0 
-1 19.845 17.1343 9.1106 1 0 0 1 0 0.1875 0 0 0 0 0 0 0 -0.315603 0.0650268 0.946661 -0.672559 -0.719097 -0.174826 0.669372 -0.691861 0.270683 0 0 0 
-1 19.8424 17.1355 9.11635 1 0 0 1 0 0.1875 0 0 0 0 0 0 0 -0.480156 0.244256 0.84249 -0.624619 -0.769542 -0.132879 0.615875 -0.590038 0.522067 0 0 0 
-1 19.8393 17.1372 9.1206 1 0 0 1 0 0.1875 0 0 0 0 0 0 0 -0.599577 0.36355 0.712979 -0.534422 -0.845014 -0.0185447 0.595736 -0.392151 0.70094 0 0 0 
-1 19.8361 17.1393 9.1239 1 0 0 1 0 0.1875 0 0 0 0 0 0 0 -0.549083 0.330416 0.76768 -0.719183 -0.654734 -0.232593 0.425774 -0.679816 0.597133 0 0 0 
-1 19.8334 17.1408 9.12885 1 0 0 1 0 0.1875 0 0 0 0 0 0 0 -0.30496 -0.00334546 0.952359 -0.889548 -0.356164 -0.286098 0.340153 -0.934417 0.10564 0 0 0 
-1 19.8316 17.1393 9.1378 1 0 0 1 0 0.1875 0 0 0 0 0 0 0 -0.348402 0.123813 0.929132 -0.802206 -0.552114 -0.227235 0.484852 -0.824525 0.291681 0 0 0 
-1 19.8289 17.1423 9.14085 1 0 0 1 0 0.1875 0 0 0 0 0 0 0 -0.441903 0.293134 0.847817 -0.830185 -0.49171 -0.262703 0.339874 -0.819935 0.460644 0 0 0 
-1 19.8267 17.1426 9.1472 1 0 0 1 0 0.1875 0 0 0 0 0 0 0 -0.253049 -0.0875177 0.963487 -0.453381 -0.869043 -0.198014 0.854641 -0.486934 0.180232 0 0 0 
-1 19.825 17.141 9.1557 1 0 0 1 0 0.1875 0 0 0 0 0 0 0 -0.109742 -0.166042 0.979993 -0.833323 -0.522046 -0.181769 0.541783 -0.836599 -0.0810768 0 0 0 
-1 19.8246 17.1395 9.1655 1 0 0 1 0 0.1875 0 0 0 0 0 0 0 -0.151709 -0.100213 0.983332 -0.925199 -0.335701 -0.176952 0.347838 -0.936623 -0.0417884 0 0 0 
-1 19.8225 17.1393 9.1719 1 0 0 1 0 0.1875 0 0 0 0 0 0 0 -0.183091 -0.0135508 0.983003 -0.035773 -0.999151 -0.0204364 0.982445 -0.0389067 0.182451 0 0 0 
-1 19.8219 17.1392 9.18 1 0 0 1 0 0.1875 0 0 0 0 0 0 0 -0.119314 -0.0160331 0.992727 -0.964583 -0.235045 -0.119728 0.235255 -0.971852 0.0125788 0 0 0 
-1 19.8207 17.1391 9.1873 1 0 0 1 0 0.1875 0 0 0 0 0 0 0 -0.087852 -0.141722 0.986 -0.82754 -0.540597 -0.151436 0.554491 -0.829258 -0.0697879 0 0 0 
-1 19.8204 17.1367 9.1974 1 0 0 1 0 0.1875 0 0 0 0 0 0 0 0.10871 -0.418941 0.901482 -0.798483 0.50337 0.330218 -0.592121 -0.755716 -0.279796 0 0 0 
-1 19.8247 17.1233 9.2213 1 0 0 1 0 0.1875 0 0 0 0 0 0 0 0.16238 -0.348108 0.923284 -0.981007 -0.157571 0.113123 0.106104 -0.924117 -0.367083 0 0 0 
-1 19.8263 17.1241 9.23095 1 0 0 1 0 0.1875 0 0 0 0 0 0 0 0.101983 0.077097 0.991794 -0.79002 0.612157 0.0336495 -0.604539 -0.786969 0.123338 0 0 0 
-1 19.8266 17.1247 9.2393 1 0 0 1 0 0.1875 0 0 0 0 0 0 0 -0.00569474 -0.0622107 0.998047 0.382965 0.921835 0.0596454 -0.923745 0.382557 0.0185749 0 0 0 
-1 19.8262 17.123 9.2486 1 0 0 1 0 0.1875 0 0 0 0 0 0 0 -0.138165 -0.00668208 0.990387 0.250418 0.96725 0.0414608 -0.958228 0.253739 -0.131967 0 0 0 
-1 19.8246 17.1246 9.254 1 0 0 1 0 0.1875 0 0 0 0 0 0 0 -0.190505 0.00724269 0.98166 -0.513041 0.851813 -0.105847 -0.836957 -0.523796 -0.158559 0 0 0 
-1 19.8236 17.1231 9.26225 1 0 0 1 0 0.1875 0 0 0 0 0 0 0 -0.254541 -0.0332108 0.966491 -0.852458 -0.464213 -0.24046 0.456644 -0.885101 0.0898505 0 0 0 
-1 19.8211 17.1241 9.2671 1 0 0 1 0 0.1875 0 0 0 0 0 0 0 -0.301207 0.060168 0.951658 -0.717187 -0.672011 -0.184508 0.628424 -0.738093 0.245566 0 0 0 
-1 19.8198 17.1238 9.2741 1 0 0 1 0 0.1875 0 0 0 0 0 0 0 -0.190336 -0.0658042 0.979511 -0.791638 -0.57978 -0.192779 0.580587 -0.812111 0.0582598 0 0 0 
-1 19.8183 17.1232 9.28125 1 0 0 1 0 0.1875 0 0 0 0 0 0 0 -0.329565 0.139511 0.933768 -0.613256 -0.783609 -0.099367 0.717847 -0.605387 0.343806 0 0 0 
-1 19.8159 17.1255 9.28515 1 0 0 1 0 0.1875 0 0 0 0 0 0 0 -0.216324 0.0456273 0.975255 -0.882731 -0.435911 -0.175407 0.417121 -0.898832 0.134575 0 0 0 
-1 19.8155 17.1238 9.2941 1 0 0 1 0 0.1875 0 0 0 0 0 0 0 -0.094609 -0.200771 0.975059 0.355191 -0.921797 -0.15534 0.929994 0.331636 0.158522 0 0 0 
-1 19.8143 17.122 9.30215 1 0 0 1 0 0.1875 0 0 0 0 0 0 0 -0.0359009 -0.179504 0.983102 -0.742372 -0.653778 -0.146483 0.669025 -0.735086 -0.109788 0 0 0 
-1 19.8148 17.1206 9.3119 1 0 0 1 0 0.1875 0 0 0 0 0 0 0 -0.0892995 -0.120131 0.988734 -0.673732 -0.72384 -0.148796 0.73356 -0.679429 -0.0162978 0 0 0 
-1 19.8128 17.1201 9.3182 1 0 0 1 0 0.1875 0 0 0 0 0 0 0 -0.366975 0.152951 0.91757 -0.565583 -0.819816 -0.0895445 0.738543 -0.551823 0.387358 0 0 0 
-1 19.8106 17.1223 9.3224 1 0 0 1 0 0.1875 0 0 0 0 0 0 0 -0.131777 -0.0173446 0.991128 -0.991121 0.0201931 -0.131422 -0.0177344 -0.999646 -0.0198516 0 0 0 
-1 19.8109 17.1198 9.3325 1 0 0 1 0 0.1875 0 0 0 0 0 0 0 -0.13296 -0.142423 0.980835 -0.747543 -0.635375 -0.193596 0.65077 -0.758956 -0.0219876 0 0 0 
-1 19.8085 17.1201 9.3379 1 0 0 1 0 0.1875 0 0 0 0 0 0 0 -0.42227 0.229628 0.876903 -0.747496 -0.635442 -0.193555 0.512775 -0.737214 0.439974 0 0 0 
-1 19.8063 17.1223 9.34205 1 0 0 1 0 0.1875 0 0 0 0 0 0 0 -0.505145 0.35455 0.786843 0.148391 -0.862458 0.483887 0.850182 0.361194 0.383054 0 0 0 
-1 19.8033 17.1237 9.346 1 0 0 1 0 0.1875 0 0 0 0 0 0 0 -0.581049 0.3199 0.748362 -0.769296 -0.516003 -0.376729 0.265641 -0.79461 0.545921 0 0 0 
-1 19.8004 17.1255 9.34965 1 0 0 1 0 0.1875 0 0 0 0 0 0 0 -0.548478 0.230992 0.803626 -0.835419 -0.191976 -0.514995 0.0353171 -0.953828 0.29827 0 0 0 
-1 19.7976 17.1261 9.35435 1 0 0 1 0 0.1875 0 0 0 0 0 0 0 -0.54617 0.185245 0.816935 -0.728913 -0.585665 -0.354518 0.412777 -0.789101 0.4549 0 0 0 
-1 19.7947 17.1275 9.35825 1 0 0 1 0 0.1875 0 0 0 0 0 0 0 -0.594603 0.28493 0.751839 -0.796428 -0.336922 -0.502181 0.110225 -0.897384 0.427261 0 0 0 
-1 19.7916 17.129 9.362 1 0 0 1 0 0.1875 0 0 0 0 0 0 0 -0.590439 0.253747 0.766156 -0.619865 -0.75051 -0.229134 0.516865 -0.610203 0.600419 0 0 0 
-1 19.7886 17.1301 9.3661 1 0 0 1 0 0.1875 0 0 0 0 0 0 0 -0.624683 0.295231 0.722918 -0.666849 -0.683385 -0.297147 0.406305 -0.6677 0.623774 0 0 0 
-1 19.7852 17.132 9.36935 1 0 0 1 0 0.1875 0 0 0 0 0 0 0 -0.641268 0.323137 0.695958 -0.584973 -0.792847 -0.170881 0.496571 -0.516697 0.697454 0 0 0 
-1 19.7822 17.1334 9.3731 1 0 0 1 0 0.1875 0 0 0 0 0 0 0 -0.622136 0.303474 0.721699 -0.712983 -0.600422 -0.362145 0.323423 -0.739863 0.589916 0 0 0 
-1 19.779 17.135 9.3766 1 0 0 1 0 0.1875 0 0 0 0 0 0 0 -0.60034 0.255873 0.757708 -0.312739 -0.947103 0.0720436 0.736061 -0.193714 0.648605 0 0 0 
-1 19.7761 17.136 9.3808 1 0 0 1 0 0.1875 0 0 0 0 0 0 0 -0.620772 0.261211 0.739196 -0.684945 -0.639431 -0.349255 0.381436 -0.723116 0.575856 0 0 0 
-1 19.7727 17.1377 9.3841 1 0 0 1 0 0.1875 0 0 0 0 0 0 0 -0.667519 0.358615 0.652545 -0.659412 -0.691746 -0.294386 0.345824 -0.626804 0.698228 0 0 0 
-1 19.7694 17.1395 9.38735 1 0 0 1 0 0.1875 0 0 0 0 0 0 0 -0.653854 0.334466 0.67868 -0.730127 -0.514205 -0.450009 0.198468 -0.789763 0.580418 0 0 0 
-1 19.7661 17.1411 9.3909 1 0 0 1 0 0.1875 0 0 0 0 0 0 0 -0.641339 0.288428 0.710981 -0.665874 -0.6696 -0.32901 0.381177 -0.684431 0.621497 0 0 0 
-1 19.7629 17.1425 9.3945 1 0 0 1 0 0.1875 0 0 0 0 0 0 0 -0.646928 0.298559 0.701674 -0.584179 -0.785469 -0.204387 0.490122 -0.542127 0.682554 0 0 0 
-1 19.7596 17.1441 9.39795 1 0 0 1 0 0.1875 0 0 0 0 0 0 0 -0.642713 0.293911 0.707486 0.247668 -0.794181 0.554921 0.724969 0.531876 0.437638 0 0 0 
-1 19.7565 17.1454 9.4016 1 0 0 1 0 0.1875 0 0 0 0 0 0 0 -0.64884 0.289389 0.703748 -0.661843 -0.67098 -0.33429 0.375461 -0.682671 0.626888 0 0 0 
-1 19.7531 17.1469 9.405 1 0 0 1 0 0.1875 0 0 0 0 0 0 0 -0.633637 0.262429 0.727761 -0.00508024 -0.942099 0.335296 0.773614 0.208759 0.598282 0 0 0 
-1 19.75 17.1481 9.40895 1 0 0 1 0 0.1875 0 0 0 0 0 0 0 -0.636641 0.261615 0.725428 0.64351 -0.338146 0.686697 0.424951 0.903999 0.0469261 0 0 0 
-1 19.7467 17.1496 9.41235 1 0 0 1 0 0.1875 0 0 0 0 0 0 0 -0.640554 0.253221 0.724961 0.568482 0.791048 0.22599 -0.516254 0.556886 -0.650661 0 0 0 
-1 19.7436 17.1506 9.41625 1 0 0 1 0 0.1875 0 0 0 0 0 0 0 -0.644952 0.257981 0.719363 0.646628 0.685916 0.333754 -0.407321 0.680416 -0.6092 0 0 0 
-1 19.7402 17.1522 9.4196 1 0 0 1 0 0.1875 0 0 0 0 0 0 0 -0.679906 0.319893 0.659846 0.229651 0.947454 -0.222692 -0.696411 0.000124738 -0.717643 0 0 0 
-1 19.7368 17.1538 9.42285 1 0 0 1 0 0.1875 0 0 0 0 0 0 0 -0.684772 0.319886 0.654797 0.401176 0.915581 -0.0277449 -0.608395 0.24369 -0.755295 0 0 0 
-1 19.7333 17.1554 9.42615 1 0 0 1 0 0.1875 0 0 0 0 0 0 0 -0.682485 0.318969 0.657627 -0.349976 0.647283 -0.677157 -0.641663 -0.692303 -0.330129 0 0 0 
-1 19.7299 17.157 9.42945 1 0 0 1 0 0.1875 0 0 0 0 0 0 0 -0.685835 0.31534 0.65589 -0.195716 0.788126 -0.583569 -0.700947 -0.5286 -0.478807 0 0 0 
-1 19.7265 17.1586 9.4327 1 0 0 1 0 0.1875 0 0 0 0 0 0 0 -0.691881 0.31075 0.651717 0.0276786 0.913393 -0.406137 -0.721481 -0.26296 -0.64056 0 0 0 
-1 19.723 17.1601 9.43595 1 0 0 1 0 0.1875 0 0 0 0 0 0 0 -0.694466 0.309804 0.649414 0.71942 0.314371 0.619358 -0.0122775 0.897325 -0.441199 0 0 0 
-1 19.7195 17.1616 9.4392 1 0 0 1 0 0.1875 0 0 0 0 0 0 0 -0.694284 0.299662 0.654349 0.562638 0.79294 0.233845 -0.448785 0.530517 -0.719127 0 0 0 
-1 19.7161 17.1631 9.4425 1 0 0 1 0 0.1875 0 0 0 0 0 0 0 -0.690443 0.295141 0.66044 0.226215 0.955286 -0.190411 -0.687107 0.0179329 -0.726335 0 0 0 
-1 19.7127 17.1646 9.4458 1 0 0 1 0 0.1875 0 0 0 0 0 0 0 -0.695248 0.295259 0.655326 -0.213708 0.785586 -0.580676 -0.686264 -0.543762 -0.483078 0 0 0 
-1 19.7092 17.166 9.44905 1 0 0 1 0 0.1875 0 0 0 0 0 0 0 -0.701127 0.29057 0.651145 -0.020349 0.904675 -0.425617 -0.712746 -0.311662 -0.628379 0 0 0 
-1 19.7057 17.1675 9.4523 1 0 0 1 0 0.1875 0 0 0 0 0 0 0 -0.703821 0.289388 0.648761 -0.479808 0.479808 -0.734553 -0.523851 -0.828275 -0.198849 0 0 0 
-1 19.7021 17.1689 9.45555 1 0 0 1 0 0.1875 0 0 0 0 0 0 0 -0.707251 0.283934 0.647439 -0.677617 -0.0111414 -0.735331 -0.201572 -0.958779 0.200278 0 0 0 
-1 19.6986 17.1704 9.4588 1 0 0 1 0 0.1875 0 0 0 0 0 0 0 -0.708216 0.279299 0.648399 -0.345789 0.663487 -0.663487 -0.615516 -0.694102 -0.373314 0 0 0 
-1 19.695 17.1717 9.46205 1 0 0 1 0 0.1875 0 0 0 0 0 0 0 -0.711522 0.275556 0.646379 -0.672411 -4.89209e-11 -0.740178 -0.20396 -0.961285 0.185287 0 0 0 
-1 19.6915 17.1731 9.46525 1 0 0 1 0 0.1875 0 0 0 0 0 0 0 -0.712474 0.271025 0.647245 -0.681652 -0.0484215 -0.730073 -0.166528 -0.961354 0.219244 0 0 0 
-1 19.6879 17.1744 9.4685 1 0 0 1 0 0.1875 0 0 0 0 0 0 0 -0.713585 0.264511 0.648714 -0.672673 -0 -0.73994 -0.195722 -0.964383 0.177929 0 0 0 
-1 19.6843 17.1758 9.47175 1 0 0 1 0 0.1875 0 0 0 0 0 0 0 -0.714555 0.259686 0.649596 -0.672673 -4.89329e-11 -0.73994 -0.192152 -0.965693 0.174684 0 0 0 
-1 19.6807 17.177 9.475 1 0 0 1 0 0.1875 0 0 0 0 0 0 0 -0.715454 0.255127 0.650412 -0.486399 0.486399 -0.725831 -0.501539 -0.835659 -0.223903 0 0 0 
-1 19.6772 17.1783 9.47825 1 0 0 1 0 0.1875 0 0 0 0 0 0 0 -0.718708 0.249674 0.648939 -0.694241 -0.309466 -0.649815 0.0385826 -0.917548 0.39575 0 0 0 
-1 19.6735 17.1796 9.4815 1 0 0 1 0 0.1875 0 0 0 0 0 0 0 -0.718232 0.239411 0.653319 -0.69183 -0.345915 -0.633809 0.0742524 -0.907207 0.414079 0 0 0 
-1 19.6699 17.1807 9.4848 1 0 0 1 0 0.1875 0 0 0 0 0 0 0 -0.717491 0.230742 0.657241 -0.631867 -0.612719 -0.474679 0.293175 -0.755866 0.585419 0 0 0 
-1 19.6664 17.1819 9.48805 1 0 0 1 0 0.1875 0 0 0 0 0 0 0 -0.719015 0.234693 0.654169 0.104574 -0.894007 0.435679 0.687082 0.381669 0.618261 0 0 0 
-1 19.6628 17.1831 9.49135 1 0 0 1 0 0.1875 0 0 0 0 0 0 0 -0.723348 0.232273 0.650244 0.68685 0.338529 0.643145 -0.0707407 0.911837 -0.404411 0 0 0 
-1 19.6609 17.1836 9.49295 1 0 0 1 0 0.1875 0 0 0 0 0 0 0 -0.721546 0.211416 0.659298 0.68685 0.338529 0.643145 -0.0872204 0.916898 -0.389475 0 0 0 
-1 19.6598 17.1839 9.494 1 0 0 1 0 0.1875 0 0 0 0 0 0 0 -0.721546 0.211416 0.659298 0.68685 0.338529 0.643145 -0.0872204 0.916898 -0.389475 0 0 0 
ObjectType = Tube
NDims = 3
ID = 55
ParentID = 159
Color = 1 0.3 0.21 1
BinaryData = False
TransformMatrix = 1 0 0 0 1 0 0 0 1
Offset = 0 0 0
CenterOfRotation = 0 0 0
ElementSpacing = 1 1 1
Root = False
Artery = True
PointDim = id x y z red green blue alpha mark r rn mn bn cv lv ro in tx ty tz v1x v1y v1z v2x v2y v2z a1 a2 a3
NPoints = 673
Points = 
-1 20.2553 15.7103 11.591 1 0 0 1 0 0.175 0 0 0 0 0 0 0 -0.28419 0.8031 0.523705 0.942716 0.333596 0 -0.174706 0.493705 -0.8519 0 0 0 
-1 20.2538 15.7143 11.5936 1 0 0 1 0 0.175 0 0 0 0 0 0 0 -0.28419 0.8031 0.523705 0.58103 0.578758 -0.572226 -0.762653 0.141667 -0.631103 0 0 0 
-1 20.2525 15.7184 11.5963 1 0 0 1 0 0.175 0 0 0 0 0 0 0 -0.2736 0.801061 0.532396 0.870027 0.442125 -0.218127 -0.410118 0.403519 -0.817909 0 0 0 
-1 20.251 15.7224 11.599 1 0 0 1 0 0.175 0 0 0 0 0 0 0 -0.283531 0.810674 0.512268 0.275342 0.580517 -0.766282 -0.918584 -0.0762157 -0.387807 0 0 0 
-1 20.2496 15.7265 11.6014 1 0 0 1 0 0.175 0 0 0 0 0 0 0 -0.238098 0.813438 0.530687 0.934967 0.0440317 0.35199 0.262955 0.579983 -0.771021 0 0 0 
-1 20.2486 15.7306 11.6043 1 0 0 1 0 0.175 0 0 0 0 0 0 0 -0.215804 0.858129 0.46588 0.96897 0.247097 -0.00629525 -0.120519 0.450065 -0.884826 0 0 0 
-1 20.2474 15.7352 11.6061 1 0 0 1 0 0.1725 0 0 0 0 0 0 0 -0.23105 0.914506 0.332107 0.920525 0.0949457 0.378971 0.315039 0.393274 -0.863763 0 0 0 
-1 20.2463 15.7401 11.6077 1 0 0 1 0 0.1725 0 0 0 0 0 0 0 -0.0898256 0.995468 -0.0312126 0.989973 0.0926725 0.106612 0.109021 -0.0213231 -0.993811 0 0 0 
-1 20.2463 15.748 11.6058 1 0 0 1 0 0.1725 0 0 0 0 0 0 0 -0.0996744 0.993066 0.0623282 0.975171 0.0850449 0.204472 0.197753 0.0811612 -0.976886 0 0 0 
-1 20.2451 15.752 11.6085 1 0 0 1 0 0.1725 0 0 0 0 0 0 0 -0.187396 0.80889 0.557297 -0.114683 -0.581485 0.805434 0.975567 0.0870227 0.201734 0 0 0 
-1 20.2444 15.7562 11.6114 1 0 0 1 0 0.1725 0 0 0 0 0 0 0 -0.198262 0.807869 0.555013 -0.0636097 -0.575665 0.815208 0.978083 0.126321 0.165521 0 0 0 
-1 20.243 15.7602 11.6141 1 0 0 1 0 0.1725 0 0 0 0 0 0 0 -0.254705 0.799174 0.544469 0.064791 -0.54767 0.834182 0.964846 0.247747 0.0877151 0 0 0 
-1 20.2418 15.7642 11.6168 1 0 0 1 0 0.180625 0 0 0 0 0 0 0 -0.23339 0.804437 0.546269 -0.879453 -0.414296 0.234354 0.41484 -0.425722 0.804157 0 0 0 
-1 20.2407 15.7683 11.6196 1 0 0 1 0 0.180625 0 0 0 0 0 0 0 -0.238429 0.809566 0.536427 -0.414628 0.414628 -0.810042 -0.8782 -0.415555 0.23681 0 0 0 
-1 20.2394 15.7723 11.6223 1 0 0 1 0 0.180625 0 0 0 0 0 0 0 -0.249666 0.804174 0.539418 0.0512498 0.567252 -0.821948 -0.966975 -0.177567 -0.182837 0 0 0 
-1 20.2382 15.7764 11.625 1 0 0 1 0 0.180625 0 0 0 0 0 0 0 -0.274712 0.799287 0.534484 0.0547562 0.567973 -0.821224 -0.959966 -0.196334 -0.199795 0 0 0 
-1 20.2367 15.7803 11.6276 1 0 0 1 0 0.180625 0 0 0 0 0 0 0 -0.249839 0.804089 0.539464 0.566038 0.573306 -0.592386 -0.785609 0.157356 -0.598379 0 0 0 
-1 20.2357 15.7844 11.6304 1 0 0 1 0 0.180625 0 0 0 0 0 0 0 -0.244427 0.802987 0.543569 0.390769 0.594608 -0.702667 -0.887443 0.0406589 -0.459121 0 0 0 
-1 20.2342 15.7884 11.633 1 0 0 1 0 0.182187 0 0 0 0 0 0 0 -0.289543 0.804016 0.519349 0.945824 0.157055 0.284168 0.146909 0.573492 -0.805931 0 0 0 
-1 20.2328 15.7924 11.6356 1 0 0 1 0 0.182187 0 0 0 0 0 0 0 -0.285083 0.820586 0.495345 0.564697 -0.273792 0.77856 0.774497 0.501673 -0.385329 0 0 0 
-1 20.2313 15.7966 11.638 1 0 0 1 0 0.182187 0 0 0 0 0 0 0 -0.278272 0.824959 0.491942 0.918215 0.0781836 0.388288 0.28186 0.559759 -0.779246 0 0 0 
-1 20.23 15.8008 11.6406 1 0 0 1 0 0.182187 0 0 0 0 0 0 0 -0.210275 0.926991 0.310601 0.934045 0.0966733 0.343822 0.288693 0.362413 -0.886179 0 0 0 
-1 20.2292 15.8063 11.6412 1 0 0 1 0 0.182187 0 0 0 0 0 0 0 -0.127417 0.989521 0.067921 0.941129 0.0989991 0.323227 0.313115 0.105107 -0.943881 0 0 0 
-1 20.2285 15.8124 11.6413 1 0 0 1 0 0.182187 0 0 0 0 0 0 0 -0.162611 0.970845 0.176116 0.827745 0.037078 0.559878 0.537025 0.236822 -0.809641 0 0 0 
-1 20.2274 15.817 11.6432 1 0 0 1 0 0.187969 0 0 0 0 0 0 0 -0.135841 0.981374 0.135841 0.742129 0.00995862 0.670183 0.656348 0.19185 -0.729658 0 0 0 
-1 20.2269 15.8236 11.6429 1 0 0 1 0 0.187969 0 0 0 0 0 0 0 -0.0974331 0.990871 0.0931688 0.957918 0.0679706 0.278879 0.270001 0.11642 -0.955796 0 0 0 
-1 20.2262 15.8288 11.6443 1 0 0 1 0 0.187969 0 0 0 0 0 0 0 -0.161453 0.930889 0.327688 0.941237 0.0454358 0.334677 0.296658 0.362466 -0.883523 0 0 0 
-1 20.2253 15.8334 11.6463 1 0 0 1 0 0.187969 0 0 0 0 0 0 0 -0.195681 0.881014 0.430723 0.97737 0.211192 0.0120495 -0.0803495 0.423334 -0.902404 0 0 0 
-1 20.2242 15.8378 11.6487 1 0 0 1 0 0.187969 0 0 0 0 0 0 0 -0.188208 0.842175 0.50529 0.947452 0.0201844 0.319261 0.258675 0.538826 -0.80172 0 0 0 
-1 20.2234 15.8419 11.6515 1 0 0 1 0 0.187969 0 0 0 0 0 0 0 -0.148726 0.911384 0.383744 0.419925 -0.293127 0.858917 0.895289 0.288887 -0.339118 0 0 0 
-1 20.2227 15.8472 11.6527 1 0 0 1 0 0.187422 0 0 0 0 0 0 0 -0.204717 0.891419 0.404305 0.894169 0.0022825 0.447724 0.398187 0.453174 -0.797547 0 0 0 
-1 20.2212 15.851 11.6556 1 0 0 1 0 0.187266 0 0 0 0 0 0 0 -0.253859 0.826297 0.502782 0.929429 0.0644705 0.363324 0.267799 0.559533 -0.784351 0 0 0 
-1 20.2201 15.8555 11.6578 1 0 0 1 0 0.187266 0 0 0 0 0 0 0 -0.153039 0.963293 0.22056 0.881357 0.0320973 0.471359 0.446977 0.266528 -0.853917 0 0 0 
-1 20.2195 15.8617 11.658 1 0 0 1 0 0.187266 0 0 0 0 0 0 0 -0.191111 0.936642 0.293563 0.936794 0.0847471 0.339463 0.293077 0.339883 -0.893636 0 0 0 
-1 20.2181 15.8656 11.6609 1 0 0 1 0 0.187266 0 0 0 0 0 0 0 -0.246519 0.848369 0.468507 0.867718 -0.0220837 0.496566 0.431617 0.528945 -0.730701 0 0 0 
-1 20.2171 15.8704 11.6628 1 0 0 1 0 0.187266 0 0 0 0 0 0 0 -0.214028 0.885056 0.413362 -0.112573 -0.442697 0.889577 0.970319 0.143861 0.194383 0 0 0 
-1 20.2158 15.8747 11.6651 1 0 0 1 0 0.189571 0 0 0 0 0 0 0 -0.174229 0.890192 0.420955 0.967866 0.0760936 0.239675 0.181325 0.449186 -0.874844 0 0 0 
-1 20.2153 15.8795 11.6672 1 0 0 1 0 0.190156 0 0 0 0 0 0 0 -0.161723 0.918218 0.361553 0.854405 -0.0530462 0.516894 0.4938 0.392506 -0.775951 0 0 0 
-1 20.2141 15.8844 11.669 1 0 0 1 0 0.190156 0 0 0 0 0 0 0 -0.236223 0.846379 0.477327 0.930744 0.0559737 0.361363 0.279132 0.529631 -0.800984 0 0 0 
-1 20.2128 15.8882 11.672 1 0 0 1 0 0.190156 0 0 0 0 0 0 0 -0.279039 0.747398 0.602937 0.486993 -0.431005 0.759653 0.827632 0.505599 -0.243711 0 0 0 
-1 20.2113 15.8919 11.675 1 0 0 1 0 0.190156 0 0 0 0 0 0 0 -0.228877 0.776389 0.587227 0.922913 -0.018785 0.384549 0.309591 0.629974 -0.71224 0 0 0 
-1 20.2106 15.896 11.6779 1 0 0 1 0 0.190156 0 0 0 0 0 0 0 -0.19143 0.844208 0.500668 0.856016 -0.105966 0.505972 0.480199 0.525438 -0.70237 0 0 0 
-1 20.2094 15.9004 11.6801 1 0 0 1 0 0.188515 0 0 0 0 0 0 0 -0.217207 0.814449 0.538046 0.72036 0.505711 -0.474697 -0.658713 0.284479 -0.696541 0 0 0 
-1 20.2083 15.9042 11.6834 1 0 0 1 0 0.188359 0 0 0 0 0 0 0 -0.207437 0.810152 0.548292 0.94985 0.300874 -0.085208 -0.233998 0.50312 -0.831935 0 0 0 
-1 20.2073 15.9087 11.6856 1 0 0 1 0 0.188359 0 0 0 0 0 0 0 -0.230244 0.857285 0.460488 0.923261 0.341983 -0.175035 -0.307534 0.38485 -0.870238 0 0 0 
-1 20.206 15.913 11.6881 1 0 0 1 0 0.188359 0 0 0 0 0 0 0 -0.242079 0.871661 0.426151 0.812599 -0.0578554 0.579944 0.53017 0.486682 -0.694306 0 0 0 
-1 20.2048 15.9177 11.6901 1 0 0 1 0 0.188359 0 0 0 0 0 0 0 -0.263914 0.850671 0.454651 0.960303 0.187565 0.20649 0.090378 0.491098 -0.866403 0 0 0 
-1 20.2033 15.9217 11.6927 1 0 0 1 0 0.188359 0 0 0 0 0 0 0 -0.274431 0.768042 0.578619 0.961596 0.216316 0.16894 0.00458807 0.60276 -0.79791 0 0 0 
-1 20.202 15.9253 11.6959 1 0 0 1 0 0.18168 0 0 0 0 0 0 0 -0.274248 0.732546 0.623029 0.549507 0.651055 -0.523613 -0.789196 0.198759 -0.581089 0 0 0 
-1 20.2006 15.929 11.6989 1 0 0 1 0 0.181992 0 0 0 0 0 0 0 -0.310267 0.740914 0.595634 0.849043 0.497807 -0.176958 -0.427622 0.450814 -0.783521 0 0 0 
-1 20.1989 15.9327 11.7018 1 0 0 1 0 0.181992 0 0 0 0 0 0 0 -0.315493 0.746393 0.585971 0.789421 -0.13622 0.598547 0.526572 0.651415 -0.546242 0 0 0 
-1 20.1974 15.9365 11.7048 1 0 0 1 0 0.181992 0 0 0 0 0 0 0 -0.23532 0.833419 0.500037 -0.499554 -0.545039 0.673333 0.833709 -0.0913466 0.544597 0 0 0 
-1 20.1966 15.9413 11.7069 1 0 0 1 0 0.181992 0 0 0 0 0 0 0 -0.255569 0.835398 0.486616 -0.932849 -0.0808845 -0.35107 -0.253924 -0.543662 0.799972 0 0 0 
-1 20.1948 15.9449 11.7098 1 0 0 1 0 0.181992 0 0 0 0 0 0 0 -0.283554 0.765961 0.576975 -0.63366 -0.60126 0.486787 0.719772 -0.227576 0.655849 0 0 0 
-1 20.1937 15.9489 11.7127 1 0 0 1 0 0.183496 0 0 0 0 0 0 0 -0.263007 0.759192 0.595361 0.304467 -0.520242 0.797902 0.915493 0.391122 -0.0943219 0 0 0 
-1 20.1922 15.9526 11.7157 1 0 0 1 0 0.183281 0 0 0 0 0 0 0 -0.32526 0.730538 0.600434 0.927076 0.121202 0.35474 0.186377 0.67203 -0.716686 0 0 0 
-1 20.1904 15.9563 11.7187 1 0 0 1 0 0.183281 0 0 0 0 0 0 0 -0.319781 0.749511 0.579632 0.801821 -0.111857 0.587002 0.5048 0.652473 -0.565204 0 0 0 
-1 20.1889 15.9601 11.7215 1 0 0 1 0 0.183281 0 0 0 0 0 0 0 -0.313766 0.757204 0.572881 0.256632 -0.513265 0.818962 0.914161 0.403982 -0.033278 0 0 0 
-1 20.1873 15.9639 11.7245 1 0 0 1 0 0.183281 0 0 0 0 0 0 0 -0.354159 0.738465 0.573795 -0.0388249 -0.624644 0.779944 0.934379 0.253946 0.249894 0 0 0 
-1 20.1854 15.9675 11.7273 1 0 0 1 0 0.183281 0 0 0 0 0 0 0 -0.373976 0.73289 0.568343 -0.540861 -0.670158 0.50829 0.7534 -0.117306 0.647014 0 0 0 
-1 20.1835 15.9712 11.7302 1 0 0 1 0 0.186641 0 0 0 0 0 0 0 -0.34943 0.728715 0.588959 -0.349177 -0.684582 0.639862 0.869468 0.0179363 0.493664 0 0 0 
-1 20.1819 15.9748 11.7332 1 0 0 1 0 0.186797 0 0 0 0 0 0 0 -0.294317 0.728409 0.618706 0.0267978 -0.640836 0.76721 0.955332 0.242383 0.169089 0 0 0 
-1 20.1806 15.9785 11.7364 1 0 0 1 0 0.186797 0 0 0 0 0 0 0 -0.241964 0.740505 0.626981 0.200599 -0.594044 0.77902 0.949323 0.314266 -0.00480735 0 0 0 
-1 20.1794 15.9823 11.7395 1 0 0 1 0 0.186797 0 0 0 0 0 0 0 -0.215442 0.748967 0.626604 0.0452296 -0.633331 0.772558 0.975469 0.194783 0.102571 0 0 0 
-1 20.1784 15.9861 11.7428 1 0 0 1 0 0.186797 0 0 0 0 0 0 0 -0.256569 0.740044 0.621697 -0.0424865 -0.651242 0.75768 0.965592 0.167983 0.19853 0 0 0 
-1 20.1768 15.9898 11.7459 1 0 0 1 0 0.186797 0 0 0 0 0 0 0 -0.27207 0.737246 0.618423 0.0410326 -0.633193 0.772906 0.961402 0.23566 0.142022 0 0 0 
-1 20.1756 15.9936 11.749 1 0 0 1 0 0.199648 0 0 0 0 0 0 0 -0.185154 0.75534 0.628632 -0.029064 -0.643622 0.764791 0.98228 0.123334 0.141123 0 0 0 
-1 20.1749 15.9975 11.7523 1 0 0 1 0 0.199492 0 0 0 0 0 0 0 -0.225354 0.749636 0.622304 0.200668 -0.589326 0.782578 0.953388 0.301233 -0.0176205 0 0 0 
-1 20.1734 16.0012 11.7554 1 0 0 1 0 0.199492 0 0 0 0 0 0 0 -0.199043 0.757638 0.621584 0.0385353 -0.627733 0.777474 0.979233 0.178704 0.0957501 0 0 0 
-1 20.1729 16.0054 11.7587 1 0 0 1 0 0.199492 0 0 0 0 0 0 0 -0.114172 0.770191 0.627512 -0.0367611 -0.634485 0.772061 0.992781 0.0650798 0.100754 0 0 0 
-1 20.1721 16.0093 11.7619 1 0 0 1 0 0.199492 0 0 0 0 0 0 0 -0.168518 0.765455 0.621032 0.474443 -0.48927 0.731791 0.864005 0.417964 -0.280714 0 0 0 
-1 20.1712 16.0133 11.7652 1 0 0 1 0 0.199492 0 0 0 0 0 0 0 -0.163212 0.768005 0.619298 -0.0193553 -0.630086 0.776284 0.986401 0.114712 0.117703 0 0 0 
-1 20.1705 16.0173 11.7684 1 0 0 1 0 0.211309 0 0 0 0 0 0 0 -0.271533 0.75056 0.602437 0.104933 -0.599135 0.793742 0.956691 0.278743 0.0839264 0 0 0 
-1 20.1684 16.0209 11.7712 1 0 0 1 0 0.210938 0 0 0 0 0 0 0 -0.250467 0.756498 0.604134 0.0486707 -0.613396 0.788274 0.966901 0.22684 0.116816 0 0 0 
-1 20.1679 16.0251 11.7745 1 0 0 1 0 0.210938 0 0 0 0 0 0 0 -0.0273866 0.788093 0.614946 -0.0511915 -0.615476 0.786492 0.998313 -0.00994075 0.0571995 0 0 0 
-1 20.1681 16.0296 11.778 1 0 0 1 0 0.210938 0 0 0 0 0 0 0 -0.137008 0.784406 0.604926 0.0430945 -0.605387 0.794764 0.989632 0.134958 0.0491392 0 0 0 
-1 20.1665 16.0333 11.781 1 0 0 1 0 0.210938 0 0 0 0 0 0 0 -0.237762 0.766433 0.596699 -0.044226 -0.62222 0.781592 0.970316 0.159443 0.181836 0 0 0 
-1 20.1656 16.0374 11.7842 1 0 0 1 0 0.210938 0 0 0 0 0 0 0 -0.20267 0.771677 0.602859 -0.213978 -0.635657 0.741724 0.955583 0.021327 0.29395 0 0 0 
-1 20.1643 16.0413 11.7872 1 0 0 1 0 0.222031 0 0 0 0 0 0 0 -0.243595 0.770045 0.589654 0.00608421 -0.606743 0.794875 0.969858 0.197215 0.143114 0 0 0 
-1 20.1632 16.0454 11.7902 1 0 0 1 0 0.222343 0 0 0 0 0 0 0 -0.29092 0.759433 0.581916 0.0814364 -0.58636 0.805946 0.953275 0.281855 0.108739 0 0 0 
-1 20.1614 16.049 11.7931 1 0 0 1 0 0.222343 0 0 0 0 0 0 0 -0.337542 0.744622 0.575851 0.147589 -0.562323 0.81364 0.929668 0.359627 0.0799093 0 0 0 
-1 20.1597 16.0529 11.796 1 0 0 1 0 0.222343 0 0 0 0 0 0 0 -0.190637 0.791049 0.58129 -0.0825547 -0.602971 0.79348 0.978183 0.103278 0.180254 0 0 0 
-1 20.1594 16.0574 11.7992 1 0 0 1 0 0.222343 0 0 0 0 0 0 0 -0.237558 0.785153 0.571928 0.0395263 -0.580482 0.813313 0.970569 0.215815 0.106864 0 0 0 
-1 20.1573 16.0609 11.8019 1 0 0 1 0 0.222343 0 0 0 0 0 0 0 -0.298995 0.769785 0.563945 0.138262 -0.549796 0.823776 0.944185 0.324277 0.0579541 0 0 0 
-1 20.1564 16.0652 11.8049 1 0 0 1 0 0.225235 0 0 0 0 0 0 0 -0.195244 0.800311 0.566905 0.0454228 -0.570031 0.820367 0.979702 0.185922 0.0749426 0 0 0 
-1 20.1553 16.0693 11.8078 1 0 0 1 0 0.225391 0 0 0 0 0 0 0 -0.320606 0.769454 0.552406 5.9183e-15 -0.583191 0.812335 0.947213 0.26044 0.186974 0 0 0 
-1 20.1531 16.073 11.8105 1 0 0 1 0 0.225391 0 0 0 0 0 0 0 -0.329476 0.766978 0.550628 -0.759596 -0.561699 0.327883 0.560766 -0.310225 0.76766 0 0 0 
-1 20.1519 16.0772 11.8134 1 0 0 1 0 0.225391 0 0 0 0 0 0 0 -0.281907 0.738653 0.612307 0.00837777 -0.636271 0.77142 0.959405 0.222599 0.173181 0 0 0 
-1 20.1502 16.0806 11.8169 1 0 0 1 0 0.225391 0 0 0 0 0 0 0 -0.344079 0.722505 0.599663 0.665136 -0.263223 0.698791 0.662725 0.639296 -0.389995 0 0 0 
-1 20.1484 16.0845 11.8196 1 0 0 1 0 0.225391 0 0 0 0 0 0 0 -0.255222 0.799315 0.544019 -0.0537651 -0.573515 0.817429 0.965386 0.179377 0.189349 0 0 0 
-1 20.1475 16.0889 11.8225 1 0 0 1 0 0.235195 0 0 0 0 0 0 0 -0.318998 0.785582 0.530189 -0.0568823 -0.574277 0.816683 0.946047 0.230361 0.227879 0 0 0 
-1 20.1452 16.0925 11.8249 1 0 0 1 0 0.235898 0 0 0 0 0 0 0 -0.398901 0.76295 0.508709 0.119319 -0.506856 0.853733 0.909198 0.401254 0.111151 0 0 0 
-1 20.1436 16.0965 11.8276 1 0 0 1 0 0.235898 0 0 0 0 0 0 0 -0.360177 0.779204 0.512947 -0.00400361 -0.551137 0.834405 0.932876 0.29848 0.201626 0 0 0 
-1 20.1415 16.1004 11.8301 1 0 0 1 0 0.235898 0 0 0 0 0 0 0 -0.427328 0.755331 0.496856 0.114861 -0.499751 0.858519 0.896771 0.423939 0.1268 0 0 0 
-1 20.1392 16.1042 11.8326 1 0 0 1 0 0.235898 0 0 0 0 0 0 0 -0.274617 0.814585 0.510917 -0.112376 -0.554894 0.824296 0.954964 0.168951 0.243924 0 0 0 
-1 20.1387 16.1089 11.8355 1 0 0 1 0 0.235898 0 0 0 0 0 0 0 -0.311311 0.807449 0.501111 0.021364 -0.521234 0.853146 0.950068 0.276299 0.145016 0 0 0 
-1 20.1361 16.1124 11.8378 1 0 0 1 0 0.237949 0 0 0 0 0 0 0 -0.469106 0.748346 0.468954 0.248137 -0.397927 0.883222 0.847566 0.53069 0.000977463 0 0 0 
-1 20.1339 16.1164 11.8401 1 0 0 1 0 0.238281 0 0 0 0 0 0 0 -0.428627 0.772533 0.468478 -0.114197 -0.560692 0.820112 0.896235 0.298023 0.328549 0 0 0 
-1 20.1318 16.1202 11.8425 1 0 0 1 0 0.238281 0 0 0 0 0 0 0 -0.475312 0.755734 0.450493 0.135768 -0.442894 0.886235 0.869279 0.482401 0.107908 0 0 0 
-1 20.1292 16.1239 11.8447 1 0 0 1 0 0.238281 0 0 0 0 0 0 0 -0.421634 0.78364 0.456215 -0.551604 -0.620986 0.556874 0.719693 -0.0168532 0.694088 0 0 0 
-1 20.1275 16.1281 11.847 1 0 0 1 0 0.238281 0 0 0 0 0 0 0 -0.431642 0.783799 0.446479 -0.0763381 -0.524928 0.847716 0.898809 0.331827 0.286415 0 0 0 
-1 20.1249 16.1318 11.8491 1 0 0 1 0 0.238281 0 0 0 0 0 0 0 -0.48368 0.76296 0.428889 0.121819 -0.426569 0.896214 0.866726 0.485727 0.11338 0 0 0 
-1 20.1227 16.1357 11.8513 1 0 0 1 0 0.24164 0 0 0 0 0 0 0 -0.379894 0.814145 0.439145 -0.285815 -0.554815 0.781338 0.879767 0.171312 0.443466 0 0 0 
-1 20.121 16.14 11.8536 1 0 0 1 0 0.241953 0 0 0 0 0 0 0 -0.415672 0.806431 0.420579 -0.0554625 -0.484036 0.873289 0.907822 0.339675 0.245927 0 0 0 
-1 20.1185 16.1439 11.8556 1 0 0 1 0 0.241953 0 0 0 0 0 0 0 -0.473598 0.782737 0.403767 -0.36087 -0.590648 0.72174 0.803417 0.196107 0.562196 0 0 0 
-1 20.1163 16.1479 11.8576 1 0 0 1 0 0.241953 0 0 0 0 0 0 0 -0.482163 0.780595 0.397732 -0.249601 -0.557573 0.791715 0.839773 0.282462 0.463678 0 0 0 
-1 20.1136 16.1518 11.8596 1 0 0 1 0 0.241953 0 0 0 0 0 0 0 -0.507814 0.771519 0.383253 0.0638865 -0.409932 0.909876 0.859094 0.486533 0.15888 0 0 0 
-1 20.1111 16.1557 11.8615 1 0 0 1 0 0.241953 0 0 0 0 0 0 0 -0.404133 0.823006 0.39917 -0.31898 -0.535804 0.781771 0.85728 0.188613 0.479058 0 0 0 
-1 20.1095 16.1601 11.8636 1 0 0 1 0 0.240976 0 0 0 0 0 0 0 -0.426237 0.817836 0.386608 -0.680668 -0.571447 0.458409 0.59583 -0.0677609 0.800247 0 0 0 
-1 20.1068 16.1639 11.8654 1 0 0 1 0 0.24082 0 0 0 0 0 0 0 -0.436795 0.818915 0.372275 0.158903 -0.337093 0.927965 0.885415 0.464486 0.0171121 0 0 0 
-1 20.1051 16.1684 11.8674 1 0 0 1 0 0.24082 0 0 0 0 0 0 0 -0.387241 0.843312 0.372652 -0.0836027 -0.43464 0.896715 0.91818 0.31609 0.238814 0 0 0 
-1 20.1029 16.1725 11.8692 1 0 0 1 0 0.24082 0 0 0 0 0 0 0 -0.48437 0.804134 0.344607 -0.244837 -0.502754 0.829031 0.839905 0.317185 0.440401 0 0 0 
-1 20.1003 16.1764 11.8709 1 0 0 1 0 0.24082 0 0 0 0 0 0 0 -0.513536 0.792512 0.328946 -0.857615 -0.486505 -0.166759 0.0278751 -0.367746 0.929508 0 0 0 
-1 20.0977 16.1805 11.8725 1 0 0 1 0 0.24082 0 0 0 0 0 0 0 -0.513911 0.798198 0.314285 -0.316946 0.163771 -0.934197 -0.797145 -0.579705 0.168822 0 0 0 
-1 20.0951 16.1844 11.874 1 0 0 1 0 0.24666 0 0 0 0 0 0 0 -0.487876 0.816519 0.308664 0.730352 0.575489 -0.367964 -0.478082 0.0459128 -0.877114 0 0 0 
-1 20.0928 16.1887 11.8756 1 0 0 1 0 0.247187 0 0 0 0 0 0 0 -0.493168 0.81698 0.29888 -0.39706 0.0943003 -0.912935 -0.774035 -0.568904 0.277884 0 0 0 
-1 20.0902 16.1926 11.877 1 0 0 1 0 0.247187 0 0 0 0 0 0 0 -0.476565 0.828915 0.292892 -0.879112 -0.451927 -0.151407 0.00686242 -0.32964 0.944082 0 0 0 
-1 20.088 16.197 11.8785 1 0 0 1 0 0.247187 0 0 0 0 0 0 0 -0.476614 0.833999 0.278 -0.301901 0.141718 -0.942747 -0.825648 -0.533255 0.18424 0 0 0 
-1 20.0854 16.201 11.8798 1 0 0 1 0 0.247187 0 0 0 0 0 0 0 -0.457729 0.845902 0.273741 -0.183005 0.211657 -0.960058 -0.870054 -0.489542 0.0579225 0 0 0 
-1 20.0835 16.2055 11.8813 1 0 0 1 0 0.247187 0 0 0 0 0 0 0 -0.418548 0.866853 0.270892 0.245154 0.395041 -0.885349 -0.874481 -0.304151 -0.377856 0 0 0 
-1 20.0811 16.2098 11.8826 1 0 0 1 0 0.252344 0 0 0 0 0 0 0 -0.480786 0.842548 0.242813 0.327019 0.429237 -0.841911 -0.813575 -0.325375 -0.4819 0 0 0 
-1 20.0786 16.214 11.8837 1 0 0 1 0 0.252187 0 0 0 0 0 0 0 -0.510203 0.830091 0.225036 0.318662 0.425482 -0.847006 -0.798841 -0.360435 -0.481601 0 0 0 
-1 20.076 16.2181 11.8848 1 0 0 1 0 0.252187 0 0 0 0 0 0 0 -0.550366 0.810584 0.200126 -0.143969 0.143969 -0.979054 -0.822417 -0.56765 0.0374632 0 0 0 
-1 20.0731 16.2221 11.8857 1 0 0 1 0 0.252187 0 0 0 0 0 0 0 -0.521609 0.829722 0.198712 -0.211625 0.0998048 -0.972242 -0.826522 -0.549182 0.123531 0 0 0 
-1 20.0708 16.2264 11.8868 1 0 0 1 0 0.252187 0 0 0 0 0 0 0 -0.4936 0.847671 0.194458 0.299715 0.375696 -0.87694 -0.816413 -0.374575 -0.439503 0 0 0 
-1 20.0681 16.2306 11.8877 1 0 0 1 0 0.252187 0 0 0 0 0 0 0 -0.545941 0.821356 0.165295 -0.387193 -0.0723836 -0.919153 -0.742988 -0.565804 0.357541 0 0 0 
-1 20.0653 16.2346 11.8884 1 0 0 1 0 0.257344 0 0 0 0 0 0 0 -0.523666 0.837775 0.154619 -0.409696 -0.0885236 -0.907916 -0.746942 -0.538792 0.38959 0 0 0 
-1 20.0629 16.239 11.8892 1 0 0 1 0 0.2575 0 0 0 0 0 0 0 -0.514525 0.844278 0.14986 0.374559 0.378507 -0.846426 -0.771343 -0.379376 -0.510984 0 0 0 
-1 20.0602 16.2431 11.8899 1 0 0 1 0 0.2575 0 0 0 0 0 0 0 -0.544227 0.828834 0.12981 -0.0763289 0.105171 -0.991521 -0.835458 -0.549521 0.00602723 0 0 0 
-1 20.0574 16.2473 11.8906 1 0 0 1 0 0.2575 0 0 0 0 0 0 0 -0.486575 0.864046 0.129107 -0.0750476 0.105895 -0.991541 -0.870409 -0.492149 0.0133185 0 0 0 
-1 20.0553 16.2518 11.8912 1 0 0 1 0 0.2575 0 0 0 0 0 0 0 -0.449349 0.884077 0.128429 0.271031 0.271894 -0.923372 -0.85125 -0.380108 -0.361788 0 0 0 
-1 20.0529 16.2563 11.8919 1 0 0 1 0 0.2575 0 0 0 0 0 0 0 -0.503636 0.85755 0.104683 0.00911797 0.126442 -0.991932 -0.863868 -0.498618 -0.0715001 0 0 0 
-1 20.0502 16.2604 11.8923 1 0 0 1 0 0.2575 0 0 0 0 0 0 0 -0.446663 0.888027 0.109092 0.878722 0.458354 -0.133266 -0.168346 0.0363364 -0.985058 0 0 0 
-1 20.0484 16.2652 11.893 1 0 0 1 0 0.257344 0 0 0 0 0 0 0 -0.449212 0.888482 0.0938495 0.634676 0.39128 -0.666398 -0.628805 -0.23979 -0.739666 0 0 0 
-1 20.0457 16.2694 11.8933 1 0 0 1 0 0.257344 0 0 0 0 0 0 0 -0.465642 0.881848 0.0743062 0.674671 0.299397 0.674671 0.57271 0.364287 -0.734369 0 0 0 
-1 20.0437 16.2741 11.8937 1 0 0 1 0 0.257344 0 0 0 0 0 0 0 -0.461888 0.884211 0.069503 -0.403876 -0.279445 0.871088 0.789648 0.374274 0.486184 0 0 0 
-1 20.041 16.2783 11.8939 1 0 0 1 0 0.257344 0 0 0 0 0 0 0 -0.501425 0.864045 0.0447025 0.733209 0.396933 0.552131 0.459322 0.309628 -0.832558 0 0 0 
-1 20.0387 16.2828 11.8941 1 0 0 1 0 0.257344 0 0 0 0 0 0 0 -0.495889 0.867691 0.0347288 -0.290017 -0.203177 0.935206 0.818526 0.453686 0.352398 0 0 0 
-1 20.036 16.2871 11.8943 1 0 0 1 0 0.254922 0 0 0 0 0 0 0 -0.540704 0.841078 0.0150493 -0.520995 -0.348871 0.779008 0.660457 0.413372 0.626833 0 0 0 
-1 20.0333 16.2912 11.8943 1 0 0 1 0 0.255313 0 0 0 0 0 0 0 -0.561595 0.827397 -0.00504977 -0.00363551 0.00363551 0.999987 0.827404 0.561606 0.000966325 0 0 0 
-1 20.0304 16.2953 11.8942 1 0 0 1 0 0.255313 0 0 0 0 0 0 0 -0.550142 0.835056 -0.00503597 0.189829 0.130929 0.973048 0.813209 0.534359 -0.230547 0 0 0 
-1 20.0278 16.2995 11.8942 1 0 0 1 0 0.255313 0 0 0 0 0 0 0 -0.532674 0.846262 -0.00995155 -0.534459 -0.327248 0.77927 0.65621 0.420416 0.626609 0 0 0 
-1 20.0251 16.3038 11.8941 1 0 0 1 0 0.255313 0 0 0 0 0 0 0 -0.553293 0.83245 -0.0298934 -0.0149589 0.0259514 0.999551 0.832852 0.553492 -0.00190621 0 0 0 
-1 20.0222 16.3079 11.8939 1 0 0 1 0 0.255313 0 0 0 0 0 0 0 -0.519366 0.854027 -0.0299458 0.215034 0.164525 0.962649 0.827055 0.493527 -0.269093 0 0 0 
-1 20.0198 16.3124 11.8939 1 0 0 1 0 0.256406 0 0 0 0 0 0 0 -0.503914 0.863047 -0.034939 0.111749 0.105251 0.988147 0.856495 0.494036 -0.149482 0 0 0 
-1 20.0171 16.3165 11.8936 1 0 0 1 0 0.256563 0 0 0 0 0 0 0 -0.476415 0.878325 -0.039676 -0.447303 -0.203279 0.870975 0.756933 0.432693 0.489723 0 0 0 
-1 20.015 16.3212 11.8934 1 0 0 1 0 0.256563 0 0 0 0 0 0 0 -0.491735 0.869328 -0.0496434 -0.352852 -0.14682 0.924088 0.796048 0.471924 0.378941 0 0 0 
-1 20.0122 16.3253 11.8931 1 0 0 1 0 0.256563 0 0 0 0 0 0 0 -0.533661 0.842807 -0.0698661 -0.102214 0.017728 0.994604 0.839499 0.537923 0.0766863 0 0 0 
-1 20.0097 16.3296 11.8927 1 0 0 1 0 0.256563 0 0 0 0 0 0 0 -0.477774 0.876096 -0.0647159 -0.26916 -0.0758634 0.960103 0.836233 0.476131 0.272055 0 0 0 
-1 20.0074 16.3341 11.8925 1 0 0 1 0 0.256563 0 0 0 0 0 0 0 -0.50855 0.857778 -0.0747912 -0.449005 -0.190076 0.873078 0.734691 0.477585 0.48181 0 0 0 
-1 20.0046 16.3383 11.892 1 0 0 1 0 0.254531 0 0 0 0 0 0 0 -0.523679 0.847688 -0.0847688 0.0992935 0.159559 0.982182 0.846109 0.505931 -0.167728 0 0 0 
-1 20.0021 16.3426 11.8916 1 0 0 1 0 0.254687 0 0 0 0 0 0 0 -0.498508 0.862234 -0.0896766 -0.158955 0.0107753 0.987227 0.852187 0.506395 0.131685 0 0 0 
-1 19.9996 16.3469 11.8911 1 0 0 1 0 0.254687 0 0 0 0 0 0 0 -0.428022 0.900332 -0.0787434 0.203877 0.18107 0.962106 0.880472 0.395748 -0.261059 0 0 0 
-1 19.9978 16.3517 11.8908 1 0 0 1 0 0.254687 0 0 0 0 0 0 0 -0.412055 0.90733 -0.0834438 -0.249144 -0.0241076 0.968166 0.876435 0.419728 0.235989 0 0 0 
-1 19.9954 16.3561 11.8902 1 0 0 1 0 0.254687 0 0 0 0 0 0 0 -0.509167 0.853639 -0.109771 -0.0665758 0.0880952 0.993885 0.858089 0.513361 0.0119765 0 0 0 
-1 19.9927 16.3603 11.8897 1 0 0 1 0 0.254687 0 0 0 0 0 0 0 -0.487735 0.866105 -0.10944 -0.06477 0.0891158 0.993913 0.870586 0.491854 0.0126327 0 0 0 
-1 19.9905 16.3648 11.8892 1 0 0 1 0 0.256094 0 0 0 0 0 0 0 -0.444564 0.889128 -0.108691 -0.294999 -0.0307555 0.955002 0.845777 0.456624 0.275965 0 0 0 
-1 19.9882 16.3693 11.8886 1 0 0 1 0 0.255938 0 0 0 0 0 0 0 -0.492803 0.861189 -0.124492 -0.358543 -0.0706104 0.930839 0.792838 0.503356 0.34357 0 0 0 
-1 19.9855 16.3735 11.8879 1 0 0 1 0 0.255938 0 0 0 0 0 0 0 -0.539557 0.829384 -0.144914 0.408248 0.408248 0.816497 0.73635 0.381386 -0.558868 0 0 0 
-1 19.9828 16.3776 11.8871 1 0 0 1 0 0.255938 0 0 0 0 0 0 0 -0.539631 0.829346 -0.144857 0.144644 0.26083 0.954487 0.829383 0.494119 -0.260712 0 0 0 
-1 19.9802 16.3818 11.8864 1 0 0 1 0 0.255938 0 0 0 0 0 0 0 -0.508434 0.847137 -0.154447 -0.760454 -0.357579 0.542077 0.403986 0.39306 0.826014 0 0 0 
-1 19.9777 16.3861 11.8856 1 0 0 1 0 0.255938 0 0 0 0 0 0 0 -0.513313 0.84229 -0.164488 -0.691967 -0.292838 0.659869 0.507633 0.45254 0.733155 0 0 0 
-1 19.975 16.3902 11.8848 1 0 0 1 0 0.259219 0 0 0 0 0 0 0 -0.502747 0.851434 -0.14935 -3.58324e-11 0.172773 0.984962 0.864434 0.495187 -0.0868609 0 0 0 
-1 19.9727 16.3946 11.8841 1 0 0 1 0 0.259062 0 0 0 0 0 0 0 -0.499101 0.853513 -0.149715 -0.0245629 0.158768 0.98701 0.866196 0.496295 -0.0582767 0 0 0 
-1 19.97 16.3988 11.8833 1 0 0 1 0 0.259062 0 0 0 0 0 0 0 -0.439936 0.884851 -0.153284 -0.603458 -0.164883 0.780162 0.665053 0.435721 0.606508 0 0 0 
-1 19.9682 16.4036 11.8826 1 0 0 1 0 0.259062 0 0 0 0 0 0 0 -0.445551 0.88113 -0.158413 -0.176804 0.0868588 0.980406 0.877625 0.464829 0.117087 0 0 0 
-1 19.9655 16.4077 11.8817 1 0 0 1 0 0.259062 0 0 0 0 0 0 0 -0.494143 0.85363 -0.16474 -0.119289 0.121125 0.985443 0.861158 0.506601 0.0419762 0 0 0 
-1 19.9633 16.4122 11.8809 1 0 0 1 0 0.259062 0 0 0 0 0 0 0 -0.482364 0.860453 -0.164152 -0.341246 -0.0119915 0.939898 0.806769 0.509389 0.29941 0 0 0 
-1 19.9607 16.4163 11.88 1 0 0 1 0 0.258281 0 0 0 0 0 0 0 -0.523686 0.832784 -0.179508 -0.136497 0.125967 0.982599 0.840905 0.539076 0.0477057 0 0 0 
-1 19.958 16.4205 11.8791 1 0 0 1 0 0.258437 0 0 0 0 0 0 0 -0.41286 0.894404 -0.172012 -0.318357 0.035234 0.947316 0.853344 0.44587 0.270193 0 0 0 
-1 19.9564 16.4254 11.8783 1 0 0 1 0 0.258437 0 0 0 0 0 0 0 -0.343008 0.927317 -0.149762 -0.199062 0.0840533 0.976376 0.917997 0.364717 0.155763 0 0 0 
-1 19.9544 16.4301 11.8776 1 0 0 1 0 0.258437 0 0 0 0 0 0 0 -0.454677 0.874669 -0.167997 -0.296176 0.0294041 0.954681 0.839969 0.483828 0.245687 0 0 0 
-1 19.9518 16.4343 11.8766 1 0 0 1 0 0.258437 0 0 0 0 0 0 0 -0.528367 0.827618 -0.189409 -0.195409 0.0985594 0.975757 0.826222 0.55257 0.109648 0 0 0 
-1 19.9492 16.4384 11.8757 1 0 0 1 0 0.258437 0 0 0 0 0 0 0 -0.451792 0.87403 -0.178762 -0.10911 0.144738 0.983436 0.885426 0.463813 0.0299742 0 0 0 
-1 19.9473 16.4431 11.8748 1 0 0 1 0 0.252968 0 0 0 0 0 0 0 -0.430207 0.885011 -0.177983 -0.230121 0.0831329 0.969605 0.872907 0.458089 0.167895 0 0 0 
-1 19.9448 16.4473 11.8738 1 0 0 1 0 0.252813 0 0 0 0 0 0 0 -0.518568 0.83263 -0.194463 0.213247 0.346187 0.913608 0.828018 0.432299 -0.357077 0 0 0 
-1 19.9421 16.4515 11.8729 1 0 0 1 0 0.252813 0 0 0 0 0 0 0 -0.472315 0.855113 -0.213778 0.880959 0.450039 -0.146206 -0.0288137 -0.257385 -0.965879 0 0 0 
-1 19.9401 16.4559 11.8717 1 0 0 1 0 0.252813 0 0 0 0 0 0 0 -0.472709 0.850967 -0.228914 0.0469559 0.283724 0.957756 0.879967 0.441991 -0.174077 0 0 0 
-1 19.9374 16.46 11.8706 1 0 0 1 0 0.252813 0 0 0 0 0 0 0 -0.539399 0.814205 -0.214754 -0.231791 0.101613 0.967444 0.809519 0.571616 0.133915 0 0 0 
-1 19.9347 16.4641 11.8696 1 0 0 1 0 0.252813 0 0 0 0 0 0 0 -0.407338 0.892998 -0.191389 -0.872323 -0.31838 0.371062 0.270423 0.3181 0.908671 0 0 0 
-1 19.9332 16.4691 11.8686 1 0 0 1 0 0.242031 0 0 0 0 0 0 0 -0.413262 0.88569 -0.211586 -0.272215 0.101573 0.95686 0.868973 0.453031 0.199122 0 0 0 
-1 19.9305 16.4731 11.8674 1 0 0 1 0 0.242188 0 0 0 0 0 0 0 -0.520527 0.820808 -0.235215 0.24152 0.405767 0.881488 0.818975 0.402029 -0.409454 0 0 0 
-1 19.928 16.4773 11.8663 1 0 0 1 0 0.242188 0 0 0 0 0 0 0 -0.510482 0.825659 -0.2402 -0.359203 0.0490422 0.93197 0.781269 0.562035 0.271544 0 0 0 
-1 19.9254 16.4813 11.865 1 0 0 1 0 0.242188 0 0 0 0 0 0 0 -0.493558 0.837557 -0.234303 -0.296826 0.091008 0.950585 0.817493 0.538716 0.203691 0 0 0 
-1 19.923 16.4857 11.8639 1 0 0 1 0 0.242188 0 0 0 0 0 0 0 -0.360465 0.911126 -0.199787 -0.392001 0.0463831 0.918795 0.846404 0.40951 0.340443 0 0 0 
-1 19.9216 16.4907 11.863 1 0 0 1 0 0.242188 0 0 0 0 0 0 0 -0.385735 0.898409 -0.209927 -0.298994 0.0935282 0.94966 0.872818 0.429084 0.232542 0 0 0 
-1 19.9191 16.4949 11.8617 1 0 0 1 0 0.229219 0 0 0 0 0 0 0 -0.517149 0.820489 -0.243628 0.0127858 0.292021 0.956326 0.8558 0.491449 -0.161509 0 0 0 
-1 19.9165 16.499 11.8605 1 0 0 1 0 0.229375 0 0 0 0 0 0 0 -0.484137 0.838633 -0.24961 -0.388778 0.0493904 0.920007 0.783877 0.542452 0.30213 0 0 0 
-1 19.9142 16.5033 11.8593 1 0 0 1 0 0.229375 0 0 0 0 0 0 0 -0.440955 0.866793 -0.232873 -0.308098 0.0975096 0.946344 0.842991 0.489043 0.22406 0 0 0 
-1 19.912 16.5077 11.8581 1 0 0 1 0 0.229375 0 0 0 0 0 0 0 -0.482876 0.841046 -0.243868 -0.772839 -0.278354 0.570297 0.411765 0.463854 0.784404 0 0 0 
-1 19.9094 16.5117 11.8568 1 0 0 1 0 0.229375 0 0 0 0 0 0 0 -0.513366 0.802525 -0.303989 -0.222554 0.217609 0.950324 0.828809 0.555518 0.0668923 0 0 0 
-1 19.9068 16.5158 11.8551 1 0 0 1 0 0.229375 0 0 0 0 0 0 0 -0.366463 0.884613 -0.288383 -0.872498 -0.219061 0.436761 0.323191 0.41167 0.852101 0 0 0 
-1 19.9057 16.5208 11.8538 1 0 0 1 0 0.219062 0 0 0 0 0 0 0 -0.345068 0.909105 -0.233359 -0.42537 0.0701537 0.902296 0.836653 0.410618 0.362498 0 0 0 
-1 19.9033 16.5251 11.8527 1 0 0 1 0 0.218906 0 0 0 0 0 0 0 -0.462417 0.840178 -0.283321 -0.804562 -0.531889 -0.264149 -0.372628 0.105803 0.92193 0 0 0 
-1 19.901 16.5292 11.851 1 0 0 1 0 0.218906 0 0 0 0 0 0 0 -0.456537 0.838422 -0.297695 -0.4936 0.0397006 0.868782 0.740225 0.543573 0.39572 0 0 0 
-1 19.8987 16.5336 11.8497 1 0 0 1 0 0.218906 0 0 0 0 0 0 0 -0.36549 0.896991 -0.248644 -0.222614 0.175138 0.959046 0.903803 0.405874 0.135672 0 0 0 
-1 19.8973 16.5385 11.8484 1 0 0 1 0 0.218906 0 0 0 0 0 0 0 -0.412538 0.874394 -0.255437 -0.339815 0.112452 0.933745 0.845186 0.472006 0.250741 0 0 0 
-1 19.8945 16.5424 11.8471 1 0 0 1 0 0.218906 0 0 0 0 0 0 0 -0.514365 0.808964 -0.284616 0.1647 0.418894 0.892973 0.841607 0.412439 -0.348701 0 0 0 
-1 19.8921 16.5466 11.8456 1 0 0 1 0 0.211328 0 0 0 0 0 0 0 -0.419704 0.84905 -0.320879 0.437053 0.498885 0.748397 0.795508 0.173864 -0.580464 0 0 0 
-1 19.8902 16.5511 11.8439 1 0 0 1 0 0.211016 0 0 0 0 0 0 0 -0.439607 0.844401 -0.306158 0.170694 0.41319 0.894504 0.881821 0.340971 -0.325776 0 0 0 
-1 19.8876 16.5551 11.8425 1 0 0 1 0 0.211016 0 0 0 0 0 0 0 -0.51943 0.809171 -0.274652 -0.628962 -0.144464 0.763896 0.578446 0.569536 0.583977 0 0 0 
-1 19.885 16.5592 11.8411 1 0 0 1 0 0.211016 0 0 0 0 0 0 0 -0.52938 0.799177 -0.284734 -0.196946 0.210687 0.957509 0.825208 0.562963 0.0458608 0 0 0 
-1 19.8824 16.5631 11.8397 1 0 0 1 0 0.211016 0 0 0 0 0 0 0 -0.413945 0.867448 -0.276013 0.883836 0.455572 0.106249 0.217909 -0.199969 -0.955263 0 0 0 
-1 19.8808 16.568 11.8383 1 0 0 1 0 0.211016 0 0 0 0 0 0 0 -0.404483 0.85834 -0.315668 0.397021 -0.146141 -0.9061 -0.823874 -0.491828 -0.281667 0 0 0 
-1 19.8783 16.5718 11.8365 1 0 0 1 0 0.209882 0 0 0 0 0 0 0 -0.510291 0.785438 -0.350271 0.83064 0.344618 -0.43735 -0.222802 -0.514125 -0.828272 0 0 0 
-1 19.8758 16.5758 11.8348 1 0 0 1 0 0.209375 0 0 0 0 0 0 0 -0.50291 0.801466 -0.323625 -0.044589 -0.397978 -0.916311 -0.863188 -0.446392 0.235884 0 0 0 
-1 19.8732 16.5798 11.8332 1 0 0 1 0 0.209375 0 0 0 0 0 0 0 -0.518775 0.793081 -0.319211 0.821129 0.358314 -0.44425 -0.237948 -0.492579 -0.837106 0 0 0 
-1 19.8706 16.5837 11.8316 1 0 0 1 0 0.209375 0 0 0 0 0 0 0 -0.526114 0.776935 -0.345797 0.832179 0.554103 -0.0211646 0.175164 -0.2989 -0.93807 0 0 0 
-1 19.868 16.5876 11.8298 1 0 0 1 0 0.209375 0 0 0 0 0 0 0 -0.524447 0.774096 -0.354585 -2.93867e-11 0.416451 0.909158 0.851443 0.476805 -0.218407 0 0 0 
-1 19.8653 16.5915 11.8281 1 0 0 1 0 0.209375 0 0 0 0 0 0 0 -0.520786 0.776137 -0.355519 0.747023 0.615891 0.250271 0.413206 -0.135243 -0.900539 0 0 0 
-1 19.8628 16.5954 11.8262 1 0 0 1 0 0.205312 0 0 0 0 0 0 0 -0.514279 0.773933 -0.369519 -0.204973 0.307459 0.929223 0.832768 0.553621 0.000515353 0 0 0 
-1 19.8601 16.5992 11.8244 1 0 0 1 0 0.204843 0 0 0 0 0 0 0 -0.529291 0.76377 -0.369468 0.797936 0.596108 0.0891793 0.288355 -0.24761 -0.924954 0 0 0 
-1 19.8574 16.603 11.8225 1 0 0 1 0 0.204843 0 0 0 0 0 0 0 -0.392788 0.626493 -0.673219 0.402082 0.775371 0.48696 0.827072 -0.0794168 -0.556458 0 0 0 
-1 19.8559 16.6059 11.8172 1 0 0 1 0 0.204843 0 0 0 0 0 0 0 -0.352031 0.62188 -0.699528 0.934935 0.269076 -0.231289 0.044392 -0.735434 -0.676141 0 0 0 
-1 19.8536 16.6098 11.8148 1 0 0 1 0 0.204843 0 0 0 0 0 0 0 -0.354813 0.705088 -0.61397 0.78834 0.578666 0.208963 0.502621 -0.409874 -0.761167 0 0 0 
-1 19.8523 16.6133 11.8108 1 0 0 1 0 0.204843 0 0 0 0 0 0 0 -0.30212 0.659984 -0.687855 0.828352 0.538855 0.153192 0.471759 -0.523504 -0.709498 0 0 0 
-1 19.8503 16.6169 11.8075 1 0 0 1 0 0.200547 0 0 0 0 0 0 0 -0.332093 0.69256 -0.640372 0.646811 0.661346 0.379812 0.68655 -0.288066 -0.667583 0 0 0 
-1 19.8488 16.6206 11.804 1 0 0 1 0 0.200312 0 0 0 0 0 0 0 -0.435501 0.729124 -0.527937 0.609105 0.670508 0.423568 0.66282 -0.137105 -0.73612 0 0 0 
-1 19.8438 16.6279 11.7994 1 0 0 1 0 0.200312 0 0 0 0 0 0 0 -0.513575 0.74044 -0.433577 0.482065 0.667011 0.568076 0.709827 0.0827376 -0.6995 0 0 0 
-1 19.8411 16.6317 11.7975 1 0 0 1 0 0.200312 0 0 0 0 0 0 0 -0.533358 0.737817 -0.41371 0.754317 0.636182 0.162107 0.3828 -0.225607 -0.89586 0 0 0 
-1 19.8384 16.6353 11.7953 1 0 0 1 0 0.200312 0 0 0 0 0 0 0 -0.519672 0.729493 -0.444725 0.798737 0.599585 0.0501683 0.303248 -0.329148 -0.894261 0 0 0 
-1 19.8358 16.639 11.793 1 0 0 1 0 0.200312 0 0 0 0 0 0 0 -0.525954 0.736274 -0.425761 0.841728 0.378843 -0.384671 -0.121927 -0.560695 -0.818997 0 0 0 
-1 19.8331 16.6427 11.791 1 0 0 1 0 0.202031 0 0 0 0 0 0 0 -0.526784 0.732384 -0.431408 0.766519 0.628662 0.131274 0.367353 -0.26153 -0.892555 0 0 0 
-1 19.8306 16.6463 11.7887 1 0 0 1 0 0.201875 0 0 0 0 0 0 0 -0.510155 0.720201 -0.470161 0.814185 0.580576 0.00589418 0.277209 -0.379791 -0.882561 0 0 0 
-1 19.8281 16.6499 11.7864 1 0 0 1 0 0.201875 0 0 0 0 0 0 0 -0.506475 0.715158 -0.481697 0.770118 0.626449 0.120332 0.387815 -0.310018 -0.868037 0 0 0 
-1 19.8255 16.6535 11.7839 1 0 0 1 0 0.201875 0 0 0 0 0 0 0 -0.503435 0.712718 -0.488453 0.852982 0.500085 -0.149453 0.13775 -0.491882 -0.859696 0 0 0 
-1 19.823 16.657 11.7815 1 0 0 1 0 0.201875 0 0 0 0 0 0 0 -0.502039 0.707788 -0.496984 0.642112 0.690006 0.334041 0.579352 -0.151417 -0.800889 0 0 0 
-1 19.8205 16.6605 11.7789 1 0 0 1 0 0.201875 0 0 0 0 0 0 0 -0.495686 0.706093 -0.505695 0.506304 0.708017 0.492309 0.705656 -0.0120049 -0.708453 0 0 0 
-1 19.8181 16.6641 11.7764 1 0 0 1 0 0.200312 0 0 0 0 0 0 0 -0.490679 0.705991 -0.510697 0.86865 0.350319 -0.350319 -0.068415 -0.615511 -0.785153 0 0 0 
-1 19.8156 16.6676 11.7739 1 0 0 1 0 0.200468 0 0 0 0 0 0 0 -0.49115 0.701621 -0.516235 0.820519 0.571606 -0.00377141 0.292437 -0.425433 -0.856438 0 0 0 
-1 19.8132 16.6711 11.7712 1 0 0 1 0 0.200468 0 0 0 0 0 0 0 -0.48865 0.697984 -0.523488 0.762856 0.632975 0.131879 0.423405 -0.334904 -0.841765 0 0 0 
-1 19.8107 16.6746 11.7686 1 0 0 1 0 0.200468 0 0 0 0 0 0 0 -0.485249 0.695284 -0.530202 0.780874 0.617424 0.0949957 0.393408 -0.367924 -0.842533 0 0 0 
-1 19.8083 16.6781 11.766 1 0 0 1 0 0.200468 0 0 0 0 0 0 0 -0.480388 0.69072 -0.540494 0.488854 0.722525 0.488854 0.728182 -0.029383 -0.684754 0 0 0 
-1 19.8059 16.6815 11.7632 1 0 0 1 0 0.200468 0 0 0 0 0 0 0 -0.475191 0.690493 -0.545355 0.0125881 0.625076 0.780462 0.879792 0.364004 -0.305723 0 0 0 
-1 19.8036 16.6849 11.7605 1 0 0 1 0 0.202735 0 0 0 0 0 0 0 -0.471494 0.692015 -0.546634 0.826413 0.563065 6.65003e-15 0.30779 -0.451745 -0.837372 0 0 0 
-1 19.8012 16.6884 11.7577 1 0 0 1 0 0.2025 0 0 0 0 0 0 0 -0.468909 0.68822 -0.553605 0.882698 0.343059 -0.321177 -0.0311213 -0.639268 -0.768354 0 0 0 
-1 19.7988 16.6919 11.7549 1 0 0 1 0 0.2025 0 0 0 0 0 0 0 -0.469115 0.683721 -0.558978 0.399889 -0.399889 -0.824729 -0.787413 -0.610422 -0.0858181 0 0 0 
-1 19.7965 16.6952 11.7521 1 0 0 1 0 0.2025 0 0 0 0 0 0 0 -0.474642 0.67941 -0.559568 0.399889 -0.399889 -0.824729 -0.784095 -0.615216 -0.0818845 0 0 0 
-1 19.7941 16.6987 11.7493 1 0 0 1 0 0.2025 0 0 0 0 0 0 0 -0.474642 0.67941 -0.559568 -0.555414 -0.724379 -0.4084 -0.682811 0.116948 0.721175 0 0 0 
-1 19.7917 16.702 11.7465 1 0 0 1 0 0.2025 0 0 0 0 0 0 0 -0.467014 0.678067 -0.567559 -0.634115 -0.704153 -0.319478 -0.616276 0.210697 0.758822 0 0 0 
-1 19.7894 16.7054 11.7437 1 0 0 1 0 0.20125 0 0 0 0 0 0 0 -0.460394 0.675774 -0.575645 -0.799775 -0.0343573 0.599316 0.385225 0.736308 0.556285 0 0 0 
-1 19.7872 16.7088 11.7408 1 0 0 1 0 0.201094 0 0 0 0 0 0 0 -0.459015 0.678399 -0.573655 -0.780808 0 0.624771 0.423844 0.734694 0.529699 0 0 0 
-1 19.7848 16.7122 11.738 1 0 0 1 0 0.201094 0 0 0 0 0 0 0 -0.460534 0.675756 -0.575553 -0.47942 -0.73506 -0.47942 -0.747037 0.0551424 0.662491 0 0 0 
-1 19.7826 16.7155 11.7351 1 0 0 1 0 0.201094 0 0 0 0 0 0 0 -0.455218 0.675347 -0.580243 0.41539 -0.415278 -0.809318 -0.787533 -0.609443 -0.0914903 0 0 0 
-1 19.7803 16.719 11.7322 1 0 0 1 0 0.201094 0 0 0 0 0 0 0 -0.455218 0.675347 -0.580243 0.818946 0.573333 0.0248166 0.349432 -0.463891 -0.814065 0 0 0 
-1 19.778 16.7223 11.7292 1 0 0 1 0 0.201094 0 0 0 0 0 0 0 -0.453767 0.67342 -0.58361 0.0207097 0.66271 0.74859 0.89088 0.327599 -0.314662 0 0 0 
-1 19.7758 16.7257 11.7263 1 0 0 1 0 0.203047 0 0 0 0 0 0 0 -0.449932 0.674822 -0.584958 -0.77865 0.0243328 0.626986 0.437338 0.737579 0.514503 0 0 0 
-1 19.7735 16.729 11.7234 1 0 0 1 0 0.203281 0 0 0 0 0 0 0 -0.451539 0.672104 -0.586847 0.112893 0.695464 0.709637 0.885081 0.254178 -0.389905 0 0 0 
-1 19.7712 16.7324 11.7204 1 0 0 1 0 0.203281 0 0 0 0 0 0 0 -0.448582 0.672948 -0.588145 0.0201674 0.665525 0.746103 0.893514 0.322827 -0.312114 0 0 0 
-1 19.769 16.7358 11.7175 1 0 0 1 0 0.203281 0 0 0 0 0 0 0 -0.444604 0.674377 -0.589527 -0.789924 0.0151067 0.613018 0.422312 0.738232 0.52599 0 0 0 
-1 19.7668 16.7391 11.7146 1 0 0 1 0 0.203281 0 0 0 0 0 0 0 -0.446171 0.671628 -0.591479 -0.790177 0.0146614 0.612703 0.42018 0.740744 0.524163 0 0 0 
-1 19.7645 16.7425 11.7116 1 0 0 1 0 0.203281 0 0 0 0 0 0 0 -0.444558 0.67446 -0.589467 -0.798399 -7.0122e-10 0.602129 0.406112 0.738311 0.538488 0 0 0 
-1 19.7624 16.7459 11.7087 1 0 0 1 0 0.199141 0 0 0 0 0 0 0 -0.444604 0.674377 -0.589527 -0.789924 0.0151067 0.613018 0.422312 0.738232 0.52599 0 0 0 
-1 19.7601 16.7492 11.7057 1 0 0 1 0 0.198985 0 0 0 0 0 0 0 -0.446171 0.671628 -0.591479 -0.423265 0.423959 0.80069 0.788529 0.607597 0.0951179 0 0 0 
-1 19.7579 16.7526 11.7027 1 0 0 1 0 0.198985 0 0 0 0 0 0 0 -0.440508 0.675965 -0.590782 -0.801676 2.17482e-11 0.597758 0.404064 0.736933 0.541905 0 0 0 
-1 19.7557 16.756 11.6998 1 0 0 1 0 0.198985 0 0 0 0 0 0 0 -0.439054 0.678608 -0.588832 -0.787633 0.0246135 0.615653 0.43228 0.734089 0.523687 0 0 0 
-1 19.7535 16.7594 11.6968 1 0 0 1 0 0.198985 0 0 0 0 0 0 0 -0.440631 0.67592 -0.590742 -0.480663 -0.733435 -0.480663 -0.75816 0.0721528 0.648064 0 0 0 
-1 19.7513 16.7628 11.6939 1 0 0 1 0 0.198985 0 0 0 0 0 0 0 -0.435249 0.675392 -0.595319 -0.762311 -0.62827 -0.155435 -0.479 0.386165 0.788312 0 0 0 
-1 19.7491 16.7661 11.6909 1 0 0 1 0 0.191992 0 0 0 0 0 0 0 -0.439157 0.678532 -0.588843 -0.0493559 -0.672659 -0.738305 -0.897053 -0.295169 0.328893 0 0 0 
-1 19.7469 16.7696 11.688 1 0 0 1 0 0.192188 0 0 0 0 0 0 0 -0.449906 0.674935 -0.584847 4.62059e-11 -0.654869 -0.755743 -0.893076 -0.340013 0.294629 0 0 0 
-1 19.7446 16.7729 11.6851 1 0 0 1 0 0.192188 0 0 0 0 0 0 0 -0.445877 0.676461 -0.586169 0.616802 -0.242364 -0.748876 -0.648652 -0.695457 -0.309178 0 0 0 
-1 19.7425 16.7763 11.6821 1 0 0 1 0 0.192188 0 0 0 0 0 0 0 -0.446026 0.676301 -0.58624 -0.020707 -0.662624 -0.748666 -0.894781 -0.321785 0.309552 0 0 0 
-1 19.7402 16.7796 11.6792 1 0 0 1 0 0.192188 0 0 0 0 0 0 0 -0.449886 0.674905 -0.584898 -0.832079 -0.554657 1.35545e-14 -0.324417 0.486681 0.811107 0 0 0 
-1 19.7379 16.7831 11.6763 1 0 0 1 0 0.192188 0 0 0 0 0 0 0 -0.451211 0.676893 -0.581571 -0.48862 -0.732705 -0.473703 -0.746766 0.0704268 0.661347 0 0 0 
-1 19.7357 16.7864 11.6734 1 0 0 1 0 0.191094 0 0 0 0 0 0 0 -0.440677 0.675837 -0.590803 -0.574883 -0.717957 -0.39249 -0.68943 0.166682 0.704914 0 0 0 
-1 19.7335 16.7898 11.6704 1 0 0 1 0 0.190937 0 0 0 0 0 0 0 -0.428576 0.672825 -0.603017 -0.600907 -0.710671 -0.365865 -0.67471 0.205557 0.708882 0 0 0 
-1 19.7314 16.7931 11.6673 1 0 0 1 0 0.190937 0 0 0 0 0 0 0 -0.41375 0.668179 -0.618343 0.451401 -0.439265 -0.776713 -0.7906 -0.600486 -0.119871 0 0 0 
-1 19.7294 16.7965 11.6642 1 0 0 1 0 0.190937 0 0 0 0 0 0 0 -0.408385 0.672231 -0.617517 -0.484772 -0.732937 -0.477283 -0.773445 0.10444 0.625199 0 0 0 
-1 19.7273 16.7999 11.6611 1 0 0 1 0 0.190937 0 0 0 0 0 0 0 -0.419192 0.67363 -0.608688 -0.469333 -0.73469 -0.489855 -0.777178 0.0803343 0.624132 0 0 0 
-1 19.7252 16.8032 11.6581 1 0 0 1 0 0.190937 0 0 0 0 0 0 0 -0.357442 0.665336 -0.655411 -0.342733 -0.746258 -0.570642 -0.868775 0.0206598 0.494777 0 0 0 
-1 19.7237 16.8066 11.6546 1 0 0 1 0 0.187969 0 0 0 0 0 0 0 -0.332154 0.664459 -0.669453 -0.470014 -0.731951 -0.49329 -0.817778 0.150804 0.555425 0 0 0 
-1 19.7219 16.8099 11.6514 1 0 0 1 0 0.188125 0 0 0 0 0 0 0 -0.389092 0.673452 -0.628545 -0.65542 -0.681843 -0.324829 -0.647327 0.285573 0.706694 0 0 0 
-1 19.7198 16.8134 11.6482 1 0 0 1 0 0.188125 0 0 0 0 0 0 0 -0.398746 0.677655 -0.617888 -0.877273 -0.478177 0.0417061 -0.267198 0.558687 0.785159 0 0 0 
-1 19.7178 16.8167 11.6452 1 0 0 1 0 0.188125 0 0 0 0 0 0 0 -0.399794 0.679849 -0.614793 -0.475331 -0.727266 -0.495121 -0.783725 0.0942832 0.61391 0 0 0 
-1 19.7158 16.8202 11.6421 1 0 0 1 0 0.188125 0 0 0 0 0 0 0 -0.332154 0.669453 -0.664459 0.483806 -0.483806 -0.72929 -0.809695 -0.563706 -0.163187 0 0 0 
-1 19.7145 16.8235 11.6384 1 0 0 1 0 0.188125 0 0 0 0 0 0 0 -0.332322 0.669336 -0.664493 -0.505639 -0.721168 -0.473546 -0.796173 0.178624 0.578103 0 0 0 
-1 19.7125 16.8269 11.6354 1 0 0 1 0 0.189063 0 0 0 0 0 0 0 -0.373904 0.677835 -0.633036 -0.326668 -0.735054 -0.594125 -0.868034 -0.0153531 0.496267 0 0 0 
-1 19.7108 16.8303 11.6321 1 0 0 1 0 0.18875 0 0 0 0 0 0 0 -0.346468 0.677983 -0.648305 -0.881954 -2.0535e-09 0.471335 0.319557 0.735078 0.59795 0 0 0 
-1 19.709 16.8337 11.6288 1 0 0 1 0 0.18875 0 0 0 0 0 0 0 -0.346432 0.678064 -0.648239 0.260441 0.733386 0.627945 0.901197 0.0487125 -0.430664 0 0 0 
-1 19.7072 16.8372 11.6256 1 0 0 1 0 0.18875 0 0 0 0 0 0 0 -0.358507 0.677349 -0.642395 0.775963 0.59879 0.198323 0.518993 -0.427374 -0.740268 0 0 0 
-1 19.7053 16.8405 11.6224 1 0 0 1 0 0.18875 0 0 0 0 0 0 0 -0.362813 0.680882 -0.636213 0.410249 0.729718 0.546999 0.836697 -0.0625472 -0.544082 0 0 0 
-1 19.7036 16.844 11.6192 1 0 0 1 0 0.18875 0 0 0 0 0 0 0 -0.279443 0.67153 -0.686265 0.845443 0.51088 0.155651 0.455123 -0.536703 -0.710502 0 0 0 
-1 19.7025 16.8474 11.6154 1 0 0 1 0 0.186875 0 0 0 0 0 0 0 -0.2848 0.677823 -0.677823 0.467222 0.715584 0.519272 0.837014 -0.168805 -0.520492 0 0 0 
-1 19.7007 16.8509 11.6122 1 0 0 1 0 0.186563 0 0 0 0 0 0 0 -0.367945 0.691414 -0.621742 0.329864 0.722219 0.607939 0.869371 0.0185977 -0.493809 0 0 0 
-1 19.6988 16.8544 11.6091 1 0 0 1 0 0.186563 0 0 0 0 0 0 0 -0.404953 0.689977 -0.599954 0.411513 0.723484 0.554282 0.816499 -0.02243 -0.576911 0 0 0 
-1 19.6967 16.8578 11.6062 1 0 0 1 0 0.186563 0 0 0 0 0 0 0 -0.425307 0.690323 -0.585293 0.366814 0.722681 0.585816 0.827382 0.0344579 -0.560581 0 0 0 
-1 19.6945 16.8612 11.6033 1 0 0 1 0 0.186563 0 0 0 0 0 0 0 -0.279457 0.686225 -0.671564 0.50736 0.699347 0.503487 0.815162 -0.200022 -0.543601 0 0 0 
-1 19.6938 16.8648 11.5994 1 0 0 1 0 0.186563 0 0 0 0 0 0 0 -0.290277 0.688826 -0.664273 0.386642 0.719401 0.577035 0.875356 -0.0893358 -0.475154 0 0 0 
-1 19.6916 16.8682 11.5965 1 0 0 1 0 0.188281 0 0 0 0 0 0 0 -0.434381 0.694003 -0.574172 0.386642 0.719401 0.577035 0.813524 0.0286541 -0.580825 0 0 0 
-1 19.6894 16.8717 11.5936 1 0 0 1 0 0.188437 0 0 0 0 0 0 0 -0.434381 0.694003 -0.574172 1.22308e-14 0.637452 0.77049 0.900729 0.334686 -0.276897 0 0 0 
-1 19.6873 16.8752 11.5908 1 0 0 1 0 0.188437 0 0 0 0 0 0 0 -0.430288 0.695515 -0.575422 -0.80599 -0.0089676 0.591862 0.406489 0.718455 0.564437 0 0 0 
-1 19.6852 16.8787 11.5879 1 0 0 1 0 0.188437 0 0 0 0 0 0 0 -0.428801 0.698133 -0.573358 -0.54201 -0.706562 -0.454968 -0.722741 0.115675 0.681369 0 0 0 
-1 19.6829 16.8822 11.5851 1 0 0 1 0 0.188437 0 0 0 0 0 0 0 -0.41556 0.69591 -0.585679 0.40775 -0.433052 -0.803869 -0.81305 -0.572866 -0.103798 0 0 0 
-1 19.681 16.8857 11.5821 1 0 0 1 0 0.188437 0 0 0 0 0 0 0 -0.409954 0.699836 -0.584951 -0.359468 -0.713379 -0.601559 -0.838284 -0.0363402 0.544021 0 0 0 
-1 19.6789 16.8892 11.5792 1 0 0 1 0 0.197968 0 0 0 0 0 0 0 -0.434135 0.698485 -0.568899 -0.859032 -0.130818 0.494925 0.271275 0.703567 0.656813 0 0 0 
-1 19.6766 16.8927 11.5763 1 0 0 1 0 0.197812 0 0 0 0 0 0 0 -0.430973 0.706564 -0.561275 0.228394 0.687164 0.689668 0.872982 0.169037 -0.457525 0 0 0 
-1 19.6745 16.8962 11.5736 1 0 0 1 0 0.197812 0 0 0 0 0 0 0 -0.398423 0.712327 -0.577797 0.910308 0.230013 -0.344141 -0.11224 -0.663087 -0.74008 0 0 0 
-1 19.6726 16.8998 11.5705 1 0 0 1 0 0.197812 0 0 0 0 0 0 0 -0.400308 0.70073 -0.590535 0.916279 0.315661 -0.246557 0.013639 -0.639793 -0.768426 0 0 0 
-1 19.6706 16.9032 11.5677 1 0 0 1 0 0.197812 0 0 0 0 0 0 0 -0.40054 0.720879 -0.565598 0.618006 0.668277 0.414095 0.676489 -0.183681 -0.713179 0 0 0 
-1 19.6686 16.907 11.5649 1 0 0 1 0 0.197812 0 0 0 0 0 0 0 -0.38866 0.71756 -0.577971 0.40289 0.696493 0.593782 0.828627 -0.00207983 -0.559797 0 0 0 
-1 19.6667 16.9104 11.5619 1 0 0 1 0 0.207656 0 0 0 0 0 0 0 -0.373604 0.717405 -0.588005 0.511056 0.688216 0.514957 0.774107 -0.108113 -0.623755 0 0 0 
-1 19.6649 16.9142 11.559 1 0 0 1 0 0.207813 0 0 0 0 0 0 0 -0.384412 0.718849 -0.579209 -0.21749 0.539237 0.813586 0.897176 0.438725 -0.0509462 0 0 0 
-1 19.6628 16.9177 11.5561 1 0 0 1 0 0.207813 0 0 0 0 0 0 0 -0.416514 0.702562 -0.576995 -0.847558 -0.0704845 0.526002 0.328879 0.708124 0.624819 0 0 0 
-1 19.6607 16.9212 11.5533 1 0 0 1 0 0.207813 0 0 0 0 0 0 0 -0.404116 0.728171 -0.553586 -0.843108 -0.0617968 0.534181 0.354765 0.682604 0.6389 0 0 0 
-1 19.6587 16.9249 11.5506 1 0 0 1 0 0.207813 0 0 0 0 0 0 0 -0.397565 0.740524 -0.541817 -0.915873 -0.284316 0.283447 0.0558517 0.608924 0.79126 0 0 0 
-1 19.6567 16.9286 11.5478 1 0 0 1 0 0.207813 0 0 0 0 0 0 0 -0.399269 0.718867 -0.569046 -0.913877 -0.361852 0.184096 -0.07357 0.593542 0.801433 0 0 0 
-1 19.6548 16.9321 11.5449 1 0 0 1 0 0.216406 0 0 0 0 0 0 0 -0.396421 0.69745 -0.597005 -0.780962 -0.598049 -0.180099 -0.482648 0.394843 0.781761 0 0 0 
-1 19.6528 16.9356 11.5419 1 0 0 1 0 0.21625 0 0 0 0 0 0 0 -0.400351 0.700652 -0.590598 -0.85089 -0.523478 -0.0442288 -0.340154 0.484827 0.805753 0 0 0 
-1 19.6508 16.9391 11.5389 1 0 0 1 0 0.21625 0 0 0 0 0 0 0 -0.407964 0.71147 -0.572167 -0.78791 -0.590972 -0.173061 -0.461263 0.380213 0.80167 0 0 0 
-1 19.6487 16.9428 11.5361 1 0 0 1 0 0.21625 0 0 0 0 0 0 0 -0.404175 0.708335 -0.578709 -0.899944 -0.421071 0.113142 -0.163535 0.566535 0.807648 0 0 0 
-1 19.6467 16.9462 11.5331 1 0 0 1 0 0.21625 0 0 0 0 0 0 0 -0.400563 0.69598 -0.595954 -0.682093 0.207788 0.701123 0.6118 0.68734 0.391491 0 0 0 
-1 19.6447 16.9497 11.5301 1 0 0 1 0 0.21625 0 0 0 0 0 0 0 -0.38605 0.711967 -0.586573 -0.905266 -0.170135 0.389292 0.177366 0.681291 0.7102 0 0 0 
-1 19.6428 16.9534 11.5273 1 0 0 1 0 0.218125 0 0 0 0 0 0 0 -0.373211 0.75629 -0.537344 -0.750915 0.0938892 0.653691 0.544831 0.647464 0.532869 0 0 0 
-1 19.6409 16.9573 11.5247 1 0 0 1 0 0.218281 0 0 0 0 0 0 0 -0.387058 0.739439 -0.550831 -0.883828 -0.127302 0.450157 0.262742 0.661078 0.702811 0 0 0 
-1 19.639 16.9608 11.5217 1 0 0 1 0 0.218281 0 0 0 0 0 0 0 -0.404953 0.689977 -0.599954 -0.913972 -0.286927 0.286927 0.0258302 0.664533 0.746812 0 0 0 
-1 19.6369 16.9642 11.5188 1 0 0 1 0 0.218281 0 0 0 0 0 0 0 -0.405127 0.685235 -0.605248 -0.493642 -0.721163 -0.486047 -0.769539 0.101865 0.630423 0 0 0 
-1 19.6349 16.9676 11.5157 1 0 0 1 0 0.218281 0 0 0 0 0 0 0 -0.399823 0.684518 -0.60957 -0.0352113 -0.67602 -0.736042 -0.915916 -0.272823 0.294391 0 0 0 
-1 19.6329 16.9711 11.5127 1 0 0 1 0 0.218281 0 0 0 0 0 0 0 -0.410691 0.681224 -0.606025 -0.48636 -0.725884 -0.48636 -0.771224 0.0950027 0.629434 0 0 0 
-1 19.6308 16.9745 11.5096 1 0 0 1 0 0.216641 0 0 0 0 0 0 0 -0.405238 0.680537 -0.610452 0.439211 -0.440704 -0.782862 -0.801796 -0.585363 -0.120309 0 0 0 
-1 19.6288 16.9778 11.5065 1 0 0 1 0 0.217187 0 0 0 0 0 0 0 -0.399695 0.68456 -0.609608 -1.20581e-14 -0.66504 -0.746808 -0.916648 -0.298495 0.265813 0 0 0 
-1 19.6268 16.9813 11.5035 1 0 0 1 0 0.217187 0 0 0 0 0 0 0 -0.403911 0.683179 -0.608377 -0.367281 -0.730193 -0.576128 -0.837831 -0.00925852 0.545852 0 0 0 
-1 19.6248 16.9847 11.5005 1 0 0 1 0 0.217187 0 0 0 0 0 0 0 -0.348694 0.68234 -0.642515 -0.219486 -0.725929 -0.651808 -0.911174 -0.0862582 0.402891 0 0 0 
-1 19.6233 16.9881 11.4971 1 0 0 1 0 0.217187 0 0 0 0 0 0 0 -0.334416 0.683604 -0.648731 -0.0878126 -0.707971 -0.700761 -0.938326 -0.177379 0.296786 0 0 0 
-1 19.6214 16.9916 11.4939 1 0 0 1 0 0.217187 0 0 0 0 0 0 0 -0.37514 0.675191 -0.635128 -0.926953 -0.277142 0.252884 -0.00527566 0.683601 0.729837 0 0 0 
-1 19.6195 16.9949 11.4908 1 0 0 1 0 0.208594 0 0 0 0 0 0 0 -0.375093 0.670344 -0.640269 -0.278803 -0.7403 -0.61174 -0.884067 -0.0509507 0.464575 0 0 0 
-1 19.6177 16.9982 11.4876 1 0 0 1 0 0.208906 0 0 0 0 0 0 0 -0.298812 0.67225 -0.677342 -0.480223 -0.719279 -0.50202 -0.82468 0.175266 0.537759 0 0 0 
-1 19.6166 17.0016 11.4839 1 0 0 1 0 0.208906 0 0 0 0 0 0 0 -0.293202 0.671044 -0.680979 -0.198289 -0.739478 -0.643314 -0.935261 -0.0535911 0.349877 0 0 0 
-1 19.6147 17.005 11.4807 1 0 0 1 0 0.208906 0 0 0 0 0 0 0 -0.355423 0.665922 -0.655913 -0.33181 -0.745919 -0.577501 -0.873829 0.0123812 0.486076 0 0 0 
-1 19.613 17.0083 11.4774 1 0 0 1 0 0.208906 0 0 0 0 0 0 0 -0.320087 0.664889 -0.674883 -0.569484 -0.704329 -0.423802 -0.757121 0.248681 0.60409 0 0 0 
-1 19.6115 17.0117 11.474 1 0 0 1 0 0.208906 0 0 0 0 0 0 0 -0.328936 0.667758 -0.667758 -0.174151 -0.737872 -0.652086 -0.928155 -0.0982039 0.359004 0 0 0 
-1 19.6097 17.015 11.4707 1 0 0 1 0 0.196953 0 0 0 0 0 0 0 -0.364187 0.663514 -0.653542 -0.41767 -0.743568 -0.522167 -0.832418 0.0827985 0.547928 0 0 0 
-1 19.6079 17.0183 11.4674 1 0 0 1 0 0.197187 0 0 0 0 0 0 0 -0.324401 0.658855 -0.67873 -0.231946 -0.751034 -0.618182 -0.917041 -0.04311 0.396455 0 0 0 
-1 19.6064 17.0216 11.4639 1 0 0 1 0 0.197187 0 0 0 0 0 0 0 -0.0664091 0.646257 -0.760225 -0.196291 -0.75548 -0.625076 -0.978294 0.107715 0.177025 0 0 0 
-1 19.6072 17.0251 11.4594 1 0 0 1 0 0.197187 0 0 0 0 0 0 0 -0.0234147 0.640907 -0.767261 -0.21506 -0.752733 -0.622208 -0.97632 0.150438 0.155458 0 0 0 
-1 19.6062 17.0285 11.4557 1 0 0 1 0 0.197187 0 0 0 0 0 0 0 -0.269336 0.658123 -0.703088 -0.237161 -0.752909 -0.613907 -0.933388 0.00139816 0.358867 0 0 0 
-1 19.6045 17.0317 11.4523 1 0 0 1 0 0.197187 0 0 0 0 0 0 0 0.358504 0.519502 -0.775624 -0.253045 -0.745668 -0.616399 -0.898578 0.417249 -0.135868 0 0 0 
-1 19.6111 17.0355 11.4451 1 0 0 1 0 0.193594 0 0 0 0 0 0 0 0.751772 0.249474 -0.610412 -0.268543 -0.729615 -0.628925 -0.602266 0.636729 -0.48151 0 0 0 
-1 19.6271 17.0392 11.434 1 0 0 1 0 0.193438 0 0 0 0 0 0 0 0.863406 0.107173 -0.492995 -0.210183 -0.811925 -0.54461 -0.458643 0.573839 -0.678495 0 0 0 
-1 19.6614 17.0418 11.4163 1 0 0 1 0 0.193438 0 0 0 0 0 0 0 0.841959 0.132811 -0.52294 -0.249451 -0.763599 -0.595559 -0.478414 0.631884 -0.609789 0 0 0 
-1 19.6626 17.0448 11.412 1 0 0 1 0 0.193438 0 0 0 0 0 0 0 0.0582351 0.602059 -0.796325 -0.281205 -0.755486 -0.591748 -0.957879 0.258391 0.125306 0 0 0 
-1 19.6621 17.048 11.4081 1 0 0 1 0 0.193438 0 0 0 0 0 0 0 -0.119996 0.639472 -0.759392 -0.371207 -0.738337 -0.563085 -0.920764 0.214324 0.325974 0 0 0 
-1 19.6614 17.0512 11.4044 1 0 0 1 0 0.193438 0 0 0 0 0 0 0 -0.0696842 0.626854 -0.776014 -0.285845 -0.757833 -0.586499 -0.955739 0.18095 0.231992 0 0 0 
-1 19.6614 17.0543 11.4004 1 0 0 1 0 0.189218 0 0 0 0 0 0 0 0.680825 0.270103 -0.680825 0.46062 -0.880597 0.111261 -0.56948 -0.389351 -0.723947 0 0 0 
-1 19.6733 17.0559 11.3925 1 0 0 1 0 0.189063 0 0 0 0 0 0 0 0.678297 0.268377 -0.684022 -0.275507 -0.770107 -0.575353 -0.681182 0.578714 -0.448421 0 0 0 
-1 19.6731 17.0589 11.3885 1 0 0 1 0 0.189063 0 0 0 0 0 0 0 -0.0098483 0.600746 -0.799379 -0.216561 -0.781726 -0.584812 -0.976219 0.167355 0.137797 0 0 0 
-1 19.6732 17.062 11.3844 1 0 0 1 0 0.189063 0 0 0 0 0 0 0 -0.054884 0.607829 -0.792169 0.00498684 -0.793188 -0.608956 -0.99848 -0.0373724 0.0405022 0 0 0 
-1 19.6726 17.0651 11.3805 1 0 0 1 0 0.189063 0 0 0 0 0 0 0 -0.0697291 0.607206 -0.791479 -0.327906 -0.763274 -0.556679 -0.942134 0.220714 0.252329 0 0 0 
-1 19.6725 17.0681 11.3765 1 0 0 1 0 0.189063 0 0 0 0 0 0 0 0.0100087 0.586419 -0.809946 -1.90536e-11 -0.809987 -0.586448 -0.99995 0.00586958 -0.00810691 0 0 0 
-1 19.6726 17.0709 11.3724 1 0 0 1 0 0.189531 0 0 0 0 0 0 0 -0.00500454 0.586441 -0.809977 -0.25264 -0.784452 -0.566399 -0.967547 0.201798 0.152084 0 0 0 
-1 19.6724 17.0739 11.3684 1 0 0 1 0 0.189063 0 0 0 0 0 0 0 -0.0844322 0.60103 -0.794754 -0.19245 -0.792421 -0.57882 -0.977668 0.10408 0.182574 0 0 0 
-1 19.6718 17.077 11.3644 1 0 0 1 0 0.189063 0 0 0 0 0 0 0 -0.114855 0.603981 -0.788679 -0.309704 -0.776134 -0.549272 -0.943871 0.18117 0.276198 0 0 0 
-1 19.6712 17.08 11.3604 1 0 0 1 0 0.189063 0 0 0 0 0 0 0 0.0394044 0.566701 -0.82298 -0.999118 0.0104001 -0.0406764 -0.0144923 0.823858 0.566612 0 0 0 
-1 19.6722 17.0828 11.3561 1 0 0 1 0 0.189063 0 0 0 0 0 0 0 0.0395034 0.561008 -0.826867 -0.184382 -0.80921 -0.557837 -0.982061 0.174496 0.071473 0 0 0 
-1 19.6716 17.0857 11.352 1 0 0 1 0 0.189063 0 0 0 0 0 0 0 -0.11021 0.581011 -0.806399 -0.53274 -0.719479 -0.445576 -0.839072 0.380494 0.388822 0 0 0 
-1 19.6711 17.0886 11.348 1 0 0 1 0 0.189531 0 0 0 0 0 0 0 -0.0948746 0.573968 -0.813363 -0.249255 -0.804719 -0.538794 -0.963779 0.151617 0.219412 0 0 0 
-1 19.6707 17.0914 11.3439 1 0 0 1 0 0.189063 0 0 0 0 0 0 0 -0.0299244 0.562488 -0.826264 0.0455033 -0.82501 -0.563283 -0.998516 -0.0544536 -0.000907101 0 0 0 
-1 19.6708 17.0942 11.3397 1 0 0 1 0 0.189063 0 0 0 0 0 0 0 -0.0600304 0.56059 -0.825915 -0.193541 -0.818242 -0.541314 -0.979254 0.127353 0.157617 0 0 0 
-1 19.6701 17.097 11.3356 1 0 0 1 0 0.189063 0 0 0 0 0 0 0 -0.129466 0.568222 -0.812626 -0.327938 -0.797944 -0.505709 -0.935786 0.201019 0.289649 0 0 0 
-1 19.6695 17.0999 11.3315 1 0 0 1 0 0.189063 0 0 0 0 0 0 0 -0.0347904 0.54515 -0.837616 -0.479968 -0.744255 -0.464452 -0.876596 0.38587 0.287547 0 0 0 
-1 19.6698 17.1026 11.3272 1 0 0 1 0 0.189063 0 0 0 0 0 0 0 -0.0399356 0.547406 -0.835914 -0.263462 -0.812745 -0.519647 -0.963843 0.199479 0.176678 0 0 0 
-1 19.6691 17.1054 11.3231 1 0 0 1 0 0.189531 0 0 0 0 0 0 0 -0.120399 0.56217 -0.818211 -0.906413 -0.398394 -0.140347 -0.404869 0.724739 0.557525 0 0 0 
-1 19.6686 17.1082 11.319 1 0 0 1 0 0.189688 0 0 0 0 0 0 0 -0.099964 0.525154 -0.845115 -0.426189 -0.790107 -0.440561 -0.899094 0.316139 0.302797 0 0 0 
-1 19.6681 17.1107 11.3147 1 0 0 1 0 0.189688 0 0 0 0 0 0 0 -0.0744933 0.516002 -0.853342 0.560874 -0.685864 -0.463693 -0.824543 -0.513159 -0.23832 0 0 0 
-1 19.6678 17.1133 11.3104 1 0 0 1 0 0.189688 0 0 0 0 0 0 0 -0.0646537 0.522086 -0.850439 0.465683 -0.737951 -0.488433 -0.882587 -0.427614 -0.195415 0 0 0 
-1 19.6674 17.1159 11.3062 1 0 0 1 0 0.189688 0 0 0 0 0 0 0 -0.114244 0.497182 -0.860092 -0.407549 -0.813011 -0.415832 -0.906009 0.303024 0.295508 0 0 0 
-1 19.6667 17.1184 11.3018 1 0 0 1 0 0.189688 0 0 0 0 0 0 0 -0.15901 0.51159 -0.844388 -0.982012 -0.17017 0.0818249 -0.101829 0.84221 0.529446 0 0 0 
-1 19.6658 17.121 11.2977 1 0 0 1 0 0.189844 0 0 0 0 0 0 0 -0.14344 0.390501 -0.909359 -0.984778 0.0348272 0.170292 0.0981697 0.919944 0.379561 0 0 0 
-1 19.6652 17.1223 11.2926 1 0 0 1 0 0.189688 0 0 0 0 0 0 0 -0.164338 0.132558 -0.977457 -0.797093 0.565884 0.210756 0.581065 0.813759 0.0126644 0 0 0 
-1 19.6641 17.1225 11.287 1 0 0 1 0 0.189688 0 0 0 0 0 0 0 -0.0891861 0.234866 -0.967928 -0.76481 -0.63869 -0.0845067 -0.638053 0.732744 0.23659 0 0 0 
-1 19.6642 17.1248 11.2823 1 0 0 1 0 0.189688 0 0 0 0 0 0 0 -0.0996933 0.246915 -0.963895 -0.814656 0.535958 0.221551 0.571312 0.80733 0.147719 0 0 0 
-1 19.663 17.1251 11.2768 1 0 0 1 0 0.189688 0 0 0 0 0 0 0 -0.251742 0.0173478 -0.967639 -0.951226 0.179781 0.250695 0.178312 0.983554 -0.0287568 0 0 0 
-1 19.6614 17.125 11.2712 1 0 0 1 0 0.189688 0 0 0 0 0 0 0 -0.302339 -0.381745 -0.873419 -0.905804 -0.170282 0.387974 -0.296835 0.908446 -0.294303 0 0 0 
-1 19.6581 17.1189 11.2625 1 0 0 1 0 0.189844 0 0 0 0 0 0 0 -0.321199 -0.321199 -0.890877 -0.945275 0.0517893 0.322139 -0.0573329 0.945595 -0.320256 0 0 0 
-1 19.6565 17.1202 11.2577 1 0 0 1 0 0.19 0 0 0 0 0 0 0 -0.307949 0.184625 -0.933317 -0.483735 0.814342 0.320699 0.819248 0.550237 -0.161467 0 0 0 
-1 19.6548 17.1208 11.2526 1 0 0 1 0 0.19 0 0 0 0 0 0 0 -0.3199 0.176557 -0.930856 -0.940975 -0.173885 0.290396 -0.11059 0.968809 0.221761 0 0 0 
-1 19.6531 17.122 11.2479 1 0 0 1 0 0.19 0 0 0 0 0 0 0 -0.325377 0.228327 -0.917604 -0.93977 0.0293678 0.340544 0.104703 0.973142 0.205019 0 0 0 
-1 19.6514 17.1231 11.2432 1 0 0 1 0 0.19 0 0 0 0 0 0 0 -0.324889 0.232825 -0.916646 -0.653773 -0.755644 0.0397876 -0.683394 0.612205 0.397715 0 0 0 
-1 19.6498 17.1244 11.2385 1 0 0 1 0 0.19 0 0 0 0 0 0 0 -0.331813 0.23903 -0.91256 -0.908891 0.178048 0.377116 0.252621 0.954549 0.158174 0 0 0 
-1 19.6481 17.1256 11.2339 1 0 0 1 0 0.19 0 0 0 0 0 0 0 -0.35742 0.133342 -0.924376 -0.9169 0.138126 0.374454 0.177611 0.981398 0.0728921 0 0 0 
-1 19.646 17.1258 11.2288 1 0 0 1 0 0.19 0 0 0 0 0 0 0 -0.368102 0.0699521 -0.92715 -0.925621 0.066698 0.372527 0.0878982 0.995318 0.0401975 0 0 0 
-1 19.6441 17.1264 11.2239 1 0 0 1 0 0.19 0 0 0 0 0 0 0 -0.37662 -0.0656211 -0.924041 -0.926141 0.0487644 0.374012 0.0205172 0.996652 -0.07914 0 0 0 
-1 19.6418 17.125 11.2183 1 0 0 1 0 0.19 0 0 0 0 0 0 0 -0.372056 -0.280982 -0.88466 -0.921912 0.00101825 0.387399 -0.107951 0.959712 -0.25942 0 0 0 
-1 19.6392 17.1227 11.2122 1 0 0 1 0 0.19 0 0 0 0 0 0 0 -0.320533 -0.563623 -0.761307 -0.891151 -0.0930218 0.444069 -0.321105 0.820778 -0.472456 0 0 0 
-1 19.6357 17.1145 11.204 1 0 0 1 0 0.19 0 0 0 0 0 0 0 -0.354641 -0.467651 -0.80965 -0.903884 -0.0500693 0.424837 -0.239214 0.882494 -0.404946 0 0 0 
-1 19.6335 17.1152 11.1994 1 0 0 1 0 0.19 0 0 0 0 0 0 0 -0.42493 -0.00930195 -0.905178 -0.89862 -0.116248 0.423046 -0.10916 0.993177 0.0410383 0 0 0 
-1 19.6311 17.1144 11.1942 1 0 0 1 0 0.19 0 0 0 0 0 0 0 -0.431266 0.0569815 -0.900424 -0.897708 -0.126839 0.421939 -0.0901662 0.990285 0.105854 0 0 0 
-1 19.629 17.1158 11.1898 1 0 0 1 0 0.19 0 0 0 0 0 0 0 -0.439857 0.202732 -0.874886 -0.889105 0.0389856 0.456039 0.126562 0.978458 0.163102 0 0 0 
-1 19.6267 17.1165 11.1854 1 0 0 1 0 0.19 0 0 0 0 0 0 0 -0.45087 0.0969214 -0.887312 -0.891618 -0.00253348 0.452781 0.0416362 0.995289 0.0875592 0 0 0 
-1 19.6243 17.1168 11.1807 1 0 0 1 0 0.19 0 0 0 0 0 0 0 -0.452741 -0.00940243 -0.891592 -0.89081 0.0479593 0.451838 0.0385117 0.998805 -0.0300889 0 0 0 
-1 19.6219 17.1164 11.1758 1 0 0 1 0 0.19 0 0 0 0 0 0 0 -0.454093 -0.129081 -0.881554 -0.890635 0.0392774 0.453019 -0.0238509 0.990856 -0.1328 0 0 0 
-1 19.6193 17.1154 11.1708 1 0 0 1 0 0.19 0 0 0 0 0 0 0 -0.450182 -0.216538 -0.866283 -0.883253 0.250477 0.396391 0.13115 0.943596 -0.304018 0 0 0 
-1 19.6166 17.1138 11.1656 1 0 0 1 0 0.19 0 0 0 0 0 0 0 -0.453789 -0.243756 -0.857122 -0.866549 -0.103558 0.488231 -0.207771 0.964292 -0.164233 0 0 0 
-1 19.6138 17.1124 11.1606 1 0 0 1 0 0.19 0 0 0 0 0 0 0 -0.479249 -0.100447 -0.871912 -0.87231 -0.0552042 0.485827 -0.0969331 0.99341 -0.0611646 0 0 0 
-1 19.6113 17.1127 11.156 1 0 0 1 0 0.19 0 0 0 0 0 0 0 -0.488549 0.058006 -0.870606 -0.869393 0.0522539 0.49135 0.0739938 0.996948 0.0249014 0 0 0 
-1 19.6088 17.113 11.1516 1 0 0 1 0 0.19 0 0 0 0 0 0 0 -0.48316 0.118383 -0.867492 -0.849564 0.176129 0.497211 0.211652 0.977223 0.0154756 0 0 0 
-1 19.6064 17.1139 11.1473 1 0 0 1 0 0.19 0 0 0 0 0 0 0 -0.477679 0.142943 -0.866827 -0.8739 0.0239008 0.485518 0.0901193 0.989442 0.113501 0 0 0 
-1 19.604 17.1145 11.1428 1 0 0 1 0 0.19 0 0 0 0 0 0 0 -0.485019 0.0238918 -0.874177 -0.278471 0.943372 0.180287 0.828982 0.330876 -0.4509 0 0 0 
-1 19.6014 17.1141 11.1382 1 0 0 1 0 0.19 0 0 0 0 0 0 0 -0.496538 0.019273 -0.867801 -0.855952 -0.17697 0.485828 -0.144212 0.984027 0.104369 0 0 0 
-1 19.5988 17.1147 11.1338 1 0 0 1 0 0.19 0 0 0 0 0 0 0 -0.503726 0.073432 -0.860737 -0.850989 0.129202 0.509044 0.148589 0.988896 -0.00259248 0 0 0 
-1 19.5962 17.1149 11.1294 1 0 0 1 0 0.19 0 0 0 0 0 0 0 -0.511678 0.0144342 -0.859056 -0.370266 0.898542 0.235638 0.775299 0.43865 -0.45442 0 0 0 
-1 19.5935 17.1148 11.1249 1 0 0 1 0 0.19 0 0 0 0 0 0 0 -0.412911 0.0680281 -0.908227 0.0228472 0.997666 0.0643402 0.910485 0.0058163 -0.413502 0 0 0 
-1 19.5919 17.1156 11.12 1 0 0 1 0 0.19 0 0 0 0 0 0 0 0.0666423 0.062694 -0.995805 0.618094 0.780874 0.090527 0.783274 -0.621534 0.0132885 0 0 0 
-1 19.5943 17.1157 11.1122 1 0 0 1 0 0.19 0 0 0 0 0 0 0 0.238135 -0.0762458 -0.968235 0.405192 0.913812 0.0276959 0.882673 -0.398917 0.248505 0 0 0 
-1 19.5957 17.1144 11.1047 1 0 0 1 0 0.19 0 0 0 0 0 0 0 0.117287 -0.0219144 -0.992856 -0.893612 0.43382 -0.115138 0.433244 0.900733 0.0312984 0 0 0 
-1 19.596 17.1154 11.0986 1 0 0 1 0 0.19 0 0 0 0 0 0 0 0.134727 0.0145621 -0.990776 0.149914 0.988083 0.034908 0.979477 -0.153234 0.130938 0 0 0 
-1 19.5975 17.1146 11.0912 1 0 0 1 0 0.19 0 0 0 0 0 0 0 0.443093 -0.0355805 -0.895769 -0.714848 0.588955 -0.376994 0.540981 0.807382 0.235527 0 0 0 
-1 19.6053 17.1146 11.0798 1 0 0 1 0 0.19 0 0 0 0 0 0 0 0.38079 -0.124322 -0.916266 -0.0238832 0.989267 -0.144153 0.924353 0.0767753 0.373734 0 0 0 
-1 19.6051 17.1122 11.0731 1 0 0 1 0 0.19 0 0 0 0 0 0 0 -0.0194506 -0.144626 -0.989295 0.966535 0.250433 -0.0556143 0.255796 -0.95727 0.134915 0 0 0 
-1 19.6051 17.1128 11.0671 1 0 0 1 0 0.19 0 0 0 0 0 0 0 -0.0640103 0.0255 -0.997623 -0.0795699 0.99636 0.0305732 0.994772 0.0813378 -0.0617483 0 0 0 
-1 19.6043 17.1124 11.0614 1 0 0 1 0 0.19 0 0 0 0 0 0 0 -0.306327 0.00474591 -0.951915 0.657422 0.724261 -0.207948 0.688447 -0.68951 -0.224981 0 0 0 
-1 19.6018 17.1128 11.057 1 0 0 1 0 0.19 0 0 0 0 0 0 0 -0.429374 0.133285 -0.893237 0.901057 -0.0036905 -0.433684 -0.0611002 -0.991071 -0.118513 0 0 0 
-1 19.5999 17.1138 11.0524 1 0 0 1 0 0.19 0 0 0 0 0 0 0 -0.425336 0.187915 -0.885312 0.78965 -0.400899 -0.464471 -0.442202 -0.896643 0.0221301 0 0 0 
-1 19.5975 17.1147 11.048 1 0 0 1 0 0.19 0 0 0 0 0 0 0 -0.430173 0.178044 -0.885015 -0.214053 -0.972517 -0.0916044 -0.877002 0.150034 0.456461 0 0 0 
-1 19.5956 17.1156 11.0434 1 0 0 1 0 0.19 0 0 0 0 0 0 0 -0.292327 0.153256 -0.943958 -0.288022 -0.955353 -0.0659108 -0.911915 0.252613 0.323417 0 0 0 
-1 19.5944 17.1163 11.0382 1 0 0 1 0 0.19 0 0 0 0 0 0 0 -0.270995 0.147327 -0.951239 -0.0852399 -0.988008 -0.128738 -0.958799 0.0461962 0.280303 0 0 0 
-1 19.5928 17.1171 11.0334 1 0 0 1 0 0.19 0 0 0 0 0 0 0 -0.424078 0.152897 -0.892626 -0.0479347 -0.988053 -0.146469 -0.904356 -0.0193266 0.426341 0 0 0 
-1 19.5902 17.1178 11.0292 1 0 0 1 0 0.19 0 0 0 0 0 0 0 -0.524067 0.149712 -0.838415 0.0670326 -0.974124 -0.215844 -0.849035 -0.169318 0.500471 0 0 0 
-1 19.5875 17.1186 11.025 1 0 0 1 0 0.19 0 0 0 0 0 0 0 -0.498784 0.154643 -0.852819 -0.251084 -0.967543 -0.0285955 -0.829561 0.199866 0.521423 0 0 0 
-1 19.5851 17.1194 11.0206 1 0 0 1 0 0.19 0 0 0 0 0 0 0 -0.387768 0.127609 -0.912881 -0.272899 -0.961864 -0.0185353 -0.880433 0.241937 0.407805 0 0 0 
-1 19.5835 17.1199 11.0157 1 0 0 1 0 0.19 0 0 0 0 0 0 0 -0.330185 0.111741 -0.937279 -0.127316 -0.989167 -0.0730764 -0.935291 0.0952017 0.340835 0 0 0 
-1 19.5818 17.1206 11.011 1 0 0 1 0 0.19 0 0 0 0 0 0 0 -0.400051 0.118629 -0.908783 -0.0598847 -0.992852 -0.103241 -0.914534 0.0131204 0.404296 0 0 0 
-1 19.5795 17.1212 11.0065 1 0 0 1 0 0.19 0 0 0 0 0 0 0 -0.477578 0.119319 -0.870449 -0.403025 -0.910101 0.0963685 -0.780698 0.396836 0.482733 0 0 0 
-1 19.577 17.1217 11.0022 1 0 0 1 0 0.19 0 0 0 0 0 0 0 -0.458452 0.109633 -0.881931 -0.20142 -0.979357 -0.0170407 -0.865593 0.169826 0.47107 0 0 0 
-1 19.5749 17.1222 10.9977 1 0 0 1 0 0.19 0 0 0 0 0 0 0 -0.267687 0.0717722 -0.960829 -0.129082 -0.990903 -0.0380564 -0.95482 0.113839 0.274517 0 0 0 
-1 19.5742 17.1225 10.9922 1 0 0 1 0 0.19 0 0 0 0 0 0 0 -0.313714 0.0772128 -0.946373 -0.150306 -0.98816 -0.0307971 -0.937546 0.132584 0.321605 0 0 0 
-1 19.5717 17.1231 10.9879 1 0 0 1 0 0.19 0 0 0 0 0 0 0 -0.513115 0.104599 -0.851923 -0.838384 -0.273758 0.471348 -0.183918 0.956094 0.228164 0 0 0 
-1 19.569 17.1236 10.9836 1 0 0 1 0 0.19 0 0 0 0 0 0 0 -0.51026 0.0900549 -0.855292 -0.211301 -0.977146 0.0231752 -0.833659 0.192549 0.517627 0 0 0 
-1 19.5665 17.124 10.9793 1 0 0 1 0 0.19 0 0 0 0 0 0 0 -0.307229 0.0438898 -0.950623 -0.245107 -0.968883 0.0344824 -0.919529 0.243598 0.308426 0 0 0 
-1 19.5658 17.124 10.9739 1 0 0 1 0 0.19 0 0 0 0 0 0 0 -0.0705708 -0.0176427 -0.997351 -0.0478292 -0.998634 0.0210497 -0.996359 0.049188 0.0696305 0 0 0 
-1 19.5658 17.1238 10.968 1 0 0 1 0 0.19 0 0 0 0 0 0 0 -0.146454 -0.0138348 -0.989121 -0.182854 -0.982293 0.0408134 -0.972171 0.186842 0.141331 0 0 0 
-1 19.5643 17.1238 10.963 1 0 0 1 0 0.19 0 0 0 0 0 0 0 -0.316168 0.0194451 -0.948504 -0.768872 -0.590943 0.244176 -0.555764 0.806479 0.201788 0 0 0 
-1 19.5625 17.124 10.9583 1 0 0 1 0 0.19 0 0 0 0 0 0 0 -0.306089 0.0048915 -0.95199 0.210784 -0.97482 -0.0727812 -0.928375 -0.222942 0.297351 0 0 0 
-1 19.5611 17.1239 10.9532 1 0 0 1 0 0.19 0 0 0 0 0 0 0 -0.32638 0 -0.945239 -0 -1 -0 -0.945239 -0 0.32638 0 0 0 
-1 19.5592 17.124 10.9485 1 0 0 1 0 0.19 0 0 0 0 0 0 0 -0.343995 0 -0.938972 -0 -1 -0 -0.938972 -0 0.343995 0 0 0 
-1 19.5576 17.1239 10.9437 1 0 0 1 0 0.19 0 0 0 0 0 0 0 -0.366307 0 -0.930494 -0.273756 -0.955742 0.107769 -0.889313 0.294205 0.350095 0 0 0 
-1 19.5555 17.124 10.9391 1 0 0 1 0 0.19 0 0 0 0 0 0 0 -0.188591 -0.0565341 -0.980427 -0.315741 -0.941845 0.115044 -0.929915 0.331257 0.159773 0 0 0 
-1 19.5556 17.1233 10.9333 1 0 0 1 0 0.19 0 0 0 0 0 0 0 -0.114552 -0.082522 -0.989984 -0.188587 -0.976616 0.103229 -0.975353 0.198523 0.0963105 0 0 0 
-1 19.5542 17.1231 10.9284 1 0 0 1 0 0.19 0 0 0 0 0 0 0 -0.234302 -0.0573354 -0.970472 0.645007 -0.756064 -0.111057 -0.727371 -0.651982 0.214129 0 0 0 
-1 19.5532 17.1227 10.9232 1 0 0 1 0 0.19 0 0 0 0 0 0 0 -0.239893 -0.0623518 -0.968795 -0.472086 -0.864503 0.172538 -0.848284 0.498745 0.177953 0 0 0 
-1 19.5517 17.1224 10.9183 1 0 0 1 0 0.19 0 0 0 0 0 0 0 -0.319158 -0.0148341 -0.947585 -0.874189 0.390724 0.288321 0.365968 0.920388 -0.137671 0 0 0 
-1 19.5499 17.1225 10.9135 1 0 0 1 0 0.19 0 0 0 0 0 0 0 -0.253706 0.138757 -0.957277 -0.586364 0.765026 0.266294 0.769292 0.628874 -0.11273 0 0 0 
-1 19.549 17.1238 10.9082 1 0 0 1 0 0.19 0 0 0 0 0 0 0 -0.286399 0.111715 -0.951575 -0.183012 0.968513 0.168785 0.940469 0.22249 -0.256936 0 0 0 
-1 19.5469 17.1237 10.9037 1 0 0 1 0 0.19 0 0 0 0 0 0 0 -0.415792 0.0793208 -0.905994 0.628194 0.745403 -0.223039 0.657639 -0.661878 -0.359761 0 0 0 
-1 19.5448 17.1247 10.8991 1 0 0 1 0 0.19 0 0 0 0 0 0 0 -0.435037 0.0988377 -0.894972 0.852162 -0.275813 -0.444687 -0.290796 -0.956116 0.0357628 0 0 0 
-1 19.5426 17.1247 10.8947 1 0 0 1 0 0.19 0 0 0 0 0 0 0 -0.465169 -0.0100726 -0.885164 0.875429 -0.153556 -0.458306 -0.131306 -0.988089 0.0802474 0 0 0 
-1 19.5402 17.1245 10.8902 1 0 0 1 0 0.19 0 0 0 0 0 0 0 -0.467097 -0.0249793 -0.883853 0.793404 0.42939 -0.431433 0.390294 -0.902774 -0.180748 0 0 0 
-1 19.5379 17.1245 10.8858 1 0 0 1 0 0.19 0 0 0 0 0 0 0 -0.464894 -0.0300572 -0.884856 0.814784 -0.405562 -0.414303 -0.346411 -0.913573 0.213034 0 0 0 
-1 19.5355 17.1242 10.8814 1 0 0 1 0 0.19 0 0 0 0 0 0 0 -0.459153 -0.0150767 -0.888229 0.463884 0.848642 -0.254201 0.757621 -0.528752 -0.382663 0 0 0 
-1 19.5333 17.1243 10.877 1 0 0 1 0 0.19 0 0 0 0 0 0 0 -0.445029 -0.0248764 -0.895171 -0.705417 0.625533 0.33331 0.551667 0.779801 -0.295929 0 0 0 
-1 19.5311 17.124 10.8724 1 0 0 1 0 0.19 0 0 0 0 0 0 0 -0.427213 0 -0.904151 -0.876207 0.246694 0.414009 0.223049 0.969093 -0.105391 0 0 0 
-1 19.529 17.1243 10.8678 1 0 0 1 0 0.19 0 0 0 0 0 0 0 -0.410228 0.0690751 -0.909363 -0.832157 0.379617 0.404234 0.373132 0.922561 -0.0982481 0 0 0 
-1 19.527 17.1247 10.8632 1 0 0 1 0 0.19 0 0 0 0 0 0 0 -0.435077 0.00503773 -0.900379 -0.850207 0.326893 0.412661 0.296407 0.945048 -0.137941 0 0 0 
-1 19.5247 17.1243 10.8589 1 0 0 1 0 0.19 0 0 0 0 0 0 0 -0.454408 -0.0598868 -0.888778 -0.00101082 0.997772 -0.0667141 0.890793 -0.029417 -0.453456 0 0 0 
-1 19.5224 17.1241 10.8544 1 0 0 1 0 0.19 0 0 0 0 0 0 0 -0.450374 -0.0600193 -0.890821 -0.562708 0.793721 0.231012 0.693197 0.605314 -0.391244 0 0 0 
-1 19.5202 17.1238 10.8499 1 0 0 1 0 0.19 0 0 0 0 0 0 0 -0.456272 -0.0651817 -0.88745 -0.490939 0.850231 0.189963 0.742155 0.522359 -0.419937 0 0 0 
-1 19.5178 17.1234 10.8455 1 0 0 1 0 0.19 0 0 0 0 0 0 0 -0.448542 -0.0597549 -0.891762 -0.780211 0.512894 0.358066 0.435983 0.85637 -0.276676 0 0 0 
-1 19.5156 17.1231 10.841 1 0 0 1 0 0.1875 0 0 0 0 0 0 0 -0.417106 0 -0.908858 -0.538172 -0.805834 0.246986 -0.732389 0.592141 0.336118 0 0 0 
-1 19.5137 17.1234 10.8364 1 0 0 1 0 0.1875 0 0 0 0 0 0 0 -0.423105 0.00486153 -0.906068 -0.843322 0.363573 0.395756 0.331346 0.931553 -0.14973 0 0 0 
-1 19.5114 17.1232 10.8319 1 0 0 1 0 0.1875 0 0 0 0 0 0 0 -0.449919 -0.0749103 -0.889922 -0.89264 0.00682907 0.450719 -0.0276861 0.997167 -0.0699404 0 0 0 
-1 19.5092 17.1227 10.8274 1 0 0 1 0 0.1875 0 0 0 0 0 0 0 -0.449775 -0.0799193 -0.889559 -0.891833 -0.0137205 0.452157 -0.0483412 0.996707 -0.0651035 0 0 0 
-1 19.5069 17.1224 10.823 1 0 0 1 0 0.1875 0 0 0 0 0 0 0 -0.450231 -0.0700529 -0.89016 -0.796175 -0.419813 0.435733 -0.404225 0.904903 0.133238 0 0 0 
-1 19.5047 17.122 10.8186 1 0 0 1 0 0.1875 0 0 0 0 0 0 0 -0.445716 -0.0800943 -0.891584 -0.444127 0.884549 0.142563 0.777231 0.45952 -0.429829 0 0 0 
-1 19.5025 17.1216 10.8141 1 0 0 1 0 0.18875 0 0 0 0 0 0 0 -0.428108 -0.0697309 -0.901033 -0.847943 0.375859 0.373796 0.312596 0.92405 -0.220036 0 0 0 
-1 19.5003 17.1213 10.8095 1 0 0 1 0 0.18875 0 0 0 0 0 0 0 -0.40706 -0.00999849 -0.913347 -0.279686 0.953274 0.114215 0.869527 0.301943 -0.390836 0 0 0 
-1 19.4984 17.1215 10.8049 1 0 0 1 0 0.18875 0 0 0 0 0 0 0 -0.392632 -0.00500652 -0.919682 -0.919695 0.00246049 0.392625 0.000297183 0.999984 -0.00557054 0 0 0 
-1 19.4964 17.1213 10.8003 1 0 0 1 0 0.18875 0 0 0 0 0 0 0 -0.392256 -0.0495433 -0.918521 -0.675135 0.693716 0.2509 0.624763 0.718542 -0.305563 0 0 0 
-1 19.4944 17.121 10.7956 1 0 0 1 0 0.18875 0 0 0 0 0 0 0 -0.409768 -0.0698451 -0.909512 -0.846332 -0.342866 0.407634 -0.340312 0.936784 0.0813835 0 0 0 
-1 19.4923 17.1206 10.7912 1 0 0 1 0 0.18875 0 0 0 0 0 0 0 -0.389047 -0.124812 -0.912724 -0.890596 0.304289 0.338005 0.235545 0.944368 -0.22954 0 0 0 
-1 19.4905 17.1197 10.7865 1 0 0 1 0 0.186875 0 0 0 0 0 0 0 -0.378717 -0.084683 -0.92163 -0.767277 0.585586 0.261484 0.517551 0.806175 -0.286747 0 0 0 
-1 19.4885 17.1197 10.7819 1 0 0 1 0 0.186875 0 0 0 0 0 0 0 -0.319189 0.00494519 -0.947678 -0.844607 0.452067 0.286833 0.429833 0.89197 -0.140118 0 0 0 
-1 19.4872 17.1198 10.7768 1 0 0 1 0 0.186875 0 0 0 0 0 0 0 -0.0908109 0.407021 -0.908893 -0.843533 0.45368 0.287448 0.529344 0.792785 0.302137 0 0 0 
-1 19.4874 17.1249 10.7704 1 0 0 1 0 0.186875 0 0 0 0 0 0 0 -0.129715 0.347268 -0.928751 -0.940682 0.253062 0.226003 0.313515 0.902975 0.293843 0 0 0 
-1 19.4857 17.124 10.7657 1 0 0 1 0 0.186875 0 0 0 0 0 0 0 -0.259556 -0.107737 -0.9597 -0.615458 0.78426 0.0784116 0.744206 0.611007 -0.269867 0 0 0 
-1 19.4847 17.1238 10.7606 1 0 0 1 0 0.186875 0 0 0 0 0 0 0 -0.185803 -0.0476867 -0.981429 0.159908 0.984039 -0.0780871 0.969488 -0.171447 -0.175212 0 0 0 
-1 19.4837 17.1234 10.7554 1 0 0 1 0 0.133125 0 0 0 0 0 0 0 -0.261663 -0.0340207 -0.964559 -0.0691423 0.997472 -0.0164247 0.962679 0.0623941 -0.263354 0 0 0 
-1 19.482 17.1234 10.7507 1 0 0 1 0 0.133125 0 0 0 0 0 0 0 -0.343753 -0.0392775 -0.938238 0.848798 0.414414 -0.328333 0.401715 -0.90924 -0.109118 0 0 0 
-1 19.4803 17.1231 10.7459 1 0 0 1 0 0.133125 0 0 0 0 0 0 0 -0.319276 -0.0932347 -0.943064 0.640746 -0.754443 -0.142339 -0.698217 -0.64971 0.300616 0 0 0 
-1 19.4788 17.1224 10.741 1 0 0 1 0 0.133125 0 0 0 0 0 0 0 -0.346496 -0.118721 -0.930509 0.714163 0.60977 -0.343733 0.608204 -0.783637 -0.126497 0 0 0 
-1 19.4767 17.1219 10.7365 1 0 0 1 0 0.133125 0 0 0 0 0 0 0 -0.372677 -0.0844511 -0.92411 0.831313 0.412131 -0.372916 0.412347 -0.907203 -0.083386 0 0 0 
-1 19.475 17.1216 10.7317 1 0 0 1 0 0.133125 0 0 0 0 0 0 0 -0.377164 -0.074524 -0.923143 0.788297 0.497376 -0.362223 0.486144 -0.864328 -0.128845 0 0 0 
-1 19.4729 17.1211 10.7272 1 0 0 1 0 0.10875 0 0 0 0 0 0 0 -0.325337 -0.162743 -0.931488 0.907423 -0.330806 -0.259135 -0.26597 -0.92956 0.2553 0 0 0 
-1 19.4717 17.1199 10.7223 1 0 0 1 0 0.108594 0 0 0 0 0 0 0 -0.315203 -0.128004 -0.940352 0.906417 0.252956 -0.338262 0.281166 -0.958973 0.0362929 0 0 0 
-1 19.4697 17.1198 10.7176 1 0 0 1 0 0.108594 0 0 0 0 0 0 0 -0.325085 -0.093526 -0.941049 0.429908 0.871714 -0.235147 0.842317 -0.481007 -0.243174 0 0 0 
-1 19.4684 17.119 10.7128 1 0 0 1 0 0.108594 0 0 0 0 0 0 0 -0.308623 -0.102874 -0.945605 0.950547 0.00303536 -0.310566 0.0348194 -0.99469 0.09685 0 0 0 
-1 19.4666 17.1187 10.708 1 0 0 1 0 0.108594 0 0 0 0 0 0 0 -0.309748 -0.0638996 -0.948669 0.950518 -0.0459171 -0.307259 -0.0239265 -0.996899 0.0749604 0 0 0 
-1 19.4653 17.1184 10.7031 1 0 0 1 0 0.108594 0 0 0 0 0 0 0 -0.307365 0.00491426 -0.951579 0.123031 -0.991388 -0.0448595 -0.943605 -0.130862 0.304113 0 0 0 
-1 19.4635 17.1188 10.6982 1 0 0 1 0 0.0933595 0 0 0 0 0 0 0 -0.342558 0 -0.939497 0.93936 0.017024 -0.342509 0.015994 -0.999855 -0.0058317 0 0 0 
-1 19.4618 17.1184 10.6935 1 0 0 1 0 0.0935155 0 0 0 0 0 0 0 -0.336706 -0.143655 -0.930587 0.524222 0.792371 -0.311993 0.782189 -0.592885 -0.191489 0 0 0 
-1 19.46 17.1173 10.6888 1 0 0 1 0 0.0935155 0 0 0 0 0 0 0 -0.356293 -0.128682 -0.925471 0.0503357 0.98639 -0.156531 0.933017 -0.102355 -0.344966 0 0 0 
-1 19.4581 17.1171 10.6841 1 0 0 1 0 0.0935155 0 0 0 0 0 0 0 -0.282369 -0.13628 -0.949577 -0.443795 0.896122 0.0033595 0.850479 0.422365 -0.313517 0 0 0 
-1 19.4571 17.1159 10.6791 1 0 0 1 0 0.0935155 0 0 0 0 0 0 0 -0.263403 -0.126862 -0.956308 0.539258 0.802604 -0.255004 0.799887 -0.582866 -0.142997 0 0 0 
-1 19.4555 17.1157 10.6743 1 0 0 1 0 0.0935155 0 0 0 0 0 0 0 -0.314961 -0.0886157 -0.944959 -0.354842 0.934424 0.0306434 0.880277 0.344962 -0.325752 0 0 0 
-1 19.454 17.115 10.6695 1 0 0 1 0 0.088633 0 0 0 0 0 0 0 -0.367469 -0.109256 -0.923596 -0.869474 0.392858 0.299463 0.330124 0.913086 -0.239358 0 0 0 
-1 19.4517 17.1147 10.665 1 0 0 1 0 0.0884765 0 0 0 0 0 0 0 -0.378116 -0.139194 -0.915234 -0.587425 -0.728034 0.353409 -0.715514 0.671261 0.193515 0 0 0 
-1 19.4501 17.1137 10.6603 1 0 0 1 0 0.0884765 0 0 0 0 0 0 0 -0.325441 -0.18732 -0.926822 -0.148369 -0.957923 0.245704 -0.933849 0.217474 0.283955 0 0 0 
-1 19.4485 17.1128 10.6557 1 0 0 1 0 0.0884765 0 0 0 0 0 0 0 -0.28483 -0.196533 -0.938215 -0.309562 -0.907456 0.284068 -0.907217 0.371347 0.197632 0 0 0 
-1 19.4473 17.1117 10.6508 1 0 0 1 0 0.0884765 0 0 0 0 0 0 0 -0.340936 -0.172956 -0.92404 -0.310494 -0.907053 0.284337 -0.887331 0.38385 0.255545 0 0 0 
-1 19.445 17.111 10.6463 1 0 0 1 0 0.0884765 0 0 0 0 0 0 0 -0.425113 -0.135041 -0.89501 -0.288678 -0.916942 0.275467 -0.857872 0.375474 0.35082 0 0 0 
-1 19.443 17.1103 10.6418 1 0 0 1 0 0.0898635 0 0 0 0 0 0 0 -0.321567 -0.178145 -0.929978 0.236141 -0.966199 0.103431 -0.916969 -0.186346 0.352765 0 0 0 
-1 19.4417 17.1092 10.6369 1 0 0 1 0 0.0865625 0 0 0 0 0 0 0 -0.314175 -0.176639 -0.932787 0.0697538 -0.984178 0.162877 -0.946799 -0.0138936 0.321526 0 0 0 
-1 19.4398 17.1085 10.6323 1 0 0 1 0 0.0865625 0 0 0 0 0 0 0 -0.278703 -0.175999 -0.944113 -0.362852 -0.8909 0.273194 -0.889192 0.418713 0.184435 0 0 0 
-1 19.4389 17.1074 10.6272 1 0 0 1 0 0.0865625 0 0 0 0 0 0 0 -0.305981 -0.163009 -0.937979 -0.439925 -0.849529 0.291146 -0.8443 0.501725 0.188228 0 0 0 
-1 19.4367 17.1068 10.6228 1 0 0 1 0 0.0865625 0 0 0 0 0 0 0 -0.344384 -0.139825 -0.928358 -0.0552985 -0.984109 0.168735 -0.937199 0.109446 0.331179 0 0 0 
-1 19.4355 17.106 10.6179 1 0 0 1 0 0.0865625 0 0 0 0 0 0 0 -0.271166 -0.14784 -0.951111 -0.377658 -0.892556 0.24641 -0.885349 0.426013 0.186198 0 0 0 
-1 19.4339 17.1054 10.6131 1 0 0 1 0 0.0964065 0 0 0 0 0 0 0 -0.348503 -0.109534 -0.930886 -0.564096 -0.768646 0.301629 -0.74856 0.630227 0.206088 0 0 0 
-1 19.4319 17.1049 10.6086 1 0 0 1 0 0.0965625 0 0 0 0 0 0 0 -0.389073 -0.0747691 -0.918167 -0.0633052 -0.992174 0.107621 -0.919029 0.0999973 0.381295 0 0 0 
-1 19.43 17.1046 10.6039 1 0 0 1 0 0.0965625 0 0 0 0 0 0 0 -0.297203 -0.0842024 -0.951094 0.0381449 -0.996356 0.0762898 -0.954052 -0.0136059 0.299332 0 0 0 
-1 19.429 17.104 10.599 1 0 0 1 0 0.0965625 0 0 0 0 0 0 0 -0.307709 -0.0843474 -0.947735 -0.424439 -0.8793 0.216063 -0.851567 0.46874 0.234768 0 0 0 
-1 19.427 17.1038 10.5944 1 0 0 1 0 0.0965625 0 0 0 0 0 0 0 -0.369249 -0.0497915 -0.927996 -0.256559 -0.954296 0.153288 -0.893215 0.294687 0.339598 0 0 0 
-1 19.4253 17.1035 10.5897 1 0 0 1 0 0.0965625 0 0 0 0 0 0 0 -0.308061 -0.0695866 -0.948818 0.363307 -0.930341 -0.0497266 -0.879265 -0.360032 0.311883 0 0 0 
-1 19.4238 17.1031 10.5849 1 0 0 1 0 0.106406 0 0 0 0 0 0 0 -0.245843 -0.0442488 -0.968299 -0.731613 -0.646826 0.215309 -0.635848 0.761353 0.126645 0 0 0 
-1 19.4227 17.1031 10.5799 1 0 0 1 0 0.106211 0 0 0 0 0 0 0 -0.286362 0.00497366 -0.958108 -0.955586 0.0712227 0.285978 0.0696614 0.997448 -0.0156427 0 0 0 
-1 19.4209 17.1031 10.5752 1 0 0 1 0 0.106211 0 0 0 0 0 0 0 -0.288922 -0.0349748 -0.956713 -0.533527 -0.823878 0.191241 -0.794904 0.565687 0.219377 0 0 0 
-1 19.4198 17.1027 10.5702 1 0 0 1 0 0.106211 0 0 0 0 0 0 0 -0.218289 -0.0843184 -0.972235 -0.433462 -0.884213 0.174007 -0.874334 0.45941 0.156465 0 0 0 
-1 19.4188 17.1023 10.5654 1 0 0 1 0 0.106211 0 0 0 0 0 0 0 -0.264385 -0.0598176 -0.96256 -0.399694 -0.901528 0.165808 -0.877693 0.428567 0.214441 0 0 0 
-1 19.4172 17.1021 10.5606 1 0 0 1 0 0.106211 0 0 0 0 0 0 0 -0.314479 -0.0350437 -0.948617 -0.756871 -0.593885 0.272852 -0.572931 0.803787 0.160241 0 0 0 
-1 19.4156 17.1019 10.5559 1 0 0 1 0 0.11498 0 0 0 0 0 0 0 -0.303862 -0.0498582 -0.951411 -0.549435 -0.806663 0.217752 -0.778324 0.588905 0.21772 0 0 0 
-1 19.4142 17.1017 10.5511 1 0 0 1 0 0.115156 0 0 0 0 0 0 0 -0.28403 -0.0647735 -0.956625 -0.904741 -0.312218 0.289766 -0.317445 0.9478 0.0300762 0 0 0 
-1 19.4128 17.1012 10.5463 1 0 0 1 0 0.115156 0 0 0 0 0 0 0 -0.280563 -0.0750716 -0.956895 0.0345682 -0.99708 0.0680888 -0.959213 -0.0139749 0.282339 0 0 0 
-1 19.4114 17.1009 10.5415 1 0 0 1 0 0.115156 0 0 0 0 0 0 0 -0.270058 -0.0749143 -0.959925 -0.149252 -0.981661 0.1186 -0.951206 0.175299 0.253924 0 0 0 
-1 19.41 17.1005 10.5366 1 0 0 1 0 0.115156 0 0 0 0 0 0 0 -0.244018 -0.0796669 -0.966493 -0.164785 -0.97872 0.122279 -0.955668 0.189101 0.225697 0 0 0 
-1 19.4089 17.1001 10.5318 1 0 0 1 0 0.115156 0 0 0 0 0 0 0 -0.215606 -0.0852326 -0.972753 -0.217812 -0.966887 0.132996 -0.951878 0.240552 0.189902 0 0 0 
-1 19.4079 17.0997 10.5269 1 0 0 1 0 0.116953 0 0 0 0 0 0 0 -0.824036 0.109165 -0.555921 -0.202583 -0.973159 0.109191 -0.52908 0.202597 0.824032 0 0 0 
-1 19.3965 17.1017 10.5234 1 0 0 1 0 0.117188 0 0 0 0 0 0 0 -0.938186 0.160919 -0.30645 -0.214867 -0.964877 0.151145 -0.271365 0.207648 0.93981 0 0 0 
-1 19.3805 17.1044 10.518 1 0 0 1 0 0.117188 0 0 0 0 0 0 0 -0.895379 0.13281 -0.425038 -0.179843 -0.981034 0.072316 -0.407372 0.14119 0.902282 0 0 0 
-1 19.3678 17.106 10.5098 1 0 0 1 0 0.117188 0 0 0 0 0 0 0 -0.806754 0.105031 -0.581479 -0.140931 -0.989878 0.0167314 -0.573835 0.0954465 0.81339 0 0 0 
-1 19.354 17.1078 10.4989 1 0 0 1 0 0.117188 0 0 0 0 0 0 0 -0.712202 0.0896297 -0.696229 -0.162613 -0.985902 0.0394224 -0.682881 0.141293 0.716736 0 0 0 
-1 19.3456 17.1088 10.4881 1 0 0 1 0 0.117188 0 0 0 0 0 0 0 -0.540888 0.0556547 -0.839251 -0.202069 -0.977183 0.0654297 -0.816461 0.204977 0.539793 0 0 0 
-1 19.3404 17.1092 10.4778 1 0 0 1 0 0.121094 0 0 0 0 0 0 0 -0.206183 -0.0228649 -0.978246 -0.209089 -0.975607 0.0668725 -0.955913 0.218329 0.196373 0 0 0 
-1 19.3424 17.1084 10.4731 1 0 0 1 0 0.121563 0 0 0 0 0 0 0 0.451379 -0.156949 -0.878421 -0.171056 -0.981373 0.0874461 -0.875784 0.110788 -0.469818 0 0 0 
-1 19.345 17.1076 10.4689 1 0 0 1 0 0.121563 0 0 0 0 0 0 0 0.50544 -0.163591 -0.847212 0.625647 -0.606688 0.490403 -0.594219 -0.777925 -0.204294 0 0 0 
-1 19.3475 17.1068 10.4646 1 0 0 1 0 0.121563 0 0 0 0 0 0 0 0.509436 -0.15834 -0.845815 -0.110594 -0.986821 0.118127 -0.853372 0.0333637 -0.520234 0 0 0 
-1 19.3501 17.106 10.4603 1 0 0 1 0 0.121563 0 0 0 0 0 0 0 0.532567 -0.159193 -0.831282 0.380942 -0.831967 0.403378 -0.755814 -0.531497 -0.382435 0 0 0 
-1 19.3528 17.1052 10.4562 1 0 0 1 0 0.121563 0 0 0 0 0 0 0 0.537451 -0.155747 -0.828788 -0.50719 -0.844875 -0.170131 -0.673724 0.51179 -0.533073 0 0 0 
-1 19.3555 17.1045 10.4521 1 0 0 1 0 0.118281 0 0 0 0 0 0 0 0.529807 -0.149957 -0.834756 -0.0666254 -0.988562 0.135301 -0.845497 -0.0160675 -0.533738 0 0 0 
-1 19.3582 17.1037 10.4479 1 0 0 1 0 0.118594 0 0 0 0 0 0 0 0.539198 -0.149769 -0.828755 -0.107699 -0.988243 0.108521 -0.835265 0.0307416 -0.548988 0 0 0 
-1 19.3609 17.1029 10.4438 1 0 0 1 0 0.118594 0 0 0 0 0 0 0 0.550769 -0.150182 -0.821035 -0.251849 -0.967733 0.00806931 -0.795755 0.202333 -0.57082 0 0 0 
-1 19.3637 17.1022 10.4396 1 0 0 1 0 0.118594 0 0 0 0 0 0 0 0.528087 -0.144411 -0.836821 -0.333097 -0.941685 -0.0476983 -0.781134 0.303932 -0.545394 0 0 0 
-1 19.3662 17.1015 10.4354 1 0 0 1 0 0.118594 0 0 0 0 0 0 0 0.501725 -0.134188 -0.854556 0.466566 -0.789899 0.397964 -0.728415 -0.598375 -0.333705 0 0 0 
-1 19.3687 17.1008 10.4311 1 0 0 1 0 0.118594 0 0 0 0 0 0 0 0.506353 -0.130375 -0.852414 -0.299607 -0.953521 -0.0321334 -0.808605 0.27166 -0.521879 0 0 0 
-1 19.3713 17.1002 10.4269 1 0 0 1 0 0.114297 0 0 0 0 0 0 0 0.475749 -0.120122 -0.87134 -0.17665 -0.983495 0.0391329 -0.86166 0.135305 -0.489116 0 0 0 
-1 19.3734 17.0997 10.4223 1 0 0 1 0 0.114532 0 0 0 0 0 0 0 0.43447 -0.113589 -0.893495 0 -0.992016 0.126114 -0.900686 -0.0547926 -0.431001 0 0 0 
-1 19.3757 17.099 10.4178 1 0 0 1 0 0.114532 0 0 0 0 0 0 0 0.43849 -0.113343 -0.891561 -0.0799486 -0.993002 0.0869185 -0.895173 0.0331662 -0.444483 0 0 0 
-1 19.3779 17.0985 10.4133 1 0 0 1 0 0.114532 0 0 0 0 0 0 0 0.462032 -0.114181 -0.879483 -0.0391477 -0.993337 0.108396 -0.885999 -0.0156529 -0.463423 0 0 0 
-1 19.3803 17.0979 10.4089 1 0 0 1 0 0.114532 0 0 0 0 0 0 0 0.452088 -0.114349 -0.884613 -0.241207 -0.970471 0.00217652 -0.85874 0.212391 -0.466321 0 0 0 
-1 19.3825 17.0973 10.4044 1 0 0 1 0 0.114532 0 0 0 0 0 0 0 0.492807 -0.124417 -0.861198 -0.230514 -0.97303 0.00866519 -0.839049 0.194248 -0.508196 0 0 0 
-1 19.3853 17.0967 10.4003 1 0 0 1 0 0.109453 0 0 0 0 0 0 0 0.56074 -0.140109 -0.816052 -0.364336 -0.926789 -0.0912277 -0.743526 0.348472 -0.570734 0 0 0 
-1 19.3881 17.096 10.3962 1 0 0 1 0 0.109297 0 0 0 0 0 0 0 0.549697 -0.134946 -0.824393 -0.187994 -0.981535 0.0353168 -0.813936 0.135567 -0.564916 0 0 0 
-1 19.3908 17.0953 10.392 1 0 0 1 0 0.109297 0 0 0 0 0 0 0 0.519656 -0.129914 -0.844441 -0.798369 -0.425797 -0.425797 -0.304243 0.895444 -0.324987 0 0 0 
-1 19.3932 17.0947 10.3878 1 0 0 1 0 0.109297 0 0 0 0 0 0 0 0.521521 -0.13543 -0.842422 -0.0509901 -0.990505 0.12767 -0.851713 -0.0236274 -0.523475 0 0 0 
-1 19.396 17.094 10.3836 1 0 0 1 0 0.109297 0 0 0 0 0 0 0 0.5439 -0.134757 -0.828259 -0.0972741 -0.990493 0.0972741 -0.833493 0.0276608 -0.551837 0 0 0 
-1 19.3987 17.0933 10.3795 1 0 0 1 0 0.109297 0 0 0 0 0 0 0 0.538093 -0.134561 -0.832075 0.21002 -0.934635 0.286965 -0.816301 -0.329166 -0.47466 0 0 0 
-1 19.4014 17.0926 10.3753 1 0 0 1 0 0.103711 0 0 0 0 0 0 0 0.524831 -0.139863 -0.839637 -0.306295 -0.951365 -0.0329806 -0.794189 0.274486 -0.542145 0 0 0 
-1 19.4039 17.0919 10.3711 1 0 0 1 0 0.103906 0 0 0 0 0 0 0 0.511951 -0.135417 -0.848274 -0.0149811 -0.988753 0.148802 -0.858884 -0.0634713 -0.508222 0 0 0 
-1 19.4065 17.0913 10.3668 1 0 0 1 0 0.103906 0 0 0 0 0 0 0 0.519343 -0.134865 -0.843857 -0.405628 -0.908043 -0.104517 -0.752163 0.396572 -0.526291 0 0 0 
-1 19.4092 17.0905 10.3626 1 0 0 1 0 0.103906 0 0 0 0 0 0 0 0.537341 -0.144394 -0.830912 -0.452164 -0.880988 -0.139313 -0.711907 0.450568 -0.538681 0 0 0 
-1 19.4118 17.0898 10.3585 1 0 0 1 0 0.103906 0 0 0 0 0 0 0 0.547135 -0.150611 -0.823383 -0.0678552 -0.988422 0.13571 -0.83429 -0.018381 -0.55102 0 0 0 
-1 19.4146 17.0891 10.3545 1 0 0 1 0 0.103906 0 0 0 0 0 0 0 0.55645 -0.150396 -0.817156 -0.402208 -0.90933 -0.106527 -0.727043 0.387944 -0.566487 0 0 0 
-1 19.4174 17.0883 10.3504 1 0 0 1 0 0.0972655 0 0 0 0 0 0 0 0.565198 -0.155075 -0.810249 -0.0861883 -0.987898 0.128953 -0.820441 -0.00305023 -0.571723 0 0 0 
-1 19.4202 17.0875 10.3463 1 0 0 1 0 0.096953 0 0 0 0 0 0 0 0.550345 -0.155104 -0.820404 -0.111394 -0.987449 0.11196 -0.827473 0.0297718 -0.560716 0 0 0 
-1 19.4229 17.0868 10.3421 1 0 0 1 0 0.096953 0 0 0 0 0 0 0 0.532974 -0.15445 -0.831916 -0.235557 -0.971415 0.0294368 -0.812682 0.180275 -0.55412 0 0 0 
-1 19.4256 17.0859 10.338 1 0 0 1 0 0.096953 0 0 0 0 0 0 0 0.535218 -0.154948 -0.830381 -0.840533 -1.95711e-09 -0.541761 0.0839445 0.987923 -0.130238 0 0 0 
-1 19.4282 17.0852 10.3338 1 0 0 1 0 0.096953 0 0 0 0 0 0 0 0.535205 -0.155097 -0.830362 -0.572031 -0.78985 -0.22117 -0.621559 0.593364 -0.511452 0 0 0 
-1 19.431 17.0844 10.3297 1 0 0 1 0 0.096953 0 0 0 0 0 0 0 0.54057 -0.160231 -0.8259 -0.562114 -0.799197 -0.212865 -0.625949 0.579318 -0.52209 0 0 0 
-1 19.4337 17.0836 10.3256 1 0 0 1 0 0.091289 0 0 0 0 0 0 0 0.545948 -0.165221 -0.821367 -0.618736 -0.740514 -0.262306 -0.564895 0.651414 -0.50651 0 0 0 
-1 19.4364 17.0828 10.3215 1 0 0 1 0 0.091133 0 0 0 0 0 0 0 0.554189 -0.174774 -0.813836 -0.125721 -0.984067 0.125721 -0.822842 0.0326432 -0.567332 0 0 0 
-1 19.4392 17.0819 10.3174 1 0 0 1 0 0.091133 0 0 0 0 0 0 0 0.559934 -0.174999 -0.809845 -0.124593 -0.98411 0.12651 -0.819115 0.0300639 -0.57284 0 0 0 
-1 19.442 17.081 10.3134 1 0 0 1 0 0.091133 0 0 0 0 0 0 0 0.565632 -0.175204 -0.805831 -0.728462 -0.564166 -0.388664 -0.386527 0.806858 -0.44674 0 0 0 
-1 19.4449 17.0801 10.3094 1 0 0 1 0 0.091133 0 0 0 0 0 0 0 0.570294 -0.18501 -0.800335 -0.811453 0.0245895 -0.5839 0.127707 0.982429 -0.136103 0 0 0 
-1 19.4477 17.0792 10.3054 1 0 0 1 0 0.091133 0 0 0 0 0 0 0 0.569653 -0.189884 -0.79965 -0.571461 -0.790779 -0.219318 -0.590701 0.581904 -0.558981 0 0 0 
-1 19.4506 17.0782 10.3014 1 0 0 1 0 0.085879 0 0 0 0 0 0 0 0.57478 -0.194949 -0.794747 -0.142032 -0.980234 0.137728 -0.805887 0.0337161 -0.591108 0 0 0 
-1 19.4534 17.0772 10.2975 1 0 0 1 0 0.085703 0 0 0 0 0 0 0 0.569205 -0.194712 -0.798807 -0.1075 -0.980838 0.162481 -0.815137 -0.00661325 -0.57923 0 0 0 
-1 19.4562 17.0763 10.2934 1 0 0 1 0 0.085703 0 0 0 0 0 0 0 0.554372 -0.1948 -0.809151 6.61159e-15 -0.972223 0.234059 -0.832269 -0.129755 -0.538973 0 0 0 
-1 19.459 17.0753 10.2894 1 0 0 1 0 0.085703 0 0 0 0 0 0 0 0.550873 -0.195343 -0.811406 -0.140534 -0.980051 0.140534 -0.822672 0.0366137 -0.567336 0 0 0 
-1 19.4618 17.0743 10.2853 1 0 0 1 0 0.085703 0 0 0 0 0 0 0 0.556635 -0.195595 -0.807404 -0.795913 -0.404079 -0.450824 -0.238076 0.893567 -0.380601 0 0 0 
-1 19.4646 17.0733 10.2813 1 0 0 1 0 0.085703 0 0 0 0 0 0 0 0.558998 -0.20456 -0.80354 -0.783319 -0.448072 -0.430863 -0.271907 0.87028 -0.410707 0 0 0 
-1 19.4674 17.0723 10.2773 1 0 0 1 0 0.078164 0 0 0 0 0 0 0 0.560745 -0.210184 -0.800867 -0.153529 -0.976865 0.148877 -0.81363 0.0394746 -0.580041 0 0 0 
-1 19.4701 17.0712 10.2733 1 0 0 1 0 0.077969 0 0 0 0 0 0 0 0.566353 -0.210451 -0.79684 -0.682468 -0.661788 -0.31028 -0.46204 0.719547 -0.518432 0 0 0 
-1 19.473 17.0702 10.2693 1 0 0 1 0 0.077969 0 0 0 0 0 0 0 0.569056 -0.214672 -0.793783 -0.778194 -0.452491 -0.435508 -0.265688 0.865545 -0.424549 0 0 0 
-1 19.4758 17.069 10.2654 1 0 0 1 0 0.077969 0 0 0 0 0 0 0 0.570774 -0.220304 -0.791001 7.00845e-11 -0.963335 0.268301 -0.821107 -0.153139 -0.549846 0 0 0 
-1 19.4787 17.068 10.2614 1 0 0 1 0 0.077969 0 0 0 0 0 0 0 0.574056 -0.219689 -0.788794 -0.58225 -0.786845 -0.204595 -0.575712 0.576725 -0.579608 0 0 0 
-1 19.4816 17.0669 10.2575 1 0 0 1 0 0.077969 0 0 0 0 0 0 0 0.579047 -0.224703 -0.783717 -0.810579 -0.261902 -0.523803 -0.0875568 0.938571 -0.333793 0 0 0 
-1 19.4845 17.0657 10.2535 1 0 0 1 0 0.076797 0 0 0 0 0 0 0 0.579973 -0.23498 -0.78001 -0.338088 -0.940572 0.0319656 -0.741167 0.245173 -0.624949 0 0 0 
-1 19.4874 17.0645 10.2497 1 0 0 1 0 0.0765625 0 0 0 0 0 0 0 0.566088 -0.230379 -0.791499 -0.415108 -0.9092 -0.0322507 -0.712201 0.346814 -0.610319 0 0 0 
-1 19.4902 17.0634 10.2456 1 0 0 1 0 0.0765625 0 0 0 0 0 0 0 0.555438 -0.225198 -0.800484 -0.819348 0.0161459 -0.573069 0.141979 0.974179 -0.175548 0 0 0 
-1 19.493 17.0623 10.2416 1 0 0 1 0 0.0765625 0 0 0 0 0 0 0 0.55473 -0.230006 -0.799607 -0.452574 -0.889838 -0.0580133 -0.698178 0.394063 -0.597715 0 0 0 
-1 19.4957 17.0611 10.2376 1 0 0 1 0 0.0765625 0 0 0 0 0 0 0 0.510152 -0.205007 -0.835294 -0.686257 -0.682445 -0.251635 -0.518455 0.701599 -0.488838 0 0 0 
-1 19.4981 17.0602 10.2333 1 0 0 1 0 0.0765625 0 0 0 0 0 0 0 0.513298 -0.209274 -0.832304 -0.449025 -0.891967 -0.0526477 -0.731369 0.400749 -0.551814 0 0 0 
-1 19.5009 17.059 10.2293 1 0 0 1 0 0.072344 0 0 0 0 0 0 0 0.55977 -0.23489 -0.79466 -0.166937 -0.971288 0.169505 -0.811659 0.0377742 -0.58291 0 0 0 
-1 19.5037 17.0578 10.2254 1 0 0 1 0 0.0721875 0 0 0 0 0 0 0 0.565424 -0.235148 -0.79057 -0.592209 -0.782897 -0.190688 -0.574095 0.576002 -0.581925 0 0 0 
-1 19.5065 17.0567 10.2214 1 0 0 1 0 0.0721875 0 0 0 0 0 0 0 0.570412 -0.240166 -0.785462 -0 -0.956296 0.2924 -0.821359 -0.166789 -0.545483 0 0 0 
-1 19.5093 17.0555 10.2175 1 0 0 1 0 0.0721875 0 0 0 0 0 0 0 0.570309 -0.240186 -0.78553 -0.171839 -0.970022 0.171839 -0.803255 0.0369834 -0.594486 0 0 0 
-1 19.5122 17.0542 10.2135 1 0 0 1 0 0.0721875 0 0 0 0 0 0 0 0.564644 -0.23992 -0.789693 -0.601424 -0.774864 -0.194614 -0.565213 0.584828 -0.581816 0 0 0 
-1 19.515 17.0531 10.2096 1 0 0 1 0 0.0721875 0 0 0 0 0 0 0 0.55977 -0.23489 -0.79466 -0.488238 -0.868337 -0.0872544 -0.669538 0.436826 -0.600752 0 0 0 
-1 19.5178 17.0519 10.2056 1 0 0 1 0 0.0739065 0 0 0 0 0 0 0 0.543998 -0.224635 -0.808459 -0.422716 -0.905669 -0.0327926 -0.724829 0.359587 -0.587639 0 0 0 
-1 19.5205 17.0508 10.2015 1 0 0 1 0 0.07375 0 0 0 0 0 0 0 0.552629 -0.22892 -0.801372 -0.491593 -0.865991 -0.0916251 -0.673006 0.444584 -0.591107 0 0 0 
-1 19.5233 17.0496 10.1975 1 0 0 1 0 0.07375 0 0 0 0 0 0 0 0.568161 -0.239218 -0.78738 -0.69001 0.382895 -0.614229 0.448419 0.892281 0.0524836 0 0 0 
-1 19.5261 17.0484 10.1936 1 0 0 1 0 0.07375 0 0 0 0 0 0 0 0.562152 -0.251054 -0.788008 -0.751544 -0.552775 -0.360029 -0.345205 0.794614 -0.499422 0 0 0 
-1 19.5289 17.0471 10.1897 1 0 0 1 0 0.07375 0 0 0 0 0 0 0 0.566292 -0.260659 -0.781902 0.0167939 -0.944828 0.327136 -0.824034 -0.198386 -0.530671 0 0 0 
-1 19.5318 17.0458 10.1858 1 0 0 1 0 0.07375 0 0 0 0 0 0 0 0.57308 -0.259012 -0.777491 -0.398183 -0.917226 0.0120662 -0.716261 0.302669 -0.628778 0 0 0 
-1 19.5347 17.0445 10.1819 1 0 0 1 0 0.0709375 0 0 0 0 0 0 0 0.575424 -0.260002 -0.775426 -0.768624 0.152066 -0.621364 0.279472 0.953559 -0.112341 0 0 0 
-1 19.5375 17.0432 10.1781 1 0 0 1 0 0.070625 0 0 0 0 0 0 0 0.573467 -0.266626 -0.774626 -0.635869 0.451317 -0.626086 0.516533 0.851601 0.0892769 0 0 0 
-1 19.5404 17.0419 10.1742 1 0 0 1 0 0.070625 0 0 0 0 0 0 0 0.57454 -0.264855 -0.774439 -0 0.946195 -0.323596 0.818477 0.185918 0.543627 0 0 0 
-1 19.5433 17.0406 10.1703 1 0 0 1 0 0.070625 0 0 0 0 0 0 0 0.577896 -0.26409 -0.7722 0.813641 0.259996 0.519991 0.0634443 -0.928794 0.365125 0 0 0 
-1 19.5462 17.0392 10.1664 1 0 0 1 0 0.070625 0 0 0 0 0 0 0 0.578558 -0.274286 -0.768139 0.428383 0.903597 -3.02178e-11 0.694088 -0.329057 0.640283 0 0 0 
-1 19.5491 17.0378 10.1626 1 0 0 1 0 0.070625 0 0 0 0 0 0 0 0.580796 -0.275347 -0.766068 0.796871 0 0.60415 -0.166351 -0.961345 0.219416 0 0 0 
-1 19.552 17.0364 10.1588 1 0 0 1 0 0.069375 0 0 0 0 0 0 0 0.581573 -0.270819 -0.767092 1.17382e-11 -0.942959 0.332909 -0.813494 -0.193611 -0.5484 0 0 0 
-1 19.5549 17.0351 10.155 1 0 0 1 0 0.0695315 0 0 0 0 0 0 0 0.5849 -0.270024 -0.764839 0.794347 -2.14205e-11 0.607465 -0.16403 -0.962854 0.214493 0 0 0 
-1 19.5578 17.0337 10.1511 1 0 0 1 0 0.0695315 0 0 0 0 0 0 0 0.585689 -0.265347 -0.765872 0.634843 0.737639 0.229921 0.503927 -0.62087 0.600481 0 0 0 
-1 19.5607 17.0324 10.1473 1 0 0 1 0 0.0695315 0 0 0 0 0 0 0 0.49744 -0.162506 -0.852142 0.117568 0.985864 -0.119377 0.859495 -0.0408018 0.509513 0 0 0 
-1 19.5629 17.0321 10.1425 1 0 0 1 0 0.0695315 0 0 0 0 0 0 0 0.503242 -0.162778 -0.848676 0.652698 0.715235 0.249849 0.566333 -0.679663 0.466182 0 0 0 
-1 19.5658 17.0308 10.1387 1 0 0 1 0 0.0695315 0 0 0 0 0 0 0 0.384123 -0.0281623 -0.922852 0.66236 0.704746 0.254191 0.643218 -0.708901 0.289362 0 0 0 
-1 19.567 17.0318 10.1327 1 0 0 1 0 0.068828 0 0 0 0 0 0 0 0.32007 0.0405761 -0.946525 0.611197 0.754524 0.239023 0.723874 -0.655017 0.216701 0 0 0 
-1 19.5694 17.0312 10.1282 1 0 0 1 0 0.068594 0 0 0 0 0 0 0 0.434545 -0.0674878 -0.898118 0.810157 -0.406352 0.42252 -0.393467 -0.911221 -0.121902 0 0 0 
-1 19.5715 17.0311 10.1234 1 0 0 1 0 0.068594 0 0 0 0 0 0 0 0.436738 -0.0623912 -0.897422 0.725198 0.614713 0.310187 0.532305 -0.786279 0.313715 0 0 0 
-1 19.5739 17.0306 10.1188 1 0 0 1 0 0.068594 0 0 0 0 0 0 0 0.386617 0.009239 -0.922194 0.694266 0.655297 0.297626 0.607061 -0.755315 0.246934 0 0 0 
-1 19.5756 17.0312 10.1135 1 0 0 1 0 0.068594 0 0 0 0 0 0 0 0.356783 0.0457843 -0.933065 0.481962 0.846589 0.225832 0.800262 -0.530275 0.279982 0 0 0 
-1 19.5779 17.0311 10.1087 1 0 0 1 0 0.068594 0 0 0 0 0 0 0 0.390386 0.0232643 -0.920357 0.598178 0.75351 0.272775 0.699844 -0.657025 0.280243 0 0 0 
-1 19.5798 17.0315 10.1035 1 0 0 1 0 0.0683595 0 0 0 0 0 0 0 0.429855 -0.0144305 -0.902783 0.68236 0.659976 0.314352 0.591278 -0.751148 0.293541 0 0 0 
-1 19.5823 17.0309 10.0992 1 0 0 1 0 0.068594 0 0 0 0 0 0 0 0.350544 0.0819417 -0.932955 0.657337 0.688044 0.307415 0.667104 -0.721028 0.187326 0 0 0 
-1 19.5837 17.0324 10.0933 1 0 0 1 0 0.068594 0 0 0 0 0 0 0 0.378869 0.0509013 -0.924049 0.552899 0.788251 0.270115 0.742132 -0.613245 0.270501 0 0 0 
-1 19.5865 17.0315 10.0892 1 0 0 1 0 0.068594 0 0 0 0 0 0 0 0.428049 0.00943478 -0.903706 0.69126 0.640726 0.334111 0.582181 -0.767712 0.26774 0 0 0 
-1 19.5882 17.0324 10.0838 1 0 0 1 0 0.068594 0 0 0 0 0 0 0 0.311119 0.15342 -0.937906 0.654748 0.68071 0.32854 0.688846 -0.716307 0.111331 0 0 0 
-1 19.59 17.0333 10.0785 1 0 0 1 0 0.068594 0 0 0 0 0 0 0 0.360769 0.100508 -0.927224 0.787426 0.499951 0.360569 0.499806 -0.860202 0.101224 0 0 0 
-1 19.5921 17.0336 10.0737 1 0 0 1 0 0.0833595 0 0 0 0 0 0 0 0.353338 0.113218 -0.928619 0.690509 0.638145 0.340541 0.631149 -0.761546 0.147303 0 0 0 
-1 19.5939 17.0345 10.0683 1 0 0 1 0 0.083125 0 0 0 0 0 0 0 0.378027 0.0830056 -0.922066 0.630464 0.706255 0.322055 0.677946 -0.703075 0.214651 0 0 0 
-1 19.5962 17.0345 10.0637 1 0 0 1 0 0.083125 0 0 0 0 0 0 0 0.454907 0 -0.890539 0.685357 0.638529 0.350095 0.568635 -0.769598 0.290471 0 0 0 
-1 19.5986 17.0345 10.059 1 0 0 1 0 0.083125 0 0 0 0 0 0 0 0.312673 0.176156 -0.933383 0.655771 0.670858 0.346286 0.687168 -0.72036 0.0942413 0 0 0 
-1 19.5998 17.0364 10.0531 1 0 0 1 0 0.083125 0 0 0 0 0 0 0 0.28357 0.206221 -0.936515 0.632717 0.693624 0.344318 0.720595 -0.690188 0.0662115 0 0 0 
-1 19.6019 17.0369 10.0482 1 0 0 1 0 0.083125 0 0 0 0 0 0 0 0.378634 0.110758 -0.918896 0.667934 0.65457 0.354122 0.640703 -0.747844 0.173863 0 0 0 
-1 19.6039 17.0376 10.0431 1 0 0 1 0 0.104375 0 0 0 0 0 0 0 0.334855 0.160616 -0.92848 0.667461 0.655095 0.354043 0.665107 -0.738277 0.112157 0 0 0 
-1 19.6056 17.0387 10.0378 1 0 0 1 0 0.104375 0 0 0 0 0 0 0 0.284202 0.215352 -0.934266 0.618322 0.703557 0.350265 0.73274 -0.677223 0.0667952 0 0 0 
-1 19.6072 17.0401 10.0323 1 0 0 1 0 0.104375 0 0 0 0 0 0 0 0.378014 0.124504 -0.91739 0.673095 0.643397 0.36467 0.635649 -0.755341 0.15941 0 0 0 
-1 19.6098 17.0401 10.0278 1 0 0 1 0 0.104375 0 0 0 0 0 0 0 0.403472 0.0937807 -0.910174 0.655149 0.664798 0.35892 0.638741 -0.741114 0.206787 0 0 0 
-1 19.6115 17.0411 10.0226 1 0 0 1 0 0.104375 0 0 0 0 0 0 0 0.301608 0.20543 -0.931038 0.686088 0.631317 0.361555 0.662054 -0.747822 0.0494673 0 0 0 
-1 19.6132 17.0424 10.0171 1 0 0 1 0 0.104375 0 0 0 0 0 0 0 0.284681 0.224374 -0.931994 0.634115 0.68505 0.358616 0.718926 -0.693083 0.0527417 0 0 0 
-1 19.6148 17.0438 10.0118 1 0 0 1 0 0.1125 0 0 0 0 0 0 0 0.357611 0.151383 -0.921519 0.642653 0.67607 0.360454 0.677578 -0.721119 0.144483 0 0 0 
-1 19.6171 17.0441 10.0071 1 0 0 1 0 0.1125 0 0 0 0 0 0 0 0.338539 0.171473 -0.925197 0.616164 0.702722 0.355701 0.711149 -0.690491 0.132243 0 0 0 
-1 19.6185 17.0457 10.0015 1 0 0 1 0 0.1125 0 0 0 0 0 0 0 0.363304 0.147118 -0.919982 0.624361 0.694466 0.357618 0.691508 -0.704325 0.160447 0 0 0 
-1 19.621 17.0457 9.9971 1 0 0 1 0 0.1125 0 0 0 0 0 0 0 0.472097 0.0292647 -0.88106 0.659215 0.651845 0.374878 0.585286 -0.757787 0.288443 0 0 0 
-1 19.6234 17.0459 9.99245 1 0 0 1 0 0.1125 0 0 0 0 0 0 0 0.408555 0.10805 -0.906316 0.624092 0.691505 0.363773 0.666027 -0.714245 0.215085 0 0 0 
-1 19.6254 17.0468 9.98745 1 0 0 1 0 0.1125 0 0 0 0 0 0 0 0.248768 0.26549 -0.931466 0.644914 0.67211 0.363806 0.722634 -0.691219 -0.00401857 0 0 0 
-1 19.6264 17.0491 9.9814 1 0 0 1 0 0.119062 0 0 0 0 0 0 0 0.197085 0.313668 -0.928854 0.654519 0.663278 0.362861 0.729906 -0.679467 -0.0745789 0 0 0 
-1 19.6278 17.0507 9.9759 1 0 0 1 0 0.119062 0 0 0 0 0 0 0 0.267347 0.245891 -0.931699 0.534565 0.766621 0.355715 0.801727 -0.593153 0.0735092 0 0 0 
-1 19.6294 17.052 9.9706 1 0 0 1 0 0.119062 0 0 0 0 0 0 0 0.206719 0.289507 -0.934587 0.593036 0.722675 0.355035 0.778188 -0.627636 -0.0222976 0 0 0 
-1 19.6304 17.0542 9.9646 1 0 0 1 0 0.119062 0 0 0 0 0 0 0 0.337056 0.177632 -0.924576 0.59242 0.723237 0.354918 0.731732 -0.667365 0.138538 0 0 0 
-1 19.6332 17.0539 9.96045 1 0 0 1 0 0.119062 0 0 0 0 0 0 0 0.41406 0.104568 -0.904223 0.599042 0.716636 0.357187 0.685349 -0.689564 0.23409 0 0 0 
-1 19.6347 17.0553 9.9551 1 0 0 1 0 0.119062 0 0 0 0 0 0 0 0.244199 0.261324 -0.933851 0.576914 0.734895 0.35651 0.779447 -0.625811 0.028699 0 0 0 
-1 19.636 17.0569 9.94955 1 0 0 1 0 0.119844 0 0 0 0 0 0 0 0.365992 0.157621 -0.917172 0.567357 0.743421 0.354162 0.737669 -0.649985 0.182659 0 0 0 
-1 19.6387 17.057 9.9452 1 0 0 1 0 0.120782 0 0 0 0 0 0 0 0.510788 0.0196342 -0.859482 0.539495 0.771065 0.338235 0.669358 -0.636453 0.383259 0 0 0 
-1 19.6412 17.0571 9.9408 1 0 0 1 0 0.120782 0 0 0 0 0 0 0 0.495251 0.0342739 -0.868074 0.619293 0.686837 0.380436 0.609264 -0.726003 0.318931 0 0 0 
-1 19.6437 17.0574 9.93635 1 0 0 1 0 0.120782 0 0 0 0 0 0 0 0.429202 0.109593 -0.896535 0.901637 0.00655219 0.432445 0.0532671 -0.993955 -0.0960006 0 0 0 
-1 19.6457 17.0583 9.9314 1 0 0 1 0 0.120782 0 0 0 0 0 0 0 0.428943 0.114327 -0.896068 0.797844 0.417232 0.435157 0.423618 -0.90158 0.0877538 0 0 0 
-1 19.6482 17.0585 9.92695 1 0 0 1 0 0.120782 0 0 0 0 0 0 0 0.435343 0.100587 -0.894628 0.59556 0.713038 0.369981 0.675119 -0.693873 0.25051 0 0 0 
-1 19.6502 17.0594 9.92205 1 0 0 1 0 0.133203 0 0 0 0 0 0 0 0.337336 0.196003 -0.920754 0.471991 0.811051 0.345573 0.814512 -0.551162 0.181085 0 0 0 
-1 19.6519 17.0607 9.91685 1 0 0 1 0 0.134062 0 0 0 0 0 0 0 0.354689 0.184163 -0.916668 0.560111 0.743167 0.366031 0.748647 -0.643263 0.160442 0 0 0 
-1 19.6541 17.0613 9.9121 1 0 0 1 0 0.134062 0 0 0 0 0 0 0 0.398722 0.145458 -0.905463 0.505458 0.788977 0.349324 0.765201 -0.596957 0.241059 0 0 0 
-1 19.6561 17.0623 9.9072 1 0 0 1 0 0.134062 0 0 0 0 0 0 0 0.470495 0.087348 -0.878069 0.562642 0.736867 0.374781 0.679757 -0.670371 0.297547 0 0 0 
-1 19.6589 17.0623 9.90305 1 0 0 1 0 0.134062 0 0 0 0 0 0 0 0.536137 0.0198457 -0.843897 0.529008 0.771155 0.354219 0.657805 -0.636339 0.402946 0 0 0 
-1 19.6615 17.0625 9.8987 1 0 0 1 0 0.134062 0 0 0 0 0 0 0 0.551331 0.00500108 -0.834271 0.441706 0.846581 0.296978 0.707764 -0.532236 0.464538 0 0 0 
-1 19.6645 17.0623 9.89465 1 0 0 1 0 0.137344 0 0 0 0 0 0 0 0.577388 -0.0148866 -0.816334 0.552094 0.743718 0.37693 0.601511 -0.668328 0.437633 0 0 0 
-1 19.6673 17.0623 9.8905 1 0 0 1 0 0.137188 0 0 0 0 0 0 0 0.521879 0.0443289 -0.851867 0.570756 0.724021 0.387339 0.63394 -0.688352 0.35255 0 0 0 
-1 19.6698 17.0627 9.886 1 0 0 1 0 0.137188 0 0 0 0 0 0 0 0.457907 0.11091 -0.882055 -0.574559 0.794045 -0.198431 0.678383 0.597655 0.427322 0 0 0 
-1 19.6721 17.0634 9.88135 1 0 0 1 0 0.137188 0 0 0 0 0 0 0 0.463427 0.115783 -0.878538 0.590515 0.698856 0.403599 0.660702 -0.705829 0.255497 0 0 0 
-1 19.6746 17.0639 9.8769 1 0 0 1 0 0.137188 0 0 0 0 0 0 0 0.471749 0.106845 -0.875236 0.460459 0.816674 0.347881 0.751951 -0.567123 0.336067 0 0 0 
-1 19.677 17.0645 9.87235 1 0 0 1 0 0.137188 0 0 0 0 0 0 0 0.489777 0.0931129 -0.866861 0.499916 0.784598 0.366729 0.714285 -0.612974 0.337729 0 0 0 
-1 19.6796 17.0649 9.86805 1 0 0 1 0 0.143907 0 0 0 0 0 0 0 0.539095 0.0495026 -0.840789 0.71115 0.508112 0.485889 0.451268 -0.859867 0.238717 0 0 0 
-1 19.6824 17.0651 9.86385 1 0 0 1 0 0.144062 0 0 0 0 0 0 0 0.536672 0.0541031 -0.842054 0.564208 0.71903 0.405789 0.627417 -0.69287 0.355358 0 0 0 
-1 19.685 17.0654 9.8595 1 0 0 1 0 0.144062 0 0 0 0 0 0 0 0.486898 0.107159 -0.86686 0.525536 0.756769 0.388733 0.697669 -0.644839 0.312153 0 0 0 
-1 19.6874 17.0662 9.85495 1 0 0 1 0 0.144062 0 0 0 0 0 0 0 0.531663 0.0645818 -0.84449 0.508816 0.772749 0.379429 0.677083 -0.631418 0.377982 0 0 0 
-1 19.6904 17.0661 9.851 1 0 0 1 0 0.144062 0 0 0 0 0 0 0 0.583085 0.0149041 -0.812274 0.554756 0.72313 0.411496 0.593513 -0.690551 0.413378 0 0 0 
-1 19.6932 17.0663 9.8468 1 0 0 1 0 0.144062 0 0 0 0 0 0 0 0.565706 0.034836 -0.823871 0.554756 0.72313 0.411496 0.610101 -0.689833 0.389754 0 0 0 
-1 19.6961 17.0665 9.8427 1 0 0 1 0 0.144844 0 0 0 0 0 0 0 0.565706 0.034836 -0.823871 0.554756 0.72313 0.411496 0.610101 -0.689833 0.389754 0 0 0 
ObjectType = Tube
NDims = 3
ID = 56
ParentID = 159
Color = 1 0.3 0.21 1
BinaryData = False
TransformMatrix = 1 0 0 0 1 0 0 0 1
Offset = 0 0 0
CenterOfRotation = 0 0 0
ElementSpacing = 1 1 1
Root = False
Artery = True
PointDim = id x y z red green blue alpha mark r rn mn bn cv lv ro in tx ty tz v1x v1y v1z v2x v2y v2z a1 a2 a3
NPoints = 1
Points = 
-1 21.4273 13.8944 7.56545 1 0 0 1 0 0.16125 0 0 0 0 0 0 0 -0.740477 0.270236 0.615359 0.318183 -0.665533 0.675148 0.591991 0.695728 0.406828 0 0 0 
ObjectType = Tube
NDims = 3
ID = 57
ParentID = 159
Color = 1 0.3 0.21 1
BinaryData = False
TransformMatrix = 1 0 0 0 1 0 0 0 1
Offset = 0 0 0
CenterOfRotation = 0 0 0
ElementSpacing = 1 1 1
Root = False
Artery = True
PointDim = id x y z red green blue alpha mark r rn mn bn cv lv ro in tx ty tz v1x v1y v1z v2x v2y v2z a1 a2 a3
NPoints = 1
Points = 
-1 21.4011 13.9032 7.58705 1 0 0 1 0 0.16125 0 0 0 0 0 0 0 -0.740117 0.260086 0.620147 0.330607 -0.662317 0.672336 0.585599 0.702631 0.404206 0 0 0 
ObjectType = Tube
NDims = 3
ID = 58
ParentID = 159
Color = 1 0.3 0.21 1
BinaryData = False
TransformMatrix = 1 0 0 0 1 0 0 0 1
Offset = 0 0 0
CenterOfRotation = 0 0 0
ElementSpacing = 1 1 1
Root = False
Artery = True
PointDim = id x y z red green blue alpha mark r rn mn bn cv lv ro in tx ty tz v1x v1y v1z v2x v2y v2z a1 a2 a3
NPoints = 1
Points = 
-1 21.3902 13.9074 7.5965 1 0 0 1 0 0.16125 0 0 0 0 0 0 0 -0.711815 0.285613 0.641674 0.359851 -0.636273 0.682396 0.603181 0.716646 0.35013 0 0 0 
ObjectType = Tube
NDims = 3
ID = 59
ParentID = 159
Color = 1 0.3 0.21 1
BinaryData = False
TransformMatrix = 1 0 0 0 1 0 0 0 1
Offset = 0 0 0
CenterOfRotation = 0 0 0
ElementSpacing = 1 1 1
Root = False
Artery = True
PointDim = id x y z red green blue alpha mark r rn mn bn cv lv ro in tx ty tz v1x v1y v1z v2x v2y v2z a1 a2 a3
NPoints = 1
Points = 
-1 21.3682 13.9148 7.61565 1 0 0 1 0 0.16125 0 0 0 0 0 0 0 -0.707853 0.269115 0.653086 0.427824 -0.57236 0.699551 0.56206 0.774585 0.290012 0 0 0 
ObjectType = Tube
NDims = 3
ID = 60
ParentID = 159
Color = 1 0.3 0.21 1
BinaryData = False
TransformMatrix = 1 0 0 0 1 0 0 0 1
Offset = 0 0 0
CenterOfRotation = 0 0 0
ElementSpacing = 1 1 1
Root = False
Artery = True
PointDim = id x y z red green blue alpha mark r rn mn bn cv lv ro in tx ty tz v1x v1y v1z v2x v2y v2z a1 a2 a3
NPoints = 1
Points = 
-1 21.3536 13.9193 7.62855 1 0 0 1 0 0.16125 0 0 0 0 0 0 0 -0.737242 0.210597 0.641968 0.444334 -0.564653 0.69551 0.508962 0.798007 0.322711 0 0 0 
ObjectType = Tube
NDims = 3
ID = 61
ParentID = 159
Color = 1 0.3 0.21 1
BinaryData = False
TransformMatrix = 1 0 0 0 1 0 0 0 1
Offset = 0 0 0
CenterOfRotation = 0 0 0
ElementSpacing = 1 1 1
Root = False
Artery = True
PointDim = id x y z red green blue alpha mark r rn mn bn cv lv ro in tx ty tz v1x v1y v1z v2x v2y v2z a1 a2 a3
NPoints = 1
Points = 
-1 21.3463 13.9215 7.635 1 0 0 1 0 0.16125 0 0 0 0 0 0 0 -0.731729 0.214035 0.647118 0.403966 -0.628514 0.664667 0.548984 0.74777 0.373439 0 0 0 
ObjectType = Tube
NDims = 3
ID = 62
ParentID = 159
Color = 1 0.3 0.21 1
BinaryData = False
TransformMatrix = 1 0 0 0 1 0 0 0 1
Offset = 0 0 0
CenterOfRotation = 0 0 0
ElementSpacing = 1 1 1
Root = False
Artery = True
PointDim = id x y z red green blue alpha mark r rn mn bn cv lv ro in tx ty tz v1x v1y v1z v2x v2y v2z a1 a2 a3
NPoints = 2
Points = 
-1 21.3391 13.9238 7.64155 1 0 0 1 0 0.16125 0 0 0 0 0 0 0 -0.730181 0.210171 0.650126 0.49822 -0.487355 0.71712 0.46756 0.847534 0.251146 0 0 0 
-1 21.3354 13.9249 7.6448 1 0 0 1 0 0.16125 0 0 0 0 0 0 0 -0.733245 0.204584 0.648458 0.402954 -0.637428 0.656744 0.547705 0.742853 0.384953 0 0 0 
ObjectType = Tube
NDims = 3
ID = 63
ParentID = 159
Color = 1 0.3 0.21 1
BinaryData = False
TransformMatrix = 1 0 0 0 1 0 0 0 1
Offset = 0 0 0
CenterOfRotation = 0 0 0
ElementSpacing = 1 1 1
Root = False
Artery = True
PointDim = id x y z red green blue alpha mark r rn mn bn cv lv ro in tx ty tz v1x v1y v1z v2x v2y v2z a1 a2 a3
NPoints = 1
Points = 
-1 21.3243 13.9277 7.6545 1 0 0 1 0 0.16125 0 0 0 0 0 0 0 -0.74661 0.154335 0.647112 0.38404 -0.694284 0.608673 0.54322 0.702958 0.459089 0 0 0 
ObjectType = Tube
NDims = 3
ID = 64
ParentID = 159
Color = 1 0.3 0.21 1
BinaryData = False
TransformMatrix = 1 0 0 0 1 0 0 0 1
Offset = 0 0 0
CenterOfRotation = 0 0 0
ElementSpacing = 1 1 1
Root = False
Artery = True
PointDim = id x y z red green blue alpha mark r rn mn bn cv lv ro in tx ty tz v1x v1y v1z v2x v2y v2z a1 a2 a3
NPoints = 1
Points = 
-1 21.3169 13.9293 7.66105 1 0 0 1 0 0.16125 0 0 0 0 0 0 0 -0.732072 0.18057 0.65686 0.255022 -0.821474 0.510044 0.631692 0.540903 0.555329 0 0 0 
ObjectType = Tube
NDims = 3
ID = 65
ParentID = 159
Color = 1 0.3 0.21 1
BinaryData = False
TransformMatrix = 1 0 0 0 1 0 0 0 1
Offset = 0 0 0
CenterOfRotation = 0 0 0
ElementSpacing = 1 1 1
Root = False
Artery = True
PointDim = id x y z red green blue alpha mark r rn mn bn cv lv ro in tx ty tz v1x v1y v1z v2x v2y v2z a1 a2 a3
NPoints = 3
Points = 
-1 21.291 13.9347 7.6839 1 0 0 1 0 0.16125 0 0 0 0 0 0 0 -0.7493 0.129889 0.649368 0.507293 -0.517731 0.688919 0.425681 0.845626 0.322044 0 0 0 
-1 21.2873 13.9354 7.68715 1 0 0 1 0 0.16125 0 0 0 0 0 0 0 -0.746543 0.135332 0.651428 0.510799 -0.510799 0.691497 0.426331 0.848981 0.312206 0 0 0 
-1 21.2835 13.9361 7.6904 1 0 0 1 0 0.16125 0 0 0 0 0 0 0 -0.749263 0.129882 0.649412 0.510799 -0.510799 0.691497 0.421532 0.849832 0.316379 0 0 0 
ObjectType = Tube
NDims = 3
ID = 66
ParentID = 159
Color = 1 0.3 0.21 1
BinaryData = False
TransformMatrix = 1 0 0 0 1 0 0 0 1
Offset = 0 0 0
CenterOfRotation = 0 0 0
ElementSpacing = 1 1 1
Root = False
Artery = True
PointDim = id x y z red green blue alpha mark r rn mn bn cv lv ro in tx ty tz v1x v1y v1z v2x v2y v2z a1 a2 a3
NPoints = 1
Points = 
-1 21.2684 13.9384 7.70335 1 0 0 1 0 0.16125 0 0 0 0 0 0 0 -0.753249 0.10976 0.648513 -0.451314 0.630998 -0.630998 -0.478468 -0.767981 -0.425762 0 0 0 
ObjectType = Tube
NDims = 3
ID = 67
ParentID = 159
Color = 1 0.3 0.21 1
BinaryData = False
TransformMatrix = 1 0 0 0 1 0 0 0 1
Offset = 0 0 0
CenterOfRotation = 0 0 0
ElementSpacing = 1 1 1
Root = False
Artery = True
PointDim = id x y z red green blue alpha mark r rn mn bn cv lv ro in tx ty tz v1x v1y v1z v2x v2y v2z a1 a2 a3
NPoints = 2
Points = 
-1 21.2027 13.9503 7.73325 1 0 0 1 0 0.16125 0 0 0 0 0 0 0 -0.792553 0.0897517 0.603162 -0.14373 0.933748 -0.327805 -0.592622 -0.346495 -0.727145 0 0 0 
-1 21.1987 13.9508 7.73625 1 0 0 1 0 0.16125 0 0 0 0 0 0 0 -0.80125 0.0846059 0.592318 0.258792 0.941568 0.215585 -0.539467 0.326025 -0.776327 0 0 0 
ObjectType = Tube
NDims = 3
ID = 68
ParentID = 159
Color = 1 0.3 0.21 1
BinaryData = False
TransformMatrix = 1 0 0 0 1 0 0 0 1
Offset = 0 0 0
CenterOfRotation = 0 0 0
ElementSpacing = 1 1 1
Root = False
Artery = True
PointDim = id x y z red green blue alpha mark r rn mn bn cv lv ro in tx ty tz v1x v1y v1z v2x v2y v2z a1 a2 a3
NPoints = 1
Points = 
-1 21.1779 13.9529 7.75025 1 0 0 1 0 0.16125 0 0 0 0 0 0 0 -0.819809 0.0844523 0.566376 -0.272406 0.812472 -0.515446 -0.503695 -0.576851 -0.643066 0 0 0 
ObjectType = Tube
NDims = 3
ID = 69
ParentID = 159
Color = 1 0.3 0.21 1
BinaryData = False
TransformMatrix = 1 0 0 0 1 0 0 0 1
Offset = 0 0 0
CenterOfRotation = 0 0 0
ElementSpacing = 1 1 1
Root = False
Artery = True
PointDim = id x y z red green blue alpha mark r rn mn bn cv lv ro in tx ty tz v1x v1y v1z v2x v2y v2z a1 a2 a3
NPoints = 1
Points = 
-1 21.1529 13.9553 7.7671 1 0 0 1 0 0.16125 0 0 0 0 0 0 0 -0.78558 0.0650451 0.615332 -0.308371 0.821006 -0.480476 -0.536444 -0.567203 -0.624907 0 0 0 
ObjectType = Tube
NDims = 3
ID = 70
ParentID = 159
Color = 1 0.3 0.21 1
BinaryData = False
TransformMatrix = 1 0 0 0 1 0 0 0 1
Offset = 0 0 0
CenterOfRotation = 0 0 0
ElementSpacing = 1 1 1
Root = False
Artery = True
PointDim = id x y z red green blue alpha mark r rn mn bn cv lv ro in tx ty tz v1x v1y v1z v2x v2y v2z a1 a2 a3
NPoints = 2
Points = 
-1 21.1409 13.9563 7.77615 1 0 0 1 0 0.16125 0 0 0 0 0 0 0 -0.806324 0.0697255 0.58735 0.387827 0.812086 0.436012 -0.446578 0.579357 -0.681846 0 0 0 
-1 21.137 13.9566 7.7792 1 0 0 1 0 0.16125 0 0 0 0 0 0 0 -0.802497 0.064796 0.593127 0.246109 0.941526 0.230127 -0.543534 0.33065 -0.771519 0 0 0 
ObjectType = Tube
NDims = 3
ID = 71
ParentID = 159
Color = 1 0.3 0.21 1
BinaryData = False
TransformMatrix = 1 0 0 0 1 0 0 0 1
Offset = 0 0 0
CenterOfRotation = 0 0 0
ElementSpacing = 1 1 1
Root = False
Artery = True
PointDim = id x y z red green blue alpha mark r rn mn bn cv lv ro in tx ty tz v1x v1y v1z v2x v2y v2z a1 a2 a3
NPoints = 1
Points = 
-1 21.129 13.9572 7.78525 1 0 0 1 0 0.16125 0 0 0 0 0 0 0 -0.780898 0.0596603 0.621803 -0.170082 0.937512 -0.303551 -0.601058 -0.3428 -0.721954 0 0 0 
ObjectType = Tube
NDims = 3
ID = 72
ParentID = 159
Color = 1 0.3 0.21 1
BinaryData = False
TransformMatrix = 1 0 0 0 1 0 0 0 1
Offset = 0 0 0
CenterOfRotation = 0 0 0
ElementSpacing = 1 1 1
Root = False
Artery = True
PointDim = id x y z red green blue alpha mark r rn mn bn cv lv ro in tx ty tz v1x v1y v1z v2x v2y v2z a1 a2 a3
NPoints = 2
Points = 
-1 21.1043 13.9587 7.80245 1 0 0 1 0 0.16125 0 0 0 0 0 0 0 -0.873678 0.0244144 0.485892 -0.104129 0.966211 -0.235783 -0.475231 -0.256594 -0.841615 0 0 0 
-1 21.1001 13.9589 7.8053 1 0 0 1 0 0.16125 0 0 0 0 0 0 0 -0.811149 0.054674 0.582278 -0.142266 0.947268 -0.287131 -0.567272 -0.315745 -0.760597 0 0 0 
ObjectType = Tube
NDims = 3
ID = 73
ParentID = 159
Color = 1 0.3 0.21 1
BinaryData = False
TransformMatrix = 1 0 0 0 1 0 0 0 1
Offset = 0 0 0
CenterOfRotation = 0 0 0
ElementSpacing = 1 1 1
Root = False
Artery = True
PointDim = id x y z red green blue alpha mark r rn mn bn cv lv ro in tx ty tz v1x v1y v1z v2x v2y v2z a1 a2 a3
NPoints = 4
Points = 
-1 21.0885 13.96 7.81465 1 0 0 1 0 0.16125 0 0 0 0 0 0 0 -0.769371 0.0750011 0.634384 -0.484392 0.578921 -0.655907 -0.416452 -0.811927 -0.409075 0 0 0 
-1 21.0846 13.9604 7.81785 1 0 0 1 0 0.12625 0 0 0 0 0 0 0 -0.764234 0.084898 0.639326 -0.200676 0.910786 -0.360829 -0.612923 -0.404056 -0.679017 0 0 0 
-1 21.0808 13.9609 7.82105 1 0 0 1 0 0.12625 0 0 0 0 0 0 0 -0.771436 0.0801095 0.631244 -0.239204 0.882766 -0.404358 -0.589634 -0.462932 -0.661835 0 0 0 
-1 21.0769 13.9612 7.82415 1 0 0 1 0 0.12625 0 0 0 0 0 0 0 -0.778209 0.0747458 0.623541 -0.480281 0.568886 -0.667607 -0.404625 -0.819013 -0.406813 0 0 0 
ObjectType = Tube
NDims = 3
ID = 74
ParentID = 159
Color = 1 0.3 0.21 1
BinaryData = False
TransformMatrix = 1 0 0 0 1 0 0 0 1
Offset = 0 0 0
CenterOfRotation = 0 0 0
ElementSpacing = 1 1 1
Root = False
Artery = True
PointDim = id x y z red green blue alpha mark r rn mn bn cv lv ro in tx ty tz v1x v1y v1z v2x v2y v2z a1 a2 a3
NPoints = 1
Points = 
-1 21.0576 13.9633 7.83985 1 0 0 1 0 0.11125 0 0 0 0 0 0 0 -0.77559 0.0850568 0.625481 -0.441971 0.634295 -0.634295 -0.450691 -0.768397 -0.45436 0 0 0 
ObjectType = Tube
NDims = 3
ID = 75
ParentID = 159
Color = 1 0.3 0.21 1
BinaryData = False
TransformMatrix = 1 0 0 0 1 0 0 0 1
Offset = 0 0 0
CenterOfRotation = 0 0 0
ElementSpacing = 1 1 1
Root = False
Artery = True
PointDim = id x y z red green blue alpha mark r rn mn bn cv lv ro in tx ty tz v1x v1y v1z v2x v2y v2z a1 a2 a3
NPoints = 1
Points = 
-1 21.0343 13.9661 7.8586 1 0 0 1 0 0.10625 0 0 0 0 0 0 0 -0.783669 0.0947409 0.613912 -0.49707 0.49707 -0.711227 -0.372539 -0.862523 -0.342445 0 0 0 
ObjectType = Tube
NDims = 3
ID = 76
ParentID = 159
Color = 1 0.3 0.21 1
BinaryData = False
TransformMatrix = 1 0 0 0 1 0 0 0 1
Offset = 0 0 0
CenterOfRotation = 0 0 0
ElementSpacing = 1 1 1
Root = False
Artery = True
PointDim = id x y z red green blue alpha mark r rn mn bn cv lv ro in tx ty tz v1x v1y v1z v2x v2y v2z a1 a2 a3
NPoints = 1
Points = 
-1 21.0147 13.9685 7.8739 1 0 0 1 0 0.10125 0 0 0 0 0 0 0 -0.78569 0.100177 0.610456 0.601003 0.357434 0.714868 -0.146584 0.92855 -0.341039 0 0 0 
ObjectType = Tube
NDims = 3
ID = 77
ParentID = 159
Color = 1 0.3 0.21 1
BinaryData = False
TransformMatrix = 1 0 0 0 1 0 0 0 1
Offset = 0 0 0
CenterOfRotation = 0 0 0
ElementSpacing = 1 1 1
Root = False
Artery = True
PointDim = id x y z red green blue alpha mark r rn mn bn cv lv ro in tx ty tz v1x v1y v1z v2x v2y v2z a1 a2 a3
NPoints = 1
Points = 
-1 21.0068 13.9695 7.88 1 0 0 1 0 0.10125 0 0 0 0 0 0 0 -0.787561 0.0996431 0.608127 0.536337 0.596801 0.596801 -0.303464 0.796178 -0.523459 0 0 0 
ObjectType = Tube
NDims = 3
ID = 78
ParentID = 159
Color = 1 0.3 0.21 1
BinaryData = False
TransformMatrix = 1 0 0 0 1 0 0 0 1
Offset = 0 0 0
CenterOfRotation = 0 0 0
ElementSpacing = 1 1 1
Root = False
Artery = True
PointDim = id x y z red green blue alpha mark r rn mn bn cv lv ro in tx ty tz v1x v1y v1z v2x v2y v2z a1 a2 a3
NPoints = 1
Points = 
-1 20.995 13.9711 7.8891 1 0 0 1 0 0.10125 0 0 0 0 0 0 0 -0.785188 0.10517 0.610261 0.551051 0.568272 0.611073 -0.282528 0.816092 -0.504154 0 0 0 
ObjectType = Tube
NDims = 3
ID = 79
ParentID = 159
Color = 1 0.3 0.21 1
BinaryData = False
TransformMatrix = 1 0 0 0 1 0 0 0 1
Offset = 0 0 0
CenterOfRotation = 0 0 0
ElementSpacing = 1 1 1
Root = False
Artery = True
PointDim = id x y z red green blue alpha mark r rn mn bn cv lv ro in tx ty tz v1x v1y v1z v2x v2y v2z a1 a2 a3
NPoints = 2
Points = 
-1 20.9674 13.9749 7.91025 1 0 0 1 0 0.121406 0 0 0 0 0 0 0 -0.793369 0.109793 0.598758 -0.483637 0.483637 -0.729514 -0.369677 -0.868355 -0.330603 0 0 0 
-1 20.9634 13.9755 7.91325 1 0 0 1 0 0.121563 0 0 0 0 0 0 0 -0.791046 0.115211 0.60081 -0.483637 0.483637 -0.729514 -0.374622 -0.867653 -0.326859 0 0 0 
ObjectType = Tube
NDims = 3
ID = 80
ParentID = 159
Color = 1 0.3 0.21 1
BinaryData = False
TransformMatrix = 1 0 0 0 1 0 0 0 1
Offset = 0 0 0
CenterOfRotation = 0 0 0
ElementSpacing = 1 1 1
Root = False
Artery = True
PointDim = id x y z red green blue alpha mark r rn mn bn cv lv ro in tx ty tz v1x v1y v1z v2x v2y v2z a1 a2 a3
NPoints = 4
Points = 
-1 20.9125 13.9829 7.95305 1 0 0 1 0 0.139375 0 0 0 0 0 0 0 -0.775652 0.115149 0.620568 0.431619 0.814149 0.388415 -0.460509 0.569124 -0.681197 0 0 0 
-1 20.9086 13.9834 7.95615 1 0 0 1 0 0.139375 0 0 0 0 0 0 0 -0.771672 0.110261 0.626391 0.531161 0.653443 0.539333 -0.349843 0.748903 -0.562809 0 0 0 
-1 20.9048 13.984 7.9593 1 0 0 1 0 0.139375 0 0 0 0 0 0 0 -0.771313 0.109493 0.626967 0.531161 0.653443 0.539333 -0.350634 0.749015 -0.562167 0 0 0 
-1 20.9009 13.9846 7.96245 1 0 0 1 0 0.139375 0 0 0 0 0 0 0 -0.771313 0.109493 0.626967 0.531161 0.653443 0.539333 -0.350634 0.749015 -0.562167 0 0 0 
ObjectType = Tube
NDims = 3
ID = 81
ParentID = 159
Color = 1 0.3 0.21 1
BinaryData = False
TransformMatrix = 1 0 0 0 1 0 0 0 1
Offset = 0 0 0
CenterOfRotation = 0 0 0
ElementSpacing = 1 1 1
Root = False
Artery = True
PointDim = id x y z red green blue alpha mark r rn mn bn cv lv ro in tx ty tz v1x v1y v1z v2x v2y v2z a1 a2 a3
NPoints = 9
Points = 
-1 20.341 15.1406 12.3102 1 0 0 1 0 0.26125 0 0 0 0 0 0 0 0 0.441334 -0.897343 0.523608 -0.7645 -0.375998 -0.851959 -0.469856 -0.231086 0 0 0 
-1 20.3411 15.143 12.3057 1 0 0 1 0 0.26125 0 0 0 0 0 0 0 -0.0394151 0.419124 -0.907073 -0.76644 -0.595115 -0.241676 -0.641105 0.685692 0.34469 0 0 0 
-1 20.3406 15.1449 12.301 1 0 0 1 0 0.26125 0 0 0 0 0 0 0 -0.0595094 0.44043 -0.895813 -0.55273 -0.761814 -0.337831 -0.831233 0.475038 0.288774 0 0 0 
-1 20.3405 15.1474 12.2966 1 0 0 1 0 0.26 0 0 0 0 0 0 0 -0.0795345 0.451756 -0.888589 -0.355967 -0.845511 -0.397994 -0.931108 0.284654 0.228057 0 0 0 
-1 20.3398 15.1495 12.292 1 0 0 1 0 0.260156 0 0 0 0 0 0 0 -0.0445912 0.440773 -0.89651 0.899033 -0.373596 -0.228397 -0.435604 -0.816177 -0.37961 0 0 0 
-1 20.34 15.1518 12.2875 1 0 0 1 0 0.260156 0 0 0 0 0 0 0 -0.00990256 0.504116 -0.863579 0.697841 0.622027 0.355107 0.716185 -0.599124 -0.357952 0 0 0 
-1 20.3397 15.1545 12.2833 1 0 0 1 0 0.260156 0 0 0 0 0 0 0 0.0247385 0.474557 -0.879877 0.894952 -0.402717 -0.192041 -0.445476 -0.782697 -0.434669 0 0 0 
-1 20.3403 15.1566 12.2787 1 0 0 1 0 0.260156 0 0 0 0 0 0 0 -0.0244235 0.385563 -0.922358 0.657272 0.701381 0.275786 0.753257 -0.599505 -0.27055 0 0 0 
-1 20.3395 15.1585 12.2739 1 0 0 1 0 0.260156 0 0 0 0 0 0 0 -0.108923 0.450495 -0.88611 -0.55679 0.710806 0.429813 0.823481 0.540193 0.173408 0 0 0 
ObjectType = Tube
NDims = 3
ID = 82
ParentID = 159
Color = 1 0.3 0.21 1
BinaryData = False
TransformMatrix = 1 0 0 0 1 0 0 0 1
Offset = 0 0 0
CenterOfRotation = 0 0 0
ElementSpacing = 1 1 1
Root = False
Artery = True
PointDim = id x y z red green blue alpha mark r rn mn bn cv lv ro in tx ty tz v1x v1y v1z v2x v2y v2z a1 a2 a3
NPoints = 718
Points = 
-1 20.3395 15.1637 12.2653 1 0 0 1 0 0.261562 0 0 0 0 0 0 0 0 0.409376 -0.912366 -0.54138 0.767097 0.344194 0.840778 0.493937 0.221628 0 0 0 
-1 20.3391 15.1653 12.2605 1 0 0 1 0 0.261562 0 0 0 0 0 0 0 -0.0441867 0.382851 -0.922753 -0.986422 0.12952 0.100974 0.158173 0.914685 0.37193 0 0 0 
-1 20.339 15.1676 12.2559 1 0 0 1 0 0.261562 0 0 0 0 0 0 0 -0.029572 0.464703 -0.884973 -0.159394 0.871838 0.463132 0.986772 0.154755 0.048289 0 0 0 
-1 20.3389 15.17 12.2515 1 0 0 1 0 0.261562 0 0 0 0 0 0 0 -0.0841638 0.455421 -0.886289 -0.988785 -0.148294 0.017696 -0.123372 0.877838 0.462795 0 0 0 
-1 20.3382 15.1721 12.247 1 0 0 1 0 0.261562 0 0 0 0 0 0 0 -0.0791558 0.419903 -0.904111 -0.345563 0.839162 0.419993 0.935051 0.345672 0.0786785 0 0 0 
-1 20.338 15.1743 12.2423 1 0 0 1 0 0.260156 0 0 0 0 0 0 0 0.00497097 0.449195 -0.89342 -0.962544 0.244344 0.117496 0.271081 0.859371 0.433585 0 0 0 
-1 20.3382 15.1767 12.2379 1 0 0 1 0 0.26039 0 0 0 0 0 0 0 0.0149664 0.480588 -0.876819 -0.503744 0.761123 0.408576 0.863723 0.435577 0.253484 0 0 0 
-1 20.3382 15.1792 12.2335 1 0 0 1 0 0.26039 0 0 0 0 0 0 0 -0.0496795 0.446661 -0.893323 -0.961261 -0.264186 -0.0786353 -0.271127 0.85481 0.442483 0 0 0 
-1 20.3377 15.1812 12.2289 1 0 0 1 0 0.26039 0 0 0 0 0 0 0 -0.0194047 0.349433 -0.93676 -0.91182 -0.390524 -0.126787 -0.410131 0.851697 0.326199 0 0 0 
-1 20.338 15.1827 12.2239 1 0 0 1 0 0.26039 0 0 0 0 0 0 0 -0.0340058 0.379558 -0.924543 -0.932115 -0.345787 -0.107674 -0.360563 0.858118 0.365551 0 0 0 
-1 20.3374 15.1851 12.2194 1 0 0 1 0 0.26039 0 0 0 0 0 0 0 -0.0843922 0.496505 -0.863922 -0.994639 -0.093975 0.0431529 -0.0597614 0.862932 0.501774 0 0 0 
-1 20.3372 15.1877 12.2151 1 0 0 1 0 0.26207 0 0 0 0 0 0 0 -0.0793399 0.425866 -0.901301 -0.474098 -0.811469 -0.341686 -0.87689 0.400195 0.266284 0 0 0 
-1 20.3365 15.1894 12.2103 1 0 0 1 0 0.262227 0 0 0 0 0 0 0 0.00476725 0.3857 -0.922612 -0.947515 -0.293202 -0.12747 -0.319677 0.874796 0.364059 0 0 0 
-1 20.3372 15.1917 12.2057 1 0 0 1 0 0.262227 0 0 0 0 0 0 0 -0.00478503 0.411662 -0.911324 -0.999989 -0.00214159 0.00428318 -0.000188457 0.911334 0.411668 0 0 0 
-1 20.3365 15.1936 12.201 1 0 0 1 0 0.262227 0 0 0 0 0 0 0 -0.004785 0.41151 -0.911393 -0.994267 -0.0993115 -0.0396208 -0.106816 0.905978 0.409626 0 0 0 
-1 20.3372 15.1959 12.1964 1 0 0 1 0 0.262227 0 0 0 0 0 0 0 -0.00996337 0.454994 -0.890439 -0.282802 -0.855411 -0.433931 -0.959127 0.247494 0.137196 0 0 0 
-1 20.3364 15.1982 12.192 1 0 0 1 0 0.262227 0 0 0 0 0 0 0 -0.139863 0.484339 -0.863629 -0.613299 -0.727127 -0.308464 -0.777369 0.48652 0.398742 0 0 0 
-1 20.3358 15.2008 12.1877 1 0 0 1 0 0.260489 0 0 0 0 0 0 0 -0.0689755 0.438347 -0.896155 -0.920721 0.317868 0.226349 0.384078 0.840721 0.38167 0 0 0 
-1 20.3357 15.2027 12.1829 1 0 0 1 0 0.260312 0 0 0 0 0 0 0 -0.124367 0.310771 -0.942313 -0.51439 0.791911 0.329059 0.84849 0.525641 0.0613702 0 0 0 
-1 20.3344 15.204 12.1779 1 0 0 1 0 0.260312 0 0 0 0 0 0 0 -0.0583892 0.350484 -0.934747 -0.600572 0.735619 0.313335 0.797436 0.579678 0.167538 0 0 0 
-1 20.3351 15.2063 12.1733 1 0 0 1 0 0.260312 0 0 0 0 0 0 0 0.0780051 0.443915 -0.892667 -0.000379268 0.895409 0.445245 0.996953 -0.0343928 0.0700148 0 0 0 
-1 20.3352 15.2085 12.1687 1 0 0 1 0 0.260312 0 0 0 0 0 0 0 -0.073925 0.444001 -0.892971 -0.405495 0.804677 0.433669 0.911103 0.394154 0.120554 0 0 0 
-1 20.3344 15.2107 12.1643 1 0 0 1 0 0.260312 0 0 0 0 0 0 0 -0.142508 0.412973 -0.899525 0.373885 0.863929 0.337398 0.916461 -0.288237 -0.277521 0 0 0 
-1 20.3338 15.2128 12.1596 1 0 0 1 0 0.262031 0 0 0 0 0 0 0 0.0238422 0.354708 -0.934673 -0.701395 0.672151 0.237189 0.712374 0.64992 0.264816 0 0 0 
-1 20.3346 15.2144 12.1545 1 0 0 1 0 0.262188 0 0 0 0 0 0 0 -0.0238997 0.310404 -0.950304 0.5812 0.777743 0.239423 0.81341 -0.546595 -0.198995 0 0 0 
-1 20.3335 15.216 12.1496 1 0 0 1 0 0.262188 0 0 0 0 0 0 0 -0.127523 0.37763 -0.917133 0.948518 -0.223854 -0.224059 -0.289915 -0.89849 -0.329642 0 0 0 
-1 20.3333 15.2183 12.1452 1 0 0 1 0 0.262188 0 0 0 0 0 0 0 -0.0896503 0.488739 -0.867812 0.534971 -0.711326 -0.455874 -0.8401 -0.505124 -0.197691 0 0 0 
-1 20.3327 15.2209 12.141 1 0 0 1 0 0.262188 0 0 0 0 0 0 0 -0.124297 0.467443 -0.875241 0.699393 -0.584428 -0.411452 -0.703846 -0.66328 -0.254284 0 0 0 
-1 20.3321 15.223 12.1364 1 0 0 1 0 0.262188 0 0 0 0 0 0 0 -0.168148 0.424971 -0.889453 -0.0698782 -0.905169 -0.419269 -0.983282 -0.00834613 0.181899 0 0 0 
-1 20.3309 15.2252 12.132 1 0 0 1 0 0.260469 0 0 0 0 0 0 0 -0.0788405 0.423993 -0.902227 0.00301345 -0.904939 -0.425531 -0.996883 -0.0362679 0.0700681 0 0 0 
-1 20.3312 15.2273 12.1272 1 0 0 1 0 0.260312 0 0 0 0 0 0 0 0.00985113 0.425539 -0.904886 0.0371464 -0.904461 -0.424935 -0.999261 -0.0294272 -0.0247172 0 0 0 
-1 20.3311 15.2296 12.1227 1 0 0 1 0 0.260312 0 0 0 0 0 0 0 -0.0540115 0.42279 -0.904617 0.407844 -0.817587 -0.406466 -0.911453 -0.390897 -0.128273 0 0 0 
-1 20.3307 15.2316 12.118 1 0 0 1 0 0.260312 0 0 0 0 0 0 0 -0.142285 0.382823 -0.912799 -0.492345 -0.827381 -0.270253 -0.858692 0.410959 0.306205 0 0 0 
-1 20.3296 15.2334 12.1134 1 0 0 1 0 0.260312 0 0 0 0 0 0 0 0 0.310493 -0.950576 -0.255081 -0.91913 -0.300222 -0.96692 0.242474 0.0792009 0 0 0 
-1 20.3307 15.2348 12.108 1 0 0 1 0 0.260312 0 0 0 0 0 0 0 0.028344 0.303252 -0.952489 -0.286623 -0.910394 -0.298379 -0.957624 0.281463 0.0611148 0 0 0 
-1 20.3299 15.2367 12.1033 1 0 0 1 0 0.262031 0 0 0 0 0 0 0 -0.156335 0.351717 -0.92296 0.0380355 -0.931613 -0.361457 -0.986971 -0.0916137 0.132266 0 0 0 
-1 20.3291 15.2385 12.0986 1 0 0 1 0 0.262188 0 0 0 0 0 0 0 -0.0581868 0.35904 -0.931506 0.997534 -0.015771 -0.06839 -0.0392456 -0.933189 -0.357237 0 0 0 
-1 20.3293 15.2404 12.0938 1 0 0 1 0 0.262188 0 0 0 0 0 0 0 -0.0542702 0.444564 -0.894102 0.406518 -0.808019 -0.426436 -0.912029 -0.386612 -0.136872 0 0 0 
-1 20.3286 15.243 12.0896 1 0 0 1 0 0.262188 0 0 0 0 0 0 0 -0.098813 0.425122 -0.899726 0.967343 -0.171044 -0.187058 -0.233415 -0.888828 -0.394338 0 0 0 
-1 20.3283 15.2446 12.0847 1 0 0 1 0 0.262188 0 0 0 0 0 0 0 -0.108245 0.38854 -0.915052 0.99399 0.0574284 -0.0931981 0.0163387 -0.91964 -0.392422 0 0 0 
-1 20.3274 15.2469 12.0802 1 0 0 1 0 0.262188 0 0 0 0 0 0 0 -0.109165 0.456342 -0.883083 0.530127 0.778234 0.336627 0.840861 -0.431399 -0.326875 0 0 0 
-1 20.3272 15.2492 12.0758 1 0 0 1 0 0.260469 0 0 0 0 0 0 0 -0.00491027 0.399815 -0.916583 0.931652 -0.33119 -0.149457 -0.363318 -0.85467 -0.370862 0 0 0 
-1 20.3274 15.251 12.0709 1 0 0 1 0 0.260312 0 0 0 0 0 0 0 -0.0432224 0.307392 -0.950601 0.955558 0.29045 0.0504738 0.291617 -0.906173 -0.306285 0 0 0 
-1 20.3267 15.2525 12.0659 1 0 0 1 0 0.260312 0 0 0 0 0 0 0 -0.0580233 0.35316 -0.933762 0.0519337 0.935139 0.350453 0.996964 -0.0281593 -0.0726008 0 0 0 
-1 20.3268 15.2546 12.0612 1 0 0 1 0 0.260312 0 0 0 0 0 0 0 0.0711398 0.346571 -0.935322 -0.194829 0.924465 0.32773 0.978254 0.158913 0.133288 0 0 0 
-1 20.3275 15.2561 12.056 1 0 0 1 0 0.260312 0 0 0 0 0 0 0 -0.0484899 0.324646 -0.944592 0.0246428 0.945805 0.323798 0.99852 -0.00757649 -0.0538622 0 0 0 
-1 20.3263 15.258 12.0515 1 0 0 1 0 0.260312 0 0 0 0 0 0 0 -0.237671 0.320152 -0.917069 0.310254 0.919688 0.24066 0.920465 -0.227326 -0.317911 0 0 0 
-1 20.3251 15.2594 12.0465 1 0 0 1 0 0.262031 0 0 0 0 0 0 0 -0.018832 0.259048 -0.965681 -0.939378 0.32615 0.10581 0.342366 0.909132 0.237202 0 0 0 
-1 20.3261 15.2607 12.0412 1 0 0 1 0 0.262188 0 0 0 0 0 0 0 0.0240785 0.370574 -0.928491 -0.464327 -0.818358 -0.33866 -0.885337 0.439277 0.152363 0 0 0 
-1 20.3253 15.2633 12.0369 1 0 0 1 0 0.262188 0 0 0 0 0 0 0 -0.134477 0.443091 -0.886333 -0.989972 -0.0991233 0.100648 -0.04326 0.89098 0.451977 0 0 0 
-1 20.3247 15.2652 12.0323 1 0 0 1 0 0.262188 0 0 0 0 0 0 0 -0.134185 0.437124 -0.889335 -0.710134 -0.668361 -0.221365 -0.691161 0.601843 0.400101 0 0 0 
-1 20.3239 15.2676 12.028 1 0 0 1 0 0.262188 0 0 0 0 0 0 0 -0.138631 0.440989 -0.886741 -0.636962 -0.72532 -0.261131 -0.758327 0.52862 0.381446 0 0 0 
-1 20.3234 15.2697 12.0233 1 0 0 1 0 0.262188 0 0 0 0 0 0 0 -0.0193701 0.353689 -0.935162 -0.990867 0.118049 0.0651716 0.133446 0.927884 0.348172 0 0 0 
-1 20.3237 15.2713 12.0183 1 0 0 1 0 0.260469 0 0 0 0 0 0 0 -0.0147481 0.385536 -0.922575 -0.6426 0.703247 0.304153 0.76606 0.597333 0.237374 0 0 0 
-1 20.3232 15.2736 12.0139 1 0 0 1 0 0.260312 0 0 0 0 0 0 0 -0.0877927 0.326767 -0.941018 -0.895509 -0.439643 -0.0691187 -0.436298 0.836622 0.331221 0 0 0 
-1 20.3228 15.2747 12.0086 1 0 0 1 0 0.260312 0 0 0 0 0 0 0 -0.0573815 0.268073 -0.961688 -0.617533 0.747357 0.245174 0.784449 0.607943 0.122659 0 0 0 
-1 20.3226 15.2764 12.0038 1 0 0 1 0 0.260312 0 0 0 0 0 0 0 -0.0191767 0.297311 -0.954588 -0.0736467 0.95175 0.297907 0.9971 0.0760151 0.00364461 0 0 0 
-1 20.3227 15.2778 11.9987 1 0 0 1 0 0.260312 0 0 0 0 0 0 0 0.0238622 0.300314 -0.953542 0.458591 0.844251 0.27737 0.888327 -0.443904 -0.117576 0 0 0 
-1 20.3228 15.2796 11.9938 1 0 0 1 0 0.260312 0 0 0 0 0 0 0 -0.123107 0.369473 -0.921051 0.664151 0.720302 0.200173 0.737393 -0.587074 -0.33406 0 0 0 
-1 20.3214 15.2815 11.9894 1 0 0 1 0 0.262031 0 0 0 0 0 0 0 -0.163384 0.40113 -0.901333 0.16872 0.911511 0.375076 0.972028 -0.0907915 -0.216605 0 0 0 
-1 20.3212 15.2836 11.9848 1 0 0 1 0 0.262188 0 0 0 0 0 0 0 0.0047546 0.379774 -0.925067 0.910513 0.380837 0.161027 0.413454 -0.843051 -0.343978 0 0 0 
-1 20.3214 15.2854 11.9798 1 0 0 1 0 0.262188 0 0 0 0 0 0 0 0.0334118 0.320403 -0.946692 0.222078 0.921161 0.3196 0.974456 -0.220918 -0.040377 0 0 0 
-1 20.3216 15.287 11.9748 1 0 0 1 0 0.262188 0 0 0 0 0 0 0 -0.102966 0.348109 -0.931782 0.829943 0.546403 0.112421 0.548263 -0.761751 -0.345171 0 0 0 
-1 20.3204 15.2889 11.9704 1 0 0 1 0 0.262188 0 0 0 0 0 0 0 -0.184699 0.459309 -0.868862 0.533895 0.789139 0.303671 0.825132 -0.407793 -0.390976 0 0 0 
-1 20.3197 15.2915 11.9662 1 0 0 1 0 0.262188 0 0 0 0 0 0 0 -0.0542834 0.390388 -0.919049 0.998501 0.0276964 -0.0472115 0.00702351 -0.920234 -0.391307 0 0 0 
-1 20.3199 15.2929 11.9611 1 0 0 1 0 0.260469 0 0 0 0 0 0 0 -0.0541008 0.368365 -0.928106 0.388806 0.863883 0.320211 0.91973 -0.34353 -0.189959 0 0 0 
-1 20.3191 15.2953 11.9567 1 0 0 1 0 0.260312 0 0 0 0 0 0 0 -0.134013 0.39689 -0.90803 0.746883 0.642678 0.170677 0.651311 -0.65532 -0.382557 0 0 0 
-1 20.3185 15.2969 11.9519 1 0 0 1 0 0.260312 0 0 0 0 0 0 0 0.00477772 0.251482 -0.96785 0.996486 -0.0821303 -0.0164213 -0.0836195 -0.964371 -0.250991 0 0 0 
-1 20.3192 15.298 11.9465 1 0 0 1 0 0.260312 0 0 0 0 0 0 0 0.0096787 0.307665 -0.951445 0.646142 0.724245 0.240769 0.763156 -0.617099 -0.191786 0 0 0 
-1 20.3186 15.3001 11.942 1 0 0 1 0 0.260312 0 0 0 0 0 0 0 -0.0841444 0.381143 -0.920679 0.730622 0.651879 0.20309 0.677577 -0.65558 -0.333323 0 0 0 
-1 20.3183 15.3018 11.9372 1 0 0 1 0 0.260312 0 0 0 0 0 0 0 -0.0342826 0.332094 -0.942623 0.981156 -0.168266 -0.0949657 -0.190149 -0.928116 -0.320068 0 0 0 
-1 20.3182 15.3035 11.9324 1 0 0 1 0 0.262031 0 0 0 0 0 0 0 -0.0387502 0.31015 -0.949898 0.758526 0.627958 0.17409 0.65049 -0.713776 -0.25959 0 0 0 
-1 20.318 15.305 11.9274 1 0 0 1 0 0.262188 0 0 0 0 0 0 0 0 0.267156 -0.963653 0.497086 0.836163 0.231811 0.867701 -0.479018 -0.132799 0 0 0 
-1 20.3182 15.3063 11.9223 1 0 0 1 0 0.262188 0 0 0 0 0 0 0 -0.0730721 0.306547 -0.949047 0.639723 0.744443 0.191203 0.765124 -0.593155 -0.250503 0 0 0 
-1 20.3172 15.3081 11.9177 1 0 0 1 0 0.262188 0 0 0 0 0 0 0 -0.0385452 0.279526 -0.959364 0.540559 0.813304 0.215251 0.840423 -0.510296 -0.182449 0 0 0 
-1 20.3179 15.3092 11.9123 1 0 0 1 0 0.262188 0 0 0 0 0 0 0 0.014205 0.246993 -0.968913 0.817562 0.555013 0.153469 0.575665 -0.794326 -0.194048 0 0 0 
-1 20.3173 15.3108 11.9074 1 0 0 1 0 0.262188 0 0 0 0 0 0 0 -0.0540168 0.339256 -0.939142 0.966785 0.253068 0.0358116 0.249816 -0.906014 -0.341657 0 0 0 
-1 20.3173 15.3126 11.9028 1 0 0 1 0 0.257344 0 0 0 0 0 0 0 -0.0436027 0.301363 -0.952512 0.882171 0.459104 0.104872 0.468907 -0.835705 -0.285872 0 0 0 
-1 20.3169 15.3139 11.8976 1 0 0 1 0 0.257188 0 0 0 0 0 0 0 -0.0290318 0.275286 -0.960924 0.958699 -0.264443 -0.104723 -0.282938 -0.924277 -0.25624 0 0 0 
-1 20.317 15.3155 11.8928 1 0 0 1 0 0.257188 0 0 0 0 0 0 0 -0.00493356 0.352675 -0.935733 0.701994 0.667634 0.247928 0.712166 -0.655656 -0.25087 0 0 0 
-1 20.3169 15.3174 11.8881 1 0 0 1 0 0.257188 0 0 0 0 0 0 0 -0.0644005 0.406207 -0.911509 0.997921 0.0286489 -0.0577386 0.00265993 -0.913332 -0.407207 0 0 0 
-1 20.3163 15.3196 11.8836 1 0 0 1 0 0.257188 0 0 0 0 0 0 0 -0.0643261 0.385957 -0.920271 0.900246 0.420361 0.113371 0.430602 -0.821178 -0.374496 0 0 0 
-1 20.3162 15.3214 11.8788 1 0 0 1 0 0.257188 0 0 0 0 0 0 0 -0.0341875 0.327842 -0.944114 0.963365 -0.240623 -0.118441 -0.266006 -0.913575 -0.307605 0 0 0 
-1 20.316 15.323 11.874 1 0 0 1 0 0.257344 0 0 0 0 0 0 0 -0.0246936 0.360166 -0.932561 0.228272 -0.90617 -0.356018 -0.973284 -0.221669 -0.0598391 0 0 0 
-1 20.316 15.325 11.8693 1 0 0 1 0 0.2575 0 0 0 0 0 0 0 -0.0444672 0.355587 -0.933585 0.992182 0.124798 0.000275168 0.116607 -0.926274 -0.358356 0 0 0 
-1 20.3155 15.3266 11.8645 1 0 0 1 0 0.2575 0 0 0 0 0 0 0 -0.0391099 0.313029 -0.948938 0.888679 0.445092 0.110197 0.456859 -0.838991 -0.295589 0 0 0 
-1 20.3155 15.3282 11.8596 1 0 0 1 0 0.2575 0 0 0 0 0 0 0 -0.0590317 0.349383 -0.935118 0.853944 0.502826 0.133961 0.517005 -0.790631 -0.328036 0 0 0 
-1 20.315 15.3301 11.855 1 0 0 1 0 0.2575 0 0 0 0 0 0 0 -0.00485522 0.265124 -0.964202 0.999985 0.00390234 -0.00396238 0.00271213 -0.964206 -0.265139 0 0 0 
-1 20.3155 15.3309 11.8496 1 0 0 1 0 0.2575 0 0 0 0 0 0 0 -0.00487132 0.270875 -0.962602 0.973763 0.220294 0.0570626 0.227512 -0.937069 -0.264841 0 0 0 
-1 20.3149 15.3329 11.845 1 0 0 1 0 0.255 0 0 0 0 0 0 0 -0.0298256 0.372139 -0.927698 0.999484 0 -0.0321335 -0.0119581 -0.928177 -0.371947 0 0 0 
-1 20.3152 15.3347 11.8403 1 0 0 1 0 0.254844 0 0 0 0 0 0 0 -0.0297156 0.38057 -0.924274 0.999429 0.0262099 -0.0213398 0.0161038 -0.92438 -0.381132 0 0 0 
-1 20.3146 15.3367 11.8357 1 0 0 1 0 0.254844 0 0 0 0 0 0 0 -0.0295374 0.370423 -0.928393 0.995538 0.0941749 0.00590154 0.0896174 -0.924077 -0.371552 0 0 0 
-1 20.3149 15.3385 11.8309 1 0 0 1 0 0.254844 0 0 0 0 0 0 0 -0.0245672 0.319074 -0.947411 0.791974 0.584539 0.176328 0.610061 -0.745993 -0.267059 0 0 0 
-1 20.3144 15.34 11.826 1 0 0 1 0 0.254844 0 0 0 0 0 0 0 0.0477113 0.228665 -0.972335 0.162327 0.958728 0.23343 0.985583 -0.168973 0.00862366 0 0 0 
-1 20.3154 15.3408 11.8207 1 0 0 1 0 0.254844 0 0 0 0 0 0 0 0.00484501 0.235791 -0.971792 0.665219 0.724829 0.179185 0.746633 -0.647322 -0.153341 0 0 0 
-1 20.3144 15.3425 11.816 1 0 0 1 0 0.257422 0 0 0 0 0 0 0 -0.133808 0.351832 -0.92645 -0.689447 0.638486 0.342051 0.71187 0.684507 0.157135 0 0 0 
-1 20.3141 15.3444 11.8113 1 0 0 1 0 0.257578 0 0 0 0 0 0 0 -0.0599946 0.420268 -0.905415 -0.978064 -0.206012 -0.0308163 -0.199477 0.883705 0.423408 0 0 0 
-1 20.3138 15.3467 11.8069 1 0 0 1 0 0.257578 0 0 0 0 0 0 0 -0.0445431 0.351362 -0.935179 -0.400935 -0.863699 -0.305409 -0.915023 0.361342 0.179345 0 0 0 
-1 20.3136 15.348 11.8019 1 0 0 1 0 0.257578 0 0 0 0 0 0 0 -0.0296787 0.345448 -0.937968 -0.999547 -0.0149372 0.0261259 -0.00498547 0.938319 0.345735 0 0 0 
-1 20.3135 15.3501 11.7974 1 0 0 1 0 0.257578 0 0 0 0 0 0 0 -0.0298528 0.382329 -0.923544 -0.709223 -0.659182 -0.249963 -0.704352 0.647536 0.290835 0 0 0 
-1 20.3133 15.3518 11.7926 1 0 0 1 0 0.257578 0 0 0 0 0 0 0 0.0587491 0.29807 -0.952734 -0.729706 -0.638459 -0.244743 -0.681232 0.709595 0.179994 0 0 0 
-1 20.3141 15.3532 11.7877 1 0 0 1 0 0.261289 0 0 0 0 0 0 0 0.114649 0.238622 -0.964321 -0.121817 -0.960019 -0.25204 -0.985909 0.146367 -0.0809973 0 0 0 
-1 20.3145 15.3543 11.7825 1 0 0 1 0 0.260938 0 0 0 0 0 0 0 -0.0291798 0.257286 -0.965895 -0.897362 -0.432417 -0.0880736 -0.440329 0.864187 0.243496 0 0 0 
-1 20.3138 15.3559 11.7777 1 0 0 1 0 0.260938 0 0 0 0 0 0 0 -0.0591564 0.315651 -0.947029 -0.690188 0.672471 0.267252 0.721208 0.669438 0.178078 0 0 0 
-1 20.3139 15.3575 11.7729 1 0 0 1 0 0.260938 0 0 0 0 0 0 0 0.0100238 0.37817 -0.925682 -0.993966 0.104894 0.0320893 0.109234 0.919774 0.37694 0 0 0 
-1 20.3139 15.3596 11.7684 1 0 0 1 0 0.260938 0 0 0 0 0 0 0 0.0149185 0.419089 -0.907823 -0.998826 -0.0356105 -0.0328533 -0.0460965 0.907247 0.418065 0 0 0 
-1 20.3141 15.3617 11.7638 1 0 0 1 0 0.260938 0 0 0 0 0 0 0 0.0197183 0.320611 -0.947006 -0.814178 0.554891 0.170907 0.58028 0.767662 0.271976 0 0 0 
-1 20.3141 15.3629 11.7588 1 0 0 1 0 0.259844 0 0 0 0 0 0 0 -0.0341468 0.248084 -0.968136 -0.991958 -0.12654 0.00256135 -0.121872 0.960438 0.25041 0 0 0 
-1 20.3137 15.3643 11.7538 1 0 0 1 0 0.26 0 0 0 0 0 0 0 -0.0288255 0.206168 -0.978092 -0.594815 0.782862 0.182546 0.803346 0.587046 0.100066 0 0 0 
-1 20.3138 15.365 11.7486 1 0 0 1 0 0.26 0 0 0 0 0 0 0 0.0438794 0.258368 -0.96505 -0.996424 0.0811385 -0.0235831 0.0722096 0.962633 0.261004 0 0 0 
-1 20.3141 15.3669 11.7439 1 0 0 1 0 0.26 0 0 0 0 0 0 0 0.0497743 0.338101 -0.939793 -0.998727 0.0245053 -0.0440796 0.00812652 0.940791 0.33889 0 0 0 
-1 20.3143 15.3684 11.7392 1 0 0 1 0 0.26 0 0 0 0 0 0 0 0.0493049 0.290568 -0.955583 -0.873334 -0.451682 -0.182406 -0.484621 0.843536 0.231493 0 0 0 
-1 20.3146 15.3699 11.7343 1 0 0 1 0 0.26 0 0 0 0 0 0 0 0.0197732 0.341276 -0.939755 -0.738752 -0.628362 -0.243736 -0.673687 0.699065 0.239694 0 0 0 
-1 20.3145 15.3719 11.7297 1 0 0 1 0 0.261875 0 0 0 0 0 0 0 0.073607 0.284255 -0.955919 -0.982964 -0.14119 -0.117674 -0.168416 0.948296 0.26902 0 0 0 
-1 20.3154 15.3727 11.7245 1 0 0 1 0 0.261719 0 0 0 0 0 0 0 0.0868544 0.20742 -0.974389 -0.930836 -0.331607 -0.153562 -0.354966 0.920333 0.164273 0 0 0 
-1 20.3154 15.374 11.7196 1 0 0 1 0 0.261719 0 0 0 0 0 0 0 0.0395329 0.326373 -0.944414 -0.440272 -0.84277 -0.309676 -0.896994 0.428042 0.110376 0 0 0 
-1 20.3158 15.376 11.7149 1 0 0 1 0 0.261719 0 0 0 0 0 0 0 0.0933654 0.30006 -0.94934 -0.970164 0.241705 -0.0190172 0.223753 0.922791 0.313674 0 0 0 
-1 20.3163 15.3771 11.7099 1 0 0 1 0 0.261719 0 0 0 0 0 0 0 0.0886953 0.280818 -0.955654 -0.282766 0.927061 0.246173 0.955079 0.248392 0.161632 0 0 0 
-1 20.3167 15.3789 11.7052 1 0 0 1 0 0.261719 0 0 0 0 0 0 0 -0.00494293 0.255235 -0.966866 0.423236 0.876542 0.229227 0.906006 -0.40808 -0.112357 0 0 0 
-1 20.3163 15.3797 11.7001 1 0 0 1 0 0.257734 0 0 0 0 0 0 0 0.0533996 0.228431 -0.972094 0.426078 0.875206 0.229069 0.903109 -0.42642 -0.0505939 0 0 0 
-1 20.3172 15.3813 11.6952 1 0 0 1 0 0.257969 0 0 0 0 0 0 0 0.0632167 0.223781 -0.972587 -0.00658549 0.974609 0.223818 0.997978 -0.00774408 0.0630852 0 0 0 
-1 20.3169 15.382 11.6901 1 0 0 1 0 0.257969 0 0 0 0 0 0 0 0.043827 0.223889 -0.973629 -0.298581 0.932958 0.201096 0.953378 0.281893 0.107738 0 0 0 
-1 20.3177 15.3835 11.6853 1 0 0 1 0 0.257969 0 0 0 0 0 0 0 0.18555 0.263434 -0.946664 0.194669 0.934445 0.298189 0.963159 -0.239615 0.122104 0 0 0 
-1 20.3189 15.3847 11.6803 1 0 0 1 0 0.257969 0 0 0 0 0 0 0 0.108684 0.281584 -0.953361 0.446775 0.842888 0.299888 0.88802 -0.458531 -0.0341961 0 0 0 
-1 20.3188 15.3864 11.6756 1 0 0 1 0 0.257969 0 0 0 0 0 0 0 0.0148681 0.328161 -0.944505 0.388702 0.868415 0.307842 0.921244 -0.371708 -0.114645 0 0 0 
-1 20.319 15.388 11.6709 1 0 0 1 0 0.258359 0 0 0 0 0 0 0 0.0891589 0.297096 -0.950676 0.99561 0.000719985 0.093598 0.028492 -0.954847 -0.295727 0 0 0 
-1 20.3197 15.3894 11.666 1 0 0 1 0 0.258516 0 0 0 0 0 0 0 0.0888893 0.30599 -0.947876 0.00152745 0.9516 0.307335 0.99604 -0.0287667 0.0841196 0 0 0 
-1 20.3199 15.3911 11.6613 1 0 0 1 0 0.258516 0 0 0 0 0 0 0 -0.00499124 0.307339 -0.951587 0.774043 0.603665 0.190909 0.633114 -0.735616 -0.240907 0 0 0 
-1 20.3197 15.3925 11.6564 1 0 0 1 0 0.258516 0 0 0 0 0 0 0 0.0683439 0.220103 -0.97308 0.666403 0.715785 0.20871 0.742453 -0.662727 -0.0977578 0 0 0 
-1 20.3206 15.3934 11.6513 1 0 0 1 0 0.258516 0 0 0 0 0 0 0 0.152559 0.143097 -0.97788 0.891958 0.406168 0.198591 0.425602 -0.902524 -0.0656719 0 0 0 
-1 20.3212 15.394 11.6462 1 0 0 1 0 0.258516 0 0 0 0 0 0 0 0.107879 0.23536 -0.965903 0.887887 0.414261 0.200108 0.447234 -0.8792 -0.164283 0 0 0 
-1 20.3217 15.3958 11.6414 1 0 0 1 0 0.256133 0 0 0 0 0 0 0 0.0596717 0.327589 -0.942934 0.766206 -0.620493 -0.16708 -0.639818 -0.712512 -0.288026 0 0 0 
-1 20.3218 15.3973 11.6367 1 0 0 1 0 0.255938 0 0 0 0 0 0 0 0.00994115 0.271423 -0.962409 0.788357 0.589945 0.174523 0.615138 -0.760457 -0.208114 0 0 0 
-1 20.3218 15.3985 11.6317 1 0 0 1 0 0.255938 0 0 0 0 0 0 0 0.0147094 0.26552 -0.963993 -0.364232 0.89928 0.242138 0.931192 0.347555 0.109939 0 0 0 
-1 20.322 15.4 11.6269 1 0 0 1 0 0.255938 0 0 0 0 0 0 0 0.0892838 0.292518 -0.952083 0.592076 0.753083 0.286901 0.800921 -0.58932 -0.105955 0 0 0 
-1 20.3227 15.4014 11.6221 1 0 0 1 0 0.255938 0 0 0 0 0 0 0 0.190595 0.215054 -0.957823 0.871068 -0.486976 0.0639944 -0.452675 -0.846526 -0.280142 0 0 0 
-1 20.3239 15.4022 11.6171 1 0 0 1 0 0.255938 0 0 0 0 0 0 0 0.179263 0.193906 -0.964502 0.472484 -0.876887 -0.0884753 -0.862915 -0.439852 -0.248811 0 0 0 
-1 20.3246 15.4035 11.6122 1 0 0 1 0 0.257344 0 0 0 0 0 0 0 0.149992 0.178927 -0.972362 0.880767 -0.470987 0.0491952 -0.449167 -0.863804 -0.228237 0 0 0 
-1 20.3255 15.404 11.607 1 0 0 1 0 0.2575 0 0 0 0 0 0 0 0.166263 0.210291 -0.963397 0.488985 0.830828 0.265742 0.856301 -0.51527 0.0353065 0 0 0 
-1 20.3263 15.4056 11.6023 1 0 0 1 0 0.2575 0 0 0 0 0 0 0 0.0593732 0.272241 -0.960396 0.935834 0.319645 0.148464 0.347404 -0.907586 -0.235794 0 0 0 
-1 20.3261 15.4068 11.5973 1 0 0 1 0 0.2575 0 0 0 0 0 0 0 0.0734979 0.234984 -0.969216 -0.314321 0.927772 0.2011 0.946467 0.289865 0.14205 0 0 0 
-1 20.327 15.408 11.5924 1 0 0 1 0 0.2575 0 0 0 0 0 0 0 0.162637 0.261332 -0.951449 0.231533 0.927255 0.294264 0.959136 -0.26815 0.0902988 0 0 0 
-1 20.3277 15.4094 11.5877 1 0 0 1 0 0.2575 0 0 0 0 0 0 0 0.0841634 0.282257 -0.95564 0.565641 0.776015 0.279019 0.820346 -0.564032 -0.0943441 0 0 0 
-1 20.3279 15.4109 11.5828 1 0 0 1 0 0.255625 0 0 0 0 0 0 0 0.0546035 0.302361 -0.951628 0.993346 0.0803383 0.0825231 0.101404 -0.949802 -0.295962 0 0 0 
-1 20.3283 15.4125 11.5781 1 0 0 1 0 0.255313 0 0 0 0 0 0 0 0.0593254 0.257228 -0.964528 0.50765 0.824184 0.251024 0.859518 -0.504535 -0.0816866 0 0 0 
-1 20.3284 15.4135 11.573 1 0 0 1 0 0.255313 0 0 0 0 0 0 0 0.0936533 0.236844 -0.967023 -0.726702 0.680182 0.0962115 0.680539 0.693727 0.235816 0 0 0 
-1 20.3293 15.4149 11.5683 1 0 0 1 0 0.255313 0 0 0 0 0 0 0 0.163613 0.307399 -0.937409 -0.892768 0.450444 -0.00810998 0.419758 0.838216 0.348135 0 0 0 
-1 20.3301 15.4165 11.5635 1 0 0 1 0 0.255313 0 0 0 0 0 0 0 0.10725 0.195014 -0.974919 -0.565877 -0.794282 -0.221132 -0.817484 0.575401 0.0251669 0 0 0 
-1 20.3303 15.4169 11.5582 1 0 0 1 0 0.255313 0 0 0 0 0 0 0 0.141502 0.170666 -0.975116 0.532996 -0.843198 -0.0702326 -0.834202 -0.509794 -0.210278 0 0 0 
-1 20.3316 15.4183 11.5535 1 0 0 1 0 0.257344 0 0 0 0 0 0 0 0.216002 0.215852 -0.952235 0.661494 -0.749686 -0.0198872 -0.71817 -0.625602 -0.304718 0 0 0 
-1 20.3326 15.4191 11.5485 1 0 0 1 0 0.2575 0 0 0 0 0 0 0 0.100247 0.114672 -0.988332 0.959792 0.250628 0.126431 0.262202 -0.961268 -0.0849363 0 0 0 
-1 20.3326 15.4195 11.5432 1 0 0 1 0 0.2575 0 0 0 0 0 0 0 0.0734036 0.210643 -0.974803 0.962641 -0.270416 0.0140542 -0.260642 -0.939417 -0.222623 0 0 0 
-1 20.3333 15.4212 11.5386 1 0 0 1 0 0.2575 0 0 0 0 0 0 0 0.104971 0.324829 -0.939929 0.853776 -0.514093 -0.0823156 -0.509949 -0.793848 -0.331296 0 0 0 
-1 20.3337 15.4227 11.5338 1 0 0 1 0 0.2575 0 0 0 0 0 0 0 0.00972209 0.173819 -0.98473 0.6717 0.728381 0.135202 0.740759 -0.662757 -0.109673 0 0 0 
-1 20.3334 15.423 11.5284 1 0 0 1 0 0.2575 0 0 0 0 0 0 0 0.0857698 0.104814 -0.990786 0.946074 -0.320374 0.0480074 -0.31239 -0.941475 -0.12664 0 0 0 
-1 20.3346 15.4238 11.5234 1 0 0 1 0 0.260938 0 0 0 0 0 0 0 0.117247 0.200483 -0.972656 0.653507 0.7219 0.227573 0.747785 -0.66232 -0.0463767 0 0 0 
-1 20.3346 15.4251 11.5184 1 0 0 1 0 0.260781 0 0 0 0 0 0 0 0.0641372 0.246763 -0.966951 0.84787 -0.524494 -0.0776104 -0.526311 -0.814871 -0.242862 0 0 0 
-1 20.3352 15.4264 11.5136 1 0 0 1 0 0.260781 0 0 0 0 0 0 0 0.0744539 0.262707 -0.961999 0.428621 -0.879453 -0.206992 -0.900411 -0.396921 -0.178081 0 0 0 
-1 20.3354 15.4277 11.5087 1 0 0 1 0 0.260781 0 0 0 0 0 0 0 0.0492146 0.251491 -0.966608 0.341597 -0.913657 -0.220322 -0.938557 -0.319347 -0.130874 0 0 0 
-1 20.3357 15.4289 11.5038 1 0 0 1 0 0.260781 0 0 0 0 0 0 0 0.099241 0.268178 -0.958244 -0.639678 -0.720454 -0.267878 -0.762209 0.639552 0.100049 0 0 0 
-1 20.3363 15.4305 11.4991 1 0 0 1 0 0.260781 0 0 0 0 0 0 0 0.181962 0.196663 -0.963438 -0.954234 0.271803 -0.124741 0.237333 0.942044 0.23712 0 0 0 
-1 20.3376 15.4309 11.494 1 0 0 1 0 0.260078 0 0 0 0 0 0 0 0.186872 0.216268 -0.958283 -0.877042 -0.402734 -0.26192 -0.442579 0.8894 0.114416 0 0 0 
-1 20.3383 15.4327 11.4894 1 0 0 1 0 0.260235 0 0 0 0 0 0 0 0.139315 0.30856 -0.940947 -0.725239 0.678789 0.115214 0.674255 0.66636 0.318345 0 0 0 
-1 20.3389 15.434 11.4845 1 0 0 1 0 0.260235 0 0 0 0 0 0 0 0.129248 0.298591 -0.945589 -0.754354 0.648544 0.101684 0.643618 0.700167 0.309066 0 0 0 
-1 20.3396 15.4357 11.4798 1 0 0 1 0 0.260235 0 0 0 0 0 0 0 -0.00471006 0.149544 -0.988744 -0.908192 0.413186 0.0668194 0.418528 0.898284 0.133869 0 0 0 
-1 20.3389 15.4355 11.4743 1 0 0 1 0 0.260235 0 0 0 0 0 0 0 0 0.159643 -0.987175 -0.821956 0.562247 0.0909251 0.569551 0.811414 0.13122 0 0 0 
-1 20.3396 15.4373 11.4697 1 0 0 1 0 0.260235 0 0 0 0 0 0 0 0.114952 0.320125 -0.940376 -0.920249 -0.322159 -0.222162 -0.37407 0.890917 0.257561 0 0 0 
-1 20.34 15.4387 11.4649 1 0 0 1 0 0.262304 0 0 0 0 0 0 0 0.14859 0.237533 -0.959947 -0.429454 -0.858909 -0.279007 -0.890781 0.453711 -0.0256159 0 0 0 
-1 20.3411 15.4397 11.46 1 0 0 1 0 0.262148 0 0 0 0 0 0 0 0.168082 0.22753 -0.959155 -0.671126 -0.686268 -0.280404 -0.722038 0.690845 0.0373515 0 0 0 
-1 20.3417 15.4411 11.4552 1 0 0 1 0 0.262148 0 0 0 0 0 0 0 0.119244 0.273382 -0.954486 -0.972846 0.224245 -0.0573103 0.198371 0.935402 0.292699 0 0 0 
-1 20.3423 15.4424 11.4503 1 0 0 1 0 0.262148 0 0 0 0 0 0 0 0.113562 0.246703 -0.962414 -0.910713 -0.361341 -0.200087 -0.397122 0.899205 0.183641 0 0 0 
-1 20.3429 15.4436 11.4454 1 0 0 1 0 0.262148 0 0 0 0 0 0 0 0.128503 0.212512 -0.968672 0.0175348 -0.977105 -0.212036 -0.991554 0.0102617 -0.129287 0 0 0 
-1 20.3435 15.4446 11.4405 1 0 0 1 0 0.262148 0 0 0 0 0 0 0 0.0693048 0.212746 -0.974647 0.989858 -0.136113 0.0406756 -0.124009 -0.967581 -0.220022 0 0 0 
-1 20.3436 15.4457 11.4356 1 0 0 1 0 0.258262 0 0 0 0 0 0 0 0.0744925 0.253517 -0.964458 0.652252 -0.743969 -0.145181 -0.754333 -0.618255 -0.220777 0 0 0 
-1 20.3443 15.4471 11.4309 1 0 0 1 0 0.258437 0 0 0 0 0 0 0 0.12465 0.294198 -0.947581 -0.232582 -0.919757 -0.316154 -0.964556 0.259799 -0.0462223 0 0 0 
-1 20.3449 15.4486 11.4261 1 0 0 1 0 0.258437 0 0 0 0 0 0 0 0.0850246 0.304595 -0.948679 -0.230097 -0.920388 -0.316134 -0.969446 0.245168 -0.00816916 0 0 0 
-1 20.3451 15.4502 11.4214 1 0 0 1 0 0.258437 0 0 0 0 0 0 0 0.0649089 0.309612 -0.948645 0.675366 -0.713473 -0.186648 -0.734621 -0.628567 -0.255412 0 0 0 
-1 20.3455 15.4517 11.4166 1 0 0 1 0 0.258437 0 0 0 0 0 0 0 -0.0822463 0.178643 -0.98047 -0.310014 -0.939581 -0.145187 -0.947168 0.292018 0.132659 0 0 0 
-1 20.3443 15.452 11.4112 1 0 0 1 0 0.258437 0 0 0 0 0 0 0 -0.0534039 0.169679 -0.984051 0.595421 -0.785697 -0.16779 -0.801637 -0.594885 -0.0590714 0 0 0 
-1 20.3449 15.4535 11.4065 1 0 0 1 0 0.258906 0 0 0 0 0 0 0 0.115057 0.290084 -0.95006 0.0773998 -0.956122 -0.282561 -0.990339 -0.0410237 -0.132461 0 0 0 
-1 20.3454 15.455 11.4017 1 0 0 1 0 0.259062 0 0 0 0 0 0 0 0.0948227 0.289186 -0.952565 0.995492 -0.0295831 0.0901148 -0.00211988 -0.956816 -0.290688 0 0 0 
-1 20.3459 15.4564 11.3969 1 0 0 1 0 0.259062 0 0 0 0 0 0 0 0.0948444 0.304324 -0.947835 0.524663 -0.824438 -0.212205 -0.84601 -0.477168 -0.237861 0 0 0 
-1 20.3464 15.458 11.3922 1 0 0 1 0 0.259062 0 0 0 0 0 0 0 0.104966 0.310015 -0.94492 -0.22549 -0.918002 -0.326232 -0.968574 0.247313 -0.0264534 0 0 0 
-1 20.347 15.4595 11.3874 1 0 0 1 0 0.259062 0 0 0 0 0 0 0 0.0850173 0.315037 -0.945264 0.638992 -0.745155 -0.190874 -0.7645 -0.587789 -0.264657 0 0 0 
-1 20.3472 15.4611 11.3827 1 0 0 1 0 0.259062 0 0 0 0 0 0 0 0.0248463 0.268007 -0.963097 0.837151 0.52099 0.166576 0.546407 -0.810396 -0.211417 0 0 0 
-1 20.3472 15.4622 11.3777 1 0 0 1 0 0.254219 0 0 0 0 0 0 0 0.0545494 0.223501 -0.973176 0.969847 -0.243708 -0.00160758 -0.23753 -0.943744 -0.230056 0 0 0 
-1 20.3478 15.4634 11.3729 1 0 0 1 0 0.254063 0 0 0 0 0 0 0 0.0648201 0.264302 -0.962259 0.387913 0.881774 0.268326 0.919414 -0.390666 -0.0453693 0 0 0 
-1 20.3479 15.4648 11.3681 1 0 0 1 0 0.254063 0 0 0 0 0 0 0 0.00502114 0.289096 -0.957287 0.990534 -0.132759 -0.0348971 -0.137177 -0.94805 -0.287026 0 0 0 
-1 20.3479 15.4663 11.3633 1 0 0 1 0 0.254063 0 0 0 0 0 0 0 0 0.254224 -0.967145 0.339593 0.90967 0.239116 0.940572 -0.328436 -0.0863326 0 0 0 
-1 20.3479 15.4674 11.3584 1 0 0 1 0 0.254063 0 0 0 0 0 0 0 0.0298884 0.243659 -0.9694 -0.907304 0.413555 0.0759732 0.419412 0.87727 0.233433 0 0 0 
-1 20.3482 15.4688 11.3536 1 0 0 1 0 0.254063 0 0 0 0 0 0 0 0.0450286 0.275208 -0.960329 -0.882642 -0.439276 -0.167272 -0.467884 0.855159 0.223131 0 0 0 
-1 20.3483 15.4702 11.3488 1 0 0 1 0 0.254219 0 0 0 0 0 0 0 0.107843 0.157122 -0.981673 -0.00916892 -0.987233 -0.159019 -0.994126 0.02615 -0.105026 0 0 0 
-1 20.3492 15.4704 11.3436 1 0 0 1 0 0.254375 0 0 0 0 0 0 0 0.122474 0.156719 -0.98002 -0.706755 -0.679482 -0.196983 -0.696777 0.716759 0.027543 0 0 0 
-1 20.3496 15.4718 11.3388 1 0 0 1 0 0.254375 0 0 0 0 0 0 0 0.0299958 0.249406 -0.967934 -0.876136 -0.45956 -0.145565 -0.481129 0.852409 0.204729 0 0 0 
-1 20.3496 15.4728 11.3339 1 0 0 1 0 0.254375 0 0 0 0 0 0 0 0.0694362 0.178507 -0.981486 -0.896833 0.442044 0.0169491 0.436886 0.879052 0.190785 0 0 0 
-1 20.3503 15.4736 11.3289 1 0 0 1 0 0.254375 0 0 0 0 0 0 0 0.0897104 0.219258 -0.971534 -0.865156 -0.466101 -0.185079 -0.493413 0.857132 0.147879 0 0 0 
-1 20.3505 15.475 11.3242 1 0 0 1 0 0.254375 0 0 0 0 0 0 0 0.0398437 0.303998 -0.951839 -0.853599 -0.48482 -0.190573 -0.519405 0.820082 0.240176 0 0 0 
-1 20.3507 15.4766 11.3193 1 0 0 1 0 0.251875 0 0 0 0 0 0 0 0.064818 0.264141 -0.962304 -0.984715 -0.139298 -0.104563 -0.161666 0.954372 0.251074 0 0 0 
-1 20.3511 15.4777 11.3145 1 0 0 1 0 0.251563 0 0 0 0 0 0 0 0.0747739 0.204108 -0.976088 0.0122949 -0.978943 -0.203764 -0.997125 0.00323526 -0.0757089 0 0 0 
-1 20.3514 15.4787 11.3095 1 0 0 1 0 0.251563 0 0 0 0 0 0 0 0.00500492 0.203837 -0.978992 -0 -0.979004 -0.203839 -0.999987 0.0010202 -0.00489984 0 0 0 
-1 20.3512 15.4797 11.3047 1 0 0 1 0 0.251563 0 0 0 0 0 0 0 -0.0200159 0.203798 -0.978808 0.127392 -0.970505 -0.204675 -0.99165 -0.128789 -0.00653677 0 0 0 
-1 20.3512 15.4807 11.2997 1 0 0 1 0 0.251563 0 0 0 0 0 0 0 0.0249608 0.209427 -0.977506 0.970905 -0.238028 -0.0262045 -0.238162 -0.948411 -0.209275 0 0 0 
-1 20.3514 15.4818 11.2949 1 0 0 1 0 0.251563 0 0 0 0 0 0 0 0.0350147 0.249366 -0.967776 0.635576 0.741751 0.214122 0.771244 -0.622593 -0.132519 0 0 0 
-1 20.3516 15.4832 11.29 1 0 0 1 0 0.247969 0 0 0 0 0 0 0 0.00989672 0.269495 -0.962951 0.917063 0.381443 0.116177 0.39862 -0.884236 -0.243369 0 0 0 
-1 20.3515 15.4846 11.2852 1 0 0 1 0 0.248125 0 0 0 0 0 0 0 0.0298737 0.224815 -0.973943 0.904415 0.408807 0.122106 0.425606 -0.884497 -0.191113 0 0 0 
-1 20.3518 15.4855 11.2802 1 0 0 1 0 0.248125 0 0 0 0 0 0 0 0.0641054 0.152739 -0.986185 0.979594 0.179001 0.0914004 0.190488 -0.97192 -0.138148 0 0 0 
-1 20.3521 15.4861 11.2752 1 0 0 1 0 0.248125 0 0 0 0 0 0 0 0.0689542 0.127843 -0.989394 0.993223 0.0842107 0.0801021 0.0935581 -0.988213 -0.12117 0 0 0 
-1 20.3526 15.4867 11.2702 1 0 0 1 0 0.248125 0 0 0 0 0 0 0 0.0645223 0.173726 -0.982678 0.876887 0.460181 0.138931 0.476346 -0.870662 -0.122646 0 0 0 
-1 20.3528 15.4878 11.2653 1 0 0 1 0 0.248125 0 0 0 0 0 0 0 0.044863 0.209412 -0.976798 0.646967 -0.751126 -0.131316 -0.761197 -0.626064 -0.16918 0 0 0 
-1 20.353 15.4889 11.2604 1 0 0 1 0 0.24875 0 0 0 0 0 0 0 0.0149181 0.184649 -0.982691 -0.564201 -0.80984 -0.160735 -0.825502 0.556834 0.0920982 0 0 0 
-1 20.3529 15.4897 11.2554 1 0 0 1 0 0.248437 0 0 0 0 0 0 0 -0.0149341 0.204659 -0.978719 -0.936686 0.339619 0.0853099 0.349851 0.918027 0.186629 0 0 0 
-1 20.3528 15.4909 11.2506 1 0 0 1 0 0.248437 0 0 0 0 0 0 0 0 0.243625 -0.96987 0.1343 0.961083 0.241418 0.990941 -0.130253 -0.0327188 0 0 0 
-1 20.3529 15.4921 11.2457 1 0 0 1 0 0.248437 0 0 0 0 0 0 0 0.0347799 0.238903 -0.97042 0.994296 0.0896894 0.0577158 0.100825 -0.966893 -0.234421 0 0 0 
-1 20.3532 15.4933 11.2409 1 0 0 1 0 0.248437 0 0 0 0 0 0 0 0.0351405 0.235441 -0.971253 0.977033 -0.212475 -0.0161566 -0.210171 -0.948378 -0.2375 0 0 0 
-1 20.3533 15.4945 11.236 1 0 0 1 0 0.248437 0 0 0 0 0 0 0 0.0249373 0.18931 -0.981601 0.704243 0.693573 0.151653 0.709521 -0.695067 -0.116025 0 0 0 
-1 20.3535 15.4952 11.231 1 0 0 1 0 0.243906 0 0 0 0 0 0 0 0.0348752 0.179554 -0.98313 0.8114 0.569218 0.132742 0.583449 -0.802341 -0.125839 0 0 0 
-1 20.3536 15.4963 11.2261 1 0 0 1 0 0.244062 0 0 0 0 0 0 0 0.0199809 0.199962 -0.9796 0.886263 0.449949 0.109924 0.462751 -0.87038 -0.168229 0 0 0 
-1 20.3536 15.4972 11.2212 1 0 0 1 0 0.244062 0 0 0 0 0 0 0 0.0149186 0.209469 -0.977701 0.999888 -0.00246722 0.0147286 0.000672977 -0.977812 -0.209483 0 0 0 
-1 20.3538 15.4984 11.2163 1 0 0 1 0 0.244062 0 0 0 0 0 0 0 0.0148913 0.239021 -0.9709 1.4228e-11 0.971008 0.239048 0.999889 -0.00355974 0.0144596 0 0 0 
-1 20.3538 15.4996 11.2115 1 0 0 1 0 0.244062 0 0 0 0 0 0 0 0.0299245 0.238941 -0.970573 0.977372 0.196427 0.0784916 0.209402 -0.950959 -0.227656 0 0 0 
-1 20.3541 15.5008 11.2066 1 0 0 1 0 0.244062 0 0 0 0 0 0 0 0.0351277 0.215195 -0.975939 0.912697 -0.404728 -0.0563914 -0.407125 -0.888756 -0.210625 0 0 0 
-1 20.3542 15.5017 11.2017 1 0 0 1 0 0.244219 0 0 0 0 0 0 0 0.00500398 0.149058 -0.988816 0.920802 -0.386334 -0.0535777 -0.389999 -0.910235 -0.139186 0 0 0 
-1 20.3542 15.5023 11.1966 1 0 0 1 0 0.244062 0 0 0 0 0 0 0 0.0198439 0.183594 -0.982802 0.82887 -0.552712 -0.0865143 -0.55909 -0.812898 -0.163143 0 0 0 
-1 20.3544 15.5036 11.1918 1 0 0 1 0 0.244062 0 0 0 0 0 0 0 0.054692 0.23396 -0.970707 0.811859 0.555532 0.179637 0.581286 -0.797902 -0.159559 0 0 0 
-1 20.3547 15.5046 11.1869 1 0 0 1 0 0.244062 0 0 0 0 0 0 0 0.0796855 0.199366 -0.97668 0.704467 -0.704467 -0.086324 -0.705249 -0.68116 -0.196583 0 0 0 
-1 20.3552 15.5056 11.182 1 0 0 1 0 0.244062 0 0 0 0 0 0 0 0.065039 0.185193 -0.980547 -0.0763855 -0.978821 -0.189934 -0.994955 0.0872528 -0.0495155 0 0 0 
-1 20.3554 15.5065 11.1771 1 0 0 1 0 0.244062 0 0 0 0 0 0 0 0.0149045 0.189348 -0.981797 -0.217587 -0.957761 -0.188016 -0.975927 0.216428 0.0269247 0 0 0 
-1 20.3553 15.5075 11.1721 1 0 0 1 0 0.241719 0 0 0 0 0 0 0 -0.0247672 0.197987 -0.979892 -0.757717 -0.643111 -0.110789 -0.652114 0.739736 0.165946 0 0 0 
-1 20.3551 15.5085 11.1672 1 0 0 1 0 0.241563 0 0 0 0 0 0 0 0.0444316 0.118535 -0.991955 0.254566 -0.961502 -0.103493 -0.966034 -0.24792 -0.072896 0 0 0 
-1 20.3557 15.5087 11.1621 1 0 0 1 0 0.241563 0 0 0 0 0 0 0 0.10399 0.133615 -0.985562 -0.582245 -0.795203 -0.169242 -0.806335 0.591439 -0.0048964 0 0 0 
-1 20.3561 15.5098 11.1573 1 0 0 1 0 0.241563 0 0 0 0 0 0 0 0.0199025 0.194163 -0.980767 0.193146 -0.963229 -0.186772 -0.980968 -0.185714 -0.0566725 0 0 0 
-1 20.3559 15.5107 11.1523 1 0 0 1 0 0.241563 0 0 0 0 0 0 0 -0.00983851 0.188445 -0.982034 0.661226 -0.735491 -0.14776 -0.750122 -0.650801 -0.117369 0 0 0 
-1 20.3561 15.5117 11.1474 1 0 0 1 0 0.241563 0 0 0 0 0 0 0 0.0500252 0.239755 -0.969544 -0.678303 -0.704378 -0.209181 -0.733077 0.668109 0.12739 0 0 0 
-1 20.3564 15.513 11.1425 1 0 0 1 0 0.237969 0 0 0 0 0 0 0 0.109646 0.184467 -0.976703 -0.97261 0.22253 -0.067158 0.204958 0.957315 0.203814 0 0 0 
-1 20.3572 15.5136 11.1376 1 0 0 1 0 0.238125 0 0 0 0 0 0 0 0.104114 0.158743 -0.981815 -0.710024 -0.679403 -0.18514 -0.696438 0.716388 0.0419763 0 0 0 
-1 20.3575 15.5147 11.1327 1 0 0 1 0 0.238125 0 0 0 0 0 0 0 0.0447683 0.218833 -0.974735 -0.9066 -0.40093 -0.13165 -0.41961 0.889588 0.180445 0 0 0 
-1 20.3576 15.5158 11.1277 1 0 0 1 0 0.238125 0 0 0 0 0 0 0 0.0935614 0.113235 -0.989153 0.359204 -0.930436 -0.072537 -0.928557 -0.348521 -0.127727 0 0 0 
-1 20.3584 15.5158 11.1226 1 0 0 1 0 0.238125 0 0 0 0 0 0 0 0.0540454 0.0983326 -0.993685 0.974641 0.211217 0.0739112 0.217151 -0.97248 -0.0844236 0 0 0 
-1 20.3582 15.5168 11.1177 1 0 0 1 0 0.238125 0 0 0 0 0 0 0 0.0298583 0.20459 -0.978392 0.534453 0.823889 0.188592 0.84467 -0.528536 -0.084744 0 0 0 
-1 20.3587 15.5178 11.1128 1 0 0 1 0 0.242188 0 0 0 0 0 0 0 0.0942957 0.163617 -0.982007 0.69522 0.69522 0.182592 0.712586 -0.699928 -0.0481938 0 0 0 
-1 20.3591 15.5184 11.1077 1 0 0 1 0 0.241875 0 0 0 0 0 0 0 0.0842394 0.17347 -0.98123 0.965554 0.229084 0.123393 0.246189 -0.957825 -0.148196 0 0 0 
-1 20.3596 15.5196 11.1029 1 0 0 1 0 0.241875 0 0 0 0 0 0 0 0.0982656 0.118069 -0.988131 0.550138 0.820975 0.152805 0.829272 -0.558624 0.0157195 0 0 0 
-1 20.3601 15.5197 11.0977 1 0 0 1 0 0.241875 0 0 0 0 0 0 0 0.0837237 0.127836 -0.988255 0.987493 -0.143602 0.0650835 -0.133595 -0.981344 -0.13826 0 0 0 
-1 20.3605 15.5209 11.0928 1 0 0 1 0 0.241875 0 0 0 0 0 0 0 0.0997648 0.249488 -0.963225 -0.0855179 -0.962323 -0.258112 -0.991329 0.108123 -0.0746702 0 0 0 
-1 20.3611 15.5222 11.088 1 0 0 1 0 0.241875 0 0 0 0 0 0 0 0.139836 0.244904 -0.95941 0.615908 -0.780187 -0.109385 -0.775308 -0.575613 -0.259937 0 0 0 
-1 20.3619 15.5234 11.0833 1 0 0 1 0 0.246563 0 0 0 0 0 0 0 0.120166 0.230255 -0.965682 0.76229 -0.644557 -0.0588298 -0.635983 -0.729061 -0.252975 0 0 0 
-1 20.3623 15.5245 11.0784 1 0 0 1 0 0.246719 0 0 0 0 0 0 0 0.0442896 0.142628 -0.988785 -0.506969 -0.849635 -0.145264 -0.860826 0.507717 0.0346778 0 0 0 
-1 20.3623 15.5248 11.0732 1 0 0 1 0 0.246719 0 0 0 0 0 0 0 0.0783255 0.122421 -0.989383 0.765838 -0.642756 -0.0189028 -0.638245 -0.756226 -0.144099 0 0 0 
-1 20.3631 15.5257 11.0683 1 0 0 1 0 0.246719 0 0 0 0 0 0 0 0.164202 0.223898 -0.960681 0.968787 0.146752 0.19979 0.185714 -0.963501 -0.192813 0 0 0 
-1 20.3639 15.527 11.0635 1 0 0 1 0 0.246719 0 0 0 0 0 0 0 0.155074 0.270007 -0.950289 0.528626 -0.835303 -0.151071 -0.834569 -0.47892 -0.272267 0 0 0 
-1 20.3647 15.5284 11.0588 1 0 0 1 0 0.246719 0 0 0 0 0 0 0 0.109305 0.243472 -0.963729 0.913772 -0.406226 0.0010116 -0.391246 -0.880739 -0.26688 0 0 0 
-1 20.365 15.5295 11.0539 1 0 0 1 0 0.24461 0 0 0 0 0 0 0 0.0887836 0.19728 -0.976319 0.216975 -0.960481 -0.174349 -0.972131 -0.196357 -0.12808 0 0 0 
-1 20.3656 15.5304 11.0489 1 0 0 1 0 0.244453 0 0 0 0 0 0 0 0.149436 0.20918 -0.966392 0.946187 -0.313993 0.0783463 -0.287052 -0.926095 -0.244845 0 0 0 
-1 20.3666 15.5316 11.0441 1 0 0 1 0 0.244453 0 0 0 0 0 0 0 0.165168 0.260357 -0.95128 0.163867 -0.958366 -0.233844 -0.972557 -0.11726 -0.200955 0 0 0 
-1 20.3672 15.533 11.0394 1 0 0 1 0 0.244453 0 0 0 0 0 0 0 0.114509 0.253925 -0.960422 -0.979005 -0.135268 -0.152488 -0.168635 0.957718 0.233105 0 0 0 
-1 20.3677 15.5342 11.0345 1 0 0 1 0 0.244453 0 0 0 0 0 0 0 0.119029 0.227925 -0.966376 -0.975017 0.21068 -0.0704036 0.187549 0.950613 0.247308 0 0 0 
-1 20.3684 15.5353 11.0296 1 0 0 1 0 0.244453 0 0 0 0 0 0 0 0.102765 0.146828 -0.983809 -0.139086 0.98145 0.131948 0.984934 0.123275 0.12128 0 0 0 
-1 20.3687 15.5357 11.0245 1 0 0 1 0 0.245976 0 0 0 0 0 0 0 0.147322 0.152267 -0.977298 -0.881273 0.468808 -0.0598042 0.449059 0.870077 0.203255 0 0 0 
-1 20.3699 15.5368 11.0197 1 0 0 1 0 0.24582 0 0 0 0 0 0 0 0.214827 0.284658 -0.934248 -0.11104 0.957498 0.266209 0.970319 0.0465494 0.237305 0 0 0 
-1 20.3709 15.5385 11.0151 1 0 0 1 0 0.24582 0 0 0 0 0 0 0 0.124597 0.279164 -0.952125 -0.977897 0.196941 -0.0702262 0.167908 0.939831 0.297532 0 0 0 
-1 20.3712 15.5396 11.0101 1 0 0 1 0 0.24582 0 0 0 0 0 0 0 0.113257 0.2166 -0.969669 -0.824738 -0.523739 -0.213319 -0.554058 0.823882 0.119321 0 0 0 
-1 20.3721 15.5407 11.0052 1 0 0 1 0 0.24582 0 0 0 0 0 0 0 0.136952 0.18101 -0.973899 0.236169 -0.960778 -0.145361 -0.962013 -0.210097 -0.17433 0 0 0 
-1 20.3725 15.5415 11.0002 1 0 0 1 0 0.24582 0 0 0 0 0 0 0 0.0680768 0.165584 -0.983843 0.886469 -0.462494 -0.0165003 -0.457754 -0.871023 -0.17827 0 0 0 
-1 20.3727 15.5424 10.9951 1 0 0 1 0 0.241348 0 0 0 0 0 0 0 0.113961 0.252709 -0.960808 0.550737 -0.820979 -0.150609 -0.826863 -0.511988 -0.232735 0 0 0 
-1 20.3737 15.5441 10.9905 1 0 0 1 0 0.241719 0 0 0 0 0 0 0 0.164197 0.283476 -0.944818 0.790396 -0.610873 -0.0459205 -0.590181 -0.73924 -0.324362 0 0 0 
-1 20.3744 15.5452 10.9857 1 0 0 1 0 0.241719 0 0 0 0 0 0 0 0.123654 0.232513 -0.964701 0.90772 -0.419297 0.0152915 -0.400941 -0.877569 -0.262904 0 0 0 
-1 20.375 15.5464 10.9808 1 0 0 1 0 0.241719 0 0 0 0 0 0 0 0.149311 0.28875 -0.94569 0.789924 -0.610107 -0.0615672 -0.594749 -0.73783 -0.319186 0 0 0 
-1 20.3759 15.5482 10.9761 1 0 0 1 0 0.241719 0 0 0 0 0 0 0 0.168996 0.313113 -0.934559 0.949499 0.202613 0.23958 0.26437 -0.927852 -0.263059 0 0 0 
-1 20.3766 15.5496 10.9713 1 0 0 1 0 0.241719 0 0 0 0 0 0 0 0.188315 0.242767 -0.951631 0.979412 -0.118176 0.163665 -0.0727278 -0.96286 -0.260023 0 0 0 
-1 20.3778 15.5506 10.9665 1 0 0 1 0 0.235547 0 0 0 0 0 0 0 0.189531 0.259198 -0.947045 -0.0687741 -0.958654 -0.276139 -0.979463 0.117469 -0.163868 0 0 0 
-1 20.3786 15.5521 10.9619 1 0 0 1 0 0.235703 0 0 0 0 0 0 0 0.128051 0.266022 -0.955424 0.617644 -0.775123 -0.13304 -0.775963 -0.573076 -0.263562 0 0 0 
-1 20.3791 15.5533 10.9569 1 0 0 1 0 0.235703 0 0 0 0 0 0 0 0.0432405 0.202377 -0.978353 0.585094 -0.798895 -0.139396 -0.809812 -0.566401 -0.152954 0 0 0 
-1 20.379 15.5542 10.9517 1 0 0 1 0 0.235703 0 0 0 0 0 0 0 0.0832401 0.230143 -0.96959 0.596109 -0.791194 -0.136622 -0.798577 -0.566609 -0.20305 0 0 0 
-1 20.3799 15.5557 10.9469 1 0 0 1 0 0.235703 0 0 0 0 0 0 0 0.204451 0.314131 -0.927104 -0.510635 -0.773808 -0.374798 -0.835136 0.550039 0.00220009 0 0 0 
-1 20.3811 15.5574 10.9424 1 0 0 1 0 0.235703 0 0 0 0 0 0 0 0.174356 0.333663 -0.926428 0.596954 -0.78405 -0.170036 -0.7831 -0.523388 -0.335885 0 0 0 
-1 20.3817 15.559 10.9377 1 0 0 1 0 0.236289 0 0 0 0 0 0 0 0.0883976 0.274932 -0.957392 -0.348045 -0.892046 -0.288302 -0.933301 0.3587 0.0168338 0 0 0 
-1 20.382 15.5602 10.9326 1 0 0 1 0 0.236016 0 0 0 0 0 0 0 0.147907 0.251428 -0.956508 0.725551 -0.684819 -0.0678175 -0.672086 -0.683964 -0.283713 0 0 0 
-1 20.3832 15.5615 10.9279 1 0 0 1 0 0.236016 0 0 0 0 0 0 0 0.173209 0.277104 -0.945099 -0.148719 -0.941241 -0.303229 -0.973592 0.193076 -0.121821 0 0 0 
-1 20.3837 15.563 10.9231 1 0 0 1 0 0.236016 0 0 0 0 0 0 0 0.0985562 0.291004 -0.951632 -0.423335 -0.853182 -0.304742 -0.900597 0.432893 0.0391058 0 0 0 
-1 20.3842 15.5645 10.9183 1 0 0 1 0 0.236016 0 0 0 0 0 0 0 0.0787548 0.300441 -0.950544 0.257348 -0.927313 -0.271776 -0.963104 -0.223217 -0.150348 0 0 0 
-1 20.3845 15.5661 10.9135 1 0 0 1 0 0.236016 0 0 0 0 0 0 0 0.153547 0.316917 -0.935942 -0.0334449 -0.944964 -0.325459 -0.987575 0.0812758 -0.134497 0 0 0 
-1 20.3857 15.5677 10.9088 1 0 0 1 0 0.233945 0 0 0 0 0 0 0 0.198716 0.312853 -0.928782 0.321586 -0.916025 -0.239751 -0.925794 -0.25104 -0.282638 0 0 0 
-1 20.3865 15.5692 10.9041 1 0 0 1 0 0.234102 0 0 0 0 0 0 0 0.0833745 0.279611 -0.956486 0.0691142 -0.959139 -0.274362 -0.994119 -0.043232 -0.0992929 0 0 0 
-1 20.3866 15.5706 10.8991 1 0 0 1 0 0.234102 0 0 0 0 0 0 0 0.123255 0.281123 -0.951724 -0.677203 -0.677203 -0.287736 -0.725399 0.679975 0.106909 0 0 0 
-1 20.3878 15.5721 10.8945 1 0 0 1 0 0.234102 0 0 0 0 0 0 0 0.118346 0.285715 -0.950979 -0.972102 -0.161988 -0.169643 -0.202516 0.944525 0.258573 0 0 0 
-1 20.3878 15.5735 10.8895 1 0 0 1 0 0.234102 0 0 0 0 0 0 0 0.113142 0.309715 -0.944074 -0.562553 0.803175 0.196072 0.818983 0.508908 0.265104 0 0 0 
-1 20.3889 15.5752 10.8849 1 0 0 1 0 0.234102 0 0 0 0 0 0 0 0.19454 0.359093 -0.912802 -0.503677 0.835099 0.221179 0.841703 0.416729 0.343327 0 0 0 
-1 20.3898 15.577 10.8803 1 0 0 1 0 0.235489 0 0 0 0 0 0 0 0.144409 0.333812 -0.931512 -0.646228 0.744717 0.166691 0.749357 0.577897 0.323262 0 0 0 
-1 20.3904 15.5786 10.8755 1 0 0 1 0 0.235156 0 0 0 0 0 0 0 0.0882961 0.289923 -0.952968 0.30686 0.902259 0.302927 0.94765 -0.319175 -0.00929973 0 0 0 
-1 20.3906 15.58 10.8706 1 0 0 1 0 0.235156 0 0 0 0 0 0 0 0.117807 0.279828 -0.952795 -0.481809 0.855082 0.191558 0.868321 0.436498 0.235558 0 0 0 
-1 20.3916 15.5814 10.8658 1 0 0 1 0 0.235156 0 0 0 0 0 0 0 0.202871 0.321514 -0.924918 -0.062818 0.946887 0.315372 0.977189 -0.00587821 0.212292 0 0 0 
-1 20.3927 15.5833 10.8612 1 0 0 1 0 0.235156 0 0 0 0 0 0 0 0.128415 0.321038 -0.93832 -0.685101 0.712812 0.150122 0.71704 0.623566 0.311479 0 0 0 
-1 20.3928 15.5847 10.8563 1 0 0 1 0 0.235156 0 0 0 0 0 0 0 0.0635154 0.263753 -0.962497 -0.685009 0.712893 0.15015 0.72576 0.649783 0.225953 0 0 0 
-1 20.3934 15.5859 10.8514 1 0 0 1 0 0.233516 0 0 0 0 0 0 0 0.128406 0.321015 -0.938329 -0.976574 0.205667 -0.0632783 0.17267 0.924473 0.339904 0 0 0 
-1 20.3941 15.5879 10.8468 1 0 0 1 0 0.233281 0 0 0 0 0 0 0 0.13442 0.35344 -0.925749 -0.872093 0.485789 0.0588398 0.470515 0.79943 0.373532 0 0 0 
-1 20.3947 15.5895 10.8421 1 0 0 1 0 0.233281 0 0 0 0 0 0 0 0.119109 0.327362 -0.937362 -0.717944 0.680524 0.146436 0.685834 0.655532 0.316084 0 0 0 
-1 20.3954 15.5912 10.8373 1 0 0 1 0 0.233281 0 0 0 0 0 0 0 0.0731131 0.282922 -0.956352 -0.99732 0.0231875 -0.0693855 0.0025447 0.958862 0.28386 0 0 0 
-1 20.3955 15.5924 10.8323 1 0 0 1 0 0.233281 0 0 0 0 0 0 0 0.0730005 0.253346 -0.964617 -0.79082 0.604023 0.0987919 0.607679 0.755627 0.244445 0 0 0 
-1 20.3961 15.5938 10.8274 1 0 0 1 0 0.233281 0 0 0 0 0 0 0 0.153886 0.352454 -0.92309 -0.95724 -0.178438 -0.22771 -0.244971 0.91866 0.309924 0 0 0 
-1 20.397 15.596 10.823 1 0 0 1 0 0.228828 0 0 0 0 0 0 0 0.144215 0.388014 -0.9103 -0.595995 0.768407 0.233111 0.789932 0.508916 0.34207 0 0 0 
-1 20.3975 15.5977 10.8183 1 0 0 1 0 0.229063 0 0 0 0 0 0 0 0.129506 0.378487 -0.916502 0.571887 0.726562 0.380859 0.810045 -0.573459 -0.122358 0 0 0 
-1 20.3983 15.5997 10.8138 1 0 0 1 0 0.229063 0 0 0 0 0 0 0 0.164376 0.353363 -0.920932 -0.670907 0.724464 0.158229 0.723094 0.59185 0.356158 0 0 0 
-1 20.3992 15.6012 10.809 1 0 0 1 0 0.229063 0 0 0 0 0 0 0 0.0682334 0.272785 -0.959652 -0.378325 0.897126 0.228112 0.923155 0.347495 0.164415 0 0 0 
-1 20.399 15.6025 10.8039 1 0 0 1 0 0.229063 0 0 0 0 0 0 0 0.0977776 0.283779 -0.953892 0.00812253 0.958225 0.285901 0.995175 -0.0357027 0.0913879 0 0 0 
-1 20.4002 15.6042 10.7993 1 0 0 1 0 0.229063 0 0 0 0 0 0 0 0.162522 0.280844 -0.945893 0.462188 0.825296 0.32445 0.871762 -0.489911 0.00432653 0 0 0 
-1 20.4007 15.6054 10.7943 1 0 0 1 0 0.221719 0 0 0 0 0 0 0 0.0888915 0.320913 -0.942928 0.300964 0.893771 0.332556 0.949484 -0.313349 -0.0171346 0 0 0 
-1 20.4011 15.6074 10.7898 1 0 0 1 0 0.221563 0 0 0 0 0 0 0 0.118431 0.310995 -0.943004 3.35024e-11 0.949688 0.313199 0.992962 -0.0370925 0.112473 0 0 0 
-1 20.4018 15.6085 10.7848 1 0 0 1 0 0.221563 0 0 0 0 0 0 0 0.123329 0.310808 -0.942437 0.0700308 0.944594 0.320683 0.989892 -0.105549 0.09473 0 0 0 
-1 20.4023 15.6105 10.7802 1 0 0 1 0 0.221563 0 0 0 0 0 0 0 0.0789175 0.315219 -0.945732 -0.969756 0.244075 0.00042964 0.230965 0.917096 0.324947 0 0 0 
-1 20.4027 15.6117 10.7752 1 0 0 1 0 0.221563 0 0 0 0 0 0 0 0.0633782 0.253513 -0.965254 -0.923805 0.380835 0.0393654 0.377582 0.889211 0.258333 0 0 0 
-1 20.403 15.6131 10.7703 1 0 0 1 0 0.221563 0 0 0 0 0 0 0 0.0990259 0.33699 -0.936286 -0.768303 0.623845 0.143276 0.63238 0.705163 0.320688 0 0 0 
-1 20.4037 15.6152 10.7657 1 0 0 1 0 0.214844 0 0 0 0 0 0 0 0.154097 0.397527 -0.904559 -0.98156 0.166392 -0.0940898 0.113108 0.902378 0.415837 0 0 0 
-1 20.4046 15.6171 10.7612 1 0 0 1 0 0.215 0 0 0 0 0 0 0 0.136966 0.268859 -0.953391 -0.378174 0.903754 0.200532 0.915546 0.333081 0.225459 0 0 0 
-1 20.4051 15.6179 10.756 1 0 0 1 0 0.215 0 0 0 0 0 0 0 0.0681063 0.243194 -0.967584 -0.977986 -0.175463 -0.11294 -0.197241 0.953976 0.225891 0 0 0 
-1 20.4053 15.6196 10.7512 1 0 0 1 0 0.215 0 0 0 0 0 0 0 0.0540376 0.309815 -0.94926 -0.212057 0.932525 0.292282 0.975762 0.185503 0.11609 0 0 0 
-1 20.4056 15.621 10.7464 1 0 0 1 0 0.215 0 0 0 0 0 0 0 0.118613 0.321433 -0.939474 -0.769859 0.627318 0.117433 0.627095 0.709333 0.321866 0 0 0 
-1 20.4065 15.6229 10.7418 1 0 0 1 0 0.215 0 0 0 0 0 0 0 0.113488 0.315629 -0.942071 0.484249 0.810375 0.329842 0.867539 -0.49363 -0.0608751 0 0 0 
-1 20.4067 15.6242 10.7368 1 0 0 1 0 0.209063 0 0 0 0 0 0 0 0.138372 0.301313 -0.943432 -0.696664 0.706684 0.123522 0.703927 0.640163 0.307699 0 0 0 
-1 20.4079 15.626 10.7322 1 0 0 1 0 0.208907 0 0 0 0 0 0 0 0.174347 0.333798 -0.926381 0.0815471 0.932664 0.351409 0.981302 -0.136811 0.135387 0 0 0 
-1 20.4085 15.6276 10.7275 1 0 0 1 0 0.208907 0 0 0 0 0 0 0 0.10427 0.342665 -0.933653 -0.833972 0.5416 0.105638 0.541866 0.767626 0.342246 0 0 0 
-1 20.4089 15.6294 10.7228 1 0 0 1 0 0.208907 0 0 0 0 0 0 0 0.0485683 0.262744 -0.963642 -0.287183 0.927716 0.238474 0.956644 0.265159 0.120513 0 0 0 
-1 20.409 15.6303 10.7176 1 0 0 1 0 0.208907 0 0 0 0 0 0 0 0.0931582 0.274832 -0.956969 -0.992127 0.106427 -0.066016 0.083704 0.955584 0.282582 0 0 0 
-1 20.4098 15.6322 10.713 1 0 0 1 0 0.208907 0 0 0 0 0 0 0 0.0992976 0.347239 -0.932505 -0.838655 -0.475157 -0.266239 -0.535535 0.808487 0.244032 0 0 0 
-1 20.41 15.6338 10.7082 1 0 0 1 0 0.208515 0 0 0 0 0 0 0 0.0893365 0.362191 -0.927813 -0.99428 0.0871771 -0.061705 0.058535 0.928018 0.367908 0 0 0 
-1 20.4107 15.6359 10.7037 1 0 0 1 0 0.208281 0 0 0 0 0 0 0 0.0768372 0.182562 -0.980187 -0.845856 -0.508527 -0.161021 -0.527848 0.84147 0.115347 0 0 0 
-1 20.4108 15.6357 10.698 1 0 0 1 0 0.208281 0 0 0 0 0 0 0 0.0954436 0.15271 -0.983652 -0.856824 0.5156 -0.00309177 0.506698 0.843111 0.180056 0 0 0 
-1 20.4117 15.6374 10.6934 1 0 0 1 0 0.208281 0 0 0 0 0 0 0 0.188483 0.307629 -0.932651 -0.0381111 0.951249 0.306061 0.981337 -0.0221431 0.191018 0 0 0 
-1 20.4127 15.6388 10.6886 1 0 0 1 0 0.208281 0 0 0 0 0 0 0 0.149279 0.308266 -0.939515 -0.0604994 0.951228 0.302497 0.986943 0.0116837 0.160648 0 0 0 
-1 20.4132 15.6406 10.684 1 0 0 1 0 0.208281 0 0 0 0 0 0 0 0.124087 0.307869 -0.943302 -0.585609 0.790161 0.180853 0.801039 0.529965 0.278339 0 0 0 
-1 20.4139 15.6419 10.6791 1 0 0 1 0 0.210703 0 0 0 0 0 0 0 0.0985605 0.290866 -0.951674 -0.948931 -0.260538 -0.177907 -0.299694 0.920607 0.250333 0 0 0 
-1 20.4142 15.6435 10.6743 1 0 0 1 0 0.21039 0 0 0 0 0 0 0 0.103424 0.275848 -0.955621 -0.303632 -0.906156 -0.29443 -0.947159 0.320608 -0.00996219 0 0 0 
-1 20.415 15.6447 10.6694 1 0 0 1 0 0.21039 0 0 0 0 0 0 0 0.118132 0.270832 -0.955351 0.236338 -0.942109 -0.237854 -0.964463 -0.197687 -0.175301 0 0 0 
-1 20.4154 15.6462 10.6646 1 0 0 1 0 0.21039 0 0 0 0 0 0 0 0.0391766 0.253829 -0.966456 -0.693906 -0.689038 -0.209096 -0.718999 0.678821 0.149139 0 0 0 
-1 20.4154 15.6473 10.6595 1 0 0 1 0 0.21039 0 0 0 0 0 0 0 0.0637501 0.230458 -0.970992 -0.192406 -0.951878 -0.238554 -0.979243 0.202032 -0.0163409 0 0 0 
-1 20.4161 15.6486 10.6547 1 0 0 1 0 0.21039 0 0 0 0 0 0 0 0.239156 0.190282 -0.952154 -0.970714 0.0698747 -0.229854 0.0227945 0.97924 0.20142 0 0 0 
-1 20.4179 15.6492 10.6497 1 0 0 1 0 0.209258 0 0 0 0 0 0 0 0.239818 0.225184 -0.944341 -0.824847 -0.465716 -0.320526 -0.511972 0.855804 0.0740553 0 0 0 
-1 20.4186 15.6509 10.6451 1 0 0 1 0 0.209063 0 0 0 0 0 0 0 0.174638 0.32933 -0.927924 -0.571897 0.801074 0.176677 0.801521 0.499823 0.32824 0 0 0 
-1 20.4196 15.6525 10.6405 1 0 0 1 0 0.209063 0 0 0 0 0 0 0 0.0691498 0.261684 -0.962673 -0.926542 -0.340841 -0.159206 -0.369781 0.902966 0.218893 0 0 0 
-1 20.4193 15.6536 10.6353 1 0 0 1 0 0.209063 0 0 0 0 0 0 0 0.0591264 0.286003 -0.956403 -0.406639 -0.868086 -0.284732 -0.911674 0.405746 0.0649732 0 0 0 
-1 20.4202 15.6555 10.6308 1 0 0 1 0 0.209063 0 0 0 0 0 0 0 0.133291 0.251955 -0.958516 0.638977 -0.761143 -0.111218 -0.75759 -0.597645 -0.262447 0 0 0 
-1 20.4206 15.6561 10.6256 1 0 0 1 0 0.209063 0 0 0 0 0 0 0 0.0684471 0.200271 -0.977347 0.929934 -0.367585 -0.0101964 -0.3613 -0.90817 -0.211399 0 0 0 
-1 20.4209 15.6575 10.6207 1 0 0 1 0 0.214219 0 0 0 0 0 0 0 0.099132 0.277297 -0.955656 -0.132562 -0.948147 -0.288869 -0.986205 0.15532 -0.0572325 0 0 0 
-1 20.4216 15.6589 10.6159 1 0 0 1 0 0.214062 0 0 0 0 0 0 0 0.158485 0.267416 -0.950458 0.861879 -0.507112 0.00103686 -0.481712 -0.819345 -0.31085 0 0 0 
-1 20.4225 15.6602 10.6112 1 0 0 1 0 0.214062 0 0 0 0 0 0 0 0.107555 0.180801 -0.977621 0.706521 -0.705721 -0.0527859 -0.699471 -0.685032 -0.203644 0 0 0 
-1 20.4227 15.6607 10.606 1 0 0 1 0 0.214062 0 0 0 0 0 0 0 0.102769 0.176111 -0.978991 0.682485 -0.728482 -0.0594036 -0.723639 -0.662041 -0.195058 0 0 0 
-1 20.4235 15.662 10.6011 1 0 0 1 0 0.214062 0 0 0 0 0 0 0 0.148399 0.217692 -0.96467 0.489281 -0.863876 -0.119679 -0.859408 -0.454234 -0.234711 0 0 0 
-1 20.4242 15.663 10.5962 1 0 0 1 0 0.214062 0 0 0 0 0 0 0 0.117802 0.201433 -0.972393 0.252597 -0.95308 -0.166831 -0.960373 -0.225971 -0.163156 0 0 0 
-1 20.4247 15.6641 10.5912 1 0 0 1 0 0.219219 0 0 0 0 0 0 0 0.143146 0.207335 -0.96774 -0.232665 -0.943357 -0.236526 -0.961965 0.259017 -0.086798 0 0 0 
-1 20.4256 15.665 10.5864 1 0 0 1 0 0.219375 0 0 0 0 0 0 0 0.17802 0.197783 -0.963946 0.570584 -0.818847 -0.0626369 -0.801712 -0.538862 -0.258622 0 0 0 
-1 20.4265 15.6661 10.5815 1 0 0 1 0 0.219375 0 0 0 0 0 0 0 0.117606 0.156958 -0.980578 -0.284673 -0.940661 -0.184711 -0.951383 0.300867 -0.0659461 0 0 0 
-1 20.4268 15.6667 10.5764 1 0 0 1 0 0.219375 0 0 0 0 0 0 0 0.147431 0.147431 -0.978023 0.908737 -0.410557 0.0750976 -0.390462 -0.899837 -0.194505 0 0 0 
-1 20.4281 15.6676 10.5716 1 0 0 1 0 0.219375 0 0 0 0 0 0 0 0.173667 0.20834 -0.962514 0.468279 0.842332 0.266818 0.866345 -0.497063 0.0487241 0 0 0 
-1 20.4286 15.6687 10.5667 1 0 0 1 0 0.219375 0 0 0 0 0 0 0 0.129167 0.23347 -0.963747 0.868334 0.442705 0.223625 0.478865 -0.865739 -0.145547 0 0 0 
-1 20.4293 15.6699 10.5618 1 0 0 1 0 0.224375 0 0 0 0 0 0 0 0.186009 0.127293 -0.974268 0.977747 0.0739272 0.196332 0.0970165 -0.989106 -0.110709 0 0 0 
-1 20.4305 15.67 10.5567 1 0 0 1 0 0.224532 0 0 0 0 0 0 0 0.19314 0.0481744 -0.979988 0.896131 0.398073 0.196181 0.399558 -0.916088 0.0337131 0 0 0 
-1 20.4314 15.6704 10.5517 1 0 0 1 0 0.224532 0 0 0 0 0 0 0 0.157529 0.127946 -0.979191 0.75978 0.617696 0.202942 0.630808 -0.775939 9.45972e-05 0 0 0 
-1 20.4321 15.6714 10.5468 1 0 0 1 0 0.224532 0 0 0 0 0 0 0 0.108341 0.18749 -0.976273 0.944157 -0.326805 0.0420151 -0.311174 -0.926308 -0.212427 0 0 0 
-1 20.4324 15.6723 10.5418 1 0 0 1 0 0.224532 0 0 0 0 0 0 0 0.0829149 0.11224 -0.990216 0.564929 -0.823852 -0.0460791 -0.820963 -0.555581 -0.131717 0 0 0 
-1 20.4329 15.6725 10.5366 1 0 0 1 0 0.224532 0 0 0 0 0 0 0 0.143322 0.152967 -0.977783 0.667481 -0.744394 -0.0186168 -0.730704 -0.649984 -0.20879 0 0 0 
-1 20.4339 15.6738 10.5319 1 0 0 1 0 0.224453 0 0 0 0 0 0 0 0.229004 0.229004 -0.946105 0.780034 -0.624605 0.0376215 -0.582326 -0.746609 -0.321668 0 0 0 
-1 20.4352 15.6748 10.5272 1 0 0 1 0 0.224297 0 0 0 0 0 0 0 0.157929 0.138338 -0.977712 0.25631 -0.961944 -0.0947059 -0.953606 -0.235641 -0.187376 0 0 0 
-1 20.4355 15.6753 10.522 1 0 0 1 0 0.224297 0 0 0 0 0 0 0 0.0732544 0.117028 -0.990423 0.82343 -0.567384 -0.00613894 -0.562669 -0.815095 -0.137928 0 0 0 
-1 20.436 15.676 10.517 1 0 0 1 0 0.224297 0 0 0 0 0 0 0 0.118967 0.183212 -0.975848 -0.51359 -0.829775 -0.2184 -0.849748 0.527168 -0.00461998 0 0 0 
-1 20.4367 15.6771 10.5121 1 0 0 1 0 0.224297 0 0 0 0 0 0 0 0.149239 0.164269 -0.975061 0.47712 -0.875675 -0.0744991 -0.866074 -0.454103 -0.20906 0 0 0 
-1 20.4375 15.6777 10.5072 1 0 0 1 0 0.224297 0 0 0 0 0 0 0 0.118358 0.148023 -0.981876 0.0482241 -0.988517 -0.143211 -0.991799 -0.0303999 -0.124137 0 0 0 
-1 20.4379 15.6786 10.5022 1 0 0 1 0 0.229336 0 0 0 0 0 0 0 0.0882502 0.147034 -0.985187 0.362764 -0.925869 -0.105686 -0.927693 -0.348064 -0.135047 0 0 0 
-1 20.4384 15.6792 10.4971 1 0 0 1 0 0.229687 0 0 0 0 0 0 0 0.118888 0.158466 -0.980181 0.859814 -0.510142 0.0218132 -0.496574 -0.845366 -0.196901 0 0 0 
-1 20.4391 15.6802 10.4923 1 0 0 1 0 0.229687 0 0 0 0 0 0 0 0.15475 0.219636 -0.96323 0.54207 -0.833988 -0.103078 -0.825962 -0.506186 -0.248118 0 0 0 
-1 20.44 15.6814 10.4875 1 0 0 1 0 0.229687 0 0 0 0 0 0 0 0.104087 0.188355 -0.97657 0.715518 -0.696181 -0.0580122 -0.690796 -0.692715 -0.207234 0 0 0 
-1 20.4402 15.6821 10.4825 1 0 0 1 0 0.229687 0 0 0 0 0 0 0 0.089044 0.17325 -0.980844 0.57305 -0.81436 -0.0918204 -0.814669 -0.553897 -0.171795 0 0 0 
-1 20.4408 15.6831 10.4776 1 0 0 1 0 0.229687 0 0 0 0 0 0 0 0.104176 0.183519 -0.977481 0.643162 -0.762094 -0.0745354 -0.758611 -0.620913 -0.197424 0 0 0 
-1 20.4412 15.6839 10.4726 1 0 0 1 0 0.228906 0 0 0 0 0 0 0 0.129382 0.204095 -0.970364 0.764685 -0.643538 -0.0333964 -0.631282 -0.737702 -0.239331 0 0 0 
-1 20.4422 15.6852 10.4678 1 0 0 1 0 0.229063 0 0 0 0 0 0 0 0.0990081 0.168541 -0.98071 -0.0289602 -0.984647 -0.172141 -0.994665 0.0454449 -0.0926071 0 0 0 
-1 20.4422 15.6857 10.4627 1 0 0 1 0 0.229063 0 0 0 0 0 0 0 0.104096 0.168306 -0.980223 0.857904 -0.513802 0.00288534 -0.503155 -0.841237 -0.197875 0 0 0 
-1 20.4432 15.6868 10.4579 1 0 0 1 0 0.229063 0 0 0 0 0 0 0 0.119323 0.193767 -0.973764 0.467062 -0.876428 -0.117166 -0.876137 -0.440827 -0.195079 0 0 0 
-1 20.4434 15.6876 10.4529 1 0 0 1 0 0.229063 0 0 0 0 0 0 0 0.0992367 0.183626 -0.977974 0.488284 -0.865347 -0.112932 -0.867024 -0.466322 -0.175536 0 0 0 
-1 20.4442 15.6887 10.4481 1 0 0 1 0 0.229063 0 0 0 0 0 0 0 0.109547 0.189162 -0.975816 0.478667 -0.870433 -0.114997 -0.871136 -0.454493 -0.185898 0 0 0 
-1 20.4445 15.6895 10.4431 1 0 0 1 0 0.231093 0 0 0 0 0 0 0 0.0590593 0.162601 -0.984923 0.281119 -0.949423 -0.139883 -0.957854 -0.268619 -0.101783 0 0 0 
-1 20.4448 15.6904 10.4381 1 0 0 1 0 0.23125 0 0 0 0 0 0 0 0.0392539 0.157016 -0.986816 0.543958 -0.831777 -0.110709 -0.838194 -0.532441 -0.11806 0 0 0 
-1 20.4449 15.6911 10.4331 1 0 0 1 0 0.23125 0 0 0 0 0 0 0 0.0893887 0.188625 -0.977973 0.59863 -0.794933 -0.0986058 -0.796022 -0.576629 -0.183975 0 0 0 
-1 20.4457 15.6923 10.4283 1 0 0 1 0 0.23125 0 0 0 0 0 0 0 0.139826 0.224911 -0.964295 0.265488 -0.946719 -0.182315 -0.953921 -0.230516 -0.192087 0 0 0 
-1 20.4463 15.6933 10.4234 1 0 0 1 0 0.23125 0 0 0 0 0 0 0 0.114348 0.218686 -0.969072 0.614596 -0.781964 -0.103942 -0.78051 -0.583702 -0.223819 0 0 0 
-1 20.4468 15.6945 10.4185 1 0 0 1 0 0.23125 0 0 0 0 0 0 0 0.0589164 0.176899 -0.982464 0.615478 -0.781293 -0.103768 -0.785949 -0.598571 -0.154908 0 0 0 
-1 20.4469 15.6952 10.4134 1 0 0 1 0 0.226875 0 0 0 0 0 0 0 0.0943735 0.203768 -0.97446 0.678446 -0.7295 -0.0868392 -0.728563 -0.652923 -0.207091 0 0 0 
-1 20.4478 15.6965 10.4087 1 0 0 1 0 0.226719 0 0 0 0 0 0 0 0.135217 0.240182 -0.961264 0.572654 -0.810668 -0.122001 -0.808569 -0.533975 -0.247158 0 0 0 
-1 20.4482 15.6975 10.4038 1 0 0 1 0 0.226719 0 0 0 0 0 0 0 0.0493941 0.182668 -0.981933 0.658488 -0.74516 -0.105497 -0.750969 -0.64138 -0.157091 0 0 0 
-1 20.4483 15.6984 10.3988 1 0 0 1 0 0.226719 0 0 0 0 0 0 0 0.0791362 0.207959 -0.974931 0.598581 -0.791971 -0.120345 -0.797144 -0.574051 -0.187154 0 0 0 
-1 20.449 15.6997 10.3939 1 0 0 1 0 0.226719 0 0 0 0 0 0 0 0.129476 0.243907 -0.961117 0.586615 -0.800306 -0.124072 -0.799449 -0.547741 -0.2467 0 0 0 
-1 20.4496 15.7008 10.3891 1 0 0 1 0 0.226719 0 0 0 0 0 0 0 0.0840067 0.212505 -0.973542 0.359497 -0.917662 -0.169287 -0.929357 -0.335765 -0.153485 0 0 0 
-1 20.4499 15.7018 10.3841 1 0 0 1 0 0.221484 0 0 0 0 0 0 0 0.0539909 0.201566 -0.977986 -0.0368521 -0.978345 -0.203675 -0.997861 0.0470374 -0.0453936 0 0 0 
-1 20.4501 15.7029 10.3791 1 0 0 1 0 0.221797 0 0 0 0 0 0 0 0.109329 0.198643 -0.973955 0.892702 -0.45057 0.0083125 -0.437184 -0.870361 -0.226589 0 0 0 
-1 20.451 15.7038 10.3743 1 0 0 1 0 0.221797 0 0 0 0 0 0 0 0.114601 0.20914 -0.971147 0.482316 -0.866349 -0.129655 -0.868469 -0.453541 -0.200156 0 0 0 
-1 20.4513 15.705 10.3694 1 0 0 1 0 0.221797 0 0 0 0 0 0 0 0.0640984 0.182515 -0.981111 0.173506 -0.970198 -0.169149 -0.982745 -0.159387 -0.0938556 0 0 0 
-1 20.4516 15.7057 10.3644 1 0 0 1 0 0.221797 0 0 0 0 0 0 0 0.13393 0.193403 -0.971935 -0.911065 -0.361852 -0.197546 -0.389903 0.911953 0.12774 0 0 0 
-1 20.4527 15.7069 10.3596 1 0 0 1 0 0.221797 0 0 0 0 0 0 0 0.119021 0.227909 -0.966381 -0.6016 -0.757741 -0.252797 -0.789881 0.611463 0.0469231 0 0 0 
-1 20.4529 15.7079 10.3546 1 0 0 1 0 0.216523 0 0 0 0 0 0 0 0.0938746 0.247213 -0.964403 -0.307469 -0.914129 -0.264255 -0.946916 0.321331 -0.00980322 0 0 0 
-1 20.4536 15.7094 10.3498 1 0 0 1 0 0.216328 0 0 0 0 0 0 0 0.134081 0.233317 -0.963112 0.922711 -0.383857 0.0354663 -0.361423 -0.89343 -0.266752 0 0 0 
-1 20.4542 15.7103 10.3449 1 0 0 1 0 0.216328 0 0 0 0 0 0 0 0.113497 0.182589 -0.976617 0.436443 -0.892211 -0.116087 -0.892545 -0.413062 -0.180953 0 0 0 
-1 20.4548 15.7113 10.3399 1 0 0 1 0 0.216328 0 0 0 0 0 0 0 0.158478 0.203239 -0.966219 0.157084 -0.971311 -0.178546 -0.974787 -0.123482 -0.185858 0 0 0 
-1 20.4558 15.7124 10.3351 1 0 0 1 0 0.216328 0 0 0 0 0 0 0 0.0736941 0.191815 -0.97866 0.902856 -0.429637 -0.0162218 -0.423581 -0.882394 -0.204843 0 0 0 
-1 20.4555 15.7132 10.33 1 0 0 1 0 0.216328 0 0 0 0 0 0 0 0.0687083 0.181426 -0.981001 0.509172 -0.851988 -0.121904 -0.857918 -0.491123 -0.150916 0 0 0 
-1 20.4565 15.7142 10.3252 1 0 0 1 0 0.208789 0 0 0 0 0 0 0 0.123752 0.212642 -0.969262 0.905506 0.375331 0.197953 0.405887 -0.90217 -0.1461 0 0 0 
-1 20.4568 15.7154 10.3202 1 0 0 1 0 0.208945 0 0 0 0 0 0 0 0.0940339 0.277415 -0.956137 0.177888 0.940256 0.290302 0.979548 -0.197383 0.0390671 0 0 0 
-1 20.4574 15.717 10.3155 1 0 0 1 0 0.208945 0 0 0 0 0 0 0 0.13895 0.268051 -0.953332 -0.860688 0.508827 0.0176213 0.489805 0.818073 0.30141 0 0 0 
-1 20.4581 15.7181 10.3106 1 0 0 1 0 0.208945 0 0 0 0 0 0 0 0.108883 0.217767 -0.969908 -0.987104 -0.091491 -0.131356 -0.117343 0.971703 0.204997 0 0 0 
-1 20.4585 15.7192 10.3057 1 0 0 1 0 0.208945 0 0 0 0 0 0 0 0.10397 0.257508 -0.960666 -0.73761 0.6679 0.0992017 0.667174 0.698284 0.259382 0 0 0 
-1 20.4592 15.7206 10.3009 1 0 0 1 0 0.208945 0 0 0 0 0 0 0 0.0736652 0.225637 -0.971422 -0.731128 0.674683 0.101269 0.678252 0.702774 0.21467 0 0 0 
-1 20.4593 15.7215 10.2958 1 0 0 1 0 0.197598 0 0 0 0 0 0 0 0.00483049 0.153551 -0.988129 -0.667962 0.735858 0.111084 0.74418 0.659496 0.106121 0 0 0 
-1 20.4592 15.7222 10.2906 1 0 0 1 0 0.197266 0 0 0 0 0 0 0 0.063488 0.205069 -0.976686 -0.699351 0.707311 0.10305 0.711953 0.676504 0.188321 0 0 0 
-1 20.4599 15.7236 10.2858 1 0 0 1 0 0.197266 0 0 0 0 0 0 0 0.169512 0.304178 -0.937412 -0.746141 -0.581796 -0.323709 -0.643848 0.754314 0.128338 0 0 0 
-1 20.4609 15.7253 10.2812 1 0 0 1 0 0.197266 0 0 0 0 0 0 0 0.17878 0.293267 -0.939166 0.374252 -0.903061 -0.21075 -0.90993 -0.313807 -0.271205 0 0 0 
-1 20.4618 15.7266 10.2764 1 0 0 1 0 0.197266 0 0 0 0 0 0 0 0.118835 0.272096 -0.954904 0.99075 -0.0959538 0.0959538 -0.065518 -0.957474 -0.280982 0 0 0 
-1 20.4622 15.7281 10.2716 1 0 0 1 0 0.197266 0 0 0 0 0 0 0 0.119238 0.27802 -0.953146 0.434737 -0.877696 -0.201627 -0.892629 -0.390326 -0.22552 0 0 0 
-1 20.4629 15.7294 10.2668 1 0 0 1 0 0.194258 0 0 0 0 0 0 0 0.153841 0.29298 -0.943661 -0.638476 -0.699398 -0.321232 -0.754109 0.651924 0.0794648 0 0 0 
-1 20.4637 15.731 10.262 1 0 0 1 0 0.194063 0 0 0 0 0 0 0 0.12428 0.318211 -0.939838 -0.966021 0.255132 -0.0413594 0.226622 0.913044 0.339107 0 0 0 
-1 20.4642 15.7325 10.2573 1 0 0 1 0 0.194063 0 0 0 0 0 0 0 0.114297 0.278162 -0.95371 -0.885782 0.463198 0.0289419 0.449807 0.841471 0.299333 0 0 0 
-1 20.4648 15.7338 10.2524 1 0 0 1 0 0.194063 0 0 0 0 0 0 0 0.047961 0.153387 -0.987002 -0.717205 0.693044 0.0728533 0.69521 0.704388 0.143249 0 0 0 
-1 20.4647 15.7342 10.247 1 0 0 1 0 0.194063 0 0 0 0 0 0 0 0.06239 0.167984 -0.983813 -0.86044 0.50853 0.0322644 0.505718 0.844499 0.176267 0 0 0 
-1 20.4655 15.7355 10.2422 1 0 0 1 0 0.194063 0 0 0 0 0 0 0 0.159229 0.328486 -0.93099 0.349512 0.86319 0.364342 0.923302 -0.383406 0.022635 0 0 0 
-1 20.4663 15.7374 10.2376 1 0 0 1 0 0.190156 0 0 0 0 0 0 0 0.134503 0.338613 -0.931263 -0.899968 0.435043 0.0282015 0.414689 0.834313 0.363256 0 0 0 
-1 20.4669 15.7389 10.2329 1 0 0 1 0 0.19 0 0 0 0 0 0 0 0.0882389 0.245125 -0.965468 -0.577799 0.802119 0.150844 0.811395 0.544536 0.212411 0 0 0 
-1 20.4672 15.74 10.2278 1 0 0 1 0 0.19 0 0 0 0 0 0 0 0.128488 0.271906 -0.953707 -0.00981613 0.96198 0.272942 0.991662 -0.0257081 0.126272 0 0 0 
-1 20.4682 15.7417 10.2232 1 0 0 1 0 0.19 0 0 0 0 0 0 0 0.113918 0.272254 -0.955458 -0.972634 0.226585 -0.051401 0.202498 0.935167 0.290616 0 0 0 
-1 20.4683 15.7427 10.2182 1 0 0 1 0 0.19 0 0 0 0 0 0 0 0.108142 0.245681 -0.9633 -0.712338 0.695059 0.0973004 0.693455 0.675672 0.250172 0 0 0 
-1 20.4692 15.7442 10.2134 1 0 0 1 0 0.19 0 0 0 0 0 0 0 0.193857 0.328101 -0.924537 0.0517088 0.937688 0.34361 0.979666 -0.114418 0.164812 0 0 0 
-1 20.4703 15.746 10.2088 1 0 0 1 0 0.190625 0 0 0 0 0 0 0 0.139499 0.333915 -0.932224 -0.673817 0.721866 0.157736 0.725611 0.606144 0.325697 0 0 0 
-1 20.4706 15.7475 10.2041 1 0 0 1 0 0.190313 0 0 0 0 0 0 0 0.00957474 0.221987 -0.975003 -0.324494 0.92297 0.206953 0.945839 0.314401 0.0808706 0 0 0 
-1 20.4704 15.7483 10.1988 1 0 0 1 0 0.190313 0 0 0 0 0 0 0 0.0780656 0.244178 -0.966583 -0.688778 0.714153 0.124781 0.720757 0.65602 0.223935 0 0 0 
-1 20.4714 15.7501 10.1941 1 0 0 1 0 0.190313 0 0 0 0 0 0 0 0.189095 0.343133 -0.920056 -0.828459 0.558751 0.0381158 0.527161 0.755021 0.389929 0 0 0 
-1 20.4723 15.7517 10.1895 1 0 0 1 0 0.190313 0 0 0 0 0 0 0 0.118051 0.240751 -0.963381 -0.840045 -0.493125 -0.226171 -0.529518 0.835982 0.144028 0 0 0 
-1 20.4727 15.7525 10.1844 1 0 0 1 0 0.190313 0 0 0 0 0 0 0 0.10824 0.256168 -0.960553 -0.798221 0.598329 0.0696194 0.592561 0.759198 0.269241 0 0 0 
-1 20.4734 15.7544 10.1798 1 0 0 1 0 0.187031 0 0 0 0 0 0 0 0.14913 0.308273 -0.939536 -0.736416 0.668715 0.102524 0.659887 0.6766 0.326743 0 0 0 
-1 20.4741 15.7556 10.1749 1 0 0 1 0 0.186563 0 0 0 0 0 0 0 0.04846 0.203296 -0.977917 -0.305923 0.935035 0.179221 0.950822 0.290482 0.107505 0 0 0 
-1 20.4739 15.7564 10.1697 1 0 0 1 0 0.186563 0 0 0 0 0 0 0 0.102365 0.21946 -0.970236 -0.760715 0.645742 0.0658025 0.640964 0.731337 0.233048 0 0 0 
-1 20.4752 15.7579 10.1649 1 0 0 1 0 0.186563 0 0 0 0 0 0 0 0.193276 0.322127 -0.926757 0.160501 0.921463 0.353759 0.967928 -0.217119 0.126395 0 0 0 
-1 20.4758 15.7597 10.1603 1 0 0 1 0 0.186563 0 0 0 0 0 0 0 0.119277 0.337672 -0.933676 -0.942791 0.333385 0.000130789 0.311318 0.880245 0.358119 0 0 0 
-1 20.4764 15.7613 10.1556 1 0 0 1 0 0.186563 0 0 0 0 0 0 0 0.0885554 0.250807 -0.963978 -0.994339 -0.0347861 -0.100395 -0.0587128 0.967412 0.246307 0 0 0 
-1 20.4767 15.7622 10.1505 1 0 0 1 0 0.187656 0 0 0 0 0 0 0 0.0953822 0.12407 -0.987679 -0.805302 0.592856 -0.00329671 0.585142 0.795694 0.156461 0 0 0 
-1 20.4774 15.7626 10.1452 1 0 0 1 0 0.187812 0 0 0 0 0 0 0 0.15157 0.200502 -0.967898 -0.976749 -0.119818 -0.177776 -0.151616 0.972339 0.177679 0 0 0 
-1 20.4783 15.7643 10.1406 1 0 0 1 0 0.187812 0 0 0 0 0 0 0 0.129186 0.332822 -0.934099 -0.45964 0.854783 0.240993 0.878659 0.398216 0.263404 0 0 0 
-1 20.4787 15.7659 10.1358 1 0 0 1 0 0.187812 0 0 0 0 0 0 0 0.0842209 0.312086 -0.946313 -0.779441 0.612291 0.132559 0.620789 0.726431 0.29482 0 0 0 
-1 20.4792 15.7675 10.1311 1 0 0 1 0 0.187812 0 0 0 0 0 0 0 0.00486623 0.217506 -0.976047 -0.907749 0.410409 0.0869311 0.419486 0.885582 0.199438 0 0 0 
-1 20.4788 15.7682 10.1257 1 0 0 1 0 0.187812 0 0 0 0 0 0 0 0.0194565 0.248182 -0.968518 -0.570991 0.797947 0.193002 0.820726 0.54926 0.157235 0 0 0 
-1 20.4794 15.77 10.1211 1 0 0 1 0 0.185782 0 0 0 0 0 0 0 0.144657 0.329208 -0.933111 -0.716987 0.684773 0.130441 0.681912 0.65016 0.335095 0 0 0 
-1 20.4802 15.7714 10.1164 1 0 0 1 0 0.185625 0 0 0 0 0 0 0 0.0689133 0.255835 -0.964261 0.263299 0.927623 0.264932 0.96225 -0.272146 -0.00343557 0 0 0 
-1 20.4801 15.7726 10.1113 1 0 0 1 0 0.185625 0 0 0 0 0 0 0 0.103242 0.24595 -0.963768 -0.329024 0.922843 0.20026 0.938661 0.296427 0.1762 0 0 0 
-1 20.4813 15.774 10.1066 1 0 0 1 0 0.185625 0 0 0 0 0 0 0 0.187763 0.271767 -0.943869 -0.34491 0.918006 0.195707 0.919664 0.288803 0.266103 0 0 0 
-1 20.482 15.7753 10.1018 1 0 0 1 0 0.185625 0 0 0 0 0 0 0 0.0786252 0.236026 -0.968561 -0.00182014 0.971601 0.236619 0.996903 -0.0168413 0.0768219 0 0 0 
-1 20.482 15.7764 10.0967 1 0 0 1 0 0.185625 0 0 0 0 0 0 0 0.0689167 0.236178 -0.969263 -0.581154 0.799202 0.153419 0.810871 0.552717 0.192334 0 0 0 
-1 20.4827 15.7778 10.0919 1 0 0 1 0 0.187188 0 0 0 0 0 0 0 0.168717 0.302752 -0.938017 -0.732454 0.675335 0.0862259 0.65958 0.672506 0.335693 0 0 0 
-1 20.4837 15.7794 10.0872 1 0 0 1 0 0.187344 0 0 0 0 0 0 0 0.138116 0.271412 -0.952502 -0.522939 0.836719 0.162592 0.841106 0.475644 0.257496 0 0 0 
-1 20.4841 15.7805 10.0823 1 0 0 1 0 0.187344 0 0 0 0 0 0 0 0.0590495 0.225857 -0.972369 -0.977575 -0.184156 -0.102141 -0.202137 0.956596 0.209918 0 0 0 
-1 20.4844 15.7817 10.0773 1 0 0 1 0 0.187344 0 0 0 0 0 0 0 0.0493412 0.271226 -0.96125 -0.981058 0.193666 0.0042867 0.187324 0.942831 0.275644 0 0 0 
-1 20.4846 15.7833 10.0725 1 0 0 1 0 0.187344 0 0 0 0 0 0 0 0.0440425 0.244548 -0.968636 -0.118979 0.963961 0.237958 0.99192 0.104767 0.0715513 0 0 0 
-1 20.4848 15.7842 10.0674 1 0 0 1 0 0.187344 0 0 0 0 0 0 0 0.0641396 0.246621 -0.966987 -0.801138 0.590491 0.0974605 0.595033 0.768439 0.235451 0 0 0 
-1 20.4852 15.7857 10.0627 1 0 0 1 0 0.185547 0 0 0 0 0 0 0 0.109968 0.305315 -0.94588 -0.957815 -0.221665 -0.182906 -0.265513 0.926093 0.268059 0 0 0 
-1 20.4859 15.7872 10.058 1 0 0 1 0 0.185312 0 0 0 0 0 0 0 0.150453 0.155493 -0.976312 -0.769941 0.637887 -0.0170571 0.620125 0.754269 0.215692 0 0 0 
-1 20.4867 15.7874 10.0526 1 0 0 1 0 0.185312 0 0 0 0 0 0 0 0.104668 0.099877 -0.989479 -0.723995 -0.674465 -0.144664 -0.681818 0.73152 0.00171584 0 0 0 
-1 20.487 15.7883 10.0476 1 0 0 1 0 0.185312 0 0 0 0 0 0 0 0.0195772 0.189543 -0.981677 -0.840448 0.53494 0.0865258 0.541539 0.823355 0.169773 0 0 0 
-1 20.4869 15.7893 10.0426 1 0 0 1 0 0.185312 0 0 0 0 0 0 0 0.0544487 0.242229 -0.96869 -0.45904 0.867608 0.191151 0.886746 0.434259 0.158433 0 0 0 
-1 20.4876 15.7908 10.0378 1 0 0 1 0 0.185312 0 0 0 0 0 0 0 0.119244 0.273382 -0.954486 -0.0538276 0.961711 0.268727 0.991405 0.0193335 0.129394 0 0 0 
-1 20.4881 15.7921 10.0329 1 0 0 1 0 0.187031 0 0 0 0 0 0 0 0.0692998 0.272066 -0.95978 -0.952105 0.305254 0.0177839 0.297815 0.912579 0.280189 0 0 0 
-1 20.4883 15.7935 10.0281 1 0 0 1 0 0.187188 0 0 0 0 0 0 0 0.0795041 0.303299 -0.949573 -0.509571 0.831085 0.222789 0.856748 0.466162 0.220627 0 0 0 
-1 20.4889 15.7951 10.0234 1 0 0 1 0 0.187188 0 0 0 0 0 0 0 0.140157 0.335644 -0.931504 -0.598181 0.778396 0.190471 0.789009 0.530512 0.309874 0 0 0 
-1 20.4897 15.7969 10.0188 1 0 0 1 0 0.187188 0 0 0 0 0 0 0 0.00496083 0.241277 -0.970444 -0.967003 -0.246039 -0.0661147 -0.254719 0.938749 0.232095 0 0 0 
-1 20.489 15.7975 10.0135 1 0 0 1 0 0.187188 0 0 0 0 0 0 0 0.0146321 0.205447 -0.978559 0.188786 -0.96163 -0.199069 -0.981909 -0.181825 -0.052856 0 0 0 
-1 20.4898 15.799 10.0088 1 0 0 1 0 0.187188 0 0 0 0 0 0 0 0.201989 0.236405 -0.950428 -0.349281 -0.889232 -0.295414 -0.914988 0.391636 -0.0970431 0 0 0 
-1 20.4911 15.7999 10.0039 1 0 0 1 0 0.185469 0 0 0 0 0 0 0 0.149123 0.2585 -0.954432 -0.0420431 -0.962694 -0.267307 -0.987924 0.0799887 -0.132692 0 0 0 
-1 20.4913 15.8015 9.9992 1 0 0 1 0 0.185312 0 0 0 0 0 0 0 0.0147783 0.266915 -0.963607 -0.99526 -0.0887153 -0.0398375 -0.0961199 0.959628 0.264338 0 0 0 
-1 20.4912 15.8027 9.99415 1 0 0 1 0 0.185312 0 0 0 0 0 0 0 0.0242903 0.169884 -0.985165 -0.948272 0.315933 0.0310996 0.31653 0.933448 0.16877 0 0 0 
-1 20.4916 15.8033 9.98905 1 0 0 1 0 0.185312 0 0 0 0 0 0 0 0.0194497 0.155598 -0.987629 -0.383086 0.913588 0.136388 0.923508 0.375694 0.0773762 0 0 0 
-1 20.4914 15.8042 9.984 1 0 0 1 0 0.185312 0 0 0 0 0 0 0 0.0832791 0.18121 -0.979912 -0.966675 -0.224187 -0.123612 -0.242083 0.957551 0.156502 0 0 0 
-1 20.4924 15.8052 9.97905 1 0 0 1 0 0.185312 0 0 0 0 0 0 0 0.0740316 0.217421 -0.973266 -0.795125 -0.576178 -0.189195 -0.60191 0.787875 0.130221 0 0 0 
-1 20.4921 15.8064 9.97415 1 0 0 1 0 0.187031 0 0 0 0 0 0 0 0.0348336 0.268067 -0.96277 -0.972814 0.229791 0.0287844 0.228952 0.935594 0.268784 0 0 0 
-1 20.4928 15.8079 9.96935 1 0 0 1 0 0.187188 0 0 0 0 0 0 0 0.0246145 0.226183 -0.973774 -0.999682 0.0109392 -0.0227285 0.00551153 0.974023 0.226381 0 0 0 
-1 20.4924 15.8087 9.96425 1 0 0 1 0 0.187188 0 0 0 0 0 0 0 0.0243335 0.180934 -0.983194 -0.190843 -0.964558 -0.182228 -0.981319 0.19207 0.0110589 0 0 0 
-1 20.493 15.8097 9.9593 1 0 0 1 0 0.187188 0 0 0 0 0 0 0 0.0733923 0.171099 -0.982516 -0.990695 0.125728 -0.0521084 0.114614 0.977199 0.178735 0 0 0 
-1 20.4932 15.8105 9.9542 1 0 0 1 0 0.187188 0 0 0 0 0 0 0 0.0794182 0.223127 -0.971549 -0.837858 -0.513104 -0.18633 -0.540081 0.828818 0.146199 0 0 0 
-1 20.4938 15.812 9.9495 1 0 0 1 0 0.187188 0 0 0 0 0 0 0 0.0450286 0.275208 -0.960329 -0.292307 -0.915602 -0.276097 -0.955264 0.293143 0.039217 0 0 0 
-1 20.4936 15.8133 9.9446 1 0 0 1 0 0.181719 0 0 0 0 0 0 0 0.0544031 0.272318 -0.960668 -0.823381 -0.532035 -0.197443 -0.564876 0.801737 0.195277 0 0 0 
-1 20.4944 15.8147 9.9398 1 0 0 1 0 0.181562 0 0 0 0 0 0 0 0.103285 0.201616 -0.974004 -0.690521 0.719343 0.0756781 0.7159 0.664753 0.213518 0 0 0 
-1 20.4946 15.8153 9.9347 1 0 0 1 0 0.181562 0 0 0 0 0 0 0 0.043829 0.146047 -0.988306 -0.998992 0.0159723 -0.0419426 0.00965995 0.989149 0.1466 0 0 0 
-1 20.4948 15.8162 9.92965 1 0 0 1 0 0.181562 0 0 0 0 0 0 0 0.0446195 0.252743 -0.966504 -0.763186 0.632911 0.130275 0.644637 0.731809 0.22113 0 0 0 
-1 20.4951 15.8179 9.92495 1 0 0 1 0 0.181562 0 0 0 0 0 0 0 0.0497755 0.25859 -0.964704 -0.796063 0.593591 0.118038 0.603163 0.76209 0.2354 0 0 0 
-1 20.4953 15.8188 9.91995 1 0 0 1 0 0.181562 0 0 0 0 0 0 0 0.0296634 0.23307 -0.972007 -0.809042 -0.565474 -0.160281 -0.587001 0.79115 0.17179 0 0 0 
-1 20.4954 15.8202 9.91515 1 0 0 1 0 0.181406 0 0 0 0 0 0 0 0.0148359 0.252967 -0.967361 -0.571591 -0.791657 -0.215786 -0.820405 0.556136 0.132849 0 0 0 
-1 20.4954 15.8214 9.9102 1 0 0 1 0 0.181562 0 0 0 0 0 0 0 0.0593992 0.22237 -0.973151 -0.122985 -0.965815 -0.2282 -0.990629 0.133238 -0.0300204 0 0 0 
-1 20.496 15.8225 9.9053 1 0 0 1 0 0.181562 0 0 0 0 0 0 0 0.128503 0.212512 -0.968672 0.335217 -0.928585 -0.159248 -0.933336 -0.304251 -0.190563 0 0 0 
-1 20.4967 15.8235 9.9004 1 0 0 1 0 0.181562 0 0 0 0 0 0 0 0.0690954 0.192803 -0.978802 -0.269193 -0.941148 -0.204389 -0.960604 0.277609 -0.0131277 0 0 0 
-1 20.4967 15.8244 9.8954 1 0 0 1 0 0.181562 0 0 0 0 0 0 0 0 0.212223 -0.977221 -0.995332 0.0943084 0.020481 0.0965067 0.97266 0.211233 0 0 0 
-1 20.4967 15.8257 9.8905 1 0 0 1 0 0.181562 0 0 0 0 0 0 0 0.00498362 0.262168 -0.965009 -0.102604 -0.959794 -0.261281 -0.99471 0.100316 0.0221162 0 0 0 
-1 20.4967 15.827 9.88565 1 0 0 1 0 0.175157 0 0 0 0 0 0 0 0.0844386 0.253316 -0.963691 -0.856442 -0.475873 -0.200129 -0.509291 0.842244 0.176768 0 0 0 
-1 20.4976 15.8282 9.8808 1 0 0 1 0 0.175 0 0 0 0 0 0 0 0.114159 0.203488 -0.972399 -0.777645 0.627429 0.0400031 0.618252 0.751615 0.229869 0 0 0 
-1 20.4979 15.8291 9.87585 1 0 0 1 0 0.175 0 0 0 0 0 0 0 0.0635784 0.141783 -0.987854 -0.960433 -0.260258 -0.0991674 -0.271157 0.955073 0.119626 0 0 0 
-1 20.4982 15.8296 9.8707 1 0 0 1 0 0.175 0 0 0 0 0 0 0 0.0491501 0.192091 -0.980146 0.0629667 -0.979975 -0.1889 -0.996805 -0.0524321 -0.0602612 0 0 0 
-1 20.4984 15.831 9.8659 1 0 0 1 0 0.175 0 0 0 0 0 0 0 0.0642885 0.192866 -0.979117 0.813541 -0.57835 -0.0605061 -0.577942 -0.792662 -0.194085 0 0 0 
-1 20.4989 15.8316 9.8608 1 0 0 1 0 0.175 0 0 0 0 0 0 0 0.0492404 0.172191 -0.983832 0.94566 0.308943 0.101401 0.321408 -0.935363 -0.147622 0 0 0 
-1 20.4989 15.8328 9.8559 1 0 0 1 0 0.174375 0 0 0 0 0 0 0 0.0247649 0.242515 -0.969832 0.941398 0.320781 0.104253 0.336387 -0.91558 -0.220359 0 0 0 
-1 20.4991 15.8341 9.851 1 0 0 1 0 0.174531 0 0 0 0 0 0 0 0.0540105 0.161732 -0.985355 0.827271 -0.559871 -0.0465497 -0.559201 -0.812642 -0.164035 0 0 0 
-1 20.4995 15.8344 9.84585 1 0 0 1 0 0.174531 0 0 0 0 0 0 0 0.0792968 0.198393 -0.976909 0.959416 -0.281229 0.0207641 -0.270616 -0.938909 -0.212642 0 0 0 
-1 20.5 15.8361 9.84115 1 0 0 1 0 0.174531 0 0 0 0 0 0 0 0.10996 0.305293 -0.945888 0.992774 -0.0797328 0.0896765 -0.0480407 -0.948915 -0.311854 0 0 0 
-1 20.5005 15.8375 9.8364 1 0 0 1 0 0.174531 0 0 0 0 0 0 0 0.104284 0.203565 -0.973492 0.477009 -0.869134 -0.130645 -0.872689 -0.450741 -0.187739 0 0 0 
-1 20.501 15.8381 9.83135 1 0 0 1 0 0.174531 0 0 0 0 0 0 0 0.0442966 0.172231 -0.98406 0.704138 -0.704138 -0.0915427 -0.70868 -0.688859 -0.152465 0 0 0 
-1 20.501 15.8393 9.8264 1 0 0 1 0 0.169141 0 0 0 0 0 0 0 0.0491978 0.176992 -0.982982 0.736289 0.658574 0.155431 0.674876 -0.731406 -0.0979171 0 0 0 
-1 20.5015 15.8399 9.82135 1 0 0 1 0 0.16875 0 0 0 0 0 0 0 0.0395846 0.187387 -0.981488 0.996164 -0.0841139 0.0241174 -0.0780375 -0.978678 -0.189998 0 0 0 
-1 20.5014 15.8412 9.81645 1 0 0 1 0 0.16875 0 0 0 0 0 0 0 0.0448358 0.253968 -0.966173 0.492921 0.835592 0.242518 0.868918 -0.487121 -0.0877219 0 0 0 
-1 20.5019 15.8425 9.81165 1 0 0 1 0 0.16875 0 0 0 0 0 0 0 0.0893618 0.228639 -0.969401 0.804981 0.556583 0.205478 0.586532 -0.798711 -0.134313 0 0 0 
-1 20.5023 15.8434 9.8067 1 0 0 1 0 0.16875 0 0 0 0 0 0 0 0.104176 0.208353 -0.97249 0.627821 -0.772141 -0.0981744 -0.771354 -0.600322 -0.211247 0 0 0 
-1 20.503 15.8445 9.80185 1 0 0 1 0 0.16875 0 0 0 0 0 0 0 0.124673 0.22426 -0.966522 0.722002 -0.688672 -0.0666589 -0.680566 -0.68952 -0.247775 0 0 0 
-1 20.5036 15.8457 9.797 1 0 0 1 0 0.16875 0 0 0 0 0 0 0 0.13472 0.234428 -0.962753 -0.138009 -0.957702 -0.25251 -0.981226 0.166887 -0.0966683 0 0 0 
-1 20.5044 15.8469 9.7922 1 0 0 1 0 0.168906 0 0 0 0 0 0 0 0.168882 0.228461 -0.958793 -0.889866 -0.382936 -0.247987 -0.423812 0.895078 0.138629 0 0 0 
-1 20.5053 15.848 9.78735 1 0 0 1 0 0.168906 0 0 0 0 0 0 0 0.15914 0.248884 -0.95537 -0.786883 -0.552444 -0.274992 -0.59623 0.795526 0.107926 0 0 0 
-1 20.5059 15.8494 9.7826 1 0 0 1 0 0.168906 0 0 0 0 0 0 0 0.192993 0.202959 -0.95998 -0.944089 -0.228122 -0.238028 -0.267302 0.952244 0.147586 0 0 0 
-1 20.5072 15.85 9.77765 1 0 0 1 0 0.168906 0 0 0 0 0 0 0 0.188647 0.218322 -0.957469 -0.799384 -0.532191 -0.278851 -0.570436 0.81799 0.074127 0 0 0 
-1 20.5079 15.8516 9.77295 1 0 0 1 0 0.168906 0 0 0 0 0 0 0 0.144829 0.279748 -0.949087 -0.802325 -0.52814 -0.278105 -0.57905 0.801754 0.147959 0 0 0 
-1 20.5086 15.8528 9.76815 1 0 0 1 0 0.166328 0 0 0 0 0 0 0 0.174021 0.23871 -0.955371 -0.754529 -0.591091 -0.285128 -0.632774 0.770474 0.0772511 0 0 0 
-1 20.5096 15.854 9.76335 1 0 0 1 0 0.165937 0 0 0 0 0 0 0 0.207391 0.197443 -0.958126 -0.825238 -0.490644 -0.279734 -0.52533 0.848696 0.0611826 0 0 0 
-1 20.5107 15.8548 9.75845 1 0 0 1 0 0.165937 0 0 0 0 0 0 0 0.23513 0.15187 -0.960026 -0.824422 -0.492004 -0.27975 -0.514822 0.857244 0.00952045 0 0 0 
-1 20.512 15.8555 9.75355 1 0 0 1 0 0.165937 0 0 0 0 0 0 0 0.203515 0.203515 -0.957686 -0.823284 -0.493824 -0.279895 -0.529891 0.845411 0.0670501 0 0 0 
-1 20.5128 15.8569 9.7488 1 0 0 1 0 0.165937 0 0 0 0 0 0 0 0.154647 0.279307 -0.947667 -1.02861e-11 -0.959206 -0.282708 -0.98797 0.0437199 -0.148338 0 0 0 
-1 20.5135 15.8583 9.74405 1 0 0 1 0 0.165937 0 0 0 0 0 0 0 0.159395 0.279094 -0.946942 -0.750379 -0.58905 -0.29992 -0.641502 0.758371 0.115534 0 0 0 
-1 20.5144 15.8597 9.7393 1 0 0 1 0 0.167344 0 0 0 0 0 0 0 0.150022 0.290125 -0.945157 -0.847722 -0.454205 -0.273979 -0.508783 0.842333 0.177804 0 0 0 
-1 20.515 15.8612 9.7346 1 0 0 1 0 0.1675 0 0 0 0 0 0 0 0.134979 0.314798 -0.939512 -0.565453 -0.754157 -0.33393 -0.81366 0.576324 0.0762082 0 0 0 
-1 20.5158 15.8628 9.7299 1 0 0 1 0 0.1675 0 0 0 0 0 0 0 0.155211 0.300339 -0.941119 -0.000157987 -0.952663 -0.304027 -0.987881 0.047337 -0.147816 0 0 0 
-1 20.5166 15.8643 9.7252 1 0 0 1 0 0.1675 0 0 0 0 0 0 0 0.155211 0.300339 -0.941119 -0.47825 -0.81074 -0.337605 -0.864399 0.502491 0.0178016 0 0 0 
-1 20.5173 15.8658 9.7205 1 0 0 1 0 0.1675 0 0 0 0 0 0 0 0.149359 0.303732 -0.940977 -0.661249 -0.676859 -0.323438 -0.735148 0.670529 0.0997475 0 0 0 
-1 20.5181 15.8673 9.71575 1 0 0 1 0 0.1675 0 0 0 0 0 0 0 0.154471 0.299059 -0.941649 -0.868303 0.495806 0.0150244 0.471368 0.815316 0.336262 0 0 0 
-1 20.5189 15.8689 9.71105 1 0 0 1 0 0.165625 0 0 0 0 0 0 0 0.155211 0.300339 -0.941119 -0.52492 -0.781973 -0.336122 -0.83688 0.546182 0.0362833 0 0 0 
-1 20.5196 15.8703 9.70635 1 0 0 1 0 0.165312 0 0 0 0 0 0 0 0.170287 0.290435 -0.941621 -0.791341 -0.529108 -0.306308 -0.587181 0.797303 0.139733 0 0 0 
-1 20.5205 15.8717 9.70165 1 0 0 1 0 0.165312 0 0 0 0 0 0 0 0.159733 0.304681 -0.938965 -0.720721 -0.613989 -0.321837 -0.674572 0.728139 0.121516 0 0 0 
-1 20.5212 15.8734 9.69695 1 0 0 1 0 0.165312 0 0 0 0 0 0 0 0.145123 0.32034 -0.93612 0.00489522 -0.946357 -0.323084 -0.989402 0.0423045 -0.138906 0 0 0 
-1 20.522 15.8749 9.6923 1 0 0 1 0 0.165312 0 0 0 0 0 0 0 0.150063 0.320125 -0.935415 -0.987375 -5.82503e-15 -0.158399 -0.0507075 0.947375 0.316083 0 0 0 
-1 20.5227 15.8766 9.6876 1 0 0 1 0 0.165312 0 0 0 0 0 0 0 0.14982 0.324635 -0.933898 -0.638252 0.753142 0.159411 0.755108 0.57218 0.320035 0 0 0 
-1 20.5235 15.8782 9.68295 1 0 0 1 0 0.177344 0 0 0 0 0 0 0 0.170125 0.339945 -0.92493 -0.387903 0.885935 0.254265 0.905864 0.315526 0.282585 0 0 0 
-1 20.5245 15.8799 9.67835 1 0 0 1 0 0.1775 0 0 0 0 0 0 0 0.184979 0.345081 -0.920164 -0.619673 0.767679 0.163324 0.762751 0.539989 0.355842 0 0 0 
-1 20.5253 15.8816 9.67375 1 0 0 1 0 0.1775 0 0 0 0 0 0 0 0.219409 0.369235 -0.903064 -0.613461 0.771956 0.166582 0.758634 0.517445 0.395885 0 0 0 
-1 20.5266 15.8836 9.6693 1 0 0 1 0 0.1775 0 0 0 0 0 0 0 0.316897 0.433837 -0.843423 -0.564777 0.800724 0.199671 0.761973 0.41307 0.498768 0 0 0 
-1 20.5286 15.8861 9.6651 1 0 0 1 0 0.1775 0 0 0 0 0 0 0 0.228585 0.384277 -0.894472 -0.591582 0.784529 0.185864 0.773163 0.486668 0.406662 0 0 0 
-1 20.5301 15.8895 9.6558 1 0 0 1 0 0.1775 0 0 0 0 0 0 0 0.140252 0.327153 -0.934505 -0.534778 0.819352 0.20658 0.833272 0.47078 0.28987 0 0 0 
-1 20.5307 15.891 9.6511 1 0 0 1 0 0.180937 0 0 0 0 0 0 0 0.109949 0.309869 -0.9444 -0.698101 0.700422 0.148543 0.707507 0.642954 0.293331 0 0 0 
-1 20.5312 15.8926 9.64635 1 0 0 1 0 0.180781 0 0 0 0 0 0 0 0.114583 0.314077 -0.942458 -0.678689 0.717535 0.156606 0.725432 0.621691 0.295378 0 0 0 
-1 20.5318 15.8941 9.64165 1 0 0 1 0 0.180781 0 0 0 0 0 0 0 0.084449 0.288067 -0.953879 -0.486251 0.84749 0.212889 0.869729 0.445846 0.211642 0 0 0 
-1 20.532 15.8954 9.63675 1 0 0 1 0 0.180781 0 0 0 0 0 0 0 0.0347149 0.262173 -0.964396 -0.909378 0.408531 0.0783256 0.41452 0.874281 0.252597 0 0 0 
-1 20.5322 15.8968 9.6319 1 0 0 1 0 0.180781 0 0 0 0 0 0 0 0.039621 0.272508 -0.961338 -0.573017 0.79437 0.201561 0.818585 0.542877 0.187625 0 0 0 
-1 20.5324 15.8982 9.62705 1 0 0 1 0 0.180781 0 0 0 0 0 0 0 0.0796241 0.298742 -0.951006 -0.562729 0.800949 0.204489 0.822798 0.518877 0.231886 0 0 0 
-1 20.533 15.8998 9.62235 1 0 0 1 0 0.185078 0 0 0 0 0 0 0 0.130003 0.330044 -0.934971 -0.524893 0.822909 0.217502 0.841181 0.462484 0.280219 0 0 0 
-1 20.5337 15.9015 9.6177 1 0 0 1 0 0.185235 0 0 0 0 0 0 0 0.0344247 0.275849 -0.960584 -0.916641 -0.374268 -0.140328 -0.398226 0.885342 0.23997 0 0 0 
-1 20.5333 15.9026 9.6126 1 0 0 1 0 0.185235 0 0 0 0 0 0 0 0.0296773 0.286378 -0.957657 -0.596445 0.773892 0.212942 0.802105 0.56487 0.193776 0 0 0 
-1 20.534 15.9044 9.608 1 0 0 1 0 0.185235 0 0 0 0 0 0 0 0.145058 0.364857 -0.919694 -0.76482 0.63105 0.129717 0.627701 0.684584 0.370589 0 0 0 
-1 20.5348 15.9062 9.6034 1 0 0 1 0 0.185235 0 0 0 0 0 0 0 0.150256 0.370519 -0.916591 -0.44638 0.852661 0.271502 0.882138 0.368353 0.29351 0 0 0 
-1 20.5355 15.9081 9.59885 1 0 0 1 0 0.185235 0 0 0 0 0 0 0 0.12492 0.359813 -0.924624 -0.990997 6.99194e-11 -0.133888 -0.0481745 0.933024 0.356574 0 0 0 
-1 20.5361 15.9098 9.59415 1 0 0 1 0 0.184804 0 0 0 0 0 0 0 0.124693 0.364183 -0.922942 -0.532668 0.809357 0.247398 0.837088 0.460772 0.29491 0 0 0 
-1 20.5368 15.9117 9.5896 1 0 0 1 0 0.184648 0 0 0 0 0 0 0 0.100079 0.350507 -0.931197 -0.994955 0.0286936 -0.0961313 -0.00697531 0.93612 0.351611 0 0 0 
-1 20.5371 15.9134 9.58485 1 0 0 1 0 0.184648 0 0 0 0 0 0 0 0.100046 0.354888 -0.929541 -0.635527 0.741615 0.214738 0.765569 0.569265 0.299736 0 0 0 
-1 20.5378 15.9153 9.5803 1 0 0 1 0 0.184648 0 0 0 0 0 0 0 0.139724 0.384012 -0.912695 -0.427417 0.854834 0.294234 0.893192 0.34899 0.283574 0 0 0 
-1 20.5385 15.9172 9.5757 1 0 0 1 0 0.184648 0 0 0 0 0 0 0 0.130104 0.380235 -0.915693 -0.531379 0.806451 0.259373 0.837084 0.452834 0.306971 0 0 0 
-1 20.5391 15.9191 9.57115 1 0 0 1 0 0.184648 0 0 0 0 0 0 0 0.0893407 0.357818 -0.929508 -0.575477 0.780243 0.245045 0.812923 0.513018 0.275623 0 0 0 
-1 20.5393 15.9208 9.56635 1 0 0 1 0 0.194512 0 0 0 0 0 0 0 -0.0340464 0.276516 -0.960406 -0.501434 0.826533 0.255748 0.864526 0.490287 0.110514 0 0 0 
-1 20.5387 15.9219 9.56125 1 0 0 1 0 0.195312 0 0 0 0 0 0 0 0 0.295596 -0.955313 -0.617719 0.751257 0.232456 0.786399 0.590115 0.182595 0 0 0 
-1 20.5393 15.9238 9.55665 1 0 0 1 0 0.195312 0 0 0 0 0 0 0 0.0796854 0.35387 -0.931894 -0.949871 0.310485 0.0366784 0.302318 0.882256 0.360872 0 0 0 
-1 20.5395 15.9255 9.5519 1 0 0 1 0 0.195312 0 0 0 0 0 0 0 0.0846187 0.368251 -0.925868 -0.571063 0.779378 0.257795 0.816534 0.506914 0.276244 0 0 0 
-1 20.5402 15.9275 9.54735 1 0 0 1 0 0.195312 0 0 0 0 0 0 0 0.134623 0.398698 -0.907148 -0.682724 0.70083 0.206701 0.718167 0.591505 0.366549 0 0 0 
-1 20.5409 15.9295 9.5428 1 0 0 1 0 0.195312 0 0 0 0 0 0 0 0.129932 0.394827 -0.909521 1.64264e-11 0.917297 0.398203 0.991523 -0.0517392 0.119186 0 0 0 
-1 20.5415 15.9314 9.53825 1 0 0 1 0 0.209844 0 0 0 0 0 0 0 0.120168 0.395317 -0.91065 -0.53746 0.797147 0.275123 0.834683 0.456377 0.308259 0 0 0 
-1 20.5421 15.9335 9.5337 1 0 0 1 0 0.209688 0 0 0 0 0 0 0 0.089666 0.378421 -0.92128 -0.531605 0.800406 0.277031 0.842233 0.464917 0.27294 0 0 0 
-1 20.5424 15.9352 9.529 1 0 0 1 0 0.209688 0 0 0 0 0 0 0 0.069333 0.367101 -0.927593 -0.64993 0.722039 0.237173 0.756825 0.586427 0.288651 0 0 0 
-1 20.5428 15.9372 9.52435 1 0 0 1 0 0.209688 0 0 0 0 0 0 0 0.104756 0.394204 -0.913033 -0.684008 0.695004 0.221591 0.721914 0.601309 0.342444 0 0 0 
-1 20.5434 15.9392 9.51985 1 0 0 1 0 0.209688 0 0 0 0 0 0 0 0.130072 0.415101 -0.900429 -0.604888 0.752787 0.259658 0.785616 0.510884 0.349006 0 0 0 
-1 20.5441 15.9413 9.51535 1 0 0 1 0 0.209688 0 0 0 0 0 0 0 0.104698 0.398429 -0.911204 -0.538804 0.792842 0.284766 0.8359 0.461146 0.297684 0 0 0 
-1 20.5445 15.9432 9.5107 1 0 0 1 0 0.219531 0 0 0 0 0 0 0 0.0945178 0.392787 -0.914759 -0.652286 0.718587 0.241156 0.752057 0.573891 0.324129 0 0 0 
-1 20.545 15.9452 9.50615 1 0 0 1 0 0.219688 0 0 0 0 0 0 0 0.129641 0.419238 -0.898573 -0.573213 0.771137 0.277082 0.809086 0.479152 0.340283 0 0 0 
-1 20.5458 15.9474 9.5017 1 0 0 1 0 0.219688 0 0 0 0 0 0 0 0.0797586 0.389052 -0.917757 -0.480142 0.82184 0.306664 0.873557 0.416194 0.252349 0 0 0 
-1 20.5458 15.9492 9.49695 1 0 0 1 0 0.219688 0 0 0 0 0 0 0 0.0644494 0.381704 -0.922035 -0.675015 0.697182 0.241436 0.734983 0.606827 0.302589 0 0 0 
-1 20.5464 15.9513 9.4924 1 0 0 1 0 0.219688 0 0 0 0 0 0 0 0.109608 0.418364 -0.901642 -0.211965 0.89608 0.390016 0.971111 0.148367 0.186896 0 0 0 
-1 20.5469 15.9533 9.4879 1 0 0 1 0 0.219688 0 0 0 0 0 0 0 0.0798362 0.413627 -0.906939 -0.743142 0.631091 0.222404 0.664354 0.656229 0.357768 0 0 0 
-1 20.5473 15.9554 9.4833 1 0 0 1 0 0.222032 0 0 0 0 0 0 0 0.0996402 0.43304 -0.895851 -0.545685 0.776645 0.314724 0.832046 0.457493 0.313688 0 0 0 
-1 20.548 15.9577 9.4789 1 0 0 1 0 0.221875 0 0 0 0 0 0 0 0.0894906 0.427431 -0.899608 -0.40726 0.839974 0.358584 0.908917 0.334284 0.249245 0 0 0 
-1 20.5482 15.9597 9.47425 1 0 0 1 0 0.221875 0 0 0 0 0 0 0 0.0797119 0.423812 -0.902236 -0.652121 0.706728 0.27436 0.753912 0.566498 0.332712 0 0 0 
-1 20.5487 15.962 9.46985 1 0 0 1 0 0.221875 0 0 0 0 0 0 0 0.0949434 0.435183 -0.895322 -0.671207 0.692182 0.265266 0.735165 0.575761 0.357815 0 0 0 
-1 20.5491 15.9641 9.4653 1 0 0 1 0 0.221875 0 0 0 0 0 0 0 0.0997188 0.438915 -0.892978 -0.449553 0.820505 0.353092 0.88767 0.366231 0.279135 0 0 0 
-1 20.5497 15.9663 9.4609 1 0 0 1 0 0.221875 0 0 0 0 0 0 0 0.0694172 0.426182 -0.90197 -0.484419 0.804797 0.342986 0.872078 0.413122 0.262318 0 0 0 
-1 20.5498 15.9684 9.4562 1 0 0 1 0 0.225625 0 0 0 0 0 0 0 0.0496488 0.416717 -0.90768 -0.580587 0.75152 0.313266 0.812683 0.511434 0.279252 0 0 0 
-1 20.5503 15.9706 9.45175 1 0 0 1 0 0.22625 0 0 0 0 0 0 0 0.105159 0.450746 -0.886437 -0.641669 0.711746 0.285796 0.759739 0.538745 0.364076 0 0 0 
-1 20.5508 15.9728 9.44735 1 0 0 1 0 0.22625 0 0 0 0 0 0 0 0.0945315 0.443173 -0.891438 -0.995434 0.0301647 -0.0905634 -0.0132454 0.895928 0.444001 0 0 0 
-1 20.5512 15.975 9.4428 1 0 0 1 0 0.22625 0 0 0 0 0 0 0 0.0944712 0.447184 -0.889439 -0.576618 0.752889 0.317285 0.811534 0.482892 0.32898 0 0 0 
-1 20.5518 15.9774 9.4384 1 0 0 1 0 0.22625 0 0 0 0 0 0 0 0.0446641 0.416815 -0.907893 -0.679154 0.679154 0.278389 0.732636 0.604165 0.313415 0 0 0 
-1 20.5516 15.9792 9.43365 1 0 0 1 0 0.22625 0 0 0 0 0 0 0 0.0397586 0.412761 -0.909971 -0.660374 0.694307 0.286083 0.749883 0.589547 0.300182 0 0 0 
-1 20.5522 15.9815 9.42925 1 0 0 1 0 0.225313 0 0 0 0 0 0 0 0.115065 0.470027 -0.87512 -0.61741 0.723978 0.307669 0.77818 0.504906 0.373504 0 0 0 
-1 20.5528 15.9839 9.4249 1 0 0 1 0 0.225938 0 0 0 0 0 0 0 0.0896989 0.45336 -0.886803 -0.65988 0.693971 0.288032 0.745998 0.559347 0.361411 0 0 0 
-1 20.5531 15.9861 9.42035 1 0 0 1 0 0.225938 0 0 0 0 0 0 0 0.0745648 0.441933 -0.893944 -0.49004 0.796974 0.35312 0.868505 0.411738 0.275991 0 0 0 
-1 20.5536 15.9883 9.4159 1 0 0 1 0 0.225938 0 0 0 0 0 0 0 0.0395125 0.424985 -0.904338 -0.531075 0.775563 0.341265 0.846403 0.466787 0.256343 0 0 0 
-1 20.5535 15.9904 9.4112 1 0 0 1 0 0.225938 0 0 0 0 0 0 0 0.014815 0.411193 -0.911428 -0.676421 0.675414 0.29372 0.736366 0.612157 0.288146 0 0 0 
-1 20.5537 15.9925 9.4067 1 0 0 1 0 0.225938 0 0 0 0 0 0 0 0.074907 0.459816 -0.884849 -0.675857 0.675857 0.293998 0.733216 0.576009 0.361397 0 0 0 
-1 20.5542 15.9949 9.40235 1 0 0 1 0 0.227657 0 0 0 0 0 0 0 0.0845137 0.467329 -0.880035 -0.651715 0.694015 0.305959 0.75374 0.547675 0.363219 0 0 0 
-1 20.5546 15.9972 9.39785 1 0 0 1 0 0.227812 0 0 0 0 0 0 0 0 0.403393 -0.915027 -0.577779 0.746839 0.329246 0.816193 0.528684 0.233072 0 0 0 
-1 20.5542 15.999 9.39305 1 0 0 1 0 0.227812 0 0 0 0 0 0 0 -0.0245346 0.387318 -0.92162 -0.71319 0.639241 0.287632 0.700542 0.664346 0.260548 0 0 0 
-1 20.5543 16.0012 9.38845 1 0 0 1 0 0.227812 0 0 0 0 0 0 0 0.059877 0.46439 -0.883605 -0.820789 0.526673 0.22118 0.568085 0.712009 0.412701 0 0 0 
-1 20.5548 16.0037 9.3842 1 0 0 1 0 0.227812 0 0 0 0 0 0 0 0.0798237 0.489149 -0.86854 -0.56228 0.741562 0.36596 0.823085 0.459151 0.334233 0 0 0 
-1 20.5551 16.0061 9.37975 1 0 0 1 0 0.227812 0 0 0 0 0 0 0 0.0698388 0.483546 -0.872528 -0.997364 0.0511139 -0.0515041 0.0196937 0.873825 0.485841 0 0 0 
-1 20.5555 16.0085 9.37545 1 0 0 1 0 0.224844 0 0 0 0 0 0 0 0.0701014 0.495445 -0.865806 -0.556282 0.739871 0.37834 0.828032 0.45511 0.327473 0 0 0 
-1 20.5558 16.011 9.3711 1 0 0 1 0 0.224688 0 0 0 0 0 0 0 0.0499626 0.484241 -0.873507 -0.665476 0.668309 0.332423 0.744745 0.564689 0.355641 0 0 0 
-1 20.556 16.0134 9.3667 1 0 0 1 0 0.224688 0 0 0 0 0 0 0 0.0347676 0.472627 -0.880577 -0.850893 0.476145 0.221963 0.524188 0.741559 0.418709 0 0 0 
-1 20.5561 16.0158 9.36225 1 0 0 1 0 0.224688 0 0 0 0 0 0 0 0.0499393 0.493912 -0.868077 -0.41324 0.801492 0.432254 0.909252 0.337137 0.24413 0 0 0 
-1 20.5566 16.0184 9.358 1 0 0 1 0 0.224688 0 0 0 0 0 0 0 0.0349763 0.4883 -0.871975 -0.621211 0.694095 0.363771 0.782862 0.528957 0.327614 0 0 0 
-1 20.5565 16.0206 9.3535 1 0 0 1 0 0.224688 0 0 0 0 0 0 0 -0.010007 0.45714 -0.889338 -0.674184 0.653754 0.34363 0.738496 0.603016 0.301654 0 0 0 
-1 20.5564 16.023 9.34905 1 0 0 1 0 0.220156 0 0 0 0 0 0 0 -0.014892 0.453141 -0.891314 -0.756862 0.57741 0.306199 0.653405 0.679162 0.334366 0 0 0 
-1 20.5564 16.0252 9.34455 1 0 0 1 0 0.220313 0 0 0 0 0 0 0 0.0100463 0.478721 -0.877909 -0.835207 0.486779 0.255882 0.549844 0.730665 0.404722 0 0 0 
-1 20.5566 16.0278 9.34025 1 0 0 1 0 0.220313 0 0 0 0 0 0 0 0.0247773 0.49813 -0.866749 -0.704136 0.624147 0.338575 0.709632 0.60192 0.366216 0 0 0 
-1 20.5566 16.0302 9.33585 1 0 0 1 0 0.220313 0 0 0 0 0 0 0 0 0.476823 -0.879 -0.217884 0.857881 0.465367 0.975975 0.19152 0.103892 0 0 0 
-1 20.5566 16.0326 9.3314 1 0 0 1 0 0.220313 0 0 0 0 0 0 0 -0.019897 0.472819 -0.880935 -0.856311 0.446751 0.259123 0.516077 0.75951 0.395991 0 0 0 
-1 20.5564 16.035 9.327 1 0 0 1 0 0.220313 0 0 0 0 0 0 0 -0.00503026 0.49449 -0.869169 -0.656494 0.65401 0.375881 0.754315 0.572495 0.32134 0 0 0 
-1 20.5565 16.0375 9.3227 1 0 0 1 0 0.199219 0 0 0 0 0 0 0 -0.068981 0.444159 -0.893288 -0.906387 -0.401986 -0.129882 -0.416778 0.800706 0.43031 0 0 0 
-1 20.5557 16.0394 9.31795 1 0 0 1 0 0.199062 0 0 0 0 0 0 0 -0.074072 0.453917 -0.88796 -0.723076 0.588757 0.361284 0.686785 0.668824 0.284606 0 0 0 
-1 20.5557 16.0421 9.3137 1 0 0 1 0 0.199062 0 0 0 0 0 0 0 -0.0250396 0.500334 -0.86547 -0.418991 0.78078 0.463497 0.907645 0.37423 0.190085 0 0 0 
-1 20.5555 16.0445 9.3093 1 0 0 1 0 0.199062 0 0 0 0 0 0 0 -0.0399086 0.494135 -0.868469 -0.950621 0.248946 0.185327 0.307779 0.83298 0.4598 0 0 0 
-1 20.5553 16.0471 9.305 1 0 0 1 0 0.199062 0 0 0 0 0 0 0 -0.034929 0.507533 -0.860924 -0.277054 0.822768 0.49628 0.960219 0.255857 0.111876 0 0 0 
-1 20.5551 16.0495 9.30065 1 0 0 1 0 0.199062 0 0 0 0 0 0 0 -0.0499067 0.50348 -0.862565 -0.30159 0.815728 0.493591 0.952131 0.284774 0.111134 0 0 0 
-1 20.5548 16.0521 9.29635 1 0 0 1 0 0.181094 0 0 0 0 0 0 0 -0.084607 0.492756 -0.866045 -0.262918 0.827318 0.496407 0.961101 0.269698 0.0595574 0 0 0 
-1 20.5542 16.0545 9.29195 1 0 0 1 0 0.18125 0 0 0 0 0 0 0 -0.108891 0.485776 -0.867274 -0.542492 0.702045 0.461341 0.832974 0.520725 0.187083 0 0 0 
-1 20.5538 16.057 9.2876 1 0 0 1 0 0.18125 0 0 0 0 0 0 0 -0.152568 0.457705 -0.875916 -0.819497 0.436799 0.370988 0.552402 0.774411 0.308446 0 0 0 
-1 20.5527 16.0592 9.28305 1 0 0 1 0 0.18125 0 0 0 0 0 0 0 -0.128801 0.49041 -0.861921 -0.991477 -0.0465267 0.121688 0.0195748 0.870249 0.492223 0 0 0 
-1 20.5525 16.062 9.2789 1 0 0 1 0 0.18125 0 0 0 0 0 0 0 -0.128577 0.499956 -0.856453 -0.383678 0.771289 0.507843 0.914472 0.3939 0.0926521 0 0 0 
-1 20.5514 16.0642 9.2744 1 0 0 1 0 0.18125 0 0 0 0 0 0 0 -0.138848 0.495497 -0.85744 -0.741734 0.521648 0.421561 0.656165 0.694525 0.295097 0 0 0 
-1 20.5511 16.0669 9.27025 1 0 0 1 0 0.150625 0 0 0 0 0 0 0 -0.0750759 0.560018 -0.825072 0.00215949 0.827497 0.561467 0.997175 0.0403709 -0.0633344 0 0 0 
-1 20.5506 16.0698 9.26615 1 0 0 1 0 0.150391 0 0 0 0 0 0 0 -0.0947594 0.559111 -0.82366 -0.635887 0.602597 0.482207 0.765943 0.569449 0.29843 0 0 0 
-1 20.5501 16.0725 9.262 1 0 0 1 0 0.150391 0 0 0 0 0 0 0 -0.1969 0.477455 -0.85631 -0.963762 0.0660805 0.258451 0.179984 0.876168 0.447142 0 0 0 
-1 20.5486 16.0746 9.25745 1 0 0 1 0 0.150391 0 0 0 0 0 0 0 -0.193169 0.495316 -0.846964 -0.723232 0.511457 0.464056 0.66304 0.702192 0.25943 0 0 0 
-1 20.5482 16.0775 9.25345 1 0 0 1 0 0.150391 0 0 0 0 0 0 0 -0.119725 0.568923 -0.813629 -0.473973 0.687347 0.550367 0.872362 0.451531 0.187362 0 0 0 
-1 20.5475 16.0803 9.2493 1 0 0 1 0 0.150391 0 0 0 0 0 0 0 -0.139683 0.558428 -0.817708 -0.814405 0.404937 0.415657 0.563235 0.724006 0.398223 0 0 0 
-1 20.5467 16.0831 9.24525 1 0 0 1 0 0.127071 0 0 0 0 0 0 0 -0.125335 0.576633 -0.807332 -0.963567 0.123052 0.237479 0.236282 0.807683 0.540202 0 0 0 
-1 20.5462 16.0861 9.24125 1 0 0 1 0 0.126875 0 0 0 0 0 0 0 -0.119903 0.594939 -0.794777 -0.544618 0.629926 0.553701 0.830069 0.499241 0.248485 0 0 0 
-1 20.5456 16.0891 9.2373 1 0 0 1 0 0.126875 0 0 0 0 0 0 0 -0.169621 0.563828 -0.808286 -0.609597 0.584412 0.535588 0.774351 0.583576 0.24458 0 0 0 
-1 20.5445 16.0917 9.23315 1 0 0 1 0 0.126875 0 0 0 0 0 0 0 -0.297179 0.457885 -0.83787 -0.415759 0.727904 0.545253 0.859552 0.51039 -0.025948 0 0 0 
-1 20.5425 16.0938 9.2287 1 0 0 1 0 0.126875 0 0 0 0 0 0 0 -0.34289 0.429828 -0.835269 -0.406491 0.733722 0.544442 0.846872 0.526213 -0.0768648 0 0 0 
-1 20.541 16.0962 9.2245 1 0 0 1 0 0.126875 0 0 0 0 0 0 0 -0.363946 0.416544 -0.833087 -0.93075 -0.196576 0.308323 -0.0353347 0.887609 0.459241 0 0 0 
-1 20.5387 16.0982 9.22 1 0 0 1 0 0.120312 0 0 0 0 0 0 0 -0.364498 0.431689 -0.825098 -0.742195 0.40045 0.537389 0.562395 0.808261 0.174434 0 0 0 
-1 20.5372 16.1007 9.2159 1 0 0 1 0 0.119141 0 0 0 0 0 0 0 -0.311318 0.504081 -0.805595 -0.763792 0.371661 0.527721 0.565423 0.779596 0.269309 0 0 0 
-1 20.5355 16.1033 9.21185 1 0 0 1 0 0.119141 0 0 0 0 0 0 0 -0.263565 0.566734 -0.780606 -0.758331 0.37842 0.530785 0.596211 0.731854 0.330033 0 0 0 
-1 20.5345 16.1064 9.20805 1 0 0 1 0 0.119141 0 0 0 0 0 0 0 -0.224357 0.61299 -0.757567 0.477776 0.746734 0.462729 0.849349 -0.258131 -0.460407 0 0 0 
-1 20.5333 16.1094 9.20425 1 0 0 1 0 0.119141 0 0 0 0 0 0 0 -0.235457 0.616316 -0.751475 0.931393 -0.0777679 -0.355611 -0.277609 -0.783649 -0.555722 0 0 0 
-1 20.5322 16.1126 9.20055 1 0 0 1 0 0.119141 0 0 0 0 0 0 0 -0.230238 0.630825 -0.740979 0.962301 0.0342878 -0.269817 -0.144801 -0.775167 -0.614938 0 0 0 
-1 20.531 16.1157 9.19685 1 0 0 1 0 0.113945 0 0 0 0 0 0 0 -0.229686 0.633769 -0.738635 0.464233 -0.595687 -0.655473 -0.855413 -0.493452 -0.157395 0 0 0 
-1 20.5299 16.1189 9.19315 1 0 0 1 0 0.113476 0 0 0 0 0 0 0 -0.248929 0.622473 -0.741998 0.382753 -0.640525 -0.665753 -0.889682 -0.449727 -0.0788084 0 0 0 
-1 20.5285 16.122 9.1894 1 0 0 1 0 0.113476 0 0 0 0 0 0 0 -0.274579 0.609194 -0.743969 0.88524 -0.141942 -0.442947 -0.375441 -0.780215 -0.500308 0 0 0 
-1 20.5271 16.125 9.1857 1 0 0 1 0 0.113476 0 0 0 0 0 0 0 -0.265878 0.626964 -0.732274 0.762225 -0.328329 -0.557864 -0.590188 -0.706482 -0.390592 0 0 0 
-1 20.5259 16.1282 9.1821 1 0 0 1 0 0.113476 0 0 0 0 0 0 0 -0.254948 0.639887 -0.724946 0.435516 -0.593383 -0.676922 -0.863324 -0.488305 -0.127399 0 0 0 
-1 20.5245 16.1314 9.17845 1 0 0 1 0 0.113476 0 0 0 0 0 0 0 -0.289732 0.619568 -0.729514 0.322307 -0.65453 -0.683892 -0.901207 -0.433272 -0.0100528 0 0 0 
-1 20.523 16.1344 9.1748 1 0 0 1 0 0.168926 0 0 0 0 0 0 0 -0.309878 0.609692 -0.729556 0.775495 -0.281862 -0.564944 -0.550075 -0.740831 -0.38547 0 0 0 
-1 20.5215 16.1375 9.17115 1 0 0 1 0 0.167578 0 0 0 0 0 0 0 -0.290256 0.635478 -0.715485 0.827459 -0.208901 -0.521222 -0.48069 -0.743322 -0.465197 0 0 0 
-1 20.5201 16.1408 9.16765 1 0 0 1 0 0.167578 0 0 0 0 0 0 0 -0.280279 0.650675 -0.705738 -0.0102365 -0.73719 -0.675608 -0.959864 -0.182134 0.21328 0 0 0 
-1 20.5187 16.144 9.1641 1 0 0 1 0 0.167578 0 0 0 0 0 0 0 -0.284929 0.649784 -0.704696 -0.562074 -0.708772 -0.42628 -0.776459 0.274632 0.567177 0 0 0 
-1 20.5172 16.1473 9.1606 1 0 0 1 0 0.167578 0 0 0 0 0 0 0 -0.294087 0.652985 -0.697942 -0.66769 -0.662863 -0.338826 -0.683888 0.366365 0.630931 0 0 0 
-1 20.5157 16.1505 9.1571 1 0 0 1 0 0.167578 0 0 0 0 0 0 0 -0.304314 0.658408 -0.688398 -0.180919 -0.749468 -0.63684 -0.935233 -0.0692551 0.347192 0 0 0 
-1 20.5141 16.1539 9.1537 1 0 0 1 0 0.195976 0 0 0 0 0 0 0 -0.320957 0.657067 -0.682092 0.308797 -0.608237 -0.731226 -0.895338 -0.445321 -0.0076824 0 0 0 
-1 20.5125 16.1571 9.1503 1 0 0 1 0 0.195469 0 0 0 0 0 0 0 -0.330927 0.652058 -0.682135 0.49528 -0.49528 -0.713719 -0.803234 -0.574037 -0.15905 0 0 0 
-1 20.5109 16.1604 9.1469 1 0 0 1 0 0.195469 0 0 0 0 0 0 0 -0.319926 0.659837 -0.679899 0.675561 -0.344268 -0.651994 -0.664277 -0.667903 -0.33562 0 0 0 
-1 20.5093 16.1637 9.1435 1 0 0 1 0 0.195469 0 0 0 0 0 0 0 -0.309943 0.669764 -0.674797 -0.0106356 -0.712147 -0.70195 -0.950696 -0.210388 0.227848 0 0 0 
-1 20.5077 16.167 9.14015 1 0 0 1 0 0.195469 0 0 0 0 0 0 0 -0.314499 0.668747 -0.673697 0.501035 -0.485852 -0.716178 -0.80626 -0.562783 -0.182266 0 0 0 
-1 20.5061 16.1704 9.13675 1 0 0 1 0 0.195469 0 0 0 0 0 0 0 -0.31995 0.664922 -0.674916 -0.490194 -0.72578 -0.482652 -0.810766 0.176415 0.558154 0 0 0 
-1 20.5046 16.1737 9.1334 1 0 0 1 0 0.209922 0 0 0 0 0 0 0 -0.325406 0.666095 -0.671139 -0 -0.709769 -0.704435 -0.945575 -0.229227 0.230963 0 0 0 
-1 20.5029 16.177 9.13005 1 0 0 1 0 0.210234 0 0 0 0 0 0 0 -0.334516 0.663852 -0.668879 0.48634 -0.48634 -0.725911 -0.8072 -0.568131 -0.16017 0 0 0 
-1 20.5012 16.1803 9.1267 1 0 0 1 0 0.210234 0 0 0 0 0 0 0 -0.345512 0.656029 -0.671005 0.932937 0.162987 -0.321035 -0.101243 -0.736927 -0.668348 0 0 0 
-1 20.4995 16.1836 9.12335 1 0 0 1 0 0.210234 0 0 0 0 0 0 0 -0.344413 0.663845 -0.663845 0.893006 0.0134626 -0.449843 -0.289689 -0.747749 -0.597454 0 0 0 
-1 20.4977 16.187 9.12005 1 0 0 1 0 0.210234 0 0 0 0 0 0 0 -0.340055 0.674922 -0.654861 0.300123 -0.582057 -0.755735 -0.891229 -0.45353 -0.00462861 0 0 0 
-1 20.496 16.1903 9.1168 1 0 0 1 0 0.210234 0 0 0 0 0 0 0 -0.349825 0.669899 -0.654872 -0.48081 -0.728337 -0.488207 -0.804018 0.144082 0.576885 0 0 0 
-1 20.4943 16.1937 9.1135 1 0 0 1 0 0.217304 0 0 0 0 0 0 0 -0.355379 0.67088 -0.650865 0.78501 -0.163781 -0.59744 -0.507411 -0.723253 -0.468443 0 0 0 
-1 20.4925 16.1971 9.1103 1 0 0 1 0 0.217148 0 0 0 0 0 0 0 -0.351051 0.677006 -0.646859 0.878911 -3.14787e-11 -0.476986 -0.322922 -0.735978 -0.595028 0 0 0 
-1 20.4907 16.2005 9.10705 1 0 0 1 0 0.217148 0 0 0 0 0 0 0 -0.348694 0.68234 -0.642515 0.932253 0.323116 -0.162791 0.096528 -0.655751 -0.748781 0 0 0 
-1 20.489 16.2039 9.10385 1 0 0 1 0 0.217148 0 0 0 0 0 0 0 -0.349714 0.689366 -0.634409 0.893507 0.449026 -0.00461562 0.281684 -0.568463 -0.772984 0 0 0 
-1 20.4872 16.2073 9.1007 1 0 0 1 0 0.217148 0 0 0 0 0 0 0 -0.346586 0.683056 -0.642894 0.673206 0.658401 0.336603 0.653201 -0.316138 -0.68803 0 0 0 
-1 20.4855 16.2107 9.09745 1 0 0 1 0 0.217148 0 0 0 0 0 0 0 -0.339895 0.67979 -0.649889 0.791137 0.58031 0.193242 0.508501 -0.44847 -0.735052 0 0 0 
-1 20.4839 16.2141 9.0942 1 0 0 1 0 0.220761 0 0 0 0 0 0 0 -0.34424 0.683609 -0.643566 0.93147 0.162705 -0.32541 -0.117742 -0.711482 -0.69277 0 0 0 
-1 20.4821 16.2176 9.091 1 0 0 1 0 0.224375 0 0 0 0 0 0 0 -0.345477 0.675979 -0.650921 0.792508 0.581632 0.183399 0.50257 -0.4525 -0.73666 0 0 0 
-1 20.4804 16.2209 9.0877 1 0 0 1 0 0.224375 0 0 0 0 0 0 0 -0.313127 0.646127 -0.69604 0.80854 0.565839 0.161526 0.498212 -0.512197 -0.699599 0 0 0 
-1 20.479 16.224 9.084 1 0 0 1 0 0.224375 0 0 0 0 0 0 0 -0.282137 0.613664 -0.737438 0.816445 0.557237 0.151344 0.503802 -0.559378 -0.65824 0 0 0 
-1 20.4776 16.2271 9.08025 1 0 0 1 0 0.224375 0 0 0 0 0 0 0 0.114174 0.101134 -0.9883 0.83391 0.530935 0.15067 0.539961 -0.841356 -0.0237178 0 0 0 
-1 20.4807 16.2256 9.06885 1 0 0 1 0 0.224375 0 0 0 0 0 0 0 0.285781 -0.181856 -0.940881 -0.464867 0.832261 -0.302059 0.83799 0.523708 0.153306 0 0 0 
-1 20.4852 16.2222 9.0549 1 0 0 1 0 0.224375 0 0 0 0 0 0 0 0.237001 -0.211742 -0.948154 -0.956196 -0.22344 -0.189113 -0.171812 0.951441 -0.255422 0 0 0 
-1 20.4868 16.2201 9.04445 1 0 0 1 0 0.224375 0 0 0 0 0 0 0 0.258458 -0.341111 -0.903793 -0.928224 0.171456 -0.330156 0.267581 0.924254 -0.272313 0 0 0 
-1 20.494 16.2107 9.0243 1 0 0 1 0 0.224375 0 0 0 0 0 0 0 0.227942 -0.439255 -0.868964 -0.598109 0.641061 -0.480944 0.768315 0.629362 -0.116598 0 0 0 
-1 20.4964 16.2016 9.00785 1 0 0 1 0 0.224375 0 0 0 0 0 0 0 0.164319 -0.489272 -0.856511 0.680299 0.684976 -0.260771 0.714278 -0.539834 0.445406 0 0 0 
-1 20.5006 16.191 8.9899 1 0 0 1 0 0.224375 0 0 0 0 0 0 0 0.203289 -0.518174 -0.830764 0.756762 0.621537 -0.202492 0.621277 -0.587526 0.518486 0 0 0 
-1 20.5051 16.1796 8.9725 1 0 0 1 0 0.224375 0 0 0 0 0 0 0 0.176248 -0.492297 -0.852397 0.779239 0.598875 -0.184756 0.601434 -0.631658 0.489167 0 0 0 
-1 20.5064 16.1748 8.96185 1 0 0 1 0 0.224375 0 0 0 0 0 0 0 0.122782 -0.434959 -0.89204 0.875025 0.471535 -0.109481 0.468248 -0.767115 0.438495 0 0 0 
-1 20.5081 16.1688 8.95035 1 0 0 1 0 0.224375 0 0 0 0 0 0 0 0.0316347 -0.281382 -0.959074 0.865289 0.48799 -0.11463 0.500273 -0.82625 0.258914 0 0 0 
-1 20.507 16.1699 8.94515 1 0 0 1 0 0.224375 0 0 0 0 0 0 0 -0.274437 0.269815 -0.922976 0.62748 0.777566 0.0407327 0.728665 -0.56797 -0.382697 0 0 0 
-1 20.5052 16.1716 8.9406 1 0 0 1 0 0.224375 0 0 0 0 0 0 0 -0.0902031 0.124554 -0.988104 0.581785 0.811851 0.0492259 0.808325 -0.570424 -0.145695 0 0 0 
-1 20.5059 16.1714 8.93365 1 0 0 1 0 0.224375 0 0 0 0 0 0 0 0.0465984 0.0271527 -0.998545 0.826271 0.560697 0.0538056 0.561342 -0.827576 0.00369206 0 0 0 
-1 20.5058 16.172 8.92775 1 0 0 1 0 0.224375 0 0 0 0 0 0 0 0.0240677 0.0602922 -0.997891 0.867831 0.494256 0.0507936 0.496275 -0.867223 -0.0404278 0 0 0 
-1 20.5062 16.1721 8.92125 1 0 0 1 0 0.219062 0 0 0 0 0 0 0 -0.0626919 0.210339 -0.975616 0.771012 0.630921 0.0864796 0.633727 -0.746791 -0.201727 0 0 0 
-1 20.5051 16.1744 8.91685 1 0 0 1 0 0.219062 0 0 0 0 0 0 0 -0.0723286 0.221679 -0.972434 0.844482 0.532374 0.05855 0.530678 -0.816968 -0.22571 0 0 0 
-1 20.5054 16.1745 8.9105 1 0 0 1 0 0.219062 0 0 0 0 0 0 0 -0.00837721 0.122436 -0.992441 0.864576 0.499556 0.0543316 0.502432 -0.857586 -0.11004 0 0 0 
-1 20.505 16.1758 8.9051 1 0 0 1 0 0.219062 0 0 0 0 0 0 0 -0.107292 0.289147 -0.951253 0.860589 0.506125 0.0567781 0.49787 -0.812546 -0.30314 0 0 0 
-1 20.5042 16.1777 8.9003 1 0 0 1 0 0.219062 0 0 0 0 0 0 0 -0.128511 0.323672 -0.937401 0.876353 0.479522 0.0454314 0.464209 -0.815656 -0.345275 0 0 0 
-1 20.5037 16.1792 8.89525 1 0 0 1 0 0.219062 0 0 0 0 0 0 0 -0.0972081 0.268453 -0.958376 0.866146 0.497142 0.0514021 0.490247 -0.825096 -0.280845 0 0 0 
-1 20.5032 16.1805 8.88995 1 0 0 1 0 0.218906 0 0 0 0 0 0 0 -0.122532 0.310931 -0.942501 0.860727 0.506081 0.0550555 0.4941 -0.80449 -0.329638 0 0 0 
-1 20.5023 16.1825 8.88525 1 0 0 1 0 0.218906 0 0 0 0 0 0 0 0.0358046 0.047699 -0.99822 0.843049 0.534935 0.0558002 0.536644 -0.843546 -0.0210595 0 0 0 
-1 20.5037 16.1811 8.8774 1 0 0 1 0 0.218906 0 0 0 0 0 0 0 0.0845689 -0.029386 -0.995984 0.868408 0.492303 0.0592113 0.488586 -0.869928 0.0671526 0 0 0 
-1 20.5035 16.1821 8.8717 1 0 0 1 0 0.218906 0 0 0 0 0 0 0 -0.118013 0.321185 -0.939635 0.8718 0.486556 0.056821 0.475435 -0.812467 -0.337429 0 0 0 
-1 20.5024 16.1846 8.86745 1 0 0 1 0 0.218906 0 0 0 0 0 0 0 -0.213655 0.482051 -0.849693 0.8707 0.488367 0.0581248 0.442981 -0.727409 -0.524064 0 0 0 
-1 20.5014 16.187 8.86315 1 0 0 1 0 0.218906 0 0 0 0 0 0 0 -0.0686209 0.237662 -0.968921 0.873012 0.484359 0.0569779 0.482847 -0.84197 -0.240719 0 0 0 
-1 20.5016 16.1872 8.85685 1 0 0 1 0 0.209766 0 0 0 0 0 0 0 -0.030856 0.171452 -0.984709 0.849471 0.523671 0.0645604 0.526733 -0.834489 -0.161802 0 0 0 
-1 20.501 16.1889 8.85195 1 0 0 1 0 0.209766 0 0 0 0 0 0 0 0.0166482 0.0956955 -0.995271 0.858048 0.509646 0.0633554 0.513299 -0.855046 -0.0736267 0 0 0 
-1 20.5019 16.1883 8.8449 1 0 0 1 0 0.209766 0 0 0 0 0 0 0 0.0402652 0.0562239 -0.997606 0.898334 0.435089 0.0607794 0.437464 -0.89863 -0.0329889 0 0 0 
-1 20.5015 16.1896 8.83955 1 0 0 1 0 0.209766 0 0 0 0 0 0 0 0.0126128 0.112751 -0.993543 0.894586 0.442631 0.0615878 0.446717 -0.889587 -0.0952824 0 0 0 
-1 20.502 16.1896 8.833 1 0 0 1 0 0.209766 0 0 0 0 0 0 0 -0.00852057 0.154681 -0.987928 0.872582 0.483682 0.068205 0.488393 -0.861467 -0.139093 0 0 0 
-1 20.5014 16.1914 8.82805 1 0 0 1 0 0.209766 0 0 0 0 0 0 0 -0.140268 0.381865 -0.913512 0.817736 0.564874 0.110566 0.55824 -0.731503 -0.391499 0 0 0 
-1 20.5005 16.1936 8.82355 1 0 0 1 0 0.207696 0 0 0 0 0 0 0 -0.120183 0.355419 -0.926948 0.908963 0.414836 0.0412092 0.399178 -0.837609 -0.372919 0 0 0 
-1 20.5001 16.1951 8.8184 1 0 0 1 0 0.207696 0 0 0 0 0 0 0 -0.141202 0.399378 -0.905847 0.879653 0.470395 0.0702733 0.454172 -0.786909 -0.417735 0 0 0 
-1 20.4991 16.1977 8.81425 1 0 0 1 0 0.207696 0 0 0 0 0 0 0 -0.199498 0.499049 -0.843297 0.880675 0.468668 0.0690094 0.429665 -0.728904 -0.532998 0 0 0 
-1 20.4981 16.2001 8.80995 1 0 0 1 0 0.207696 0 0 0 0 0 0 0 -0.0794706 0.289775 -0.95379 0.264209 0.928719 0.260144 0.961186 -0.231326 -0.150367 0 0 0 
-1 20.4982 16.2008 8.80405 1 0 0 1 0 0.207696 0 0 0 0 0 0 0 -0.0746011 0.2886 -0.954539 0.855997 0.509579 0.0871687 0.511569 -0.81058 -0.285056 0 0 0 
-1 20.4973 16.2032 8.7997 1 0 0 1 0 0.207696 0 0 0 0 0 0 0 -0.0132248 0.19014 -0.981668 0.899827 0.430391 0.0712403 0.436046 -0.882389 -0.176785 0 0 0 
-1 20.4981 16.2029 8.79295 1 0 0 1 0 0.19791 0 0 0 0 0 0 0 0.033144 0.0953838 -0.994889 0.877173 0.474329 0.0746981 0.479029 -0.875165 -0.067947 0 0 0 
-1 20.4977 16.2043 8.7877 1 0 0 1 0 0.197578 0 0 0 0 0 0 0 -0.125599 0.376797 -0.917741 0.904336 0.423851 0.0502562 0.407922 -0.823635 -0.393986 0 0 0 
-1 20.4968 16.2069 8.78345 1 0 0 1 0 0.197578 0 0 0 0 0 0 0 -0.199454 0.523756 -0.828189 0.782475 0.593894 0.187141 0.589873 -0.610712 -0.528281 0 0 0 
-1 20.4958 16.2096 8.7794 1 0 0 1 0 0.197578 0 0 0 0 0 0 0 -0.189321 0.513219 -0.837117 0.782475 0.593894 0.187141 0.593203 -0.619593 -0.514017 0 0 0 
-1 20.4949 16.212 8.77505 1 0 0 1 0 0.197578 0 0 0 0 0 0 0 -0.189321 0.513219 -0.837117 0.782475 0.593894 0.187141 0.593203 -0.619593 -0.514017 0 0 0 
ObjectType = Tube
NDims = 3
ID = 83
ParentID = 159
Color = 1 0.3 0.21 1
BinaryData = False
TransformMatrix = 1 0 0 0 1 0 0 0 1
Offset = 0 0 0
CenterOfRotation = 0 0 0
ElementSpacing = 1 1 1
Root = False
Artery = True
PointDim = id x y z red green blue alpha mark r rn mn bn cv lv ro in tx ty tz v1x v1y v1z v2x v2y v2z a1 a2 a3
NPoints = 406
Points = 
-1 18.0331 15.387 10.741 1 0 0 1 0 0.15 0 0 0 0 0 0 0 0.375514 0.890966 0.255282 0.921498 -0.388382 0 0.0991469 0.235242 -0.966867 0 0 0 
-1 18.035 15.3914 10.7422 1 0 0 1 0 0.15 0 0 0 0 0 0 0 0.375514 0.890966 0.255282 0.832717 -0.20341 -0.514982 -0.406904 0.40596 -0.818306 0 0 0 
-1 18.0369 15.3958 10.7436 1 0 0 1 0 0.15 0 0 0 0 0 0 0 0.380484 0.885912 0.265315 -0.0149387 0.292744 -0.956074 -0.924667 0.359807 0.124619 0 0 0 
-1 18.0389 15.4003 10.7449 1 0 0 1 0 0.15 0 0 0 0 0 0 0 0.38466 0.884276 0.264749 -0.625241 0.460604 -0.630014 -0.679051 0.0768091 0.730062 0 0 0 
-1 18.0408 15.4047 10.7462 1 0 0 1 0 0.15 0 0 0 0 0 0 0 0.37502 0.885274 0.275045 -0.92688 0.35298 0.127667 0.0159349 -0.302812 0.952917 0 0 0 
-1 18.0426 15.4091 10.7476 1 0 0 1 0 0.15 0 0 0 0 0 0 0 0.375226 0.880361 0.290121 -0.92599 0.37013 0.0744773 -0.0418154 -0.296595 0.954088 0 0 0 
-1 18.0445 15.4135 10.7491 1 0 0 1 0 0.15 0 0 0 0 0 0 0 0.374048 0.872575 0.314167 -0.867464 0.448999 -0.214257 -0.328016 -0.192386 0.924875 0 0 0 
-1 18.0464 15.4178 10.7507 1 0 0 1 0 0.15 0 0 0 0 0 0 0 0.366144 0.867755 0.336066 -0.921341 0.388754 -6.90731e-12 -0.130647 -0.309631 0.941839 0 0 0 
-1 18.0482 15.4221 10.7524 1 0 0 1 0 0.15 0 0 0 0 0 0 0 0.364898 0.864803 0.344914 -0.838917 0.466072 -0.281059 -0.403815 -0.186797 0.895567 0 0 0 
-1 18.05 15.4265 10.7542 1 0 0 1 0 0.15 0 0 0 0 0 0 0 0.358621 0.861816 0.358697 -0.915602 0.399596 -0.0446712 -0.181832 -0.312404 0.932384 0 0 0 
-1 18.0518 15.4308 10.7561 1 0 0 1 0 0.15 0 0 0 0 0 0 0 0.356154 0.857555 0.371153 -0.859362 0.144617 0.490493 0.36695 -0.493646 0.788455 0 0 0 
-1 18.0536 15.435 10.7579 1 0 0 1 0 0.15 0 0 0 0 0 0 0 0.360569 0.851517 0.380668 -0.932176 0.343078 0.115526 -0.0322263 -0.396505 0.917467 0 0 0 
-1 18.0553 15.4393 10.7599 1 0 0 1 0 0.15 0 0 0 0 0 0 0 0.360018 0.845179 0.395043 -0.867227 0.459286 -0.192287 -0.343955 -0.273365 0.898313 0 0 0 
-1 18.0571 15.4435 10.7619 1 0 0 1 0 0.15 0 0 0 0 0 0 0 0.355843 0.841821 0.405848 -0.918576 0.394998 -0.0139178 -0.172026 -0.36785 0.913835 0 0 0 
-1 18.0589 15.4477 10.7639 1 0 0 1 0 0.15 0 0 0 0 0 0 0 0.354244 0.838397 0.414249 -0.861105 0.119686 0.494139 0.364705 -0.531757 0.764346 0 0 0 
-1 18.0607 15.4519 10.766 1 0 0 1 0 0.15 0 0 0 0 0 0 0 0.358634 0.831897 0.423474 -0.925999 0.259733 0.27398 0.117932 -0.490394 0.863484 0 0 0 
-1 18.0625 15.456 10.7682 1 0 0 1 0 0.15 0 0 0 0 0 0 0 0.360187 0.825226 0.435048 -0.929076 0.275249 0.247095 0.0841629 -0.493194 0.865839 0 0 0 
-1 18.0643 15.4601 10.7703 1 0 0 1 0 0.15 0 0 0 0 0 0 0 0.360755 0.82183 0.440965 -0.915664 0.401945 -0 -0.177244 -0.403776 0.897524 0 0 0 
-1 18.0661 15.4643 10.7726 1 0 0 1 0 0.15 0 0 0 0 0 0 0 0.35995 0.819997 0.445017 -0.863542 0.112258 0.491624 0.353174 -0.561251 0.748509 0 0 0 
-1 18.0679 15.4684 10.7748 1 0 0 1 0 0.15 0 0 0 0 0 0 0 0.364183 0.81317 0.454011 -0.728153 -0.0553259 0.683178 0.580658 -0.579391 0.571963 0 0 0 
-1 18.0697 15.4724 10.7771 1 0 0 1 0 0.15 0 0 0 0 0 0 0 0.369197 0.808123 0.458946 -0.797846 0.528857 -0.2894 -0.476587 -0.259323 0.84001 0 0 0 
-1 18.0716 15.4764 10.7794 1 0 0 1 0 0.15 0 0 0 0 0 0 0 0.365448 0.806064 0.465519 -0.930607 0.327379 0.163689 -0.0204568 -0.493035 0.869769 0 0 0 
-1 18.0734 15.4805 10.7817 1 0 0 1 0 0.15 0 0 0 0 0 0 0 0.365195 0.800467 0.475273 -0.926923 0.265342 0.265342 0.0862879 -0.537443 0.838874 0 0 0 
-1 18.0753 15.4844 10.7842 1 0 0 1 0 0.15 0 0 0 0 0 0 0 0.365786 0.796715 0.481088 -0.734688 -0.0701435 0.674769 0.571344 -0.60027 0.55968 0 0 0 
-1 18.077 15.4884 10.7866 1 0 0 1 0 0.15 0 0 0 0 0 0 0 0.370738 0.791468 0.485934 -0.417758 -0.325185 0.848371 0.829477 -0.517526 0.210084 0 0 0 
-1 18.079 15.4923 10.789 1 0 0 1 0 0.15 0 0 0 0 0 0 0 0.378482 0.786592 0.487878 0.787328 -0.550732 0.277143 0.486689 0.279227 -0.827748 0 0 0 
-1 18.0809 15.4963 10.7914 1 0 0 1 0 0.15 0 0 0 0 0 0 0 0.374552 0.784319 0.494525 -0.365355 -0.365355 0.856173 0.852189 -0.501358 0.14971 0 0 0 
-1 18.0827 15.5002 10.794 1 0 0 1 0 0.15 0 0 0 0 0 0 0 0.380358 0.78088 0.495535 -1.88972e-11 -0.535806 0.844341 0.924839 -0.321152 -0.203798 0 0 0 
-1 18.0847 15.5041 10.7964 1 0 0 1 0 0.15 0 0 0 0 0 0 0 0.384657 0.779377 0.494581 -0.923017 0.319638 0.214174 0.00883512 -0.53889 0.84233 0 0 0 
-1 18.0865 15.508 10.7989 1 0 0 1 0 0.15 0 0 0 0 0 0 0 0.384754 0.769508 0.509727 -0.853075 0.0855823 0.514722 0.35246 -0.632877 0.689376 0 0 0 
-1 18.0885 15.5118 10.8015 1 0 0 1 0 0.15 0 0 0 0 0 0 0 0.389977 0.759967 0.519969 -0.853075 0.0855823 0.514722 0.346672 -0.644303 0.681684 0 0 0 
-1 18.0905 15.5156 10.8041 1 0 0 1 0 0.15 0 0 0 0 0 0 0 0.389977 0.759967 0.519969 -0.8 -1.16392e-09 0.6 0.45598 -0.649962 0.607974 0 0 0 
-1 18.0924 15.5194 10.8067 1 0 0 1 0 0.15 0 0 0 0 0 0 0 0.390022 0.759902 0.52003 -0.737764 -0.0800493 0.670296 0.550988 -0.645089 0.529407 0 0 0 
-1 18.0943 15.5232 10.8093 1 0 0 1 0 0.15 0 0 0 0 0 0 0 0.394715 0.754364 0.524533 -0.376317 -0.388076 0.841298 0.838204 -0.529463 0.1307 0 0 0 
-1 18.0963 15.5269 10.8119 1 0 0 1 0 0.15 0 0 0 0 0 0 0 0.400415 0.75074 0.525411 -0.0177167 -0.566934 0.823573 0.916163 -0.339079 -0.213708 0 0 0 
-1 18.0984 15.5307 10.8146 1 0 0 1 0 0.15 0 0 0 0 0 0 0 0.404553 0.7492 0.52444 -0.73933 -0.0695929 0.669737 0.538264 -0.658678 0.525752 0 0 0 
-1 18.1004 15.5344 10.8172 1 0 0 1 0 0.15 0 0 0 0 0 0 0 0.409197 0.743469 0.528972 -0.880327 0.474143 0.014589 -0.239962 -0.471638 0.848514 0 0 0 
-1 18.1025 15.5381 10.8198 1 0 0 1 0 0.15 0 0 0 0 0 0 0 0.410221 0.745482 0.525333 -0.315692 -0.424344 0.848688 0.855604 -0.513993 0.0612676 0 0 0 
-1 18.1045 15.5419 10.8225 1 0 0 1 0 0.15 0 0 0 0 0 0 0 0.410284 0.745444 0.525338 -0.734958 -0.0707656 0.67441 0.539911 -0.662801 0.518836 0 0 0 
-1 18.1066 15.5456 10.8251 1 0 0 1 0 0.15 0 0 0 0 0 0 0 0.414927 0.739698 0.529794 0.34164 -0.66634 0.662777 0.843278 -0.094005 -0.529193 0 0 0 
-1 18.1087 15.5493 10.8277 1 0 0 1 0 0.15 0 0 0 0 0 0 0 0.424138 0.738624 0.523966 0.867196 -0.497967 -1.31336e-14 0.260918 0.454382 -0.851739 0 0 0 
-1 18.1108 15.553 10.8303 1 0 0 1 0 0.15 0 0 0 0 0 0 0 0.425237 0.740538 0.520362 0.902597 -0.3044 -0.3044 -0.0670217 0.599119 -0.79785 0 0 0 
-1 18.1129 15.5567 10.8329 1 0 0 1 0 0.15 0 0 0 0 0 0 0 0.425699 0.736298 0.525971 6.10737e-15 0.58127 -0.813711 -0.904865 0.346396 0.247446 0 0 0 
-1 18.115 15.5604 10.8356 1 0 0 1 0 0.15 0 0 0 0 0 0 0 0.433906 0.733119 0.5237 -0.860567 0.509337 4.21144e-11 -0.26674 -0.450679 0.851903 0 0 0 
-1 18.1173 15.5641 10.8382 1 0 0 1 0 0.15 0 0 0 0 0 0 0 0.435063 0.735075 0.519985 -0.766956 1.61988e-14 0.6417 0.471697 -0.677986 0.56377 0 0 0 
-1 18.1194 15.5677 10.8408 1 0 0 1 0 0.15 0 0 0 0 0 0 0 0.436677 0.732747 0.521914 -0.651831 0.657555 -0.377806 -0.620024 -0.17522 0.764767 0 0 0 
-1 18.1216 15.5714 10.8434 1 0 0 1 0 0.15 0 0 0 0 0 0 0 0.439115 0.733432 0.518899 6.71961e-10 0.577561 -0.816347 -0.898431 0.35847 0.253616 0 0 0 
-1 18.1238 15.5751 10.846 1 0 0 1 0 0.15 0 0 0 0 0 0 0 0.438992 0.733481 0.518933 0.375165 0.375165 -0.847645 -0.816417 0.566795 -0.110482 0 0 0 
-1 18.126 15.5787 10.8486 1 0 0 1 0 0.15 0 0 0 0 0 0 0 0.444664 0.729518 0.51969 0.894334 -0.329619 -0.302518 -0.0493926 0.599295 -0.799003 0 0 0 
-1 18.1283 15.5823 10.8512 1 0 0 1 0 0.15 0 0 0 0 0 0 0 0.444306 0.733707 0.514067 0.443002 0.318816 -0.837918 -0.778679 0.600025 -0.183382 0 0 0 
-1 18.1305 15.5861 10.8538 1 0 0 1 0 0.15 0 0 0 0 0 0 0 0.424286 0.748784 0.509219 0.870035 -0.49299 -0 0.25104 0.443038 -0.860637 0 0 0 
-1 18.1325 15.5898 10.8563 1 0 0 1 0 0.15 0 0 0 0 0 0 0 0.425371 0.750699 0.505481 0.259341 0.433999 -0.862779 -0.867065 0.498093 -0.0100765 0 0 0 
-1 18.1347 15.5935 10.8588 1 0 0 1 0 0.15 0 0 0 0 0 0 0 0.45049 0.735846 0.50556 0.505417 0.256596 -0.82384 -0.735944 0.62665 -0.256315 0 0 0 
-1 18.137 15.5972 10.8614 1 0 0 1 0 0.15 0 0 0 0 0 0 0 0.443195 0.742002 0.503002 0.896073 -0.382428 -0.225392 0.0251207 0.550619 -0.834378 0 0 0 
-1 18.1391 15.601 10.8638 1 0 0 1 0 0.15 0 0 0 0 0 0 0 0.443738 0.757717 0.478498 0.115347 0.481212 -0.868982 -0.888702 0.440794 0.126132 0 0 0 
-1 18.1415 15.6048 10.8661 1 0 0 1 0 0.15 0 0 0 0 0 0 0 0.469701 0.744417 0.474579 0.814738 -0.158497 -0.557747 -0.339977 0.648631 -0.68095 0 0 0 
-1 18.1439 15.6084 10.8686 1 0 0 1 0 0.15 0 0 0 0 0 0 0 0.479683 0.724634 0.494783 0.771758 -0.616731 0.155027 0.417486 0.307488 -0.855077 0 0 0 
-1 18.1462 15.6121 10.8711 1 0 0 1 0 0.15 0 0 0 0 0 0 0 0.476336 0.722157 0.501591 0.792997 -0.599265 0.109712 0.379816 0.345501 -0.85812 0 0 0 
-1 18.1486 15.6156 10.8736 1 0 0 1 0 0.15 0 0 0 0 0 0 0 0.480975 0.726355 0.490989 0.776789 -0.612723 0.145499 0.406524 0.311414 -0.858929 0 0 0 
-1 18.1511 15.6193 10.876 1 0 0 1 0 0.15 0 0 0 0 0 0 0 0.484201 0.728815 0.484125 0.707993 -0.651471 0.272638 0.514097 0.210745 -0.831439 0 0 0 
-1 18.1535 15.623 10.8785 1 0 0 1 0 0.15 0 0 0 0 0 0 0 0.517319 0.741217 0.42776 0.719076 -0.647496 0.252347 0.464017 0.177047 -0.867953 0 0 0 
-1 18.1562 15.6267 10.8803 1 0 0 1 0 0.15 0 0 0 0 0 0 0 0.585922 0.760147 0.280843 0.718005 -0.647648 0.254992 0.375719 0.0522413 -0.92526 0 0 0 
-1 18.1595 15.6308 10.8813 1 0 0 1 0 0.15 0 0 0 0 0 0 0 0.648243 0.755624 0.0938732 0.698734 -0.639317 0.321004 0.302573 -0.142496 -0.942414 0 0 0 
-1 18.1635 15.6352 10.8813 1 0 0 1 0 0.15 0 0 0 0 0 0 0 0.697262 0.708976 -0.105731 0.715791 -0.680761 0.155586 0.0383293 -0.184165 -0.982148 0 0 0 
-1 18.1684 15.6398 10.88 1 0 0 1 0 0.15 0 0 0 0 0 0 0 0.68763 0.725948 0.0128377 0.681517 -0.639245 -0.356232 -0.250399 0.253705 -0.934309 0 0 0 
-1 18.1716 15.6437 10.8815 1 0 0 1 0 0.15 0 0 0 0 0 0 0 0.697438 0.714782 0.0516378 0.637619 -0.65181 0.410592 0.327142 -0.253438 -0.910356 0 0 0 
-1 18.1765 15.6482 10.8806 1 0 0 1 0 0.15 0 0 0 0 0 0 0 0.769119 0.508493 -0.387159 0.592885 -0.793865 0.135151 -0.238628 -0.333488 -0.912054 0 0 0 
-1 18.1865 15.6536 10.874 1 0 0 1 0 0.15 0 0 0 0 0 0 0 0.784596 0.531659 -0.318978 0.609776 -0.754769 0.241862 -0.112167 -0.384269 -0.916382 0 0 0 
-1 18.1902 15.6574 10.8751 1 0 0 1 0 0.15 0 0 0 0 0 0 0 0.769825 0.636611 0.0457806 0.546145 -0.69415 0.468915 0.330295 -0.33598 -0.882056 0 0 0 
-1 18.1957 15.6612 10.8745 1 0 0 1 0 0.15 0 0 0 0 0 0 0 0.814606 0.570597 -0.104098 0.552987 -0.818184 -0.157418 -0.174994 0.0706689 -0.98203 0 0 0 
-1 18.2015 15.6653 10.8736 1 0 0 1 0 0.15 0 0 0 0 0 0 0 0.830258 0.525278 0.186427 0.556567 -0.763242 -0.32817 -0.0300921 0.376225 -0.92604 0 0 0 
-1 18.2055 15.6674 10.8767 1 0 0 1 0 0.15 0 0 0 0 0 0 0 0.766796 0.319877 0.556509 0.462089 -0.876851 -0.13269 0.445531 0.358902 -0.820178 0 0 0 
-1 18.2102 15.669 10.8799 1 0 0 1 0 0.15 0 0 0 0 0 0 0 0.882166 0.439152 0.170084 0.359222 -0.393934 -0.846035 -0.304536 0.807441 -0.505269 0 0 0 
-1 18.2167 15.673 10.8789 1 0 0 1 0 0.15 0 0 0 0 0 0 0 0.787405 0.614551 0.0481784 -0.4628 0.640977 -0.612343 -0.407197 0.459865 0.789123 0 0 0 
-1 18.2201 15.6766 10.8805 1 0 0 1 0 0.15 0 0 0 0 0 0 0 0.88442 0.380729 -0.2699 -0.182432 -0.250268 -0.950834 -0.429557 0.890175 -0.151885 0 0 0 
-1 18.235 15.6809 10.8733 1 0 0 1 0 0.15 0 0 0 0 0 0 0 0.893753 0.360841 -0.266456 -0.447357 0.7605 -0.47065 0.0328103 0.539846 0.841124 0 0 0 
-1 18.239 15.6843 10.8749 1 0 0 1 0 0.15 0 0 0 0 0 0 0 0.806696 0.570332 0.154799 -0.586341 0.805144 0.089145 -0.0737934 -0.162678 0.983916 0 0 0 
-1 18.2449 15.6878 10.8752 1 0 0 1 0 0.15 0 0 0 0 0 0 0 0.801538 0.560722 0.207672 -0.417023 0.773118 -0.477891 -0.428519 0.296444 0.853517 0 0 0 
-1 18.2486 15.6911 10.8774 1 0 0 1 0 0.15 0 0 0 0 0 0 0 0.595623 0.629616 0.498816 0.648135 -0.00987194 -0.761461 -0.474504 0.776844 -0.413956 0 0 0 
-1 18.251 15.6943 10.8804 1 0 0 1 0 0.15 0 0 0 0 0 0 0 0.759257 0.085498 0.645151 0.0794585 -0.996095 0.0384943 0.645922 0.0220357 -0.763085 0 0 0 
-1 18.2593 15.6923 10.8864 1 0 0 1 0 0.15 0 0 0 0 0 0 0 0.996838 0.0793752 -0.00368991 0.0440032 -0.590091 -0.806136 -0.0661647 0.803425 -0.591718 0 0 0 
-1 18.278 15.6965 10.8802 1 0 0 1 0 0.15 0 0 0 0 0 0 0 0.930396 0.318131 -0.182086 -0.360269 0.702034 -0.614292 -0.067595 0.637135 0.767783 0 0 0 
-1 18.2826 15.7002 10.8819 1 0 0 1 0 0.15 0 0 0 0 0 0 0 0.670389 0.652758 0.352826 -0.490746 0.746698 -0.44901 -0.556549 0.127864 0.820916 0 0 0 
-1 18.2857 15.7039 10.8842 1 0 0 1 0 0.15 0 0 0 0 0 0 0 0.648232 0.657237 0.384491 -0.29904 0.68412 -0.665248 -0.700264 0.316257 0.640009 0 0 0 
-1 18.2898 15.7076 10.8862 1 0 0 1 0 0.15 0 0 0 0 0 0 0 0.941804 0.323783 -0.0903883 -0.266138 0.553897 -0.788903 -0.205367 0.767048 0.607834 0 0 0 
-1 18.3143 15.7137 10.8815 1 0 0 1 0 0.15 0 0 0 0 0 0 0 0.951727 0.280832 -0.123892 -0.289434 0.686695 -0.666842 -0.102195 0.67051 0.734828 0 0 0 
-1 18.3417 15.7228 10.8794 1 0 0 1 0 0.15 0 0 0 0 0 0 0 0.92722 0.374122 -0.0171879 -0.281745 0.666568 -0.69015 -0.246743 0.644763 0.723462 0 0 0 
-1 18.3601 15.7322 10.8807 1 0 0 1 0 0.15 0 0 0 0 0 0 0 0.80793 0.552808 0.204091 -0.301034 0.684926 -0.663518 -0.506585 0.474637 0.719785 0 0 0 
-1 18.3607 15.7359 10.8842 1 0 0 1 0 0.15 0 0 0 0 0 0 0 -0.0049964 0.694651 0.71933 -0.241259 0.697252 -0.675006 -0.970448 -0.176917 0.164107 0 0 0 
-1 18.3601 15.7393 10.8879 1 0 0 1 0 0.15 0 0 0 0 0 0 0 -0.119872 0.668815 0.733701 -0.983399 -0.181398 0.00468798 0.136227 -0.720959 0.679456 0 0 0 
-1 18.3594 15.7426 10.8916 1 0 0 1 0 0.1175 0 0 0 0 0 0 0 -0.104186 0.585592 0.803883 -0.994433 -0.0741273 -0.0748837 0.0157384 -0.80721 0.590055 0 0 0 
-1 18.3591 15.7452 10.896 1 0 0 1 0 0.1175 0 0 0 0 0 0 0 -0.103836 0.568685 0.815975 -0.99452 -0.0694264 -0.0781709 0.0121956 -0.81962 0.572777 0 0 0 
-1 18.3584 15.7483 10.8998 1 0 0 1 0 0.1175 0 0 0 0 0 0 0 -0.10455 0.66225 0.741953 -0.935491 -0.318686 0.15263 0.337529 -0.678133 0.652847 0 0 0 
-1 18.358 15.7518 10.9035 1 0 0 1 0 0.1175 0 0 0 0 0 0 0 -0.11459 0.682219 0.722113 -0.361716 0.648348 -0.66993 -0.925219 -0.337967 0.172476 0 0 0 
-1 18.3573 15.7551 10.9071 1 0 0 1 0 0.1175 0 0 0 0 0 0 0 -0.16001 0.664749 0.729729 -0.233304 0.692842 -0.682304 -0.959149 -0.279424 0.0442273 0 0 0 
-1 18.3564 15.7585 10.9107 1 0 0 1 0 0.1175 0 0 0 0 0 0 0 -0.175104 0.660264 0.730336 -0 0.741797 -0.670625 -0.98455 -0.117429 -0.129891 0 0 0 
-1 18.3555 15.7617 10.9144 1 0 0 1 0 0.10375 0 0 0 0 0 0 0 -0.179833 0.659692 0.729703 -0.971712 -0.00368968 -0.236139 -0.153087 -0.751527 0.641694 0 0 0 
-1 18.3546 15.765 10.918 1 0 0 1 0 0.10375 0 0 0 0 0 0 0 -0.180402 0.656885 0.732091 -0.800331 0.33464 -0.497481 -0.571774 -0.675661 0.465355 0 0 0 
-1 18.3537 15.7683 10.9217 1 0 0 1 0 0.10375 0 0 0 0 0 0 0 -0.185364 0.650989 0.736107 -0.662248 -0.636182 0.395854 0.725995 -0.414108 0.549041 0 0 0 
-1 18.3527 15.7716 10.9254 1 0 0 1 0 0.10375 0 0 0 0 0 0 0 -0.189468 0.653321 0.732989 -0.0100589 -0.747763 0.663889 0.981835 0.118413 0.148249 0 0 0 
-1 18.3518 15.7749 10.929 1 0 0 1 0 0.10375 0 0 0 0 0 0 0 -0.184609 0.653899 0.733714 0.751539 -0.387156 0.534135 0.633332 0.65002 -0.419958 0 0 0 
-1 18.3509 15.7781 10.9327 1 0 0 1 0 0.10375 0 0 0 0 0 0 0 -0.190851 0.647452 0.737823 0 -0.751638 0.659576 0.981619 0.12588 0.143451 0 0 0 
-1 18.3499 15.7813 10.9364 1 0 0 1 0 0.094375 0 0 0 0 0 0 0 -0.200416 0.646193 0.736388 -0.945028 -0.325734 0.0286372 0.258372 -0.690168 0.675953 0 0 0 
-1 18.3489 15.7846 10.9401 1 0 0 1 0 0.094375 0 0 0 0 0 0 0 -0.199527 0.643817 0.738707 -0.00993137 -0.755155 0.65547 0.979842 0.123448 0.157068 0 0 0 
-1 18.3479 15.7878 10.9438 1 0 0 1 0 0.094375 0 0 0 0 0 0 0 -0.204357 0.643201 0.737923 -0.8492 -0.49146 0.1932 0.486926 -0.587163 0.64664 0 0 0 
-1 18.3469 15.791 10.9475 1 0 0 1 0 0.094375 0 0 0 0 0 0 0 -0.210161 0.65017 0.730144 -0.960984 9.75252e-12 -0.276604 -0.17984 -0.759788 0.624803 0 0 0 
-1 18.3458 15.7943 10.9511 1 0 0 1 0 0.094375 0 0 0 0 0 0 0 -0.21085 0.647249 0.732538 -0.929571 0.099056 -0.355086 -0.302391 -0.755816 0.580778 0 0 0 
-1 18.3447 15.7975 10.9548 1 0 0 1 0 0.094375 0 0 0 0 0 0 0 -0.219723 0.624555 0.749435 -0.872603 0.217681 -0.437241 -0.436219 -0.750031 0.497159 0 0 0 
-1 18.3436 15.8005 10.9586 1 0 0 1 0 0.0921875 0 0 0 0 0 0 0 -0.225054 0.615312 0.755475 -0.951313 0.0288277 -0.306874 -0.210602 -0.787757 0.578867 0 0 0 
-1 18.3425 15.8036 10.9623 1 0 0 1 0 0.0921875 0 0 0 0 0 0 0 -0.225898 0.612145 0.757792 -0.968776 -0.222773 -0.108836 0.102192 -0.758716 0.643355 0 0 0 
-1 18.3414 15.8066 10.9662 1 0 0 1 0 0.0921875 0 0 0 0 0 0 0 -0.224852 0.604432 0.764267 -0.952532 0.0288646 -0.303068 -0.205244 -0.796134 0.56925 0 0 0 
-1 18.3403 15.8096 10.97 1 0 0 1 0 0.0921875 0 0 0 0 0 0 0 -0.224024 0.607631 0.76197 -0.126032 0.757214 -0.640892 -0.9664 -0.239608 -0.093053 0 0 0 
-1 18.3391 15.8127 10.9738 1 0 0 1 0 0.0921875 0 0 0 0 0 0 0 -0.230345 0.606049 0.761345 -0.973104 -0.146003 -0.178191 0.00316611 -0.781913 0.62338 0 0 0 
-1 18.3379 15.8157 10.9776 1 0 0 1 0 0.0921875 0 0 0 0 0 0 0 -0.230317 0.600534 0.765711 -7.18591e-10 -0.786865 0.617125 0.973116 0.142134 0.181228 0 0 0 
-1 18.3368 15.8187 10.9815 1 0 0 1 0 0.098594 0 0 0 0 0 0 0 -0.230172 0.600555 0.765738 0.321046 -0.695934 0.642343 0.918666 0.393687 -0.0326214 0 0 0 
-1 18.3357 15.8217 10.9853 1 0 0 1 0 0.0965625 0 0 0 0 0 0 0 -0.230172 0.600555 0.765738 0.973118 0.148435 0.176093 -0.00790848 0.785685 -0.618576 0 0 0 
-1 18.3345 15.8247 10.9891 1 0 0 1 0 0.0965625 0 0 0 0 0 0 0 -0.230112 0.595117 0.76999 0.00958267 -0.789799 0.613291 0.973117 0.148504 0.176039 0 0 0 
-1 18.3333 15.8277 10.9929 1 0 0 1 0 0.0965625 0 0 0 0 0 0 0 -0.234715 0.594407 0.769148 -0.781841 -0.585609 0.213978 0.57761 -0.551128 0.602183 0 0 0 
-1 18.3321 15.8307 10.9968 1 0 0 1 0 0.0965625 0 0 0 0 0 0 0 -0.239685 0.599136 0.763929 -0.92846 -0.371431 -8.52105e-15 0.283747 -0.709278 0.645301 0 0 0 
-1 18.3309 15.8337 11.0006 1 0 0 1 0 0.0965625 0 0 0 0 0 0 0 -0.240608 0.601443 0.761823 -0.91549 -0.401382 0.0277421 0.322468 -0.690766 0.647191 0 0 0 
-1 18.3298 15.8366 11.0044 1 0 0 1 0 0.111094 0 0 0 0 0 0 0 -0.239541 0.599158 0.763957 -0.970855 -0.154121 -0.183541 0.0077718 -0.785657 0.618614 0 0 0 
-1 18.3286 15.8397 11.0082 1 0 0 1 0 0.11125 0 0 0 0 0 0 0 -0.23948 0.593601 0.768301 -0.895473 -0.440848 0.0614859 0.375202 -0.673269 0.637128 0 0 0 
-1 18.3274 15.8426 11.0121 1 0 0 1 0 0.11125 0 0 0 0 0 0 0 -0.236264 0.587822 0.773721 -0.970399 -0.183751 -0.156719 0.0500487 -0.787845 0.613836 0 0 0 
-1 18.3262 15.8455 11.016 1 0 0 1 0 0.11125 0 0 0 0 0 0 0 -0.235905 0.582257 0.778027 -0.928064 0.102433 -0.358056 -0.288177 -0.806526 0.516207 0 0 0 
-1 18.325 15.8484 11.0198 1 0 0 1 0 0.11125 0 0 0 0 0 0 0 -0.244224 0.558444 0.792777 -0.969621 -0.12901 -0.207826 -0.0137829 -0.819449 0.572986 0 0 0 
-1 18.3237 15.8511 11.0239 1 0 0 1 0 0.11125 0 0 0 0 0 0 0 -0.244432 0.543656 0.802927 -0.564914 0.593169 -0.573605 -0.788115 -0.593792 0.162129 0 0 0 
-1 18.3225 15.8538 11.0279 1 0 0 1 0 0.115937 0 0 0 0 0 0 0 -0.240658 0.546491 0.802142 0.777762 0.602986 -0.177465 -0.580663 0.581167 -0.570153 0 0 0 
-1 18.3214 15.8566 11.0319 1 0 0 1 0 0.115782 0 0 0 0 0 0 0 -0.235597 0.541414 0.807072 0.916946 0.39901 0 -0.32203 0.740042 -0.590453 0 0 0 
-1 18.3202 15.8593 11.0359 1 0 0 1 0 0.115782 0 0 0 0 0 0 0 -0.23464 0.539214 0.808821 0.202803 0.840895 -0.501763 -0.950692 0.0462975 -0.306661 0 0 0 
-1 18.319 15.862 11.04 1 0 0 1 0 0.115782 0 0 0 0 0 0 0 -0.139134 0.531958 0.835262 0.350298 0.81537 -0.460938 -0.926247 0.228458 -0.29979 0 0 0 
-1 18.3188 15.8646 11.0443 1 0 0 1 0 0.115782 0 0 0 0 0 0 0 -0.114111 0.525605 0.843041 0.243417 0.83751 -0.489209 -0.963186 0.149386 -0.22351 0 0 0 
-1 18.3179 15.8673 11.0485 1 0 0 1 0 0.115782 0 0 0 0 0 0 0 -0.209115 0.537833 0.816704 -0.364255 0.732226 -0.575468 -0.907518 -0.417827 0.0427887 0 0 0 
-1 18.3167 15.87 11.0525 1 0 0 1 0 0.120703 0 0 0 0 0 0 0 -0.239339 0.523564 0.817678 -0.784321 0.39216 -0.480678 -0.572326 -0.756367 0.316783 0 0 0 
-1 18.3154 15.8725 11.0567 1 0 0 1 0 0.12086 0 0 0 0 0 0 0 -0.245342 0.515584 0.820963 -0.879777 0.237279 -0.411935 -0.407185 -0.82333 0.395385 0 0 0 
-1 18.3143 15.8751 11.0608 1 0 0 1 0 0.12086 0 0 0 0 0 0 0 -0.235275 0.535634 0.811013 -1.13153e-14 0.834437 -0.551104 -0.971929 -0.129661 -0.196322 0 0 0 
-1 18.3131 15.8779 11.0648 1 0 0 1 0 0.12086 0 0 0 0 0 0 0 -0.230505 0.536263 0.811966 -0.811665 0.354291 -0.464411 -0.536719 -0.766094 0.353601 0 0 0 
-1 18.312 15.8805 11.0688 1 0 0 1 0 0.12086 0 0 0 0 0 0 0 -0.234958 0.529876 0.814878 -0.971511 -0.154746 -0.179497 0.0309882 -0.833837 0.55114 0 0 0 
-1 18.3107 15.8832 11.073 1 0 0 1 0 0.12086 0 0 0 0 0 0 0 -0.234741 0.524169 0.818623 9.36696e-12 -0.842155 0.539236 0.972058 0.126581 0.197688 0 0 0 
-1 18.3096 15.8857 11.0771 1 0 0 1 0 0.118242 0 0 0 0 0 0 0 -0.225063 0.525401 0.820549 -0.405294 -0.816321 0.411529 0.886049 -0.239943 0.396666 0 0 0 
-1 18.3085 15.8884 11.0812 1 0 0 1 0 0.118711 0 0 0 0 0 0 0 -0.219375 0.523852 0.823076 -0.96109 0.0291239 -0.274696 -0.167871 -0.851311 0.497079 0 0 0 
-1 18.3074 15.891 11.0853 1 0 0 1 0 0.118711 0 0 0 0 0 0 0 -0.220097 0.520175 0.825212 -0.966821 -0.00387011 -0.255427 -0.129673 -0.854051 0.503767 0 0 0 
-1 18.3063 15.8936 11.0894 1 0 0 1 0 0.118711 0 0 0 0 0 0 0 -0.22066 0.516453 0.827397 -0.974168 -0.158457 -0.160895 0.0480121 -0.841527 0.538078 0 0 0 
-1 18.3052 15.8962 11.0935 1 0 0 1 0 0.118711 0 0 0 0 0 0 0 -0.220322 0.510622 0.831098 -0.884848 0.253936 -0.390589 -0.410489 -0.821451 0.395875 0 0 0 
-1 18.3041 15.8987 11.0977 1 0 0 1 0 0.118711 0 0 0 0 0 0 0 -0.22531 0.50057 0.835862 -0.974144 -0.101038 -0.202076 -0.0166994 -0.85978 0.510392 0 0 0 
-1 18.3029 15.9012 11.1019 1 0 0 1 0 0.111855 0 0 0 0 0 0 0 -0.225484 0.490866 0.841551 -0.257737 0.802965 -0.537418 -0.939536 -0.338078 -0.0545409 0 0 0 
-1 18.3018 15.9036 11.1061 1 0 0 1 0 0.1125 0 0 0 0 0 0 0 -0.219065 0.493163 0.841903 -1.13532e-14 0.862862 -0.50544 -0.97571 -0.110724 -0.189023 0 0 0 
-1 18.3008 15.9061 11.1103 1 0 0 1 0 0.1125 0 0 0 0 0 0 0 -0.223833 0.492615 0.840969 -0.710311 0.50837 -0.486846 -0.667351 -0.706321 0.23612 0 0 0 
-1 18.2996 15.9085 11.1145 1 0 0 1 0 0.1125 0 0 0 0 0 0 0 -0.225484 0.490866 0.841551 -0.965928 0 -0.258809 -0.127041 -0.871235 0.474142 0 0 0 
-1 18.2985 15.911 11.1187 1 0 0 1 0 0.1125 0 0 0 0 0 0 0 -0.225467 0.490982 0.841487 -0.965928 -6.52909e-15 -0.258809 -0.127071 -0.87117 0.474254 0 0 0 
-1 18.2973 15.9135 11.1229 1 0 0 1 0 0.1125 0 0 0 0 0 0 0 -0.224924 0.494681 0.839464 0 0.86154 -0.50769 -0.974376 -0.114192 -0.193781 0 0 0 
-1 18.2962 15.9159 11.1271 1 0 0 1 0 0.0984375 0 0 0 0 0 0 0 -0.219993 0.495252 0.840433 -1.13078e-14 0.86154 -0.50769 -0.975501 -0.111689 -0.189533 0 0 0 
-1 18.2952 15.9184 11.1313 1 0 0 1 0 0.0982815 0 0 0 0 0 0 0 -0.22478 0.494698 0.839493 -1.16616e-14 0.86154 -0.50769 -0.97441 -0.114118 -0.193657 0 0 0 
-1 18.294 15.9209 11.1355 1 0 0 1 0 0.0982815 0 0 0 0 0 0 0 -0.220139 0.495236 0.840405 3.03978e-11 0.86154 -0.50769 -0.975469 -0.111762 -0.189658 0 0 0 
-1 18.2929 15.9234 11.1397 1 0 0 1 0 0.0982815 0 0 0 0 0 0 0 -0.215337 0.49578 0.841328 0.676169 0.6973 -0.237841 -0.704574 0.517664 -0.485385 0 0 0 
-1 18.2919 15.9258 11.1439 1 0 0 1 0 0.0982815 0 0 0 0 0 0 0 -0.219605 0.49891 0.838369 0.967363 -0 0.253395 0.126421 0.866654 -0.482627 0 0 0 
-1 18.2908 15.9283 11.1481 1 0 0 1 0 0.0982815 0 0 0 0 0 0 0 -0.219589 0.499024 0.838305 0.524647 -0.664045 0.532719 0.822512 0.556794 -0.115995 0 0 0 
-1 18.2896 15.9309 11.1523 1 0 0 1 0 0.088828 0 0 0 0 0 0 0 -0.215694 0.501653 0.837747 0.963534 -0.0297935 0.265921 0.15836 0.864556 -0.476934 0 0 0 
-1 18.2886 15.9333 11.1565 1 0 0 1 0 0.0889845 0 0 0 0 0 0 0 -0.217475 0.491821 0.8431 0.755239 0.631973 -0.173849 -0.618319 0.598934 -0.508881 0 0 0 
-1 18.2864 15.9382 11.1649 1 0 0 1 0 0.0889845 0 0 0 0 0 0 0 -0.162364 0.437352 0.884512 0.941435 0.33714 0.00611225 -0.295531 0.833702 -0.466478 0 0 0 
-1 18.2861 15.94 11.1699 1 0 0 1 0 0.0889845 0 0 0 0 0 0 0 -0.132359 0.352807 0.926287 0.694725 0.699575 -0.167186 -0.706992 0.621387 -0.337699 0 0 0 
-1 18.285 15.9418 11.1744 1 0 0 1 0 0.0889845 0 0 0 0 0 0 0 -0.183731 0.397325 0.899097 0.79554 0.597354 -0.101411 -0.577373 0.696636 -0.42584 0 0 0 
-1 18.2843 15.9439 11.1789 1 0 0 1 0 0.0889845 0 0 0 0 0 0 0 -0.152501 0.359392 0.920641 -0.519406 0.76337 -0.384036 -0.840809 -0.536753 0.0702557 0 0 0 
-1 18.2835 15.9454 11.1838 1 0 0 1 0 0.0791795 0 0 0 0 0 0 0 -0.137721 0.368757 0.919267 -0.971886 -0.229262 -0.0536377 0.190974 -0.900809 0.389964 0 0 0 
-1 18.2829 15.9477 11.1882 1 0 0 1 0 0.078867 0 0 0 0 0 0 0 -0.159419 0.47309 0.866471 -0.943712 0.184636 -0.274441 -0.289817 -0.86145 0.417026 0 0 0 
-1 18.2819 15.9502 11.1924 1 0 0 1 0 0.078867 0 0 0 0 0 0 0 -0.183731 0.397325 0.899097 -0.417723 -0.859529 0.294478 0.889804 -0.321469 0.323893 0 0 0 
-1 18.281 15.9517 11.1973 1 0 0 1 0 0.078867 0 0 0 0 0 0 0 -0.138463 0.380546 0.914337 -0.97906 0.0865173 -0.184273 -0.14923 -0.920706 0.360598 0 0 0 
-1 18.2805 15.9541 11.2017 1 0 0 1 0 0.078867 0 0 0 0 0 0 0 -0.124868 0.45968 0.879262 -0.269979 -0.868501 0.415713 0.954735 -0.185473 0.232552 0 0 0 
-1 18.2798 15.9563 11.2061 1 0 0 1 0 0.078867 0 0 0 0 0 0 0 -0.179767 0.469619 0.864374 0.930783 -0.203132 0.303941 0.318319 0.859183 -0.400597 0 0 0 
-1 18.2787 15.9587 11.2104 1 0 0 1 0 0.076621 0 0 0 0 0 0 0 -0.17454 0.483599 0.857711 0.984645 0.0828072 0.153682 0.00329556 0.871364 -0.490626 0 0 0 
-1 18.278 15.9611 11.2147 1 0 0 1 0 0.076289 0 0 0 0 0 0 0 -0.174311 0.418378 0.89139 0.823886 0.557743 -0.100668 -0.539284 0.716856 -0.441917 0 0 0 
-1 18.277 15.9629 11.2193 1 0 0 1 0 0.076289 0 0 0 0 0 0 0 -0.153022 0.389934 0.908039 0.970144 0.234229 0.0629039 -0.188161 0.890555 -0.414135 0 0 0 
-1 18.2765 15.9651 11.2239 1 0 0 1 0 0.076289 0 0 0 0 0 0 0 -0.158412 0.415585 0.895653 0.609957 0.75451 -0.242213 -0.776439 0.507941 -0.373013 0 0 0 
-1 18.2753 15.9671 11.2283 1 0 0 1 0 0.076289 0 0 0 0 0 0 0 -0.20525 0.445652 0.871359 0.978203 0.0647678 0.197293 0.0314878 0.89286 -0.449231 0 0 0 
-1 18.2745 15.9695 11.2326 1 0 0 1 0 0.076289 0 0 0 0 0 0 0 -0.204731 0.459615 0.864199 0.951929 0.299017 0.066485 -0.227853 0.836267 -0.498739 0 0 0 
-1 18.2733 15.9718 11.237 1 0 0 1 0 0.087832 0 0 0 0 0 0 0 -0.198372 0.436388 0.877618 0.683817 -0.57986 0.442896 0.70217 0.687988 -0.183382 0 0 0 
-1 18.2724 15.974 11.2414 1 0 0 1 0 0.0871875 0 0 0 0 0 0 0 -0.164541 0.468813 0.867837 0.755085 -0.506226 0.416631 0.634644 0.723843 -0.270698 0 0 0 
-1 18.2717 15.9764 11.2457 1 0 0 1 0 0.0871875 0 0 0 0 0 0 0 -0.199232 0.42825 0.881424 -0.530655 -0.803315 0.270354 0.82384 -0.413869 0.387299 0 0 0 
-1 18.2705 15.9783 11.2503 1 0 0 1 0 0.0871875 0 0 0 0 0 0 0 -0.189283 0.423229 0.88603 -0.909212 0.265221 -0.320923 -0.370818 -0.866334 0.334602 0 0 0 
-1 18.2697 15.9807 11.2546 1 0 0 1 0 0.0871875 0 0 0 0 0 0 0 -0.169422 0.46842 0.867109 -0.726862 0.534778 -0.430911 -0.665558 -0.703275 0.249874 0 0 0 
-1 18.2687 15.983 11.259 1 0 0 1 0 0.0871875 0 0 0 0 0 0 0 -0.212983 0.420978 0.881712 -0.685521 -0.707404 0.172162 0.696203 -0.567765 0.439255 0 0 0 
-1 18.2676 15.985 11.2635 1 0 0 1 0 0.100782 0 0 0 0 0 0 0 -0.162436 0.379118 0.91098 -0.855515 -0.514123 0.0614136 0.491639 -0.769381 0.407853 0 0 0 
-1 18.2671 15.9868 11.2683 1 0 0 1 0 0.100625 0 0 0 0 0 0 0 -0.173413 0.396264 0.901611 -0.97233 -0.214394 -0.0927873 0.156531 -0.892754 0.422478 0 0 0 
-1 18.2659 15.9889 11.2726 1 0 0 1 0 0.100625 0 0 0 0 0 0 0 -0.18521 0.465392 0.86551 -0.790588 0.452548 -0.412517 -0.583667 -0.760665 0.284117 0 0 0 
-1 18.2652 15.9915 11.2769 1 0 0 1 0 0.100625 0 0 0 0 0 0 0 -0.159381 0.498371 0.852188 -0.0260847 0.860795 -0.508283 -0.986872 -0.10324 -0.124195 0 0 0 
-1 18.2642 15.9939 11.2811 1 0 0 1 0 0.100625 0 0 0 0 0 0 0 -0.164279 0.497852 0.851561 0.773713 0.600528 -0.201829 -0.611867 0.625707 -0.483849 0 0 0 
-1 18.2636 15.9964 11.2854 1 0 0 1 0 0.100625 0 0 0 0 0 0 0 -0.128958 0.46119 0.87788 0.876663 -0.360759 0.318301 0.4635 0.810652 -0.357785 0 0 0 
-1 18.263 15.9986 11.29 1 0 0 1 0 0.11 0 0 0 0 0 0 0 -0.208756 0.310838 0.927254 0.557425 -0.74123 0.373973 0.803554 0.594944 -0.0185324 0 0 0 
-1 18.2614 15.9997 11.295 1 0 0 1 0 0.109687 0 0 0 0 0 0 0 -0.180417 0.331533 0.926032 0.850423 -0.42046 0.316217 0.494196 0.84457 -0.206085 0 0 0 
-1 18.2611 16.002 11.2995 1 0 0 1 0 0.109687 0 0 0 0 0 0 0 -0.084081 0.484711 0.870624 -0.00893402 -0.874049 0.485756 0.996419 0.0330647 0.0778214 0 0 0 
-1 18.2606 16.0046 11.3038 1 0 0 1 0 0.109687 0 0 0 0 0 0 0 -0.139119 0.482137 0.86498 -0.221519 -0.866491 0.447351 0.965181 -0.129375 0.227348 0 0 0 
-1 18.2597 16.0068 11.3082 1 0 0 1 0 0.109687 0 0 0 0 0 0 0 -0.189302 0.488232 0.851936 -0.693926 -0.68037 0.235718 0.694716 -0.546559 0.467593 0 0 0 
-1 18.2587 16.0094 11.3123 1 0 0 1 0 0.109687 0 0 0 0 0 0 0 -0.20517 0.500627 0.840998 -0.429406 -0.818204 0.3823 0.879497 -0.282694 0.382843 0 0 0 
-1 18.2577 16.0119 11.3166 1 0 0 1 0 0.124531 0 0 0 0 0 0 0 -0.139584 0.478356 0.867002 -0.72111 -0.649156 0.242067 0.678614 -0.591415 0.435559 0 0 0 
-1 18.2573 16.0142 11.3211 1 0 0 1 0 0.124688 0 0 0 0 0 0 0 -0.0934331 0.437321 0.894439 -0.79503 -0.573556 0.197382 0.59933 -0.692664 0.401273 0 0 0 
-1 18.2567 16.0163 11.3257 1 0 0 1 0 0.124688 0 0 0 0 0 0 0 -0.0984074 0.443059 0.891075 -0.670933 -0.690847 0.269406 0.734959 -0.571341 0.365247 0 0 0 
-1 18.2563 16.0187 11.3301 1 0 0 1 0 0.124688 0 0 0 0 0 0 0 -0.144359 0.478057 0.866384 -0.374392 -0.836855 0.399381 0.915965 -0.266712 0.299788 0 0 0 
-1 18.2553 16.0211 11.3344 1 0 0 1 0 0.124688 0 0 0 0 0 0 0 -0.204973 0.494741 0.844522 -0.975811 -0.0362794 -0.215585 -0.0760199 -0.868283 0.49021 0 0 0 
-1 18.2542 16.0237 11.3385 1 0 0 1 0 0.124688 0 0 0 0 0 0 0 -0.21192 0.399173 0.892049 -0.976655 -0.119325 -0.178624 0.0351419 -0.909078 0.415142 0 0 0 
-1 18.2531 16.0252 11.3435 1 0 0 1 0 0.134531 0 0 0 0 0 0 0 -0.20811 0.319477 0.924459 -0.614547 0.692591 -0.377691 -0.760935 -0.646725 0.0521981 0 0 0 
-1 18.2521 16.027 11.3481 1 0 0 1 0 0.135312 0 0 0 0 0 0 0 -0.0931669 0.411699 0.906545 -0.825658 0.476895 -0.301431 -0.556426 -0.776579 0.295491 0 0 0 
-1 18.2521 16.0294 11.3527 1 0 0 1 0 0.135312 0 0 0 0 0 0 0 -0.0785119 0.431965 0.898466 0.115076 0.899151 -0.422238 -0.990249 0.0702413 -0.120303 0 0 0 
-1 18.2513 16.0314 11.3573 1 0 0 1 0 0.135312 0 0 0 0 0 0 0 -0.188763 0.437111 0.879376 -0.286074 0.83216 -0.475048 -0.939431 -0.341238 -0.032035 0 0 0 
-1 18.2502 16.0337 11.3616 1 0 0 1 0 0.135312 0 0 0 0 0 0 0 -0.123498 0.459612 0.879491 0.502244 0.79333 -0.34406 -0.855861 0.399229 -0.328813 0 0 0 
-1 18.25 16.0361 11.3661 1 0 0 1 0 0.135312 0 0 0 0 0 0 0 -0.0486876 0.423196 0.904729 0.969504 0.237849 -0.0590828 -0.240192 0.874261 -0.421871 0 0 0 
-1 18.2498 16.0381 11.3709 1 0 0 1 0 0.122344 0 0 0 0 0 0 0 -0.0141497 0.295 0.955392 0.708259 0.677418 -0.19868 -0.705811 0.673854 -0.218522 0 0 0 
-1 18.2499 16.0392 11.3763 1 0 0 1 0 0.122812 0 0 0 0 0 0 0 -0.0378799 0.317497 0.947502 0.802512 0.57465 -0.160475 -0.595433 0.754303 -0.276563 0 0 0 
-1 18.2493 16.0415 11.3808 1 0 0 1 0 0.122812 0 0 0 0 0 0 0 -0.0926795 0.385767 0.917929 -0.29008 0.871446 -0.39552 -0.952504 -0.302929 0.0311382 0 0 0 
-1 18.249 16.0431 11.3857 1 0 0 1 0 0.122812 0 0 0 0 0 0 0 -0.165941 0.361228 0.917593 -0.963041 -0.25956 -0.0719797 0.212169 -0.895624 0.390949 0 0 0 
-1 18.2477 16.0452 11.3902 1 0 0 1 0 0.122812 0 0 0 0 0 0 0 -0.183269 0.435585 0.881293 -0.119802 -0.899691 0.419765 0.975736 -0.0286509 0.21707 0 0 0 
-1 18.2471 16.0476 11.3947 1 0 0 1 0 0.122812 0 0 0 0 0 0 0 -0.113094 0.432425 0.894549 -0.991224 0.0129207 -0.131562 -0.0684487 -0.901577 0.427169 0 0 0 
-1 18.2465 16.0495 11.3994 1 0 0 1 0 0.118594 0 0 0 0 0 0 0 -0.120149 0.327 0.937355 -0.95667 -0.290392 -0.0213209 0.265228 -0.899302 0.347721 0 0 0 
-1 18.2458 16.051 11.4044 1 0 0 1 0 0.11875 0 0 0 0 0 0 0 -0.142447 0.402901 0.90409 -0.591814 -0.76682 0.248482 0.793388 -0.499658 0.347674 0 0 0 
-1 18.2451 16.0536 11.4086 1 0 0 1 0 0.11875 0 0 0 0 0 0 0 -0.0970422 0.373798 0.92242 0.71704 -0.61649 0.325259 0.690244 0.692976 -0.208202 0 0 0 
-1 18.2449 16.0548 11.4139 1 0 0 1 0 0.11875 0 0 0 0 0 0 0 -0.111636 0.359041 0.926621 0.92339 0.382094 -0.0368046 -0.367271 0.851524 -0.37419 0 0 0 
-1 18.2439 16.0574 11.4181 1 0 0 1 0 0.11875 0 0 0 0 0 0 0 -0.153593 0.45564 0.876813 0.938317 -0.210938 0.273982 0.30979 0.86481 -0.395137 0 0 0 
-1 18.2433 16.0594 11.4228 1 0 0 1 0 0.11875 0 0 0 0 0 0 0 -0.189356 0.349524 0.917593 0.962957 0.24882 0.103939 -0.191987 0.903284 -0.383692 0 0 0 
-1 18.2419 16.0609 11.4275 1 0 0 1 0 0.114063 0 0 0 0 0 0 0 -0.201599 0.408302 0.890308 0.543007 -0.709907 0.448526 0.815169 0.573866 -0.0785941 0 0 0 
-1 18.2413 16.0635 11.4318 1 0 0 1 0 0.114688 0 0 0 0 0 0 0 -0.10888 0.470101 0.875871 0.920131 0.381091 -0.0901587 -0.37617 0.7961 -0.474048 0 0 0 
-1 18.2408 16.0657 11.4364 1 0 0 1 0 0.114688 0 0 0 0 0 0 0 -0.0881175 0.425801 0.900516 0.86938 -0.408404 0.278181 0.486225 0.807403 -0.334196 0 0 0 
-1 18.2404 16.0679 11.441 1 0 0 1 0 0.114688 0 0 0 0 0 0 0 -0.102741 0.401258 0.910185 0.645212 0.723302 -0.246039 -0.757064 0.561984 -0.333209 0 0 0 
-1 18.2398 16.0698 11.4457 1 0 0 1 0 0.114688 0 0 0 0 0 0 0 -0.132985 0.423447 0.896107 0.886917 -0.352707 0.298289 0.442373 0.83444 -0.328658 0 0 0 
-1 18.239 16.0722 11.4501 1 0 0 1 0 0.114688 0 0 0 0 0 0 0 -0.199533 0.289873 0.936034 0.874232 0.484139 0.0364291 -0.442611 0.82558 -0.350018 0 0 0 
-1 18.2377 16.0728 11.4555 1 0 0 1 0 0.115782 0 0 0 0 0 0 0 -0.218054 0.324494 0.920411 0.973619 0.00737735 0.228059 0.0672136 0.945859 -0.317543 0 0 0 
-1 18.2367 16.0756 11.4596 1 0 0 1 0 0.115937 0 0 0 0 0 0 0 -0.195601 0.541652 0.817529 0.970561 -0.0125449 0.240527 0.140538 0.840509 -0.523253 0 0 0 
-1 18.2358 16.0783 11.4637 1 0 0 1 0 0.115937 0 0 0 0 0 0 0 -0.212549 0.425098 0.879838 0.974481 0.158724 0.158724 -0.0721783 0.891122 -0.447986 0 0 0 
-1 18.2346 16.0798 11.4685 1 0 0 1 0 0.115937 0 0 0 0 0 0 0 -0.212064 0.419162 0.882798 0.974181 0.0190645 0.224964 0.0774661 0.907711 -0.412382 0 0 0 
-1 18.2336 16.0825 11.4727 1 0 0 1 0 0.115937 0 0 0 0 0 0 0 -0.204303 0.498511 0.842465 0.43835 0.816098 -0.376607 -0.875277 0.292352 -0.385254 0 0 0 
-1 18.2325 16.0849 11.4769 1 0 0 1 0 0.115937 0 0 0 0 0 0 0 -0.159187 0.482877 0.861098 0.94094 0.338208 -0.0157099 -0.298817 0.807741 -0.508197 0 0 0 
-1 18.232 16.0874 11.4813 1 0 0 1 0 0.113907 0 0 0 0 0 0 0 -0.126558 0.394379 0.910191 0.991886 0.0614689 0.111283 -0.0120607 0.91689 -0.398958 0 0 0 
-1 18.2313 16.0889 11.4863 1 0 0 1 0 0.112812 0 0 0 0 0 0 0 -0.125802 0.348318 0.928896 0.991339 0.0797246 0.104363 -0.0377043 0.93398 -0.35533 0 0 0 
-1 18.2307 16.091 11.4909 1 0 0 1 0 0.112812 0 0 0 0 0 0 0 -0.128983 0.441448 0.887968 0.823605 0.546413 -0.152012 -0.552303 0.711728 -0.434057 0 0 0 
-1 18.2299 16.0933 11.4952 1 0 0 1 0 0.112812 0 0 0 0 0 0 0 -0.143649 0.46025 0.876091 0.952315 0.305087 -0.00412911 -0.269185 0.833722 -0.482128 0 0 0 
-1 18.2292 16.0956 11.4998 1 0 0 1 0 0.112812 0 0 0 0 0 0 0 -0.148619 0.475641 0.866994 0.272918 -0.822952 0.498262 0.950488 0.310669 -0.00750464 0 0 0 
-1 18.2285 16.0982 11.504 1 0 0 1 0 0.112812 0 0 0 0 0 0 0 -0.178213 0.465712 0.866806 0.705009 -0.554097 0.44265 0.686442 0.689992 -0.229584 0 0 0 
-1 18.2275 16.1003 11.5085 1 0 0 1 0 0.114844 0 0 0 0 0 0 0 -0.193154 0.450541 0.87161 -0.150568 -0.891428 0.427418 0.969547 -0.0486795 0.24002 0 0 0 
-1 18.2265 16.1027 11.5128 1 0 0 1 0 0.115 0 0 0 0 0 0 0 -0.0936429 0.443263 0.891487 0.21411 -0.865504 0.452835 0.972311 0.233281 -0.0138589 0 0 0 
-1 18.2265 16.1048 11.5175 1 0 0 1 0 0.115 0 0 0 0 0 0 0 -0.0636168 0.450246 0.890635 -0.198613 -0.880303 0.430836 0.978011 -0.149483 0.145427 0 0 0 
-1 18.2258 16.1073 11.5219 1 0 0 1 0 0.115 0 0 0 0 0 0 0 -0.128394 0.459175 0.879018 0.665609 -0.617163 0.419612 0.735173 0.638958 -0.226391 0 0 0 
-1 18.2252 16.1094 11.5265 1 0 0 1 0 0.115 0 0 0 0 0 0 0 -0.103912 0.480139 0.871016 0.120623 -0.863209 0.490225 0.987245 0.156005 0.0317817 0 0 0 
-1 18.2248 16.1122 11.5307 1 0 0 1 0 0.115 0 0 0 0 0 0 0 -0.0693709 0.485294 0.871595 -0.665369 -0.673483 0.322031 0.743284 -0.557593 0.36962 0 0 0 
-1 18.2245 16.1143 11.5352 1 0 0 1 0 0.113437 0 0 0 0 0 0 0 -0.0994682 0.507516 0.855882 0.372966 -0.778423 0.504929 0.922498 0.36944 -0.111858 0 0 0 
-1 18.2238 16.1173 11.5393 1 0 0 1 0 0.113282 0 0 0 0 0 0 0 -0.153271 0.485031 0.86096 -0.507201 -0.78635 0.352705 0.848089 -0.38262 0.366533 0 0 0 
-1 18.2229 16.1193 11.544 1 0 0 1 0 0.113282 0 0 0 0 0 0 0 -0.0489141 0.434858 0.899169 0.278318 -0.858656 0.430405 0.959243 0.271308 -0.0790284 0 0 0 
-1 18.2233 16.1217 11.5485 1 0 0 1 0 0.113282 0 0 0 0 0 0 0 0.0339504 0.456625 0.889011 0.746195 -0.603333 0.281395 0.664862 0.653822 -0.361215 0 0 0 
-1 18.2233 16.124 11.5531 1 0 0 1 0 0.113282 0 0 0 0 0 0 0 0.0243205 0.447111 0.894148 -0.056397 -0.892374 0.447758 0.998112 -0.061317 0.00351277 0 0 0 
-1 18.2236 16.1263 11.5577 1 0 0 1 0 0.113282 0 0 0 0 0 0 0 -0.0145996 0.449161 0.893332 0.581326 -0.723102 0.373072 0.813539 0.524764 -0.250552 0 0 0 
-1 18.2232 16.1286 11.5623 1 0 0 1 0 0.116953 0 0 0 0 0 0 0 -0.111628 0.383294 0.916856 0.993427 0.0665832 0.0931148 -0.0253568 0.921223 -0.388207 0 0 0 
-1 18.2224 16.1303 11.5672 1 0 0 1 0 0.117188 0 0 0 0 0 0 0 -0.113339 0.458018 0.881688 0.94225 -0.23193 0.241607 0.31515 0.858154 -0.40528 0 0 0 
-1 18.222 16.1332 11.5712 1 0 0 1 0 0.117188 0 0 0 0 0 0 0 -0.0598017 0.593299 0.802757 0.995805 -0.0203385 0.0892145 0.0692578 0.804725 -0.589594 0 0 0 
-1 18.2218 16.1362 11.5752 1 0 0 1 0 0.117188 0 0 0 0 0 0 0 -0.0692556 0.469701 0.880105 0.941929 -0.259802 0.212774 0.328594 0.843732 -0.424432 0 0 0 
-1 18.2213 16.138 11.5801 1 0 0 1 0 0.117188 0 0 0 0 0 0 0 -0.0739047 0.457699 0.886031 0.940238 -0.264157 0.214882 0.332402 0.84896 -0.410823 0 0 0 
-1 18.2211 16.1409 11.5842 1 0 0 1 0 0.117188 0 0 0 0 0 0 0 -0.0397281 0.541637 0.839673 -0.132204 -0.835798 0.532882 0.990426 -0.0898374 0.104811 0 0 0 
-1 18.2209 16.1434 11.5885 1 0 0 1 0 0.122657 0 0 0 0 0 0 0 -0.0597801 0.543345 0.837378 0.00425752 -0.838732 0.544528 0.998203 0.0361171 0.0478262 0 0 0 
-1 18.2204 16.1463 11.5926 1 0 0 1 0 0.1225 0 0 0 0 0 0 0 -0.0895532 0.542025 0.835577 -0.811881 -0.52568 0.253986 0.576913 -0.655644 0.487136 0 0 0 
-1 18.22 16.1488 11.5969 1 0 0 1 0 0.1225 0 0 0 0 0 0 0 -0.0496031 0.495577 0.867146 -0.894726 -0.407884 0.181926 0.443853 -0.766834 0.463638 0 0 0 
-1 18.2199 16.1513 11.6013 1 0 0 1 0 0.1225 0 0 0 0 0 0 0 0.0145501 0.380506 0.924664 -0.969844 -0.219639 0.105644 0.243291 -0.898317 0.365836 0 0 0 
-1 18.2201 16.1528 11.6066 1 0 0 1 0 0.1225 0 0 0 0 0 0 0 0 0.433456 0.901175 -0.988207 0.137993 -0.0663732 -0.153126 -0.890547 0.428344 0 0 0 
-1 18.2199 16.1558 11.6106 1 0 0 1 0 0.1225 0 0 0 0 0 0 0 0.0247254 0.571565 0.820184 -0.921953 -0.304167 0.23976 0.386511 -0.762099 0.519436 0 0 0 
-1 18.2204 16.1586 11.6148 1 0 0 1 0 0.118438 0 0 0 0 0 0 0 0.0492756 0.521901 0.851582 -0.658234 0.658234 -0.365318 -0.751199 -0.542538 0.375968 0 0 0 
-1 18.2204 16.1611 11.6192 1 0 0 1 0 0.118594 0 0 0 0 0 0 0 0.0444429 0.5184 0.853982 0.587217 0.678006 -0.442136 -0.808209 0.521123 -0.274281 0 0 0 
-1 18.2208 16.1638 11.6234 1 0 0 1 0 0.118594 0 0 0 0 0 0 0 0.0689901 0.50232 0.861925 -0.411228 0.801485 -0.434181 -0.908918 -0.324494 0.261863 0 0 0 
-1 18.2211 16.1661 11.628 1 0 0 1 0 0.118594 0 0 0 0 0 0 0 0.0245641 0.485891 0.873674 -0.295848 0.838325 -0.457913 -0.954919 -0.247226 0.164342 0 0 0 
-1 18.2211 16.1688 11.6323 1 0 0 1 0 0.118594 0 0 0 0 0 0 0 -0.0246322 0.472518 0.880977 -0.981502 -0.178794 0.0684545 0.189859 -0.862995 0.468181 0 0 0 
-1 18.2209 16.1709 11.6369 1 0 0 1 0 0.118594 0 0 0 0 0 0 0 -0.0298136 0.495935 0.867848 -0.995421 0.0641541 -0.0708572 -0.0908165 -0.865987 0.491751 0 0 0 
-1 18.2208 16.1737 11.6411 1 0 0 1 0 0.116485 0 0 0 0 0 0 0 -0.0248783 0.541862 0.840099 -0.962972 0.212677 -0.165693 -0.268452 -0.813114 0.516507 0 0 0 
-1 18.2206 16.1764 11.6454 1 0 0 1 0 0.116328 0 0 0 0 0 0 0 -0.0198784 0.5569 0.830342 -0.979263 -0.178323 0.0961552 0.201618 -0.811211 0.548896 0 0 0 
-1 18.2206 16.1793 11.6495 1 0 0 1 0 0.116328 0 0 0 0 0 0 0 0 0.474617 0.880192 -0.801748 -0.526058 0.283661 0.597662 -0.705692 0.380523 0 0 0 
-1 18.2206 16.1812 11.6543 1 0 0 1 0 0.116328 0 0 0 0 0 0 0 0.00991802 0.462841 0.886386 -0.994176 -0.090564 0.0584136 0.107311 -0.881803 0.459247 0 0 0 
-1 18.2207 16.184 11.6585 1 0 0 1 0 0.116328 0 0 0 0 0 0 0 0 0.54203 0.840359 -0.639646 -0.645959 0.416642 0.76867 -0.537532 0.346707 0 0 0 
-1 18.2206 16.1866 11.6628 1 0 0 1 0 0.116328 0 0 0 0 0 0 0 0.0050214 0.538507 0.842606 -0.999987 0.00279087 0.00417566 -0.000102985 -0.842616 0.538514 0 0 0 
-1 18.2208 16.1894 11.6669 1 0 0 1 0 0.115351 0 0 0 0 0 0 0 0.00502186 0.568384 0.822748 -0.984623 0.146485 -0.0951868 -0.174623 -0.809619 0.560379 0 0 0 
-1 18.2207 16.1923 11.671 1 0 0 1 0 0.115625 0 0 0 0 0 0 0 -0.0148723 0.472609 0.881147 -0.99988 -0.0107657 -0.0111021 0.00423925 -0.881207 0.472713 0 0 0 
-1 18.2206 16.1943 11.6758 1 0 0 1 0 0.115625 0 0 0 0 0 0 0 -0.0146609 0.431449 0.902018 -0.801389 0.53442 -0.268646 -0.597964 -0.726806 0.337923 0 0 0 
-1 18.2206 16.1968 11.6802 1 0 0 1 0 0.115625 0 0 0 0 0 0 0 0.0297025 0.484135 0.874489 -0.996095 0.0871095 -0.0143927 -0.0831443 -0.870646 0.484832 0 0 0 
-1 18.2209 16.1992 11.6847 1 0 0 1 0 0.115625 0 0 0 0 0 0 0 0.0346781 0.53592 0.843556 -0.358872 0.794445 -0.489967 -0.932742 -0.285738 0.219877 0 0 0 
-1 18.2209 16.2022 11.6887 1 0 0 1 0 0.115625 0 0 0 0 0 0 0 -0.00501842 0.523285 0.852143 -0.996324 -0.075492 0.0404906 0.0855181 -0.848808 0.52174 0 0 0 
-1 18.2208 16.2044 11.6933 1 0 0 1 0 0.115 0 0 0 0 0 0 0 0 0.472661 0.881244 -0.95223 0.269117 -0.144343 -0.305383 -0.839147 0.450082 0 0 0 
-1 18.2209 16.207 11.6976 1 0 0 1 0 0.115234 0 0 0 0 0 0 0 0.00996886 0.499802 0.866082 -0.960446 -0.236259 0.147396 0.278289 -0.833294 0.477678 0 0 0 
-1 18.221 16.2094 11.702 1 0 0 1 0 0.115234 0 0 0 0 0 0 0 0.0341645 0.42534 0.904389 -0.993435 0.113307 -0.0157607 -0.109177 -0.897913 0.426419 0 0 0 
-1 18.2212 16.2113 11.7069 1 0 0 1 0 0.115234 0 0 0 0 0 0 0 0.0394248 0.468433 0.882619 -0.992773 0.118559 -0.0185779 -0.113345 -0.875508 0.469722 0 0 0 
-1 18.2213 16.2142 11.7109 1 0 0 1 0 0.115234 0 0 0 0 0 0 0 0.0499968 0.549355 0.834092 -0.998733 0.0322413 0.0386306 -0.00567034 -0.834967 0.550271 0 0 0 
-1 18.2218 16.2168 11.7153 1 0 0 1 0 0.115234 0 0 0 0 0 0 0 0.0494152 0.483757 0.873806 -0.637141 -0.658475 0.400577 0.769162 -0.576532 0.275683 0 0 0 
-1 18.2219 16.2191 11.7198 1 0 0 1 0 0.114804 0 0 0 0 0 0 0 0.0198169 0.505558 0.862565 -0.914117 0.358609 -0.189183 -0.404967 -0.784736 0.469246 0 0 0 
-1 18.222 16.2219 11.724 1 0 0 1 0 0.114375 0 0 0 0 0 0 0 0.039893 0.543885 0.838211 -0.907397 -0.331527 0.258302 0.418377 -0.770894 0.480294 0 0 0 
-1 18.2222 16.2246 11.7282 1 0 0 1 0 0.114375 0 0 0 0 0 0 0 0.044961 0.534502 0.84397 -0.976879 0.20028 -0.0747994 -0.209011 -0.821094 0.531149 0 0 0 
-1 18.2224 16.2273 11.7324 1 0 0 1 0 0.114375 0 0 0 0 0 0 0 0.0246418 0.453018 0.891161 -0.984623 0.165215 -0.0567603 -0.172947 -0.876059 0.450123 0 0 0 
-1 18.2225 16.2292 11.7372 1 0 0 1 0 0.114375 0 0 0 0 0 0 0 0.0296442 0.47822 0.87774 -0.998507 0.0544767 0.0040423 -0.0458833 -0.876549 0.479121 0 0 0 
-1 18.2227 16.2321 11.7413 1 0 0 1 0 0.114375 0 0 0 0 0 0 0 0.0349093 0.579434 0.814271 -0.99939 0.0211238 0.0278141 -0.00108405 -0.814746 0.579818 0 0 0 
-1 18.2229 16.235 11.7454 1 0 0 1 0 0.114375 0 0 0 0 0 0 0 0.0343254 0.44698 0.893885 -0.993113 -0.0849932 0.080636 0.112017 -0.890497 0.440984 0 0 0 
-1 18.223 16.2367 11.7504 1 0 0 1 0 0.114375 0 0 0 0 0 0 0 0.0389751 0.409388 0.911528 -0.997994 0.0614857 0.0150577 -0.0498815 -0.910286 0.410963 0 0 0 
-1 18.2232 16.2391 11.7548 1 0 0 1 0 0.114375 0 0 0 0 0 0 0 0.0447453 0.516922 0.854862 -0.996526 -0.0370725 0.0745774 0.0702425 -0.855229 0.513467 0 0 0 
-1 18.2235 16.2418 11.759 1 0 0 1 0 0.114375 0 0 0 0 0 0 0 0.0493446 0.458544 0.887301 -0.998652 0.0369902 0.0364211 -0.0161207 -0.887902 0.459751 0 0 0 
-1 18.2238 16.2438 11.7638 1 0 0 1 0 0.114375 0 0 0 0 0 0 0 0.0494489 0.464338 0.884277 -0.997663 -0.018831 0.0656778 0.0471485 -0.885458 0.462321 0 0 0 
-1 18.224 16.2465 11.768 1 0 0 1 0 0.114375 0 0 0 0 0 0 0 0.0449119 0.543662 0.838102 -0.994874 -0.0517475 0.0868807 0.0906034 -0.837707 0.538551 0 0 0 
-1 18.2242 16.2492 11.7722 1 0 0 1 0 0.114375 0 0 0 0 0 0 0 0.054387 0.450505 0.891116 -0.801096 -0.513048 0.308265 0.59606 -0.730634 0.332995 0 0 0 
-1 18.2246 16.2511 11.7769 1 0 0 1 0 0.114375 0 0 0 0 0 0 0 0.0592243 0.444559 0.89379 -0.995675 -0.0379014 0.0848271 0.0715866 -0.894947 0.440391 0 0 0 
-1 18.2248 16.2537 11.7812 1 0 0 1 0 0.114375 0 0 0 0 0 0 0 0.0548128 0.497566 0.865692 -0.96926 -0.181752 0.165834 0.239855 -0.848171 0.472309 0 0 0 
-1 18.2251 16.2561 11.7857 1 0 0 1 0 0.114375 0 0 0 0 0 0 0 0.0641695 0.463948 0.883535 -0.997863 0.0407835 0.0510572 -0.0123458 -0.884923 0.465574 0 0 0 
-1 18.2255 16.2584 11.7901 1 0 0 1 0 0.114375 0 0 0 0 0 0 0 0.0645236 0.491349 0.86857 -0.994774 -0.0373509 0.0950283 0.0791339 -0.870162 0.486371 0 0 0 
-1 18.2257 16.2611 11.7944 1 0 0 1 0 0.114375 0 0 0 0 0 0 0 0.0599431 0.539793 0.839661 -0.929181 -0.277183 0.244526 0.364733 -0.794854 0.48495 0 0 0 
-1 18.226 16.2639 11.7985 1 0 0 1 0 0.114375 0 0 0 0 0 0 0 0.0696636 0.51837 0.852314 -0.993294 -0.0429878 0.107331 0.0922764 -0.854075 0.511899 0 0 0 
-1 18.2264 16.2663 11.8029 1 0 0 1 0 0.114375 0 0 0 0 0 0 0 0.0745345 0.471597 0.878658 -0.98774 0.156109 0 -0.137167 -0.867886 0.477451 0 0 0 
-1 18.2268 16.2686 11.8074 1 0 0 1 0 0.114375 0 0 0 0 0 0 0 0.0745394 0.471629 0.878641 -0.976219 -0.145354 0.160839 0.203571 -0.869735 0.449578 0 0 0 
-1 18.2272 16.271 11.8118 1 0 0 1 0 0.114375 0 0 0 0 0 0 0 0.0881284 0.411764 0.907019 -0.995998 0.0500216 0.0740652 -0.0148731 -0.909916 0.414525 0 0 0 
-1 18.2277 16.2728 11.8166 1 0 0 1 0 0.114375 0 0 0 0 0 0 0 0.0887197 0.453222 0.886971 -0.993609 -0.0221172 0.110688 0.0697834 -0.891123 0.448364 0 0 0 
-1 18.2281 16.2756 11.8208 1 0 0 1 0 0.114375 0 0 0 0 0 0 0 0.0799767 0.554048 0.828634 -0.472289 0.753126 -0.457978 -0.877808 -0.354728 0.321903 0 0 0 
-1 18.2285 16.2783 11.8249 1 0 0 1 0 0.114375 0 0 0 0 0 0 0 0.0851715 0.556138 0.826714 0.811226 0.443039 -0.381612 -0.578496 0.703155 -0.413419 0 0 0 
-1 18.229 16.2811 11.8291 1 0 0 1 0 0.114375 0 0 0 0 0 0 0 0.0900451 0.550191 0.83017 0.995524 -0.0737433 -0.0591074 0.0286991 0.831776 -0.554368 0 0 0 
-1 18.2294 16.2838 11.8333 1 0 0 1 0 0.114375 0 0 0 0 0 0 0 0.0896379 0.538588 0.837787 0.905622 0.306003 -0.293616 -0.414504 0.785038 -0.460328 0 0 0 
-1 18.2298 16.2865 11.8375 1 0 0 1 0 0.114375 0 0 0 0 0 0 0 0.0947242 0.528902 0.84338 0.883545 0.345668 -0.316011 -0.458668 0.775098 -0.434565 0 0 0 
-1 18.2304 16.2892 11.8417 1 0 0 1 0 0.114375 0 0 0 0 0 0 0 0.109638 0.503332 0.857109 0.993949 -0.0613593 -0.0911093 0.00673341 0.861912 -0.507014 0 0 0 
-1 18.2309 16.2916 11.8461 1 0 0 1 0 0.114375 0 0 0 0 0 0 0 0.109741 0.518722 0.84787 0.95963 0.166959 -0.226351 -0.258973 0.838482 -0.479459 0 0 0 
-1 18.2314 16.2943 11.8502 1 0 0 1 0 0.114375 0 0 0 0 0 0 0 0.100031 0.549558 0.829445 0.566962 -0.716531 0.40637 0.817648 0.429615 -0.383254 0 0 0 
-1 18.232 16.2971 11.8544 1 0 0 1 0 0.114375 0 0 0 0 0 0 0 0.109973 0.554745 0.82472 0.958017 0.161882 -0.236637 -0.264781 0.81612 -0.513653 0 0 0 
-1 18.2325 16.2999 11.8584 1 0 0 1 0 0.114375 0 0 0 0 0 0 0 0.129356 0.492526 0.86063 0.902248 0.30159 -0.308207 -0.411358 0.816371 -0.405368 0 0 0 
-1 18.2332 16.302 11.863 1 0 0 1 0 0.114375 0 0 0 0 0 0 0 0.134343 0.482574 0.865491 0.990869 -0.0754498 -0.111736 0.0113801 0.872599 -0.488304 0 0 0 
-1 18.2339 16.3048 11.8672 1 0 0 1 0 0.114375 0 0 0 0 0 0 0 0.134706 0.519321 0.843896 0.99087 -0.0753093 -0.111823 0.00548128 0.851255 -0.524724 0 0 0 
-1 18.2346 16.3072 11.8715 1 0 0 1 0 0.114375 0 0 0 0 0 0 0 0.134783 0.534559 0.834314 0.985355 0.0164442 -0.16972 -0.104445 0.844971 -0.524514 0 0 0 
-1 18.2352 16.3101 11.8755 1 0 0 1 0 0.114375 0 0 0 0 0 0 0 0.130135 0.570639 0.810824 0.816468 0.402299 -0.414169 -0.562535 0.71591 -0.413555 0 0 0 
-1 18.2359 16.313 11.8795 1 0 0 1 0 0.114375 0 0 0 0 0 0 0 0.134919 0.564525 0.814315 -0.00861739 0.822467 -0.568748 -0.990819 0.0697175 0.115831 0 0 0 
-1 18.2366 16.3158 11.8836 1 0 0 1 0 0.114375 0 0 0 0 0 0 0 0.139862 0.56417 0.813727 -0.9271 0.363225 -0.0924818 -0.347742 -0.741471 0.573843 0 0 0 
-1 18.2373 16.3186 11.8877 1 0 0 1 0 0.114375 0 0 0 0 0 0 0 0.14499 0.575075 0.80515 -0.796554 0.550552 -0.249787 -0.586923 -0.60513 0.537903 0 0 0 
-1 18.238 16.3215 11.8917 1 0 0 1 0 0.114375 0 0 0 0 0 0 0 0.150076 0.580302 0.800454 2.13609e-11 0.809623 -0.58695 -0.988675 0.0880868 0.121505 0 0 0 
-1 18.2388 16.3244 11.8957 1 0 0 1 0 0.114375 0 0 0 0 0 0 0 0.145295 0.580721 0.801032 0.761798 0.450942 -0.465097 -0.631311 0.677801 -0.376873 0 0 0 
-1 18.2395 16.3273 11.8997 1 0 0 1 0 0.114375 0 0 0 0 0 0 0 0.159984 0.56475 0.809607 -0.567027 0.723933 -0.392938 -0.808013 -0.396205 0.436046 0 0 0 
-1 18.2404 16.3301 11.9038 1 0 0 1 0 0.114375 0 0 0 0 0 0 0 0.169825 0.569539 0.804229 -0.250664 0.814207 -0.523673 -0.953062 -0.112659 0.281036 0 0 0 
-1 18.2412 16.333 11.9078 1 0 0 1 0 0.114375 0 0 0 0 0 0 0 0.0845812 0.557295 0.825996 -0.803194 0.528718 -0.274476 -0.589683 -0.640219 0.492335 0 0 0 
-1 18.2413 16.3357 11.9121 1 0 0 1 0 0.114375 0 0 0 0 0 0 0 0.0794938 0.551754 0.83021 -0.514085 0.736239 -0.440077 -0.854047 -0.391815 0.342175 0 0 0 
-1 18.242 16.3386 11.9161 1 0 0 1 0 0.114375 0 0 0 0 0 0 0 0.129772 0.573922 0.808562 -0.991303 0.0930524 0.0930524 -0.0218339 -0.813606 0.581006 0 0 0 
-1 18.2425 16.3414 11.9202 1 0 0 1 0 0.114375 0 0 0 0 0 0 0 0.129459 0.562661 0.816488 -0.474915 0.758016 -0.447065 -0.870457 -0.329886 0.365348 0 0 0 
-1 18.2433 16.3442 11.9243 1 0 0 1 0 0.114375 0 0 0 0 0 0 0 0.159583 0.573768 0.803321 -0.740078 0.608069 -0.287291 -0.653313 -0.548673 0.52167 0 0 0 
-1 18.2442 16.3471 11.9283 1 0 0 1 0 0.114375 0 0 0 0 0 0 0 0.180332 0.59097 0.786279 -0.796396 0.556872 -0.235895 -0.577264 -0.58365 0.571068 0 0 0 
-1 18.2451 16.3501 11.9321 1 0 0 1 0 0.114375 0 0 0 0 0 0 0 0.190288 0.600975 0.776285 -0.915651 0.393841 -0.0804483 -0.35408 -0.695498 0.625227 0 0 0 
-1 18.246 16.3531 11.936 1 0 0 1 0 0.114375 0 0 0 0 0 0 0 0.199705 0.61939 0.759259 -0.791839 0.558429 -0.247282 -0.577156 -0.551828 0.601978 0 0 0 
-1 18.2471 16.3563 11.9397 1 0 0 1 0 0.114375 0 0 0 0 0 0 0 0.209742 0.628921 0.748643 0.57004 0.54343 -0.616229 -0.794394 0.556006 -0.24453 0 0 0 
-1 18.2481 16.3594 11.9435 1 0 0 1 0 0.114375 0 0 0 0 0 0 0 0.215059 0.625182 0.750264 0.803086 -0.550352 0.228398 0.5557 0.553408 -0.620433 0 0 0 
-1 18.2492 16.3626 11.9473 1 0 0 1 0 0.114375 0 0 0 0 0 0 0 0.219843 0.629931 0.744887 0.975078 -0.165283 -0.148005 0.0298843 0.75886 -0.650568 0 0 0 
-1 18.2503 16.3657 11.9509 1 0 0 1 0 0.114375 0 0 0 0 0 0 0 0.220242 0.640565 0.735642 -0.00997507 -0.752642 0.658354 0.975394 -0.152335 -0.159374 0 0 0 
-1 18.2514 16.3689 11.9546 1 0 0 1 0 0.114375 0 0 0 0 0 0 0 0.225017 0.639812 0.734853 3.00353e-11 -0.754194 0.656651 0.974355 -0.147758 -0.169707 0 0 0 
-1 18.2526 16.3722 11.9583 1 0 0 1 0 0.114375 0 0 0 0 0 0 0 0.229788 0.63908 0.734012 0.507309 -0.722282 0.470049 0.830563 0.26436 -0.490183 0 0 0 
-1 18.2537 16.3753 11.962 1 0 0 1 0 0.114375 0 0 0 0 0 0 0 0.235241 0.640803 0.730775 0.488563 -0.727942 0.481047 0.840219 0.243868 -0.484315 0 0 0 
-1 18.2549 16.3786 11.9656 1 0 0 1 0 0.114375 0 0 0 0 0 0 0 0.240721 0.642381 0.727598 0.969824 -0.18906 -0.153942 0.0386701 0.742699 -0.668507 0 0 0 
-1 18.2561 16.3818 11.9692 1 0 0 1 0 0.114375 0 0 0 0 0 0 0 0.240987 0.647584 0.722883 0.886485 -0.450061 0.107655 0.395057 0.614881 -0.682532 0 0 0 
-1 18.2574 16.385 11.9728 1 0 0 1 0 0.114375 0 0 0 0 0 0 0 0.244162 0.652518 0.71736 0.494391 -0.720151 0.486785 0.834243 0.235802 -0.498433 0 0 0 
-1 18.2586 16.3883 11.9764 1 0 0 1 0 0.114375 0 0 0 0 0 0 0 0.24961 0.654046 0.714086 0.503179 -0.717659 0.481431 0.827349 0.239143 -0.508237 0 0 0 
-1 18.2598 16.3916 11.9799 1 0 0 1 0 0.114375 0 0 0 0 0 0 0 0.255204 0.655649 0.71063 0.65688 -0.65688 0.370157 0.709492 0.372334 -0.598321 0 0 0 
-1 18.2612 16.3948 11.9835 1 0 0 1 0 0.114375 0 0 0 0 0 0 0 0.259051 0.65766 0.707372 -0.161966 -0.692424 0.703076 0.952187 -0.296702 -0.0728545 0 0 0 
-1 18.2624 16.3982 11.9871 1 0 0 1 0 0.114375 0 0 0 0 0 0 0 0.260822 0.657107 0.707236 -0.965333 0.185276 0.183862 -0.010217 -0.730673 0.682651 0 0 0 
-1 18.2638 16.4014 11.9906 1 0 0 1 0 0.114375 0 0 0 0 0 0 0 0.260941 0.667359 0.697526 -0.955044 0.283791 0.0857596 -0.140719 -0.688546 0.711409 0 0 0 
-1 18.265 16.4048 11.994 1 0 0 1 0 0.114375 0 0 0 0 0 0 0 0.263912 0.682038 0.682038 -0.847261 0.501862 -0.174018 -0.460976 -0.531939 0.710312 0 0 0 
-1 18.2664 16.4083 11.9974 1 0 0 1 0 0.114375 0 0 0 0 0 0 0 0.269457 0.688409 0.673414 -0.93774 0.0284164 0.346174 0.219173 -0.724766 0.653206 0 0 0 
-1 18.2677 16.4117 12.0007 1 0 0 1 0 0.114375 0 0 0 0 0 0 0 0.270249 0.685781 0.675774 -0.911905 0.407484 -0.0488384 -0.30886 -0.603044 0.735489 0 0 0 
-1 18.2691 16.4151 12.0041 1 0 0 1 0 0.114375 0 0 0 0 0 0 0 0.26558 0.676647 0.686744 -0.450848 0.716803 -0.531911 -0.852176 -0.168352 0.495433 0 0 0 
-1 18.2704 16.4184 12.0076 1 0 0 1 0 0.114375 0 0 0 0 0 0 0 0.26568 0.676667 0.686685 -0.569638 0.684831 -0.454445 -0.77777 -0.270425 0.567401 0 0 0 
-1 18.2717 16.4219 12.011 1 0 0 1 0 0.114375 0 0 0 0 0 0 0 0.275032 0.679875 0.679799 -0.651682 0.651682 -0.388099 -0.706872 -0.336273 0.622296 0 0 0 
-1 18.2732 16.4253 12.0144 1 0 0 1 0 0.114375 0 0 0 0 0 0 0 0.274919 0.679822 0.679898 -4.98858e-11 0.707146 -0.707067 -0.961467 0.194386 0.194408 0 0 0 
-1 18.2745 16.4286 12.0178 1 0 0 1 0 0.114375 0 0 0 0 0 0 0 0.279563 0.678874 0.678951 -0.313083 0.732951 -0.603955 -0.907647 -0.043724 0.41745 0 0 0 
-1 18.276 16.432 12.0212 1 0 0 1 0 0.114375 0 0 0 0 0 0 0 0.289745 0.679323 0.674217 -0.929379 0.368017 0.0285963 -0.228697 -0.634889 0.73798 0 0 0 
-1 18.2774 16.4355 12.0245 1 0 0 1 0 0.114375 0 0 0 0 0 0 0 0.290574 0.681625 0.671531 -0.923908 0.38244 0.0115891 -0.248921 -0.6238 0.740886 0 0 0 
-1 18.2789 16.4389 12.0279 1 0 0 1 0 0.114375 0 0 0 0 0 0 0 0.28962 0.679236 0.674358 -0.304039 0.73335 -0.608077 -0.907568 -0.0289194 0.418907 0 0 0 
-1 18.2803 16.4422 12.0313 1 0 0 1 0 0.114375 0 0 0 0 0 0 0 0.289775 0.679241 0.674287 -0.499098 0.708381 -0.499098 -0.816659 -0.191909 0.544278 0 0 0 
-1 18.2817 16.4457 12.0346 1 0 0 1 0 0.114375 0 0 0 0 0 0 0 0.29537 0.680541 0.670538 -0.0109142 0.70421 -0.709908 -0.955321 0.202367 0.21543 0 0 0 
-1 18.2833 16.449 12.038 1 0 0 1 0 0.114375 0 0 0 0 0 0 0 0.299774 0.6796 0.669536 0.787312 0.220112 -0.575926 -0.538772 0.699782 -0.469073 0 0 0 
-1 18.2847 16.4524 12.0413 1 0 0 1 0 0.114375 0 0 0 0 0 0 0 0.295147 0.685571 0.665493 0.955452 -0.211886 -0.205465 0.000147547 0.696489 -0.717568 0 0 0 
-1 18.2862 16.4559 12.0447 1 0 0 1 0 0.114375 0 0 0 0 0 0 0 0.295141 0.690443 0.66044 0.505367 -0.699434 0.505367 0.810861 0.18461 -0.555358 0 0 0 
-1 18.2877 16.4594 12.0479 1 0 0 1 0 0.114375 0 0 0 0 0 0 0 0.300726 0.691699 0.656594 0.953681 -0.212711 -0.212711 -0.00746722 0.690149 -0.723628 0 0 0 
-1 18.2892 16.4628 12.0512 1 0 0 1 0 0.114375 0 0 0 0 0 0 0 0.300771 0.686756 0.661743 0.944178 -0.312209 -0.105132 0.134402 0.656424 -0.742323 0 0 0 
-1 18.2907 16.4662 12.0546 1 0 0 1 0 0.114375 0 0 0 0 0 0 0 0.298812 0.677266 0.672326 0.913812 -1.47738e-11 -0.406138 -0.275064 0.735738 -0.618893 0 0 0 
-1 18.2922 16.4696 12.058 1 0 0 1 0 0.114375 0 0 0 0 0 0 0 0.299797 0.67462 0.674544 0.490195 -0.715519 0.497736 0.818432 0.181438 -0.545206 0 0 0 
-1 18.2937 16.4729 12.0613 1 0 0 1 0 0.114375 0 0 0 0 0 0 0 0.305383 0.675844 0.670803 0.915763 -0.401528 -0.0123547 0.260996 0.618069 -0.741533 0 0 0 
-1 18.2952 16.4764 12.0646 1 0 0 1 0 0.114375 0 0 0 0 0 0 0 0.304398 0.673513 0.673589 0.911271 6.62995e-11 -0.411808 -0.277358 0.739175 -0.613753 0 0 0 
-1 18.2967 16.4797 12.068 1 0 0 1 0 0.114375 0 0 0 0 0 0 0 0.305398 0.670837 0.675803 0.0107104 0.707244 -0.706888 -0.952164 0.223121 0.208806 0 0 0 
-1 18.2983 16.4831 12.0714 1 0 0 1 0 0.114375 0 0 0 0 0 0 0 0.309943 0.669764 0.674797 0.794209 0.207777 -0.571017 -0.522654 0.712913 -0.467534 0 0 0 
-1 18.2999 16.4864 12.0748 1 0 0 1 0 0.114375 0 0 0 0 0 0 0 0.314346 0.66372 0.678721 0.677501 0.343962 -0.65014 -0.664965 0.664203 -0.341548 0 0 0 
-1 18.3014 16.4897 12.0782 1 0 0 1 0 0.114375 0 0 0 0 0 0 0 0.320957 0.657067 0.682092 0.904832 -4.95989e-10 -0.425768 -0.279758 0.753832 -0.594536 0 0 0 
-1 18.3031 16.493 12.0816 1 0 0 1 0 0.114375 0 0 0 0 0 0 0 0.32099 0.65698 0.68216 2.32447e-14 0.720275 -0.693688 -0.947083 0.222667 0.231201 0 0 0 
-1 18.3046 16.4963 12.085 1 0 0 1 0 0.114375 0 0 0 0 0 0 0 0.325509 0.655909 0.681048 0.486348 0.501546 -0.715484 -0.81087 0.564123 -0.155742 0 0 0 
-1 18.3063 16.4995 12.0884 1 0 0 1 0 0.114375 0 0 0 0 0 0 0 0.331063 0.652025 0.6821 -0.684337 0.663599 -0.302191 -0.649677 -0.366742 0.665898 0 0 0 
-1 18.3079 16.5028 12.0918 1 0 0 1 0 0.114375 0 0 0 0 0 0 0 0.334314 0.653854 0.678756 -0.894228 0.447514 0.0093465 -0.297642 -0.610087 0.734304 0 0 0 
-1 18.3097 16.5061 12.0952 1 0 0 1 0 0.114375 0 0 0 0 0 0 0 0.328732 0.642418 0.692267 -0.939895 0.150847 0.306336 0.0923692 -0.751361 0.653394 0 0 0 
-1 18.3113 16.5092 12.0988 1 0 0 1 0 0.114375 0 0 0 0 0 0 0 0.32971 0.634269 0.699281 -0.889081 0.457733 0.00402255 -0.317533 -0.623044 0.714835 0 0 0 
-1 18.313 16.5124 12.1022 1 0 0 1 0 0.114375 0 0 0 0 0 0 0 -0.144298 -0.288595 0.946515 -0.974491 -0.124708 -0.186586 0.171886 -0.949295 -0.263238 0 0 0 
-1 18.3078 16.5024 12.121 1 0 0 1 0 0.114375 0 0 0 0 0 0 0 -0.143457 -0.293224 0.945219 -0.880141 0.474517 0.0136238 -0.452518 -0.829972 -0.326151 0 0 0 
-1 18.3096 16.5055 12.1246 1 0 0 1 0 0.114375 0 0 0 0 0 0 0 0.340155 0.610386 0.715349 -0.940029 0.241191 0.241191 -0.025316 -0.75449 0.655823 0 0 0 
-1 18.3113 16.5085 12.1282 1 0 0 1 0 0.114375 0 0 0 0 0 0 0 0.339967 0.605013 0.719988 -0.940029 0.241191 0.241191 -0.027731 -0.758806 0.650726 0 0 0 
-1 18.313 16.5115 12.1318 1 0 0 1 0 0.114375 0 0 0 0 0 0 0 0.339761 0.599615 0.724585 -0.940104 0.239197 0.242877 -0.027686 -0.763706 0.64497 0 0 0 
-1 18.3146 16.5145 12.1355 1 0 0 1 0 0.114375 0 0 0 0 0 0 0 0.339558 0.594227 0.729105 -0.519626 -0.527621 0.672015 0.784021 -0.607051 0.129618 0 0 0 
-1 18.3163 16.5175 12.1391 1 0 0 1 0 0.114375 0 0 0 0 0 0 0 0.350449 0.585711 0.730841 -0.331217 -0.652398 0.681669 0.87606 -0.480957 -0.0346344 0 0 0 
-1 18.3181 16.5204 12.1427 1 0 0 1 0 0.114375 0 0 0 0 0 0 0 0.360167 0.580328 0.73041 -0.932096 0.256123 0.256123 -0.0384395 -0.773059 0.633168 0 0 0 
-1 18.32 16.5233 12.1464 1 0 0 1 0 0.114375 0 0 0 0 0 0 0 0.359886 0.574841 0.734875 -0.923007 0.334312 0.190509 -0.136165 -0.746856 0.650896 0 0 0 
-1 18.3218 16.5261 12.1501 1 0 0 1 0 0.114375 0 0 0 0 0 0 0 0.355304 0.550438 0.755498 -0.907477 0.396934 0.137581 -0.224153 -0.73448 0.640542 0 0 0 
-1 18.3235 16.5288 12.1539 1 0 0 1 0 0.114375 0 0 0 0 0 0 0 0.31314 0.420805 0.851391 -0.948068 0.19115 0.25422 -0.0557665 -0.886783 0.458809 0 0 0 
-1 18.3249 16.5304 12.1588 1 0 0 1 0 0.114375 0 0 0 0 0 0 0 0.311712 0.399414 0.862151 -0.911292 -0.131247 0.390283 0.269039 -0.907327 0.323071 0 0 0 
-1 18.3267 16.5329 12.1628 1 0 0 1 0 0.114375 0 0 0 0 0 0 0 0.317191 0.380629 0.868626 -0.91147 0.375334 0.168366 -0.26194 -0.845131 0.465984 0 0 0 
-1 18.3282 16.5343 12.1677 1 0 0 1 0 0.114375 0 0 0 0 0 0 0 0.303445 0.337112 0.891222 -0.90688 0.389186 0.161563 -0.292386 -0.857257 0.423817 0 0 0 
-1 18.3298 16.5364 12.172 1 0 0 1 0 0.114375 0 0 0 0 0 0 0 0.168837 -0.0156974 0.985519 -0.929675 0.329603 0.164519 -0.327412 -0.943989 0.0410555 0 0 0 
-1 18.3303 16.5341 12.1803 1 0 0 1 0 0.114375 0 0 0 0 0 0 0 0.0701032 -0.280146 0.957394 -0.878322 0.437655 0.192377 -0.472901 -0.854387 -0.215377 0 0 0 
-1 18.3311 16.5316 12.1884 1 0 0 1 0 0.114375 0 0 0 0 0 0 0 0.210078 -0.00813682 0.977651 -0.864492 0.465502 0.189636 -0.456642 -0.885009 0.0907575 0 0 0 
-1 18.333 16.534 12.1924 1 0 0 1 0 0.114375 0 0 0 0 0 0 0 0.124902 -0.166501 0.978099 -0.829055 0.524036 0.195075 -0.545039 -0.835263 -0.072585 0 0 0 
-1 18.3329 16.5292 12.2025 1 0 0 1 0 0.114375 0 0 0 0 0 0 0 0.0281503 -0.30931 0.950545 -0.513734 0.81125 0.279197 -0.857487 -0.496187 -0.136066 0 0 0 
-1 18.3335 16.5285 12.2092 1 0 0 1 0 0.114375 0 0 0 0 0 0 0 0.0476424 -0.297947 0.953393 -0.905076 0.390918 0.167395 -0.422573 -0.870868 -0.25104 0 0 0 
-1 18.3337 16.5242 12.2185 1 0 0 1 0 0.114375 0 0 0 0 0 0 0 0.105245 -0.175479 0.978841 -0.9938 -0.0540302 0.0971671 0.0358361 -0.982999 -0.180078 0 0 0 
-1 18.3349 16.526 12.2232 1 0 0 1 0 0.114375 0 0 0 0 0 0 0 0.0966532 0.0120509 0.995245 -0.26402 0.964416 0.0139627 -0.959662 -0.264114 0.0963956 0 0 0 
-1 18.3349 16.5243 12.2309 1 0 0 1 0 0.114375 0 0 0 0 0 0 0 -0.0149135 -0.0185565 0.999717 -0.98733 -0.157697 -0.0176558 0.157979 -0.987313 -0.0159696 0 0 0 
-1 18.3348 16.5258 12.2366 1 0 0 1 0 0.114375 0 0 0 0 0 0 0 0.0247187 -0.262754 0.964546 -0.338522 0.90564 0.255382 -0.940634 -0.332833 -0.0665616 0 0 0 
-1 18.3352 16.5201 12.2465 1 0 0 1 0 0.114375 0 0 0 0 0 0 0 -0.158788 -0.322496 0.933158 -0.985756 -0.00127894 -0.16818 0.0554307 -0.94657 -0.317699 0 0 0 
ObjectType = Tube
NDims = 3
ID = 84
ParentID = 159
Color = 1 0.3 0.21 1
BinaryData = False
TransformMatrix = 1 0 0 0 1 0 0 0 1
Offset = 0 0 0
CenterOfRotation = 0 0 0
ElementSpacing = 1 1 1
Root = False
Artery = True
PointDim = id x y z red green blue alpha mark r rn mn bn cv lv ro in tx ty tz v1x v1y v1z v2x v2y v2z a1 a2 a3
NPoints = 514
Points = 
-1 21.5133 17.7669 10.7367 1 0 0 1 0 0.15 0 0 0 0 0 0 0 -0.563717 -0.716336 0.4112 -0.785848 0.61842 0 -0.254294 -0.323141 -0.911545 0 0 0 
-1 21.512 17.765 10.7376 1 0 0 1 0 0.15 0 0 0 0 0 0 0 -0.563717 -0.716336 0.4112 -0.785106 0.310061 -0.536163 0.256576 -0.62508 -0.737187 0 0 0 
-1 21.5091 17.7615 10.7397 1 0 0 1 0 0.15 0 0 0 0 0 0 0 -0.570137 -0.700004 0.430044 -0.658546 0.076442 -0.748648 0.491183 -0.710036 -0.504568 0 0 0 
-1 21.5063 17.7581 10.742 1 0 0 1 0 0.15 0 0 0 0 0 0 0 -0.565856 -0.706135 0.425653 -0.659221 0.0774007 -0.747955 0.495212 -0.703834 -0.509297 0 0 0 
-1 21.5035 17.7544 10.744 1 0 0 1 0 0.15 0 0 0 0 0 0 0 -0.570076 -0.700082 0.429998 -0.807389 0.38047 -0.450962 0.152109 -0.604258 -0.782135 0 0 0 
-1 21.5005 17.751 10.7463 1 0 0 1 0 0.15 0 0 0 0 0 0 0 -0.575633 -0.675697 0.460522 -0.43918 -0.21959 -0.871149 0.689759 -0.703714 -0.170349 0 0 0 
-1 21.4977 17.7477 10.7486 1 0 0 1 0 0.15 0 0 0 0 0 0 0 -0.568337 -0.68307 0.458702 -0.675194 0.0685827 -0.734445 0.470218 -0.727126 -0.500183 0 0 0 
-1 21.4949 17.7442 10.7508 1 0 0 1 0 0.15 0 0 0 0 0 0 0 -0.564354 -0.689174 0.454471 -0.784819 0.277149 -0.554298 0.256052 -0.669498 -0.697287 0 0 0 
-1 21.4921 17.7408 10.7531 1 0 0 1 0 0.15 0 0 0 0 0 0 0 -0.56692 -0.682355 0.461512 -0.702926 0.108585 -0.702926 0.429532 -0.722911 -0.541204 0 0 0 
-1 21.4892 17.7374 10.7554 1 0 0 1 0 0.15 0 0 0 0 0 0 0 -0.569009 -0.67882 0.464147 -0.697415 0.697415 0.165 -0.435708 -0.229817 -0.870254 0 0 0 
-1 21.4863 17.734 10.7578 1 0 0 1 0 0.15 0 0 0 0 0 0 0 -0.568964 -0.678797 0.464235 0.0125794 0.557265 0.83024 -0.822266 0.478217 -0.308525 0 0 0 
-1 21.4835 17.7306 10.7601 1 0 0 1 0 0.15 0 0 0 0 0 0 0 -0.56557 -0.680762 0.465503 0.788195 -0.280117 0.547981 -0.242649 0.676829 0.694999 0 0 0 
-1 21.4807 17.7272 10.7624 1 0 0 1 0 0.15 0 0 0 0 0 0 0 -0.57075 -0.665773 0.480615 0.717601 -0.119926 0.686052 -0.399116 0.736454 0.546207 0 0 0 
-1 21.4778 17.7239 10.7649 1 0 0 1 0 0.15 0 0 0 0 0 0 0 -0.584433 -0.639462 0.499527 0.35475 0.352304 0.866045 -0.729788 0.683352 0.020951 0 0 0 
-1 21.4748 17.7208 10.7675 1 0 0 1 0 0.15 0 0 0 0 0 0 0 -0.579306 -0.644233 0.499368 0.740878 -0.160726 0.652125 -0.339859 0.747751 0.570408 0 0 0 
-1 21.472 17.7175 10.7699 1 0 0 1 0 0.15 0 0 0 0 0 0 0 -0.57129 -0.661357 0.48604 0.686571 -0.0606024 0.724532 -0.449719 0.747619 0.48869 0 0 0 
-1 21.4692 17.7142 10.7723 1 0 0 1 0 0.15 0 0 0 0 0 0 0 -0.575007 -0.655123 0.490083 0.813925 -0.51884 0.261401 0.0830255 0.549198 0.831558 0 0 0 
-1 21.4663 17.7109 10.7748 1 0 0 1 0 0.15 0 0 0 0 0 0 0 -0.574053 -0.649009 0.49925 0.303296 -0.734887 -0.606591 0.760575 -0.196795 0.618706 0 0 0 
-1 21.4634 17.7077 10.7773 1 0 0 1 0 0.15 0 0 0 0 0 0 0 -0.574177 -0.648977 0.499149 0.462955 -0.760191 -0.455832 0.675273 -0.0306453 0.736931 0 0 0 
-1 21.4605 17.7044 10.7798 1 0 0 1 0 0.15 0 0 0 0 0 0 0 -0.578848 -0.648749 0.494024 0.784384 -0.277395 0.554791 -0.22288 0.708644 0.669438 0 0 0 
-1 21.4576 17.7012 10.7823 1 0 0 1 0 0.15 0 0 0 0 0 0 0 -0.581163 -0.641252 0.501045 0.811457 -0.410075 0.416384 -0.061541 0.648563 0.758669 0 0 0 
-1 21.4547 17.698 10.7848 1 0 0 1 0 0.15 0 0 0 0 0 0 0 -0.581582 -0.636665 0.506379 0.738324 -0.674446 5.20998e-11 0.341525 0.373872 0.862311 0 0 0 
-1 21.4518 17.6949 10.7873 1 0 0 1 0 0.15 0 0 0 0 0 0 0 -0.580094 -0.635035 0.510119 0.576689 -0.762467 -0.293382 0.575257 0.123991 0.80852 0 0 0 
-1 21.4489 17.6917 10.7899 1 0 0 1 0 0.15 0 0 0 0 0 0 0 -0.57382 -0.633653 0.518859 0.816701 -0.395482 0.420231 -0.0610811 0.664889 0.74444 0 0 0 
-1 21.446 17.6885 10.7925 1 0 0 1 0 0.15 0 0 0 0 0 0 0 -0.573373 -0.638349 0.51357 0.131512 -0.690426 -0.711348 0.808671 -0.340327 0.479822 0 0 0 
-1 21.4431 17.6853 10.795 1 0 0 1 0 0.15 0 0 0 0 0 0 0 -0.57676 -0.636916 0.511553 0.750068 -0.66097 0.0227293 0.323644 0.396809 0.858951 0 0 0 
-1 21.4403 17.6821 10.7976 1 0 0 1 0 0.15 0 0 0 0 0 0 0 -0.57537 -0.635212 0.515223 0.364644 0.364644 0.856779 -0.732109 0.680838 0.0218211 0 0 0 
-1 21.4374 17.679 10.8002 1 0 0 1 0 0.15 0 0 0 0 0 0 0 -0.575212 -0.635359 0.515218 0.364659 0.364659 0.856766 -0.732233 0.680701 0.0219331 0 0 0 
-1 21.4346 17.6758 10.8027 1 0 0 1 0 0.15 0 0 0 0 0 0 0 -0.575212 -0.635359 0.515218 0.75763 -0.651287 0.0426944 0.308428 0.414903 0.855995 0 0 0 
-1 21.4317 17.6726 10.8053 1 0 0 1 0 0.15 0 0 0 0 0 0 0 -0.573875 -0.633562 0.518909 0.683408 -0.0213565 0.729724 -0.451243 0.773397 0.445237 0 0 0 
-1 21.4288 17.6695 10.808 1 0 0 1 0 0.15 0 0 0 0 0 0 0 -0.575546 -0.630687 0.520558 -4.49211e-11 0.636558 0.771229 -0.817769 0.443878 -0.366368 0 0 0 
-1 21.4259 17.6663 10.8105 1 0 0 1 0 0.15 0 0 0 0 0 0 0 -0.578902 -0.628858 0.519047 -0.705475 0.705475 0.0678978 -0.408873 -0.326869 -0.852044 0 0 0 
-1 21.423 17.6632 10.8132 1 0 0 1 0 0.15 0 0 0 0 0 0 0 -0.577377 -0.627637 0.522214 -0.485247 0.778161 0.39875 -0.656636 -0.0231736 -0.753851 0 0 0 
-1 21.4202 17.66 10.8158 1 0 0 1 0 0.15 0 0 0 0 0 0 0 -0.324907 -0.583855 0.744009 -0.536618 0.761603 0.363322 -0.778767 -0.281203 -0.560757 0 0 0 
-1 21.4195 17.6569 10.8211 1 0 0 1 0 0.15 0 0 0 0 0 0 0 -0.231198 -0.546789 0.804717 -0.45974 0.790354 0.404945 -0.85743 -0.276337 -0.434109 0 0 0 
-1 21.4176 17.6539 10.8248 1 0 0 1 0 0.15 0 0 0 0 0 0 0 -0.476445 -0.604327 0.638584 -0.442651 0.79243 0.41966 -0.759644 -0.0827251 -0.645056 0 0 0 
-1 21.4147 17.6508 10.8275 1 0 0 1 0 0.15 0 0 0 0 0 0 0 -0.580044 -0.609947 0.53992 -0.719139 0.694757 0.012284 -0.382606 -0.381153 -0.841627 0 0 0 
-1 21.4117 17.6478 10.8302 1 0 0 1 0 0.15 0 0 0 0 0 0 0 -0.570483 -0.600412 0.560405 -0.503409 0.794756 0.339031 -0.648944 -0.0887018 -0.755648 0 0 0 
-1 21.409 17.6448 10.8331 1 0 0 1 0 0.15 0 0 0 0 0 0 0 -0.558843 -0.598738 0.573766 -0.524676 0.791084 0.314485 -0.642191 -0.125294 -0.756236 0 0 0 
-1 21.4061 17.6418 10.8359 1 0 0 1 0 0.15 0 0 0 0 0 0 0 -0.576962 -0.602074 0.551926 -0.714697 0.699258 0.0156763 -0.395377 -0.385416 -0.833746 0 0 0 
-1 21.4032 17.6388 10.8386 1 0 0 1 0 0.15 0 0 0 0 0 0 0 -0.580133 -0.605164 0.545181 2.62052e-11 0.669327 0.742968 -0.814522 0.43102 -0.388299 0 0 0 
-1 21.4003 17.6357 10.8414 1 0 0 1 0 0.15 0 0 0 0 0 0 0 -0.58346 -0.603395 0.543589 -0.0246646 0.682183 0.730765 -0.811767 0.412965 -0.412909 0 0 0 
-1 21.3974 17.6327 10.8441 1 0 0 1 0 0.15 0 0 0 0 0 0 0 -0.593301 -0.598322 0.538521 0.695144 -0.0434749 0.717554 -0.405917 0.800075 0.441714 0 0 0 
-1 21.3944 17.6297 10.8468 1 0 0 1 0 0.15 0 0 0 0 0 0 0 -0.589939 -0.604889 0.534866 0 0.662415 0.749137 -0.807448 0.441945 -0.390784 0 0 0 
-1 21.3915 17.6267 10.8495 1 0 0 1 0 0.15 0 0 0 0 0 0 0 -0.586642 -0.606686 0.536454 -0.28304 0.774237 0.566079 -0.758775 0.180248 -0.625916 0 0 0 
-1 21.3885 17.6237 10.8521 1 0 0 1 0 0.15 0 0 0 0 0 0 0 -0.594671 -0.604737 0.529774 -0.80335 0.421088 -0.421088 0.031566 -0.676002 -0.736223 0 0 0 
-1 21.3855 17.6206 10.8547 1 0 0 1 0 0.15 0 0 0 0 0 0 0 -0.594431 -0.609525 0.52453 -0.437882 0.792442 0.424613 -0.674471 0.0227211 -0.737952 0 0 0 
-1 21.3826 17.6176 10.8574 1 0 0 1 0 0.15 0 0 0 0 0 0 0 -0.589692 -0.609669 0.529686 -0.709135 0.704739 0.0216843 -0.386511 -0.362832 -0.847917 0 0 0 
-1 21.3797 17.6145 10.8601 1 0 0 1 0 0.15 0 0 0 0 0 0 0 -0.591294 -0.611172 0.526156 -0.0117523 0.65889 0.752147 -0.80637 0.438557 -0.396781 0 0 0 
-1 21.3767 17.6115 10.8626 1 0 0 1 0 0.15 0 0 0 0 0 0 0 -0.594487 -0.609429 0.524578 -0.706225 0.707652 0.0217739 -0.384489 -0.357526 -0.851084 0 0 0 
-1 21.3737 17.6084 10.8653 1 0 0 1 0 0.15 0 0 0 0 0 0 0 -0.592885 -0.607939 0.528107 -0.717859 0.696174 -0.00450016 -0.364919 -0.381775 -0.849166 0 0 0 
-1 21.3708 17.6054 10.8679 1 0 0 1 0 0.15 0 0 0 0 0 0 0 -0.591502 -0.606492 0.531312 -0.494711 -0.247356 -0.833112 0.636699 -0.755634 -0.153727 0 0 0 
-1 21.3678 17.6024 10.8706 1 0 0 1 0 0.15 0 0 0 0 0 0 0 -0.598392 -0.598238 0.532952 -0.711058 0.0899929 -0.69735 0.36922 -0.796249 -0.479233 0 0 0 
-1 21.3648 17.5995 10.8733 1 0 0 1 0 0.15 0 0 0 0 0 0 0 -0.599885 -0.595003 0.534892 -0.0113529 -0.662146 -0.749289 0.800006 -0.45556 0.390456 0 0 0 
-1 21.3618 17.5964 10.8759 1 0 0 1 0 0.15 0 0 0 0 0 0 0 -0.603069 -0.593182 0.533332 -0.662468 -1.32927e-14 -0.74909 0.444347 -0.805068 -0.392964 0 0 0 
-1 21.3587 17.5935 10.8786 1 0 0 1 0 0.15 0 0 0 0 0 0 0 -0.604919 -0.589815 0.534968 -0.384628 -0.371827 -0.84487 0.697233 -0.716842 -0.00193421 0 0 0 
-1 21.3557 17.5905 10.8813 1 0 0 1 0 0.15 0 0 0 0 0 0 0 -0.599939 -0.594904 0.534941 0.417152 -0.803158 -0.425348 0.682683 -0.0320311 0.730012 0 0 0 
-1 21.3527 17.5876 10.884 1 0 0 1 0 0.15 0 0 0 0 0 0 0 -0.585372 -0.595448 0.550255 0.574872 -0.783412 -0.236195 0.571719 0.178064 0.800894 0 0 0 
-1 21.3499 17.5846 10.8868 1 0 0 1 0 0.15 0 0 0 0 0 0 0 -0.570526 -0.590689 0.570602 0.622076 -0.764424 -0.169341 0.53621 0.258344 0.803577 0 0 0 
-1 21.347 17.5816 10.8897 1 0 0 1 0 0.15 0 0 0 0 0 0 0 -0.580449 -0.595415 0.555481 0.596058 -0.775442 -0.208338 0.554791 0.21017 0.805007 0 0 0 
-1 21.3441 17.5786 10.8924 1 0 0 1 0 0.15 0 0 0 0 0 0 0 -0.58855 -0.598443 0.543576 0.595465 -0.77566 -0.20922 0.546836 0.200544 0.812867 0 0 0 
-1 21.3412 17.5756 10.8951 1 0 0 1 0 0.15 0 0 0 0 0 0 0 -0.580474 -0.59544 0.555429 0.424222 -0.80337 -0.417891 0.695043 -0.00694946 0.718934 0 0 0 
-1 21.3383 17.5727 10.8979 1 0 0 1 0 0.15 0 0 0 0 0 0 0 -0.575468 -0.595475 0.560577 0.65733 -0.744597 -0.116159 0.486574 0.301638 0.819915 0 0 0 
-1 21.3354 17.5697 10.9007 1 0 0 1 0 0.15 0 0 0 0 0 0 0 -0.58825 -0.603314 0.538493 0.504845 -0.794168 -0.338272 0.631738 0.0728675 0.771749 0 0 0 
-1 21.3324 17.5667 10.9033 1 0 0 1 0 0.15 0 0 0 0 0 0 0 -0.599493 -0.604524 0.524556 0.628287 -0.761457 -0.159498 0.495847 0.233954 0.836302 0 0 0 
-1 21.3294 17.5637 10.906 1 0 0 1 0 0.15 0 0 0 0 0 0 0 -0.590132 -0.600051 0.540077 0.0311028 -0.685388 -0.727514 0.806708 -0.412531 0.423132 0 0 0 
-1 21.3265 17.5606 10.9087 1 0 0 1 0 0.15 0 0 0 0 0 0 0 -0.583484 -0.60342 0.543535 0.551629 -0.785667 -0.280058 0.59603 0.13642 0.791288 0 0 0 
-1 21.3236 17.5576 10.9114 1 0 0 1 0 0.15 0 0 0 0 0 0 0 -0.589915 -0.604865 0.53492 0.671733 4.74066e-11 0.740793 -0.44808 0.796328 0.406308 0 0 0 
-1 21.3206 17.5546 10.9141 1 0 0 1 0 0.15 0 0 0 0 0 0 0 -0.591712 -0.601658 0.53655 0.692628 -0.0388726 0.720247 -0.412485 0.797808 0.439726 0 0 0 
-1 21.3176 17.5516 10.9167 1 0 0 1 0 0.15 0 0 0 0 0 0 0 -0.59503 -0.595183 0.54009 0.37551 0.388261 0.841574 -0.710586 0.70357 -0.00752999 0 0 0 
-1 21.3146 17.5486 10.9195 1 0 0 1 0 0.15 0 0 0 0 0 0 0 -0.600076 -0.590156 0.540023 0.376009 0.38776 0.841581 -0.706064 0.708066 -0.010781 0 0 0 
-1 21.3116 17.5457 10.9221 1 0 0 1 0 0.15 0 0 0 0 0 0 0 -0.595109 -0.595109 0.540085 0.803065 -0.414827 0.427791 -0.0305399 0.688305 0.724778 0 0 0 
-1 21.3087 17.5427 10.9248 1 0 0 1 0 0.15 0 0 0 0 0 0 0 -0.59488 -0.599915 0.534995 0.048942 -0.691368 -0.720843 0.802323 -0.402631 0.440642 0 0 0 
-1 21.3057 17.5397 10.9275 1 0 0 1 0 0.15 0 0 0 0 0 0 0 -0.601572 -0.596525 0.53129 -0.369906 -0.381466 -0.847144 0.708011 -0.706146 0.00882102 0 0 0 
-1 21.3027 17.5367 10.9302 1 0 0 1 0 0.15 0 0 0 0 0 0 0 -0.59658 -0.601475 0.531338 0.0519852 -0.689631 -0.722293 0.800868 -0.403284 0.442687 0 0 0 
-1 21.2997 17.5337 10.9328 1 0 0 1 0 0.15 0 0 0 0 0 0 0 -0.58987 -0.604822 0.535018 0.8073 -0.427031 0.407322 -0.0178883 0.672186 0.740166 0 0 0 
-1 21.2968 17.5307 10.9355 1 0 0 1 0 0.15 0 0 0 0 0 0 0 -0.589978 -0.600203 0.540076 0.0421492 -0.690874 -0.721746 0.806318 -0.403051 0.432899 0 0 0 
-1 21.2938 17.5277 10.9382 1 0 0 1 0 0.15 0 0 0 0 0 0 0 -0.583484 -0.60342 0.543535 0.718413 -0.695616 -0.00104244 0.378721 0.389874 0.839386 0 0 0 
-1 21.291 17.5247 10.941 1 0 0 1 0 0.15 0 0 0 0 0 0 0 -0.580444 -0.60029 0.550215 -0.170033 -0.571448 -0.80283 0.79635 -0.559552 0.229624 0 0 0 
-1 21.288 17.5217 10.9437 1 0 0 1 0 0.15 0 0 0 0 0 0 0 -0.580265 -0.600416 0.550267 0.715326 -0.698743 -0.00810161 0.38936 0.388919 0.83495 0 0 0 
-1 21.2852 17.5187 10.9465 1 0 0 1 0 0.15 0 0 0 0 0 0 0 -0.584951 -0.605096 0.540084 0.502253 -0.793096 -0.344587 0.636847 0.0696924 0.767834 0 0 0 
-1 21.2822 17.5156 10.9491 1 0 0 1 0 0.15 0 0 0 0 0 0 0 -0.59631 -0.606251 0.526188 0.793694 -0.54346 0.273315 0.120264 0.580613 0.805249 0 0 0 
-1 21.2792 17.5126 10.9517 1 0 0 1 0 0.15 0 0 0 0 0 0 0 -0.597531 -0.612268 0.517769 0.422143 -0.789194 -0.446058 0.681727 -0.0479609 0.730033 0 0 0 
-1 21.2762 17.5095 10.9543 1 0 0 1 0 0.15 0 0 0 0 0 0 0 -0.592684 -0.612592 0.52293 0.109508 -0.704511 -0.701193 0.797956 -0.358321 0.484637 0 0 0 
-1 21.2733 17.5065 10.957 1 0 0 1 0 0.15 0 0 0 0 0 0 0 -0.595975 -0.611107 0.520924 0.715915 -0.698187 -6.58402e-09 0.363703 0.372937 0.853603 0 0 0 
-1 21.2703 17.5034 10.9595 1 0 0 1 0 0.15 0 0 0 0 0 0 0 -0.595999 -0.611132 0.520868 0.80208 -0.422296 0.422296 -0.0381179 0.669466 0.741864 0 0 0 
-1 21.2673 17.5003 10.9621 1 0 0 1 0 0.15 0 0 0 0 0 0 0 -0.596255 -0.606348 0.526139 0.426128 -0.794481 -0.432683 0.680364 -0.0337874 0.732095 0 0 0 
-1 21.2643 17.4973 10.9648 1 0 0 1 0 0.15 0 0 0 0 0 0 0 -0.60105 -0.606094 0.52095 -0.666732 0.0208354 -0.745006 0.440689 -0.79512 -0.416626 0 0 0 
-1 21.2613 17.4943 10.9674 1 0 0 1 0 0.15 0 0 0 0 0 0 0 -0.599366 -0.609119 0.519359 -0.305241 -0.425959 -0.851696 0.74001 -0.669008 0.0693773 0 0 0 
-1 21.2583 17.4913 10.9699 1 0 0 1 0 0.15 0 0 0 0 0 0 0 -0.599366 -0.609119 0.519359 -0.0187631 -0.637945 -0.769853 0.800255 -0.471169 0.370934 0 0 0 
-1 21.2553 17.4882 10.9726 1 0 0 1 0 0.15 0 0 0 0 0 0 0 -0.595975 -0.611107 0.520924 0.234159 -0.752784 -0.615212 0.768104 -0.244672 0.591737 0 0 0 
-1 21.2523 17.4851 10.9752 1 0 0 1 0 0.15 0 0 0 0 0 0 0 -0.584486 -0.614679 0.529666 0.720941 -0.692943 -0.00860299 0.372317 0.37683 0.848162 0 0 0 
-1 21.2495 17.482 10.9778 1 0 0 1 0 0.15 0 0 0 0 0 0 0 -0.575207 -0.60528 0.550248 0.421747 -0.795812 -0.434527 0.700904 -0.0178777 0.713031 0 0 0 
-1 21.2466 17.4791 10.9806 1 0 0 1 0 0.15 0 0 0 0 0 0 0 -0.580258 -0.605135 0.54508 0.757016 -0.647587 0.086936 0.300378 0.463079 0.833865 0 0 0 
-1 21.2436 17.476 10.9833 1 0 0 1 0 0.15 0 0 0 0 0 0 0 -0.589214 -0.619078 0.5192 0.0111896 -0.648783 -0.760891 0.8079 -0.442518 0.389199 0 0 0 
-1 21.2407 17.4729 10.9858 1 0 0 1 0 0.15 0 0 0 0 0 0 0 -0.585793 -0.620944 0.520841 0.803273 -0.530231 0.271308 0.107699 0.577308 0.809393 0 0 0 
-1 21.2378 17.4698 10.9885 1 0 0 1 0 0.15 0 0 0 0 0 0 0 -0.584586 -0.614624 0.529619 0.810402 -0.411102 0.417426 -0.0388327 0.673226 0.738416 0 0 0 
-1 21.2348 17.4667 10.9911 1 0 0 1 0 0.15 0 0 0 0 0 0 0 -0.584845 -0.609862 0.534812 0.810682 -0.417198 0.41078 -0.0273966 0.673805 0.738401 0 0 0 
-1 21.232 17.4637 10.9938 1 0 0 1 0 0.15 0 0 0 0 0 0 0 -0.584641 -0.614529 0.529669 0.777382 -0.611118 0.149037 0.232102 0.498888 0.835008 0 0 0 
-1 21.229 17.4606 10.9965 1 0 0 1 0 0.15 0 0 0 0 0 0 0 -0.58888 -0.623753 0.513957 0.712724 -0.700635 -0.0336873 0.381109 0.346472 0.857154 0 0 0 
-1 21.226 17.4574 10.999 1 0 0 1 0 0.15 0 0 0 0 0 0 0 -0.585793 -0.620944 0.520841 0.439537 -0.783335 -0.439537 0.680921 -0.028549 0.7318 0 0 0 
-1 21.2232 17.4544 11.0016 1 0 0 1 0 0.15 0 0 0 0 0 0 0 -0.590628 -0.620725 0.515616 0.602019 -0.764438 -0.230669 0.537338 0.174171 0.825186 0 0 0 
-1 21.2201 17.4513 11.0041 1 0 0 1 0 0.15 0 0 0 0 0 0 0 -0.598397 -0.623197 0.503533 0.650795 -0.0115025 0.759167 -0.467319 0.78198 0.412457 0 0 0 
-1 21.2171 17.4482 11.0067 1 0 0 1 0 0.15 0 0 0 0 0 0 0 -0.600248 -0.620088 0.505167 0.674389 -0.0528193 0.736485 -0.430003 0.782752 0.449885 0 0 0 
-1 21.2141 17.445 11.0092 1 0 0 1 0 0.15 0 0 0 0 0 0 0 -0.596573 -0.626715 0.501326 0.716418 -0.697404 -0.0193059 0.361727 0.347642 0.865043 0 0 0 
-1 21.2112 17.4419 11.0117 1 0 0 1 0 0.15 0 0 0 0 0 0 0 -0.599396 -0.629427 0.494517 0.719265 -0.694627 -0.0123192 0.351259 0.348305 0.869081 0 0 0 
-1 21.2081 17.4387 11.0142 1 0 0 1 0 0.15 0 0 0 0 0 0 0 -0.595038 -0.625103 0.505149 0.719209 -0.694682 -0.0124526 0.358702 0.355898 0.862942 0 0 0 
-1 21.2052 17.4356 11.0168 1 0 0 1 0 0.15 0 0 0 0 0 0 0 -0.590628 -0.620725 0.515616 0.244468 -0.746586 -0.618745 0.769021 -0.239396 0.592702 0 0 0 
-1 21.2023 17.4326 11.0193 1 0 0 1 0 0.15 0 0 0 0 0 0 0 -0.579231 -0.624185 0.524294 0.442788 -0.780937 -0.440541 0.68442 -0.0230232 0.728725 0 0 0 
-1 21.1995 17.4294 11.022 1 0 0 1 0 0.15 0 0 0 0 0 0 0 -0.564611 -0.624533 0.539605 0.289547 -0.762111 -0.579094 0.772902 -0.170722 0.611127 0 0 0 
-1 21.1966 17.4263 11.0247 1 0 0 1 0 0.15 0 0 0 0 0 0 0 -0.572941 -0.622649 0.532961 0.779443 -0.614982 0.11944 0.253392 0.483845 0.837668 0 0 0 
-1 21.1937 17.4232 11.0273 1 0 0 1 0 0.15 0 0 0 0 0 0 0 -0.578569 -0.633518 0.513725 0.702681 -0.706946 -0.08042 0.414123 0.314456 0.854178 0 0 0 
-1 21.1908 17.4199 11.0299 1 0 0 1 0 0.15 0 0 0 0 0 0 0 -0.535289 -0.599724 0.594808 0.74845 -0.0103611 0.66311 -0.39152 0.80014 0.454409 0 0 0 
-1 21.1883 17.4171 11.0333 1 0 0 1 0 0.15 0 0 0 0 0 0 0 -0.53376 -0.602837 0.593033 0.726787 -0.685533 -0.042721 0.432298 0.408206 0.804044 0 0 0 
-1 21.1854 17.4139 11.0358 1 0 0 1 0 0.15 0 0 0 0 0 0 0 -0.339056 -0.41216 0.845675 0.84431 -0.529805 0.0802953 0.414948 0.741236 0.527624 0 0 0 
-1 21.1844 17.4123 11.0432 1 0 0 1 0 0.15 0 0 0 0 0 0 0 -0.332835 -0.401069 0.853443 0.723896 -0.688671 -0.0413226 0.604314 0.60405 0.519546 0 0 0 
-1 21.1815 17.4092 11.0459 1 0 0 1 0 0.15 0 0 0 0 0 0 0 -0.579714 -0.639653 0.504753 0.754467 -0.655348 0.0360174 0.30775 0.401699 0.862512 0 0 0 
-1 21.1786 17.4059 11.0483 1 0 0 1 0 0.15 0 0 0 0 0 0 0 -0.596038 -0.661143 0.455663 0.734753 -0.677959 -0.0225783 0.323849 0.321342 0.889866 0 0 0 
-1 21.1755 17.4025 11.0504 1 0 0 1 0 0.15 0 0 0 0 0 0 0 -0.605056 -0.670064 0.430025 2.23766e-09 -0.540108 -0.841595 0.796183 -0.509213 0.326796 0 0 0 
-1 21.1725 17.3992 11.0525 1 0 0 1 0 0.15 0 0 0 0 0 0 0 -0.60496 -0.670126 0.430065 4.56851e-13 -0.540108 -0.841595 0.796256 -0.509131 0.326744 0 0 0 
-1 21.1695 17.3958 11.0547 1 0 0 1 0 0.15 0 0 0 0 0 0 0 -0.605056 -0.670064 0.430025 -0.579226 -0 -0.815167 0.546214 -0.742304 -0.388118 0 0 0 
-1 21.1665 17.3925 11.0568 1 0 0 1 0 0.15 0 0 0 0 0 0 0 -0.605056 -0.670064 0.430025 -0.646598 0.0983978 -0.756458 0.464561 -0.735753 -0.492798 0 0 0 
-1 21.1635 17.3891 11.059 1 0 0 1 0 0.15 0 0 0 0 0 0 0 -0.601084 -0.676296 0.425819 -0.591734 0.0184917 -0.805921 0.537167 -0.736398 -0.411303 0 0 0 
-1 21.1604 17.3857 11.0611 1 0 0 1 0 0.15 0 0 0 0 0 0 0 -0.599196 -0.678875 0.424373 -0.751756 0.295096 -0.58973 0.275122 -0.672389 -0.687169 0 0 0 
-1 21.1574 17.3824 11.0632 1 0 0 1 0 0.15 0 0 0 0 0 0 0 -0.599196 -0.678875 0.424373 -0.0153018 -0.520259 -0.853871 0.800456 -0.51813 0.301349 0 0 0 
-1 21.1544 17.379 11.0654 1 0 0 1 0 0.15 0 0 0 0 0 0 0 -0.595798 -0.681065 0.425647 0.75265 -0.658421 3.06703e-09 0.280255 0.320363 0.90489 0 0 0 
-1 21.1515 17.3755 11.0675 1 0 0 1 0 0.15 0 0 0 0 0 0 0 -0.595818 -0.681087 0.425584 0.581238 -4.22956e-11 0.813733 -0.554223 0.732202 0.395874 0 0 0 
-1 21.1485 17.3722 11.0696 1 0 0 1 0 0.15 0 0 0 0 0 0 0 -0.593836 -0.683696 0.424169 -0.493761 0.725914 0.478799 -0.635263 0.0748899 -0.768656 0 0 0 
-1 21.1455 17.3687 11.0717 1 0 0 1 0 0.15 0 0 0 0 0 0 0 -0.589397 -0.684201 0.429512 -0.28325 0.672952 0.683305 -0.756558 0.281079 -0.590436 0 0 0 
-1 21.1426 17.3653 11.0739 1 0 0 1 0 0.15 0 0 0 0 0 0 0 -0.592692 -0.682968 0.426932 -0.713037 0.691429 0.116208 -0.374559 -0.235542 -0.896786 0 0 0 
-1 21.1397 17.3619 11.076 1 0 0 1 0 0.15 0 0 0 0 0 0 0 -0.593817 -0.683674 0.424231 -0.490379 0.725534 0.482834 -0.637895 0.0786813 -0.766093 0 0 0 
-1 21.1367 17.3584 11.0781 1 0 0 1 0 0.15 0 0 0 0 0 0 0 -0.589397 -0.684201 0.429512 -0.731523 0.677614 0.0755884 -0.342761 -0.269646 -0.899892 0 0 0 
-1 21.1337 17.3551 11.0803 1 0 0 1 0 0.15 0 0 0 0 0 0 0 -0.5868 -0.682151 0.436274 -0.741141 0.669489 0.0499493 -0.326154 -0.29403 -0.898426 0 0 0 
-1 21.1308 17.3517 11.0825 1 0 0 1 0 0.15 0 0 0 0 0 0 0 -0.589236 -0.684343 0.429505 0.304395 0.304395 0.9026 -0.748428 0.662584 0.0289501 0 0 0 
-1 21.1278 17.3482 11.0846 1 0 0 1 0 0.15 0 0 0 0 0 0 0 -0.584074 -0.688885 0.429296 -0.752043 0.65828 0.0331481 -0.305432 -0.303488 -0.902555 0 0 0 
-1 21.125 17.3447 11.0868 1 0 0 1 0 0.15 0 0 0 0 0 0 0 -0.575077 -0.6799 0.454996 -0.475721 0.730381 0.490136 -0.665564 0.0654153 -0.743468 0 0 0 
-1 21.1221 17.3414 11.0892 1 0 0 1 0 0.15 0 0 0 0 0 0 0 -0.57027 -0.680354 0.460338 -0.816919 0.41088 -0.404747 0.0862277 -0.606874 -0.790107 0 0 0 
-1 21.1193 17.3379 11.0914 1 0 0 1 0 0.15 0 0 0 0 0 0 0 -0.569644 -0.68464 0.454724 -0.0123182 -0.546091 -0.837635 0.821799 -0.482755 0.302644 0 0 0 
-1 21.1164 17.3346 11.0937 1 0 0 1 0 0.15 0 0 0 0 0 0 0 -0.573111 -0.682594 0.453441 0.735327 -0.672597 -0.0831119 0.361715 0.285795 0.887403 0 0 0 
-1 21.1135 17.3311 11.096 1 0 0 1 0 0.15 0 0 0 0 0 0 0 -0.570313 -0.680377 0.46025 0.817275 -0.413726 0.401115 -0.0824918 0.604912 0.792008 0 0 0 
-1 21.1107 17.3277 11.0983 1 0 0 1 0 0.15 0 0 0 0 0 0 0 -0.57087 -0.676179 0.465714 0.770297 -0.63741 0.0187582 0.284167 0.369446 0.884737 0 0 0 
-1 21.1078 17.3244 11.1006 1 0 0 1 0 0.15 0 0 0 0 0 0 0 -0.510108 -0.598269 0.617952 0.77239 -0.634729 0.0230815 0.378423 0.489074 0.785877 0 0 0 
-1 21.1055 17.3217 11.1046 1 0 0 1 0 0.15 0 0 0 0 0 0 0 -0.490806 -0.573398 0.65599 0.782337 -0.621427 0.0421512 0.383481 0.533894 0.753591 0 0 0 
-1 21.1027 17.3184 11.1074 1 0 0 1 0 0.15 0 0 0 0 0 0 0 -0.519698 -0.613968 0.594102 0.752882 -0.657814 -0.0212189 0.403836 0.436261 0.80411 0 0 0 
-1 21.1003 17.3154 11.1106 1 0 0 1 0 0.15 0 0 0 0 0 0 0 -0.410797 -0.494865 0.765738 0.688263 -0.719145 -0.0955203 0.597946 0.48779 0.63602 0 0 0 
-1 21.0984 17.3132 11.1156 1 0 0 1 0 0.15 0 0 0 0 0 0 0 -0.372516 -0.463323 0.804092 0.767804 -0.640546 -0.0133819 0.521258 0.612399 0.594355 0 0 0 
-1 21.0961 17.3104 11.1195 1 0 0 1 0 0.15 0 0 0 0 0 0 0 -0.421192 -0.52039 0.742826 0.787072 -0.616696 0.0142515 0.450682 0.590661 0.669332 0 0 0 
-1 21.0939 17.3077 11.1234 1 0 0 1 0 0.15 0 0 0 0 0 0 0 -0.425518 -0.526061 0.736339 0.770331 -0.637561 -0.0103297 0.474895 0.562829 0.676534 0 0 0 
-1 21.0917 17.3048 11.1271 1 0 0 1 0 0.15 0 0 0 0 0 0 0 -0.466441 -0.574473 0.672616 0.751266 -0.658688 -0.0415948 0.466939 0.485912 0.738821 0 0 0 
-1 21.0891 17.3018 11.1302 1 0 0 1 0 0.15 0 0 0 0 0 0 0 -0.34312 -0.443627 0.827927 0.717049 -0.693063 -0.0741948 0.606721 0.568206 0.555906 0 0 0 
-1 21.0879 17.3 11.1362 1 0 0 1 0 0.15 0 0 0 0 0 0 0 -0.243976 -0.349271 0.904702 0.764189 -0.643598 -0.0423857 0.597069 0.681022 0.423932 0 0 0 
-1 21.0863 17.2976 11.141 1 0 0 1 0 0.15 0 0 0 0 0 0 0 -0.410095 -0.535553 0.738245 0.714801 -0.691469 -0.104548 0.566464 0.484823 0.666382 0 0 0 
-1 21.0837 17.2945 11.1439 1 0 0 1 0 0.15 0 0 0 0 0 0 0 -0.379252 -0.508892 0.772786 0.742523 -0.665722 -0.0739886 0.552113 0.54575 0.63034 0 0 0 
-1 21.0823 17.2923 11.149 1 0 0 1 0 0.15 0 0 0 0 0 0 0 -0.246585 -0.374379 0.893888 0.676506 -0.726948 -0.117843 0.693928 0.575662 0.432524 0 0 0 
-1 21.0809 17.2902 11.154 1 0 0 1 0 0.15 0 0 0 0 0 0 0 -0.346157 -0.455127 0.820387 0.73322 -0.676773 -0.0660768 0.585289 0.578651 0.567978 0 0 0 
-1 21.0786 17.2875 11.1577 1 0 0 1 0 0.15 0 0 0 0 0 0 0 -0.402239 -0.510022 0.760317 0.706304 -0.701266 -0.0967466 0.582528 0.4981 0.642307 0 0 0 
-1 21.0768 17.285 11.1617 1 0 0 1 0 0.15 0 0 0 0 0 0 0 -0.105448 -0.239363 0.965187 0.634703 -0.763386 -0.119974 0.765527 0.599956 0.232422 0 0 0 
-1 21.0774 17.2846 11.1696 1 0 0 1 0 0.15 0 0 0 0 0 0 0 -0.0925167 -0.229206 0.968971 0.803622 -0.59177 -0.0632513 0.587906 0.772834 0.238943 0 0 0 
-1 21.0756 17.2822 11.1738 1 0 0 1 0 0.15 0 0 0 0 0 0 0 -0.143571 -0.295907 0.944366 0.764587 -0.639024 -0.0839924 0.628327 0.709991 0.317992 0 0 0 
-1 21.0757 17.2812 11.1804 1 0 0 1 0 0.15 0 0 0 0 0 0 0 -0.173959 -0.330087 0.927783 0.745852 -0.65934 -0.0947331 0.642995 0.675509 0.360895 0 0 0 
-1 21.0737 17.2785 11.1842 1 0 0 1 0 0.15 0 0 0 0 0 0 0 -0.366652 -0.525106 0.768004 0.695834 -0.70273 -0.148279 0.617561 0.480036 0.623044 0 0 0 
-1 21.072 17.2759 11.1882 1 0 0 1 0 0.15 0 0 0 0 0 0 0 -0.26467 -0.44283 0.856651 0.735289 -0.66743 -0.117842 0.623939 0.598697 0.502256 0 0 0 
-1 21.0709 17.2738 11.1931 1 0 0 1 0 0.15 0 0 0 0 0 0 0 -0.143933 -0.323679 0.935155 0.726111 -0.67659 -0.122425 0.672343 0.661406 0.332411 0 0 0 
-1 21.0704 17.2723 11.1986 1 0 0 1 0 0.15 0 0 0 0 0 0 0 -0.197063 -0.375364 0.905686 0.750565 -0.652084 -0.106947 0.630728 0.658701 0.410237 0 0 0 
-1 21.0689 17.2698 11.2027 1 0 0 1 0 0.15 0 0 0 0 0 0 0 -0.329725 -0.509838 0.794573 0.722309 -0.678183 -0.135419 0.607907 0.529276 0.591874 0 0 0 
-1 21.0671 17.2672 11.2065 1 0 0 1 0 0.15 0 0 0 0 0 0 0 -0.261723 -0.449313 0.854177 0.719319 -0.680884 -0.137756 0.643492 0.578372 0.501402 0 0 0 
-1 21.0662 17.2653 11.2114 1 0 0 1 0 0.15 0 0 0 0 0 0 0 0.256862 0.0764427 0.96342 0.6891 -0.71343 -0.127117 0.677616 0.696544 -0.23593 0 0 0 
-1 21.0713 17.2684 11.2223 1 0 0 1 0 0.15 0 0 0 0 0 0 0 0.332908 0.155852 0.92999 0.659935 -0.742969 -0.111727 0.673541 0.650928 -0.350193 0 0 0 
-1 21.0725 17.2682 11.229 1 0 0 1 0 0.15 0 0 0 0 0 0 0 0.0531448 -0.102173 0.993346 0.970933 0.237766 -0.0274897 -0.233375 0.965934 0.111839 0 0 0 
-1 21.0719 17.2672 11.2344 1 0 0 1 0 0.15 0 0 0 0 0 0 0 0.0493131 -0.0863293 0.995045 0.893154 0.44972 -0.00524618 -0.447039 0.888988 0.0992825 0 0 0 
-1 21.0731 17.2672 11.2411 1 0 0 1 0 0.15 0 0 0 0 0 0 0 0.0712293 -0.129926 0.988962 0.752356 -0.64397 -0.13879 0.654894 0.753938 0.0518814 0 0 0 
-1 21.0728 17.2656 11.2463 1 0 0 1 0 0.15 0 0 0 0 0 0 0 -0.1004 -0.320315 0.941976 0.671904 -0.72009 -0.17325 0.733802 0.615523 0.287518 0 0 0 
-1 21.0721 17.2639 11.2509 1 0 0 1 0 0.15 0 0 0 0 0 0 0 -0.168344 -0.376281 0.911083 0.885763 -0.463312 -0.027684 0.432533 0.802343 0.411291 0 0 0 
-1 21.0711 17.2619 11.2554 1 0 0 1 0 0.15 0 0 0 0 0 0 0 -0.105618 -0.259284 0.960009 0.655916 -0.743778 -0.128721 0.747408 0.61609 0.248624 0 0 0 
-1 21.0709 17.2612 11.261 1 0 0 1 0 0.15 0 0 0 0 0 0 0 -0.0278064 -0.194221 0.980564 0.942746 -0.331239 -0.0388749 0.332351 0.923341 0.192312 0 0 0 
-1 21.0708 17.2598 11.2661 1 0 0 1 0 0.15 0 0 0 0 0 0 0 -0.06757 -0.303844 0.950323 0.256466 -0.925782 -0.277763 0.964188 0.224957 0.140481 0 0 0 
-1 21.0702 17.258 11.2708 1 0 0 1 0 0.15 0 0 0 0 0 0 0 -0.107433 -0.312898 0.943691 0.695298 -0.702108 -0.153641 0.710647 0.639641 0.292986 0 0 0 
-1 21.0697 17.2565 11.2757 1 0 0 1 0 0.15 0 0 0 0 0 0 0 0.433175 0.238788 0.869103 -0.462179 -0.76899 0.441639 0.773789 -0.592988 -0.222744 0 0 0 
-1 21.0781 17.2623 11.2865 1 0 0 1 0 0.15 0 0 0 0 0 0 0 0.422145 0.247183 0.872178 0.68647 -0.715539 -0.129469 0.592075 0.653379 -0.471745 0 0 0 
-1 21.0773 17.261 11.2914 1 0 0 1 0 0.15 0 0 0 0 0 0 0 -0.0333037 -0.2088 0.977391 0.997634 0.0518979 0.0450804 -0.0601373 0.97658 0.206577 0 0 0 
-1 21.0777 17.2601 11.2968 1 0 0 1 0 0.15 0 0 0 0 0 0 0 -0.0290181 -0.27656 0.960558 0.648992 -0.736085 -0.192325 0.760242 0.617814 0.200845 0 0 0 
-1 21.077 17.2582 11.3013 1 0 0 1 0 0.15 0 0 0 0 0 0 0 -0.119274 -0.34811 0.929835 0.684871 -0.706892 -0.176793 0.718836 0.61573 0.322724 0 0 0 
-1 21.0765 17.2566 11.3061 1 0 0 1 0 0.15 0 0 0 0 0 0 0 -0.0048793 -0.24707 0.968985 0.984426 0.169099 0.0480737 -0.175732 0.954129 0.242397 0 0 0 
-1 21.077 17.2556 11.3113 1 0 0 1 0 0.15 0 0 0 0 0 0 0 -0.0238079 -0.142702 0.989479 0.797037 0.594741 0.104951 -0.603461 0.79115 0.0995794 0 0 0 
-1 21.0763 17.2551 11.3165 1 0 0 1 0 0.15 0 0 0 0 0 0 0 -0.0425296 -0.118074 0.992094 0.904391 0.417438 0.0884512 -0.424581 0.901002 0.0890313 0 0 0 
-1 21.0765 17.2544 11.3218 1 0 0 1 0 0.15 0 0 0 0 0 0 0 0.00486638 -0.217365 0.976078 0.792544 -0.594384 -0.136316 0.609795 0.774248 0.169379 0 0 0 
-1 21.0763 17.2528 11.3266 1 0 0 1 0 0.15 0 0 0 0 0 0 0 -0.0846059 -0.32855 0.940689 0.70295 -0.688775 -0.177342 0.706189 0.646254 0.289229 0 0 0 
-1 21.0756 17.251 11.3313 1 0 0 1 0 0.15 0 0 0 0 0 0 0 0.0663526 -0.184746 0.980544 0.71224 -0.679457 -0.176215 0.698793 0.710075 0.0865 0 0 0 
-1 21.077 17.2509 11.337 1 0 0 1 0 0.15 0 0 0 0 0 0 0 0.120155 -0.129322 0.984296 0.611868 -0.771129 -0.176006 0.78178 0.623407 -0.0135271 0 0 0 
-1 21.077 17.2497 11.3419 1 0 0 1 0 0.15 0 0 0 0 0 0 0 0.0335673 -0.197006 0.979827 0.842625 -0.521627 -0.133746 0.537453 0.830117 0.148493 0 0 0 
-1 21.0774 17.2488 11.3471 1 0 0 1 0 0.15 0 0 0 0 0 0 0 0 -0.248368 0.968666 0.531991 -0.820218 -0.210306 0.84675 0.515321 0.13213 0 0 0 
-1 21.077 17.2471 11.3519 1 0 0 1 0 0.15 0 0 0 0 0 0 0 -0.109264 -0.312788 0.943517 0.868487 -0.491762 -0.0624505 0.483519 0.812609 0.325384 0 0 0 
-1 21.0763 17.2457 11.3566 1 0 0 1 0 0.15 0 0 0 0 0 0 0 -0.0339815 -0.184747 0.982199 0.35897 -0.919442 -0.160523 0.93273 0.347125 0.0975625 0 0 0 
-1 21.0766 17.2452 11.3619 1 0 0 1 0 0.15 0 0 0 0 0 0 0 -0.00486122 -0.173825 0.984765 0.95447 0.292923 0.0564168 -0.298267 0.940203 0.164487 0 0 0 
-1 21.0762 17.2439 11.3668 1 0 0 1 0 0.15 0 0 0 0 0 0 0 0.00967617 -0.219426 0.975581 0.613668 -0.768995 -0.179047 0.789505 0.600416 0.127214 0 0 0 
-1 21.0767 17.243 11.372 1 0 0 1 0 0.15 0 0 0 0 0 0 0 0.0716175 -0.17162 0.982557 -0.562288 -0.820584 -0.102344 0.823835 -0.54515 -0.155268 0 0 0 
-1 21.077 17.2421 11.3771 1 0 0 1 0 0.15 0 0 0 0 0 0 0 -0.0142147 -0.114153 0.993362 0.259553 -0.959829 -0.106585 0.965624 0.256315 0.0432724 0 0 0 
-1 21.0765 17.2417 11.3824 1 0 0 1 0 0.15 0 0 0 0 0 0 0 0.0424192 -0.0989301 0.99419 0.995643 0.0868897 -0.0338349 -0.0830376 0.991294 0.102185 0 0 0 
-1 21.0774 17.2411 11.3877 1 0 0 1 0 0.15 0 0 0 0 0 0 0 0.0533355 -0.233046 0.971002 0.654654 -0.726107 -0.210229 0.754044 0.646883 0.113838 0 0 0 
-1 21.0771 17.2393 11.3924 1 0 0 1 0 0.15 0 0 0 0 0 0 0 0.0341593 -0.249407 0.967796 0.421912 -0.874242 -0.24019 0.905993 0.416529 0.0753644 0 0 0 
-1 21.0777 17.2385 11.3976 1 0 0 1 0 0.15 0 0 0 0 0 0 0 0.0724716 -0.231556 0.970118 0.276484 -0.929891 -0.242608 0.958282 0.285805 -0.00336922 0 0 0 
-1 21.0779 17.2369 11.4024 1 0 0 1 0 0.15 0 0 0 0 0 0 0 -0.0940339 -0.277415 0.956137 -0.639733 -0.719033 -0.271538 0.762823 -0.637206 -0.109858 0 0 0 
-1 21.0768 17.2357 11.4073 1 0 0 1 0 0.15 0 0 0 0 0 0 0 -0.123641 -0.252414 0.959687 0.609786 -0.782293 -0.127195 0.782863 0.569477 0.250642 0 0 0 
-1 21.0766 17.2344 11.4121 1 0 0 1 0 0.15 0 0 0 0 0 0 0 0.0748203 -0.102949 0.991869 0.938908 -0.327809 -0.10485 0.335938 0.939118 0.0721331 0 0 0 
-1 21.0776 17.2346 11.4178 1 0 0 1 0 0.15 0 0 0 0 0 0 0 0.0478505 -0.177354 0.982983 0.507986 -0.84302 -0.176829 0.860035 0.507803 0.0497544 0 0 0 
-1 21.0771 17.2325 11.4224 1 0 0 1 0 0.15 0 0 0 0 0 0 0 0.0847902 -0.155353 0.984213 0.894253 -0.423786 -0.143933 0.439456 0.89234 0.102992 0 0 0 
-1 21.0785 17.233 11.4283 1 0 0 1 0 0.15 0 0 0 0 0 0 0 0.11095 -0.101646 0.988614 0.284839 -0.949771 -0.129619 0.952133 0.295977 -0.0764248 0 0 0 
-1 21.0783 17.2314 11.4331 1 0 0 1 0 0.15 0 0 0 0 0 0 0 -0.00958995 -0.138037 0.990381 0.920328 -0.388522 -0.0452398 0.391029 0.911041 0.130765 0 0 0 
-1 21.0784 17.2315 11.4387 1 0 0 1 0 0.15 0 0 0 0 0 0 0 -0.0289608 -0.183026 0.982681 0.959654 -0.280168 -0.0238996 0.27969 0.942342 0.183756 0 0 0 
-1 21.078 17.2295 11.4433 1 0 0 1 0 0.15 0 0 0 0 0 0 0 -0.0850023 -0.370073 0.925106 0.807293 -0.569771 -0.15375 0.583997 0.733762 0.347189 0 0 0 
-1 21.0775 17.2278 11.448 1 0 0 1 0 0.15 0 0 0 0 0 0 0 0.088857 -0.140203 0.986128 0.976101 -0.18487 -0.114237 0.198321 0.972711 0.120425 0 0 0 
-1 21.079 17.2281 11.4538 1 0 0 1 0 0.15 0 0 0 0 0 0 0 0.113785 -0.013088 0.993419 0.989217 -0.0913078 -0.114507 0.0922056 0.995737 0.00255737 0 0 0 
-1 21.0788 17.2276 11.4593 1 0 0 1 0 0.15 0 0 0 0 0 0 0 0.101297 -0.138107 0.985224 0.99418 0.0505581 -0.0951309 -0.0366728 0.989126 0.142425 0 0 0 
-1 21.0801 17.2266 11.4646 1 0 0 1 0 0.15 0 0 0 0 0 0 0 0.105943 -0.298579 0.948487 0.631407 -0.71668 -0.296133 0.768181 0.630254 0.112598 0 0 0 
-1 21.08 17.2246 11.4691 1 0 0 1 0 0.15 0 0 0 0 0 0 0 0.0439884 -0.348167 0.9364 0.624532 -0.721999 -0.297788 0.779759 0.597911 0.185682 0 0 0 
-1 21.0805 17.223 11.4741 1 0 0 1 0 0.15 0 0 0 0 0 0 0 0.12357 -0.285139 0.950487 0.56928 -0.76417 -0.303256 0.812804 0.578567 0.0678955 0 0 0 
-1 21.0812 17.2215 11.4791 1 0 0 1 0 0.15 0 0 0 0 0 0 0 0.288864 -0.159427 0.944003 0.644635 -0.696621 -0.314906 0.707816 0.699502 -0.0984558 0 0 0 
-1 21.0839 17.2211 11.4851 1 0 0 1 0 0.15 0 0 0 0 0 0 0 0.213411 -0.231564 0.949123 0.616495 -0.721731 -0.314705 0.757885 0.65229 -0.0112668 0 0 0 
-1 21.0836 17.219 11.4896 1 0 0 1 0 0.15 0 0 0 0 0 0 0 0.0390407 -0.371185 0.927738 0.52782 -0.780689 -0.334562 0.848459 0.50274 0.16544 0 0 0 
-1 21.0842 17.2174 11.4946 1 0 0 1 0 0.15 0 0 0 0 0 0 0 0.127576 -0.316561 0.939954 0.67231 -0.669148 -0.316608 0.729194 0.672332 0.12746 0 0 0 
-1 21.0849 17.2156 11.4995 1 0 0 1 0 0.15 0 0 0 0 0 0 0 0.0195864 -0.411464 0.911216 0.49046 -0.790241 -0.367379 0.871244 0.45411 0.186329 0 0 0 
-1 21.0844 17.2132 11.5038 1 0 0 1 0 0.15 0 0 0 0 0 0 0 0.122961 -0.354596 0.926899 0.562143 -0.744814 -0.35951 0.817848 0.565256 0.10775 0 0 0 
-1 21.0863 17.2119 11.5093 1 0 0 1 0 0.15 0 0 0 0 0 0 0 0.261197 -0.252561 0.931659 0.581011 -0.729614 -0.360679 0.770845 0.635513 -0.043832 0 0 0 
-1 21.0875 17.2102 11.5146 1 0 0 1 0 0.15 0 0 0 0 0 0 0 0.0483108 -0.411454 0.910149 0.725432 -0.611913 -0.315136 0.686596 0.675476 0.26892 0 0 0 
-1 21.0868 17.2077 11.5188 1 0 0 1 0 0.15 0 0 0 0 0 0 0 0.0339446 -0.425488 0.904327 -0.254579 -0.878682 -0.403866 0.966456 -0.216514 -0.138147 0 0 0 
-1 21.0878 17.2059 11.5239 1 0 0 1 0 0.15 0 0 0 0 0 0 0 0.0432387 -0.427551 0.902957 0.285701 -0.860767 -0.421255 0.957343 0.276191 0.0849333 0 0 0 
-1 21.0872 17.2032 11.5282 1 0 0 1 0 0.15 0 0 0 0 0 0 0 0.0713759 -0.419243 0.905064 0.539204 -0.747152 -0.388618 0.839145 0.515752 0.172729 0 0 0 
-1 21.0886 17.2015 11.5334 1 0 0 1 0 0.15 0 0 0 0 0 0 0 0.356596 -0.215488 0.909068 0.577163 -0.714339 -0.39573 0.734658 0.665796 -0.130359 0 0 0 
-1 21.0917 17.2005 11.5398 1 0 0 1 0 0.15 0 0 0 0 0 0 0 0.311821 -0.255093 0.915257 0.563213 -0.72618 -0.394277 0.765218 0.638428 -0.0827669 0 0 0 
-1 21.0924 17.1983 11.5447 1 0 0 1 0 0.15 0 0 0 0 0 0 0 0.014585 -0.468342 0.883427 -0.23865 -0.859617 -0.45178 0.970996 -0.204241 -0.124308 0 0 0 
-1 21.0919 17.1956 11.5489 1 0 0 1 0 0.15 0 0 0 0 0 0 0 0.0475441 -0.475007 0.878697 0.532489 -0.732217 -0.424634 0.8451 0.488086 0.218123 0 0 0 
-1 21.0929 17.1933 11.5539 1 0 0 1 0 0.15 0 0 0 0 0 0 0 0.436113 -0.192624 0.879035 0.620657 -0.642926 -0.44881 0.651606 0.741311 -0.160835 0 0 0 
-1 21.0984 17.1928 11.5619 1 0 0 1 0 0.15 0 0 0 0 0 0 0 0.338753 -0.29635 0.892985 0.566766 -0.693307 -0.445086 0.751014 0.656888 -0.0668987 0 0 0 
-1 21.0973 17.1894 11.5655 1 0 0 1 0 0.15 0 0 0 0 0 0 0 0.00947042 -0.534714 0.84498 0.595184 -0.676016 -0.434463 0.803534 0.507033 0.311851 0 0 0 
-1 21.0984 17.1872 11.5707 1 0 0 1 0 0.15 0 0 0 0 0 0 0 0.226508 -0.377599 0.897838 0.530292 -0.725393 -0.438858 0.816997 0.575521 0.0359303 0 0 0 
-1 21.1 17.1849 11.5763 1 0 0 1 0 0.15 0 0 0 0 0 0 0 0.0823572 -0.471111 0.878221 0.538931 -0.720199 -0.436882 0.838314 0.509281 0.194583 0 0 0 
-1 21.0993 17.182 11.5803 1 0 0 1 0 0.15 0 0 0 0 0 0 0 -0.0334796 -0.536551 0.843204 0.476411 -0.750225 -0.45847 0.878585 0.386362 0.280736 0 0 0 
-1 21.0997 17.1793 11.5851 1 0 0 1 0 0.15 0 0 0 0 0 0 0 -0.0677211 -0.551212 0.831613 0.708016 -0.61382 -0.349198 0.702942 0.565147 0.431835 0 0 0 
-1 21.0986 17.1763 11.589 1 0 0 1 0 0.15 0 0 0 0 0 0 0 -0.117033 -0.589625 0.799153 0.631118 -0.665462 -0.398561 0.766807 0.457716 0.450004 0 0 0 
-1 21.0984 17.1733 11.5933 1 0 0 1 0 0.15 0 0 0 0 0 0 0 -0.132374 -0.598678 0.789976 0.328354 -0.778475 -0.53494 0.935233 0.188579 0.299628 0 0 0 
-1 21.0973 17.1702 11.597 1 0 0 1 0 0.15 0 0 0 0 0 0 0 -0.151853 -0.602481 0.783554 0.427619 -0.754762 -0.49747 0.891113 0.25952 0.372245 0 0 0 
-1 21.0969 17.1671 11.6012 1 0 0 1 0 0.15 0 0 0 0 0 0 0 -0.101156 -0.586821 0.803373 0.63328 -0.660768 -0.402917 0.767284 0.468003 0.438462 0 0 0 
-1 21.0962 17.1641 11.6053 1 0 0 1 0 0.15 0 0 0 0 0 0 0 -0.136013 -0.607537 0.78256 0.770037 -0.561819 -0.302329 0.623333 0.561479 0.54424 0 0 0 
-1 21.0955 17.1609 11.6093 1 0 0 1 0 0.15 0 0 0 0 0 0 0 -0.165725 -0.633743 0.755582 0.984355 -0.0598211 0.165728 -0.0598295 0.771227 0.633742 0 0 0 
-1 21.0945 17.1576 11.6131 1 0 0 1 0 0.15 0 0 0 0 0 0 0 -0.156171 -0.731726 0.663466 0.559474 -0.619096 -0.551098 0.814002 0.285127 0.506067 0 0 0 
-1 21.0939 17.1534 11.6161 1 0 0 1 0 0.15 0 0 0 0 0 0 0 0.250006 -0.50788 0.824351 0.964897 0.20142 -0.168535 -0.0804453 0.837549 0.540408 0 0 0 
-1 21.0977 17.1511 11.6237 1 0 0 1 0 0.15 0 0 0 0 0 0 0 0.247592 -0.483613 0.839534 0.577743 -0.621901 -0.528632 0.77776 0.61592 0.125426 0 0 0 
-1 21.0971 17.1472 11.627 1 0 0 1 0 0.15 0 0 0 0 0 0 0 -0.0806589 -0.68799 0.721224 0.874356 -0.396229 -0.280186 0.478535 0.608007 0.633508 0 0 0 
-1 21.0969 17.1439 11.6313 1 0 0 1 0 0.15 0 0 0 0 0 0 0 0 -0.577364 0.816487 0.978256 -0.169342 -0.119747 0.207403 0.798733 0.56481 0 0 0 
-1 21.0971 17.1408 11.636 1 0 0 1 0 0.15 0 0 0 0 0 0 0 0.00895319 -0.542346 0.840107 0.455086 -0.745884 -0.486368 0.890402 0.386676 0.240136 0 0 0 
-1 21.097 17.1378 11.6407 1 0 0 1 0 0.15 0 0 0 0 0 0 0 -0.127415 -0.595133 0.793462 0.520828 -0.720959 -0.457117 0.844099 0.355014 0.401823 0 0 0 
-1 21.0958 17.1344 11.6444 1 0 0 1 0 0.15 0 0 0 0 0 0 0 -0.292076 -0.653658 0.698157 0.698972 -0.644144 -0.310671 0.652786 0.397252 0.645028 0 0 0 
-1 21.0941 17.1311 11.6477 1 0 0 1 0 0.15 0 0 0 0 0 0 0 -0.337785 -0.680268 0.65049 -0.163911 -0.638035 -0.752359 0.926841 -0.360758 0.104015 0 0 0 
-1 21.0924 17.1276 11.6509 1 0 0 1 0 0.15 0 0 0 0 0 0 0 -0.302232 -0.693517 0.65398 0.300245 -0.720402 -0.625198 0.904714 0.00739935 0.425954 0 0 0 
-1 21.091 17.1241 11.6544 1 0 0 1 0 0.15 0 0 0 0 0 0 0 -0.334114 -0.693343 0.638469 -0.6687 -0.303012 -0.678988 0.664235 -0.653804 -0.362398 0 0 0 
-1 21.089 17.1206 11.6574 1 0 0 1 0 0.15 0 0 0 0 0 0 0 -0.3375 -0.689997 0.640311 -0.897849 0.440302 0.00122286 -0.282774 -0.57449 -0.768115 0 0 0 
-1 21.0876 17.1172 11.6608 1 0 0 1 0 0.15 0 0 0 0 0 0 0 -0.326795 -0.668245 0.668321 -0.291399 0.743939 0.601367 -0.89905 0.0017758 -0.437841 0 0 0 
-1 21.0857 17.1139 11.6641 1 0 0 1 0 0.15 0 0 0 0 0 0 0 -0.397666 -0.665962 0.631155 -0.430066 0.742929 0.512932 -0.810497 -0.0674623 -0.581845 0 0 0 
-1 21.0836 17.1105 11.6672 1 0 0 1 0 0.15 0 0 0 0 0 0 0 -0.347506 -0.660609 0.665459 -0.561309 0.715041 0.416712 -0.751114 -0.228719 -0.619287 0 0 0 
-1 21.0822 17.1073 11.6708 1 0 0 1 0 0.15 0 0 0 0 0 0 0 -0.267932 -0.633401 0.725958 -0.277664 0.772303 0.571359 -0.922559 -0.0484876 -0.382797 0 0 0 
-1 21.0809 17.104 11.6746 1 0 0 1 0 0.15 0 0 0 0 0 0 0 -0.288038 -0.63431 0.717415 -0.551807 0.722224 0.417014 -0.782651 -0.275759 -0.558045 0 0 0 
-1 21.0793 17.1007 11.6782 1 0 0 1 0 0.15 0 0 0 0 0 0 0 -0.270588 -0.62803 0.72963 -0.962569 0.18877 -0.194491 -0.0155865 -0.754946 -0.655602 0 0 0 
-1 21.0781 17.0975 11.6821 1 0 0 1 0 0.15 0 0 0 0 0 0 0 -0.270691 -0.633283 0.725037 -0.472415 0.743617 0.473136 -0.838779 -0.214445 -0.500462 0 0 0 
-1 21.0765 17.0942 11.6856 1 0 0 1 0 0.15 0 0 0 0 0 0 0 -0.325517 -0.646068 0.690388 -0.766307 0.607993 0.207649 -0.553906 -0.461456 -0.692998 0 0 0 
-1 21.0747 17.091 11.6891 1 0 0 1 0 0.15 0 0 0 0 0 0 0 -0.367148 -0.67964 0.635052 -0.729778 0.633793 0.256379 -0.576737 -0.369318 -0.728682 0 0 0 
-1 21.0728 17.0874 11.692 1 0 0 1 0 0.15 0 0 0 0 0 0 0 -0.40315 -0.701791 0.587332 -0.715068 0.642093 0.276395 -0.571094 -0.308554 -0.760688 0 0 0 
-1 21.0707 17.0839 11.6951 1 0 0 1 0 0.15 0 0 0 0 0 0 0 -0.328869 -0.657889 0.677516 5.06333e-11 0.717422 0.696639 -0.944375 0.229103 -0.235938 0 0 0 
-1 21.0694 17.0807 11.6989 1 0 0 1 0 0.15 0 0 0 0 0 0 0 -0.333268 -0.656813 0.676409 -0.58732 0.705847 0.396025 -0.737555 -0.265286 -0.620996 0 0 0 
-1 21.0673 17.0772 11.702 1 0 0 1 0 0.15 0 0 0 0 0 0 0 0.141101 -0.392519 0.908856 -0.647511 0.657859 0.384645 -0.748879 -0.642768 -0.161336 0 0 0 
-1 21.0714 17.0749 11.7121 1 0 0 1 0 0.15 0 0 0 0 0 0 0 0.3873 -0.15061 0.909569 -0.545913 0.757557 0.357892 -0.742953 -0.635156 0.211182 0 0 0 
-1 21.0772 17.0734 11.7252 1 0 0 1 0 0.15 0 0 0 0 0 0 0 0.207215 -0.291811 0.93376 -0.789728 0.513448 0.335711 -0.577401 -0.806981 -0.124057 0 0 0 
-1 21.075 17.07 11.7282 1 0 0 1 0 0.15 0 0 0 0 0 0 0 -0.317228 -0.810198 0.492895 0.467897 0.318363 0.82445 -0.824887 0.492163 0.278096 0 0 0 
-1 21.0739 17.0651 11.7302 1 0 0 1 0 0.15 0 0 0 0 0 0 0 -0.304747 -0.817531 0.488643 0.555283 0.264325 0.788539 -0.773816 0.51164 0.373408 0 0 0 
-1 21.0718 17.0615 11.7332 1 0 0 1 0 0.15 0 0 0 0 0 0 0 -0.453884 -0.698178 0.553657 0.694371 0.112262 0.710807 -0.558425 0.707067 0.433841 0 0 0 
-1 21.0694 17.0581 11.7358 1 0 0 1 0 0.15 0 0 0 0 0 0 0 -0.224974 -0.90438 0.362606 0.596223 0.166565 0.78535 -0.770652 0.392878 0.501739 0 0 0 
-1 21.0694 17.0516 11.7372 1 0 0 1 0 0.15 0 0 0 0 0 0 0 -0.133636 -0.944001 0.301667 0.602581 0.164265 0.780969 -0.786789 0.286145 0.546886 0 0 0 
-1 21.0679 17.0471 11.7393 1 0 0 1 0 0.15 0 0 0 0 0 0 0 -0.365315 -0.813265 0.452929 0.550377 0.203707 0.809684 -0.750753 0.545072 0.373185 0 0 0 
-1 21.0656 17.0433 11.7418 1 0 0 1 0 0.15 0 0 0 0 0 0 0 -0.45616 -0.738876 0.495964 0.675793 0.074985 0.733267 -0.578984 0.669656 0.465122 0 0 0 
-1 21.0633 17.0396 11.7443 1 0 0 1 0 0.15 0 0 0 0 0 0 0 -0.430555 -0.767294 0.475272 0.863573 -0.503316 -0.0302478 0.262421 0.397409 0.879319 0 0 0 
-1 21.0613 17.0355 11.7466 1 0 0 1 0 0.15 0 0 0 0 0 0 0 -0.42123 -0.753104 0.50537 0.581514 0.20334 0.787714 -0.695993 0.625689 0.352288 0 0 0 
-1 21.059 17.032 11.7494 1 0 0 1 0 0.15 0 0 0 0 0 0 0 -0.488202 -0.687313 0.537828 -0.145957 0.671881 0.726136 -0.860439 0.276001 -0.428332 0 0 0 
-1 21.0564 17.0287 11.752 1 0 0 1 0 0.15 0 0 0 0 0 0 0 -0.520998 -0.676167 0.520922 0.23831 0.470795 0.849447 -0.819615 0.566701 -0.0841461 0 0 0 
-1 21.0538 17.0253 11.7546 1 0 0 1 0 0.15 0 0 0 0 0 0 0 -0.529892 -0.669956 0.519975 0.700396 -2.51824e-11 0.713754 -0.478184 0.742401 0.469234 0 0 0 
-1 21.0511 17.0219 11.7572 1 0 0 1 0 0.15 0 0 0 0 0 0 0 -0.528107 -0.672717 0.518223 -1.44983e-11 0.610264 0.792198 -0.849178 0.418365 -0.322285 0 0 0 
-1 21.0485 17.0186 11.7598 1 0 0 1 0 0.15 0 0 0 0 0 0 0 -0.517234 -0.677998 0.522291 0.607216 0.139344 0.782222 -0.603123 0.721736 0.339618 0 0 0 
-1 21.0459 17.0152 11.7624 1 0 0 1 0 0.15 0 0 0 0 0 0 0 -0.505977 -0.691247 0.515913 -0 0.598127 0.801401 -0.862547 0.40549 -0.302638 0 0 0 
-1 21.0434 17.0117 11.7649 1 0 0 1 0 0.15 0 0 0 0 0 0 0 -0.509715 -0.68948 0.514594 0.516185 0.23343 0.824053 -0.68829 0.685658 0.236916 0 0 0 
-1 21.0408 17.0083 11.7675 1 0 0 1 0 0.15 0 0 0 0 0 0 0 -0.524474 -0.674498 0.519595 0.703795 -0 0.710403 -0.479166 0.738277 0.474708 0 0 0 
-1 21.0382 17.0049 11.7702 1 0 0 1 0 0.15 0 0 0 0 0 0 0 -0.524528 -0.674415 0.519649 0.764862 -0.641363 -0.0603354 0.373974 0.365812 0.852247 0 0 0 
-1 21.0356 17.0016 11.7727 1 0 0 1 0 0.15 0 0 0 0 0 0 0 -0.519954 -0.669929 0.529947 0.000365856 -0.620492 -0.784213 0.854194 -0.40756 0.322872 0 0 0 
-1 21.033 16.9982 11.7754 1 0 0 1 0 0.15 0 0 0 0 0 0 0 -0.519954 -0.669929 0.529947 0.473723 -0.74241 -0.473723 0.710799 0.00473403 0.70338 0 0 0 
-1 21.0304 16.9949 11.7781 1 0 0 1 0 0.15 0 0 0 0 0 0 0 -0.525002 -0.669945 0.524925 -0 -0.616759 -0.787152 0.851101 -0.413256 0.323799 0 0 0 
-1 21.0278 16.9915 11.7807 1 0 0 1 0 0.15 0 0 0 0 0 0 0 -0.525002 -0.669945 0.524925 -0.850227 0.384891 -0.359127 0.0385562 -0.634848 -0.771674 0 0 0 
-1 21.0252 16.9881 11.7833 1 0 0 1 0 0.15 0 0 0 0 0 0 0 -0.525261 -0.665433 0.530377 -0.849447 0.373121 -0.373121 0.0503924 -0.646513 -0.761237 0 0 0 
-1 21.0225 16.9848 11.786 1 0 0 1 0 0.15 0 0 0 0 0 0 0 -0.524891 -0.669999 0.524967 -0.850462 0.387683 -0.355551 0.0346976 -0.63309 -0.7733 0 0 0 
-1 21.0199 16.9814 11.7885 1 0 0 1 0 0.15 0 0 0 0 0 0 0 -0.524639 -0.674361 0.519607 -0.363291 -0.374643 -0.853031 0.769918 -0.636301 -0.0484366 0 0 0 
-1 21.0173 16.9781 11.7912 1 0 0 1 0 0.15 0 0 0 0 0 0 0 -0.530002 -0.669902 0.519933 -0.00600198 -0.610152 -0.792262 0.847975 -0.423021 0.319361 0 0 0 
-1 21.0146 16.9748 11.7937 1 0 0 1 0 0.15 0 0 0 0 0 0 0 -0.522724 -0.673498 0.522647 -0.700008 -0.010819 -0.714053 0.486568 -0.73911 -0.465799 0 0 0 
-1 21.0121 16.9714 11.7964 1 0 0 1 0 0.15 0 0 0 0 0 0 0 -0.520924 -0.676223 0.520924 0 -0.610264 -0.792198 0.853603 -0.412675 0.317901 0 0 0 
-1 21.0094 16.968 11.799 1 0 0 1 0 0.15 0 0 0 0 0 0 0 -0.524585 -0.674444 0.519554 0.0660608 -0.640671 -0.764969 0.848791 -0.366969 0.38064 0 0 0 
-1 21.0068 16.9646 11.8016 1 0 0 1 0 0.15 0 0 0 0 0 0 0 -0.514183 -0.678874 0.524162 0.857203 -0.427142 0.287667 0.0286019 0.597227 0.801562 0 0 0 
-1 21.0042 16.9612 11.8042 1 0 0 1 0 0.15 0 0 0 0 0 0 0 -0.514614 -0.689507 0.509659 0.363171 0.363171 0.858029 -0.77671 0.626647 0.0635159 0 0 0 
-1 21.0016 16.9578 11.8067 1 0 0 1 0 0.15 0 0 0 0 0 0 0 -0.509122 -0.693911 0.509198 -0.674307 0.689241 0.265059 -0.534888 -0.208409 -0.818817 0 0 0 
-1 20.9991 16.9543 11.8093 1 0 0 1 0 0.15 0 0 0 0 0 0 0 -0.493193 -0.687491 0.533026 -0.83838 0.539129 -0.0803655 -0.232119 -0.486514 -0.842274 0 0 0 
-1 20.9967 16.9508 11.812 1 0 0 1 0 0.15 0 0 0 0 0 0 0 -0.488771 -0.678282 0.548668 -0.629125 0.709743 0.316964 -0.604405 -0.190258 -0.773626 0 0 0 
-1 20.9943 16.9475 11.8148 1 0 0 1 0 0.15 0 0 0 0 0 0 0 -0.495259 -0.680294 0.540296 -0.69184 -0.0672994 -0.718908 0.52543 -0.729843 -0.437324 0 0 0 
-1 20.9917 16.944 11.8174 1 0 0 1 0 0.15 0 0 0 0 0 0 0 -0.465087 -0.72006 0.514983 -0.873702 0.467068 -0.135986 -0.142614 -0.513187 -0.846345 0 0 0 
-1 20.9896 16.9403 11.82 1 0 0 1 0 0.15 0 0 0 0 0 0 0 -0.468534 -0.732769 0.493482 -0.862903 0.259828 -0.433461 0.189406 -0.628918 -0.754047 0 0 0 
-1 20.987 16.9367 11.8224 1 0 0 1 0 0.15 0 0 0 0 0 0 0 -0.474973 -0.709942 0.519983 -0.417229 0.701931 0.577245 -0.774803 0.0572237 -0.629607 0 0 0 
-1 20.9848 16.9331 11.8252 1 0 0 1 0 0.15 0 0 0 0 0 0 0 -0.433174 -0.711979 0.552672 -0.505762 0.699559 0.504799 -0.746033 -0.0608553 -0.663122 0 0 0 
-1 20.9827 16.9296 11.828 1 0 0 1 0 0.15 0 0 0 0 0 0 0 -0.474507 -0.714276 0.514444 -0.81424 0.578215 0.0517883 -0.33445 -0.394306 -0.855959 0 0 0 
-1 20.9801 16.926 11.8303 1 0 0 1 0 0.15 0 0 0 0 0 0 0 0.00501837 -0.0821949 0.996604 -0.467252 0.880937 0.0750081 -0.88411 -0.466041 -0.0339848 0 0 0 
-1 20.9828 16.9279 11.8479 1 0 0 1 0 0.15 0 0 0 0 0 0 0 0.041851 -0.0627056 0.997154 -0.814815 0.575433 0.070384 -0.578209 -0.815441 -0.027011 0 0 0 
-1 20.981 16.9247 11.8518 1 0 0 1 0 0.15 0 0 0 0 0 0 0 -0.428357 -0.679421 0.595733 -0.764147 0.624243 0.162483 -0.482276 -0.385627 -0.786576 0 0 0 
-1 20.9785 16.921 11.854 1 0 0 1 0 0.15 0 0 0 0 0 0 0 -0.508501 -0.737951 0.443683 -0.756763 0.137196 -0.63913 0.410775 -0.660762 -0.628218 0 0 0 
-1 20.9759 16.9172 11.8562 1 0 0 1 0 0.15 0 0 0 0 0 0 0 -0.498796 -0.753141 0.428931 -0.814177 0.237466 -0.529835 0.297184 -0.613505 -0.731637 0 0 0 
-1 20.9734 16.9135 11.8583 1 0 0 1 0 0.15 0 0 0 0 0 0 0 -0.495223 -0.76039 0.420192 -0.0148062 -0.476207 -0.879208 0.86864 -0.441626 0.22457 0 0 0 
-1 20.971 16.9096 11.8604 1 0 0 1 0 0.15 0 0 0 0 0 0 0 -0.514962 -0.75009 0.414945 0.12696 -0.545463 -0.828463 0.847759 -0.373946 0.376124 0 0 0 
-1 20.9683 16.9059 11.8624 1 0 0 1 0 0.15 0 0 0 0 0 0 0 -0.525393 -0.745414 0.410268 -0.293679 -0.293679 -0.909673 0.79857 -0.598423 -0.0646155 0 0 0 
-1 20.9657 16.9022 11.8645 1 0 0 1 0 0.15 0 0 0 0 0 0 0 -0.519766 -0.749603 0.409803 -0.854179 0.464373 -0.233959 -0.0149253 -0.471649 -0.88166 0 0 0 
-1 20.9631 16.8984 11.8665 1 0 0 1 0 0.15 0 0 0 0 0 0 0 -0.5199 -0.754831 0.399917 -0.349286 -0.239391 -0.90592 0.779553 -0.610673 -0.139193 0 0 0 
-1 20.9605 16.8946 11.8685 1 0 0 1 0 0.15 0 0 0 0 0 0 0 -0.457281 -0.800318 0.387794 0.264981 -0.538864 -0.799631 0.848928 -0.262899 0.458482 0 0 0 
-1 20.9585 16.8904 11.8705 1 0 0 1 0 0.15 0 0 0 0 0 0 0 -0.463902 -0.798239 0.384199 -0.211391 -0.321416 -0.923041 0.860296 -0.509417 -0.0196351 0 0 0 
-1 20.9559 16.8867 11.8724 1 0 0 1 0 0.15 0 0 0 0 0 0 0 -0.494581 -0.779377 0.384657 -0.673175 0.0635703 -0.736746 0.54975 -0.623322 -0.556098 0 0 0 
-1 20.9536 16.8826 11.8743 1 0 0 1 0 0.15 0 0 0 0 0 0 0 -0.489777 -0.784773 0.379802 -0.871844 0.442007 -0.210991 -0.00229574 -0.434467 -0.900685 0 0 0 
-1 20.951 16.8788 11.8762 1 0 0 1 0 0.15 0 0 0 0 0 0 0 -0.489773 -0.789553 0.369769 -0.289982 -0.252449 -0.923136 0.822212 -0.559353 -0.105313 0 0 0 
-1 20.9487 16.8747 11.878 1 0 0 1 0 0.15 0 0 0 0 0 0 0 -0.430821 -0.826886 0.36146 0.0497658 -0.421697 -0.90537 0.901064 -0.372064 0.222827 0 0 0 
-1 20.9466 16.8704 11.8798 1 0 0 1 0 0.15 0 0 0 0 0 0 0 -0.439124 -0.823414 0.359387 -0.130157 -0.337493 -0.932286 0.888949 -0.456166 0.0410283 0 0 0 
-1 20.9443 16.8665 11.8816 1 0 0 1 0 0.15 0 0 0 0 0 0 0 -0.496209 -0.791885 0.355943 0.0189848 -0.419775 -0.90743 0.867996 -0.443517 0.22333 0 0 0 
-1 20.9417 16.8626 11.8834 1 0 0 1 0 0.15 0 0 0 0 0 0 0 -0.519672 -0.779508 0.349726 -0.756469 0.229549 -0.612423 0.397109 -0.582816 -0.708964 0 0 0 
-1 20.9391 16.8587 11.8851 1 0 0 1 0 0.15 0 0 0 0 0 0 0 -0.51369 -0.788115 0.339112 -0.422932 -0.111288 -0.899302 0.746492 -0.605384 -0.276151 0 0 0 
-1 20.9365 16.8546 11.8868 1 0 0 1 0 0.15 0 0 0 0 0 0 0 -0.490671 -0.806222 0.330527 -0.00265526 -0.377944 -0.925825 0.871341 -0.455153 0.183305 0 0 0 
-1 20.9342 16.8506 11.8884 1 0 0 1 0 0.15 0 0 0 0 0 0 0 -0.487018 -0.808121 0.331291 0.117982 -0.436711 -0.891832 0.865387 -0.395251 0.30803 0 0 0 
-1 20.9317 16.8466 11.89 1 0 0 1 0 0.15 0 0 0 0 0 0 0 -0.504888 -0.799737 0.324822 0.817797 -0.563597 -0.116474 0.276217 0.206832 0.938576 0 0 0 
-1 20.9291 16.8426 11.8916 1 0 0 1 0 0.15 0 0 0 0 0 0 0 -0.508074 -0.802093 0.313859 0.560267 -0.584536 -0.586872 0.654188 -0.122329 0.746373 0 0 0 
-1 20.9265 16.8386 11.8932 1 0 0 1 0 0.15 0 0 0 0 0 0 0 -0.512629 -0.80122 0.30864 -0.452702 -0.0532244 -0.890072 0.729571 -0.595999 -0.335429 0 0 0 
-1 20.924 16.8346 11.8948 1 0 0 1 0 0.15 0 0 0 0 0 0 0 -0.506018 -0.806571 0.305598 -0.642699 0.116303 -0.757239 0.575225 -0.579584 -0.577233 0 0 0 
-1 20.9215 16.8305 11.8962 1 0 0 1 0 0.15 0 0 0 0 0 0 0 -0.495939 -0.816526 0.295515 0.357321 -0.502061 -0.787564 0.791433 -0.28499 0.540753 0 0 0 
-1 20.919 16.8264 11.8977 1 0 0 1 0 0.15 0 0 0 0 0 0 0 -0.510652 -0.811054 0.285351 -0.634275 0.1313 -0.761877 0.580457 -0.570045 -0.58148 0 0 0 
-1 20.9164 16.8224 11.8991 1 0 0 1 0 0.15 0 0 0 0 0 0 0 -0.505592 -0.815974 0.280291 -0.205116 -0.201877 -0.957691 0.838036 -0.541694 -0.0653017 0 0 0 
-1 20.9139 16.8182 11.9005 1 0 0 1 0 0.15 0 0 0 0 0 0 0 -0.35889 -0.894825 0.265492 -0.322503 -0.14804 -0.93492 0.875893 -0.421156 -0.235454 0 0 0 
-1 20.9128 16.8133 11.9018 1 0 0 1 0 0.15 0 0 0 0 0 0 0 -0.310354 -0.916559 0.252191 -0.137885 -0.219082 -0.965915 0.940568 -0.334549 -0.0583871 0 0 0 
-1 20.9107 16.8088 11.9031 1 0 0 1 0 0.165 0 0 0 0 0 0 0 -0.451816 -0.853935 0.258181 -0.151608 -0.211697 -0.965505 0.879134 -0.475373 -0.0338156 0 0 0 
-1 20.9082 16.8047 11.9044 1 0 0 1 0 0.165 0 0 0 0 0 0 0 -0.488782 -0.832954 0.259385 -0.634085 0.134985 -0.761391 0.59919 -0.536626 -0.594141 0 0 0 
-1 20.9058 16.8004 11.9057 1 0 0 1 0 0.165 0 0 0 0 0 0 0 -0.483642 -0.837511 0.254296 0.480984 -0.497046 -0.722219 0.731263 -0.226983 0.643221 0 0 0 
-1 20.9033 16.7963 11.9069 1 0 0 1 0 0.165 0 0 0 0 0 0 0 -0.494453 -0.834046 0.244711 -0.299264 -0.10097 -0.948813 0.816062 -0.542376 -0.199675 0 0 0 
-1 20.9009 16.7921 11.9081 1 0 0 1 0 0.165 0 0 0 0 0 0 0 -0.45448 -0.859258 0.234786 -0.101635 -0.211837 -0.972006 0.88494 -0.465619 0.00894524 0 0 0 
-1 20.8988 16.7877 11.9093 1 0 0 1 0 0.165 0 0 0 0 0 0 0 -0.444737 -0.864318 0.234871 0.0256826 -0.27443 -0.961264 0.895293 -0.421478 0.144247 0 0 0 
-1 20.8965 16.7835 11.9105 1 0 0 1 0 0.17 0 0 0 0 0 0 0 -0.474801 -0.849548 0.229851 0.0845758 -0.304002 -0.94891 0.87602 -0.431104 0.216192 0 0 0 
-1 20.8941 16.7792 11.9116 1 0 0 1 0 0.17 0 0 0 0 0 0 0 -0.49469 -0.839478 0.224852 -0.284257 -0.0882017 -0.954682 0.821267 -0.536187 -0.194995 0 0 0 
-1 20.8915 16.7751 11.9128 1 0 0 1 0 0.17 0 0 0 0 0 0 0 -0.513153 -0.827126 0.229208 -0.849749 0.527188 -0 -0.120836 -0.194769 -0.973377 0 0 0 
-1 20.8889 16.7709 11.9139 1 0 0 1 0 0.17 0 0 0 0 0 0 0 -0.513162 -0.827141 0.229136 -0.337305 -0.0511368 -0.940006 0.789234 -0.559664 -0.252757 0 0 0 
-1 20.8863 16.7668 11.915 1 0 0 1 0 0.17 0 0 0 0 0 0 0 -0.485613 -0.845966 0.220275 -0.616348 0.152649 -0.772537 0.619915 -0.51092 -0.595538 0 0 0 
-1 20.8841 16.7624 11.9161 1 0 0 1 0 0.17 0 0 0 0 0 0 0 -0.474843 -0.854657 0.209965 0.106486 -0.29262 -0.950281 0.873604 -0.428876 0.229958 0 0 0 
-1 20.8816 16.7582 11.9172 1 0 0 1 0 0.175 0 0 0 0 0 0 0 -0.510666 -0.836135 0.200248 -0.33244 -0.0227686 -0.94285 0.792909 -0.548051 -0.266338 0 0 0 
-1 20.879 16.7541 11.9181 1 0 0 1 0 0.175 0 0 0 0 0 0 0 -0.478466 -0.857435 0.189409 -0.105577 -0.157963 -0.981785 0.871736 -0.489748 -0.0149458 0 0 0 
-1 20.8768 16.7496 11.9191 1 0 0 1 0 0.175 0 0 0 0 0 0 0 -0.447101 -0.874341 0.188756 -0.115686 -0.152727 -0.981474 0.886971 -0.460654 -0.032864 0 0 0 
-1 20.8745 16.7453 11.92 1 0 0 1 0 0.175 0 0 0 0 0 0 0 -0.490372 -0.850517 0.190149 0.127366 -0.285778 -0.949794 0.862156 -0.441534 0.248464 0 0 0 
-1 20.8719 16.7411 11.9209 1 0 0 1 0 0.175 0 0 0 0 0 0 0 -0.506355 -0.84214 0.185485 -0.410142 0.0459855 -0.910862 0.758543 -0.537294 -0.368682 0 0 0 
-1 20.8694 16.7369 11.9219 1 0 0 1 0 0.175 0 0 0 0 0 0 0 -0.495053 -0.850014 0.179998 0.407872 -0.410273 -0.81567 0.767179 -0.330383 0.549803 0 0 0 
-1 20.8669 16.7326 11.9228 1 0 0 1 0 0.175 0 0 0 0 0 0 0 -0.502974 -0.846546 0.174293 -0.0563668 -0.1691 -0.983986 0.862462 -0.504743 0.0373359 0 0 0 
-1 20.8643 16.7284 11.9236 1 0 0 1 0 0.175 0 0 0 0 0 0 0 -0.489497 -0.854295 0.174853 -0.0890229 -0.150513 -0.984592 0.867449 -0.49752 -0.00237618 0 0 0 
-1 20.862 16.724 11.9245 1 0 0 1 0 0.175 0 0 0 0 0 0 0 -0.464117 -0.868373 0.17471 0.627308 -0.461486 -0.627308 0.625364 -0.181547 0.758921 0 0 0 
-1 20.8597 16.7197 11.9254 1 0 0 1 0 0.175 0 0 0 0 0 0 0 -0.468451 -0.867091 0.169433 0.146221 -0.265224 -0.953035 0.871305 -0.421676 0.251031 0 0 0 
-1 20.8573 16.7154 11.9262 1 0 0 1 0 0.175 0 0 0 0 0 0 0 -0.484509 -0.859131 0.164754 -0.0771415 -0.145642 -0.986325 0.871378 -0.490593 0.00429023 0 0 0 
-1 20.8548 16.7111 11.927 1 0 0 1 0 0.175 0 0 0 0 0 0 0 -0.503823 -0.847976 0.164618 -0.124578 -0.11725 -0.985258 0.854776 -0.516904 -0.0465661 0 0 0 
-1 20.8523 16.7069 11.9279 1 0 0 1 0 0.17875 0 0 0 0 0 0 0 -0.509668 -0.844414 0.164933 -0.0203503 -0.179815 -0.98349 0.86013 -0.50461 0.0744617 0 0 0 
-1 20.8498 16.7027 11.9286 1 0 0 1 0 0.179688 0 0 0 0 0 0 0 -0.505869 -0.846632 0.16526 -0.0969176 -0.134585 -0.986151 0.857148 -0.51488 -0.0139713 0 0 0 
-1 20.8472 16.6984 11.9295 1 0 0 1 0 0.179688 0 0 0 0 0 0 0 -0.48445 -0.859144 0.164862 0.283511 -0.33247 -0.899492 0.827605 -0.389018 0.404642 0 0 0 
-1 20.8449 16.694 11.9303 1 0 0 1 0 0.179688 0 0 0 0 0 0 0 -0.49461 -0.854286 0.159864 -0.089501 -0.132895 -0.987081 0.864494 -0.502528 -0.0107279 0 0 0 
-1 20.8423 16.6898 11.9311 1 0 0 1 0 0.179688 0 0 0 0 0 0 0 -0.479013 -0.863168 0.159646 0.120789 -0.244953 -0.961981 0.869457 -0.441518 0.221598 0 0 0 
-1 20.8401 16.6854 11.9319 1 0 0 1 0 0.179688 0 0 0 0 0 0 0 -0.459044 -0.873021 0.164662 -0.695742 0.238004 -0.677715 0.552469 -0.425663 -0.716651 0 0 0 
-1 20.8377 16.6811 11.9327 1 0 0 1 0 0.164843 0 0 0 0 0 0 0 -0.462435 -0.870385 0.169069 -0.881929 0.431872 -0.188913 0.0914106 -0.236466 -0.96733 0 0 0 
-1 20.8355 16.6766 11.9336 1 0 0 1 0 0.164687 0 0 0 0 0 0 0 -0.465364 -0.861528 0.202992 0.0580146 -0.258535 -0.964258 0.883216 -0.436955 0.170294 0 0 0 
-1 20.833 16.6724 11.9348 1 0 0 1 0 0.164687 0 0 0 0 0 0 0 -0.483567 -0.852288 0.19942 0.636723 -0.498841 -0.587997 0.600622 -0.157361 0.783895 0 0 0 
-1 20.8306 16.6681 11.9356 1 0 0 1 0 0.164687 0 0 0 0 0 0 0 -0.505555 -0.845851 0.170148 0.817507 -0.406561 0.40791 -0.275855 0.345318 0.897028 0 0 0 
-1 20.8279 16.6639 11.9365 1 0 0 1 0 0.164687 0 0 0 0 0 0 0 -0.524187 -0.818652 0.234597 0.848463 -0.478411 0.22635 -0.0730681 0.317697 0.945373 0 0 0 
-1 20.8253 16.6599 11.938 1 0 0 1 0 0.164687 0 0 0 0 0 0 0 -0.524967 -0.815072 0.245086 0.833227 -0.550899 -0.0473537 0.173614 0.179353 0.968344 0 0 0 
-1 20.8227 16.6558 11.939 1 0 0 1 0 0.157343 0 0 0 0 0 0 0 -0.534673 -0.82458 0.184909 0.811749 -0.56198 -0.158874 0.23492 0.0651539 0.969829 0 0 0 
-1 20.82 16.6516 11.9398 1 0 0 1 0 0.1575 0 0 0 0 0 0 0 -0.528566 -0.822671 0.209357 0.844284 -0.535121 0.0288118 0.0883288 0.191986 0.977415 0 0 0 
-1 20.8174 16.6475 11.941 1 0 0 1 0 0.1575 0 0 0 0 0 0 0 -0.524977 -0.815087 0.245015 0.848092 -0.525214 0.0699275 0.0716881 0.244505 0.966994 0 0 0 
-1 20.8148 16.6435 11.9423 1 0 0 1 0 0.1575 0 0 0 0 0 0 0 -0.524422 -0.813224 0.252284 0.806166 -0.378881 0.454473 -0.274003 0.441718 0.854288 0 0 0 
-1 20.8095 16.6353 11.9448 1 0 0 1 0 0.1575 0 0 0 0 0 0 0 -0.517913 -0.823271 0.232362 0.849483 -0.462989 0.253022 -0.100725 0.328431 0.939142 0 0 0 
-1 20.8069 16.6311 11.9457 1 0 0 1 0 0.1575 0 0 0 0 0 0 0 -0.510902 -0.841566 0.175345 0.0980533 0.145594 0.984473 -0.854029 0.520162 0.00813396 0 0 0 
-1 20.8044 16.6269 11.9466 1 0 0 1 0 0.15375 0 0 0 0 0 0 0 -0.495425 -0.850805 0.17517 0.763365 -0.330201 0.555195 -0.414521 0.408776 0.813065 0 0 0 
-1 20.802 16.6226 11.9475 1 0 0 1 0 0.153594 0 0 0 0 0 0 0 -0.500453 -0.845746 0.185093 0.210155 0.088726 0.973634 -0.83987 0.526157 0.133335 0 0 0 
-1 20.7994 16.6185 11.9485 1 0 0 1 0 0.153594 0 0 0 0 0 0 0 -0.528536 -0.827492 0.189491 0.137088 0.137088 0.981027 -0.837769 0.544485 0.0409834 0 0 0 
-1 20.7967 16.6143 11.9494 1 0 0 1 0 0.153594 0 0 0 0 0 0 0 -0.539971 -0.81995 0.190035 0.835052 -0.493597 0.243002 -0.105449 0.289903 0.951229 0 0 0 
-1 20.794 16.6102 11.9503 1 0 0 1 0 0.153594 0 0 0 0 0 0 0 -0.541085 -0.81675 0.200365 0.636778 -0.553535 -0.536761 0.549309 -0.162845 0.819598 0 0 0 
-1 20.7913 16.6061 11.9514 1 0 0 1 0 0.153594 0 0 0 0 0 0 0 -0.538383 -0.817539 0.204385 -0.213601 -0.102224 -0.971558 0.81518 -0.566727 -0.119591 0 0 0 
-1 20.7886 16.602 11.9524 1 0 0 1 0 0.151797 0 0 0 0 0 0 0 -0.510666 -0.836135 0.200248 0.00572628 -0.236208 -0.971686 0.85976 -0.49506 0.125411 0 0 0 
-1 20.7862 16.5978 11.9534 1 0 0 1 0 0.152032 0 0 0 0 0 0 0 -0.479226 -0.853498 0.204654 0.0634159 -0.266234 -0.96182 0.875397 -0.447951 0.181712 0 0 0 
-1 20.7838 16.5935 11.9545 1 0 0 1 0 0.152032 0 0 0 0 0 0 0 -0.414639 -0.883669 0.217264 -0.768942 0.212562 -0.602948 0.486624 -0.417069 -0.767627 0 0 0 
-1 20.782 16.5889 11.9556 1 0 0 1 0 0.152032 0 0 0 0 0 0 0 -0.421451 -0.877708 0.228053 -0.131115 -0.189859 -0.973017 0.897323 -0.43998 -0.0350649 0 0 0 
-1 20.7796 16.5847 11.9567 1 0 0 1 0 0.152032 0 0 0 0 0 0 0 -0.505817 -0.831312 0.230368 -0.336043 -0.056069 -0.940176 0.794497 -0.552971 -0.250996 0 0 0 
-1 20.777 16.5805 11.9579 1 0 0 1 0 0.152032 0 0 0 0 0 0 0 -0.518436 -0.822378 0.234346 0.58543 -0.541099 -0.603725 0.623294 -0.1758 0.76197 0 0 0 
-1 20.7743 16.5764 11.9591 1 0 0 1 0 0.151015 0 0 0 0 0 0 0 -0.514156 -0.823563 0.239558 -0.0460132 -0.252417 -0.966524 0.856462 -0.507967 0.0918866 0 0 0 
-1 20.7718 16.5723 11.9603 1 0 0 1 0 0.15 0 0 0 0 0 0 0 -0.455414 -0.855849 0.245194 -0.452913 -0.0143862 -0.891439 0.766465 -0.517025 -0.381073 0 0 0 
-1 20.7698 16.5679 11.9615 1 0 0 1 0 0.15 0 0 0 0 0 0 0 -0.464756 -0.849461 0.249837 0.372604 -0.443591 -0.815103 0.803223 -0.285734 0.522674 0 0 0 
-1 20.7671 16.5638 11.9628 1 0 0 1 0 0.15 0 0 0 0 0 0 0 -0.458314 -0.85172 0.254011 -0.0691665 -0.250749 -0.965578 0.886095 -0.460107 0.0560112 0 0 0 
-1 20.7652 16.5593 11.9641 1 0 0 1 0 0.15 0 0 0 0 0 0 0 -0.356231 -0.897876 0.258685 -0.0394981 -0.262129 -0.964224 0.933563 -0.353705 0.0579144 0 0 0 
-1 20.7635 16.5546 11.9655 1 0 0 1 0 0.15 0 0 0 0 0 0 0 -0.309584 -0.914284 0.261234 -0.153306 -0.223145 -0.962655 0.938432 -0.338071 -0.0710827 0 0 0 
-1 20.762 16.5499 11.9668 1 0 0 1 0 0.15 0 0 0 0 0 0 0 -0.39502 -0.879112 0.266687 -0.146317 -0.226385 -0.962985 0.906946 -0.419419 -0.0392025 0 0 0 
-1 20.7595 16.5457 11.9682 1 0 0 1 0 0.15 0 0 0 0 0 0 0 -0.483604 -0.832839 0.269269 -0.135567 -0.232654 -0.963065 0.864725 -0.502246 -0.000393041 0 0 0 
-1 20.7572 16.5415 11.9695 1 0 0 1 0 0.15 0 0 0 0 0 0 0 -0.422746 -0.865529 0.268599 -0.120126 -0.240252 -0.963249 0.898251 -0.439475 -0.00240694 0 0 0 
-1 20.7553 16.537 11.9708 1 0 0 1 0 0.15 0 0 0 0 0 0 0 -0.442761 -0.855468 0.268586 0.8881 -0.45965 -3.29292e-11 0.123456 0.238531 0.963256 0 0 0 
-1 20.7527 16.5329 11.9722 1 0 0 1 0 0.15 0 0 0 0 0 0 0 -0.44217 -0.854326 0.273154 0.895507 -0.403342 0.188103 -0.0505265 0.327785 0.9434 0 0 0 
-1 20.7508 16.5284 11.9736 1 0 0 1 0 0.15 0 0 0 0 0 0 0 -0.442703 -0.850639 0.283597 0.180106 0.225476 0.957456 -0.878394 0.474946 0.0533862 0 0 0 
-1 20.7482 16.5243 11.975 1 0 0 1 0 0.15 0 0 0 0 0 0 0 -0.387586 -0.878358 0.279757 0.248014 0.192929 0.949351 -0.887844 0.437339 0.143069 0 0 0 
-1 20.7469 16.5195 11.9764 1 0 0 1 0 0.15 0 0 0 0 0 0 0 -0.352066 -0.895014 0.273862 0.229227 0.201235 0.952344 -0.907472 0.398064 0.134313 0 0 0 
-1 20.7446 16.5152 11.9778 1 0 0 1 0 0.15 0 0 0 0 0 0 0 -0.417029 -0.863747 0.282892 0.138325 0.247308 0.959013 -0.898306 0.439066 0.0163432 0 0 0 
-1 20.7426 16.5107 11.9793 1 0 0 1 0 0.15 0 0 0 0 0 0 0 -0.462476 -0.840134 0.283357 0.204514 0.209889 0.956097 -0.862723 0.500122 0.0747505 0 0 0 
-1 20.74 16.5068 11.9807 1 0 0 1 0 0.15 0 0 0 0 0 0 0 -0.360698 -0.891853 0.27294 0.920708 -0.293736 0.256935 -0.148976 0.343974 0.927086 0 0 0 
-1 20.7389 16.5016 11.9821 1 0 0 1 0 0.15 0 0 0 0 0 0 0 -0.361612 -0.889708 0.278668 0.212414 0.212414 0.953814 -0.907809 0.404103 0.112175 0 0 0 
-1 20.7363 16.4977 11.9836 1 0 0 1 0 0.15 0 0 0 0 0 0 0 -0.367482 -0.887073 0.279388 0.300914 0.170841 0.938224 -0.880004 0.428853 0.204152 0 0 0 
-1 20.7352 16.4925 11.985 1 0 0 1 0 0.15 0 0 0 0 0 0 0 -0.334721 -0.902311 0.271656 -0.263297 0.366358 0.892444 -0.904785 0.227194 -0.360204 0 0 0 
-1 20.7329 16.4883 11.9864 1 0 0 1 0 0.15 0 0 0 0 0 0 0 -0.449775 -0.86501 0.222399 0.188143 0.151658 0.970362 -0.873101 0.478287 0.0945337 0 0 0 
-1 20.7306 16.4838 11.9872 1 0 0 1 0 0.15 0 0 0 0 0 0 0 -0.322438 -0.923706 0.206883 0.494356 0.0220609 0.868979 -0.807245 0.382466 0.449527 0 0 0 
-1 20.7295 16.4788 11.9885 1 0 0 1 0 0.15 0 0 0 0 0 0 0 -0.382388 -0.892238 0.240189 -0.333749 0.375765 0.86453 -0.861621 0.250423 -0.441471 0 0 0 
-1 20.7267 16.4747 11.9896 1 0 0 1 0 0.15 0 0 0 0 0 0 0 -0.41824 -0.880932 0.221435 0.467997 -5.31024e-05 0.88373 -0.778495 0.473242 0.412296 0 0 0 
-1 20.7253 16.4698 11.9908 1 0 0 1 0 0.15 0 0 0 0 0 0 0 -0.325797 -0.929574 0.172476 0.203793 0.109093 0.972917 -0.923214 0.352123 0.153899 0 0 0 
-1 20.7234 16.465 11.9914 1 0 0 1 0 0.15 0 0 0 0 0 0 0 -0.368801 -0.912009 0.179515 0.309927 0.0614221 0.948774 -0.876317 0.405545 0.260004 0 0 0 
-1 20.7214 16.4604 11.9926 1 0 0 1 0 0.15 0 0 0 0 0 0 0 -0.428612 -0.881729 0.197092 0.361744 0.0324202 0.931714 -0.827909 0.470641 0.305064 0 0 0 
-1 20.719 16.4561 11.9935 1 0 0 1 0 0.15 0 0 0 0 0 0 0 -0.351874 -0.920728 0.168655 -0.652551 0.370466 0.661008 -0.67109 0.122535 -0.73118 0 0 0 
-1 20.7178 16.4508 11.9943 1 0 0 1 0 0.15 0 0 0 0 0 0 0 -0.316664 -0.925836 0.206278 0.423291 0.0566834 0.904219 -0.848851 0.373649 0.373949 0 0 0 
-1 20.7157 16.4464 11.9956 1 0 0 1 0 0.15 0 0 0 0 0 0 0 -0.409433 -0.878345 0.246729 0.846355 -0.264689 0.462194 -0.340659 0.398057 0.851764 0 0 0 
-1 20.7136 16.4419 11.9969 1 0 0 1 0 0.15 0 0 0 0 0 0 0 -0.341804 -0.935433 0.0901963 0.861907 -0.350289 -0.366625 0.374548 -0.047573 0.925986 0 0 0 
-1 20.7121 16.4366 11.9965 1 0 0 1 0 0.15 0 0 0 0 0 0 0 -0.397664 -0.915559 -0.0601153 0.493595 -0.268698 0.827143 -0.773451 0.299253 0.558768 0 0 0 
-1 20.7094 16.432 11.9962 1 0 0 1 0 0.15 0 0 0 0 0 0 0 -0.521351 -0.85266 0.0341272 0.820123 -0.511704 -0.256043 0.23578 -0.1055 0.966063 0 0 0 
-1 20.7068 16.4278 11.9969 1 0 0 1 0 0.15 0 0 0 0 0 0 0 -0.481671 -0.858947 0.173789 -0.0766344 -0.156266 -0.984738 0.872995 -0.487638 0.00944399 0 0 0 
-1 20.7045 16.4234 11.9979 1 0 0 1 0 0.15 0 0 0 0 0 0 0 -0.331582 -0.927433 0.172977 -0.913056 0.269321 -0.30626 0.237449 -0.259488 -0.9361 0 0 0 
-1 20.7033 16.4181 11.9987 1 0 0 1 0 0.15 0 0 0 0 0 0 0 -0.284338 -0.958713 0.00461997 -0.036931 0.00613757 -0.999299 0.958013 -0.284309 -0.0371514 0 0 0 
-1 20.7014 16.413 11.998 1 0 0 1 0 0.15 0 0 0 0 0 0 0 -0.408729 -0.912606 0.00950027 -0.807358 0.356699 -0.470041 0.425574 -0.19979 -0.882593 0 0 0 
-1 20.699 16.4086 11.9988 1 0 0 1 0 0.15 0 0 0 0 0 0 0 -0.429199 -0.901656 0.0529693 0.178452 -0.142143 -0.973627 0.885406 -0.408427 0.22191 0 0 0 
-1 20.6969 16.4036 11.9985 1 0 0 1 0 0.15 0 0 0 0 0 0 0 -0.409574 -0.910441 0.057849 -0.815551 0.336995 -0.470438 0.408811 -0.239858 -0.880535 0 0 0 
-1 20.6947 16.3991 11.9994 1 0 0 1 0 0.15 0 0 0 0 0 0 0 -0.427455 -0.898797 0.0971893 -0.813277 0.429261 0.39283 -0.394794 0.0888754 -0.914461 0 0 0 
-1 20.6926 16.3944 11.9995 1 0 0 1 0 0.15 0 0 0 0 0 0 0 -0.475711 -0.879273 -0.0240495 -0.397306 0.1904 0.897717 -0.784759 0.436609 -0.439916 0 0 0 
-1 20.6898 16.3899 11.9992 1 0 0 1 0 0.15 0 0 0 0 0 0 0 -0.414562 -0.909971 0.00952431 -0.907771 0.41425 0.0659418 -0.0639506 0.0186911 -0.997778 0 0 0 
-1 20.6882 16.3848 11.9997 1 0 0 1 0 0.15 0 0 0 0 0 0 0 -0.404871 -0.9064 0.12049 -0.382989 0.287761 0.877789 -0.8303 0.309245 -0.463647 0 0 0 
-1 20.6856 16.3806 12.0004 1 0 0 1 0 0.15 0 0 0 0 0 0 0 -0.461025 -0.882982 0.0883132 0.70393 -0.303301 0.642254 -0.540313 0.358261 0.761387 0 0 0 
-1 20.6835 16.3758 12.0006 1 0 0 1 0 0.15 0 0 0 0 0 0 0 -0.414048 -0.909936 0.0240965 0.276279 -0.100404 0.955819 -0.867314 0.402412 0.292968 0 0 0 
-1 20.6813 16.3711 12.0007 1 0 0 1 0 0.15 0 0 0 0 0 0 0 -0.500777 -0.86389 0.0540025 0.102356 0.0028486 0.994744 -0.859503 0.503673 0.0869981 0 0 0 
-1 20.6784 16.367 12.0011 1 0 0 1 0 0.15 0 0 0 0 0 0 0 -0.446746 -0.893344 0.0485271 0.257784 -0.0765938 0.963162 -0.856718 0.442798 0.264508 0 0 0 
-1 20.6767 16.3619 12.0012 1 0 0 1 0 0.15 0 0 0 0 0 0 0 -0.479397 -0.875635 0.0586742 0.263103 -0.0796186 0.961477 -0.837231 0.476366 0.268551 0 0 0 
-1 20.6735 16.3581 12.0017 1 0 0 1 0 0.15 0 0 0 0 0 0 0 -0.618778 -0.778536 0.104856 0.315677 -0.124202 0.940703 -0.719348 0.615187 0.32262 0 0 0 
-1 20.6705 16.3541 12.0022 1 0 0 1 0 0.15 0 0 0 0 0 0 0 -0.585471 -0.805672 0.0900959 -0.73275 0.573451 0.366375 -0.346844 0.148484 -0.926095 0 0 0 
-1 20.6677 16.35 12.0026 1 0 0 1 0 0.15 0 0 0 0 0 0 0 -0.589271 -0.80398 0.0798494 -0.0459695 0.132035 0.990179 -0.806627 0.579812 -0.114763 0 0 0 
-1 20.6646 16.3461 12.003 1 0 0 1 0 0.15 0 0 0 0 0 0 0 -0.623538 -0.778205 0.0748215 -0.464704 0.445897 0.765001 -0.62869 0.442237 -0.639668 0 0 0 
-1 20.6614 16.3422 12.0034 1 0 0 1 0 0.15 0 0 0 0 0 0 0 -0.638048 -0.767666 0.0598646 0.400622 -0.264571 0.877214 -0.657569 0.583688 0.476353 0 0 0 
-1 20.6582 16.3384 12.0036 1 0 0 1 0 0.15 0 0 0 0 0 0 0 -0.602817 -0.797117 0.0348919 -0.630705 0.502841 0.591069 -0.488696 0.3343 -0.805866 0 0 0 
-1 20.6553 16.3342 12.0037 1 0 0 1 0 0.15 0 0 0 0 0 0 0 -0.61181 -0.790755 0.0198827 -0.045941 0.0606159 0.997103 -0.789669 0.609125 -0.0734135 0 0 0 
-1 20.6521 16.3304 12.0038 1 0 0 1 0 0.15 0 0 0 0 0 0 0 -0.663364 -0.748149 0.0149173 0.727832 -0.640463 0.245086 -0.173807 0.173439 0.969386 0 0 0 
-1 20.6487 16.3267 12.0038 1 0 0 1 0 0.15 0 0 0 0 0 0 0 -0.660611 -0.750729 0 0.659286 -0.580145 -0.478303 0.359076 -0.315972 0.878195 0 0 0 
-1 20.6455 16.3229 12.0038 1 0 0 1 0 0.15 0 0 0 0 0 0 0 -0.668596 -0.743358 -0.0199467 0.262443 -0.210781 -0.941645 0.695775 -0.634815 0.336017 0 0 0 
-1 20.642 16.3193 12.0036 1 0 0 1 0 0.15 0 0 0 0 0 0 0 -0.69909 -0.714178 -0.0349773 0.376467 -0.326043 -0.867161 0.607903 -0.619391 0.496798 0 0 0 
-1 20.6385 16.3158 12.0035 1 0 0 1 0 0.15 0 0 0 0 0 0 0 -0.711338 -0.701401 -0.0450988 0.42922 -0.382698 -0.818115 0.556568 -0.601314 0.573283 0 0 0 
-1 20.6349 16.3123 12.0032 1 0 0 1 0 0.15 0 0 0 0 0 0 0 -0.720921 -0.690825 -0.0550735 0.665919 -0.668536 -0.331077 0.191898 -0.275355 0.941995 0 0 0 
-1 20.6313 16.3088 12.0029 1 0 0 1 0 0.15 0 0 0 0 0 0 0 -0.724818 -0.684847 -0.0749838 0.686781 -0.726865 -2.51308e-11 -0.0545031 -0.0514975 0.997185 0 0 0 
-1 20.6277 16.3054 12.0024 1 0 0 1 0 0.15 0 0 0 0 0 0 0 -0.72359 -0.683687 -0.0948085 0.525496 -0.456616 -0.717883 0.447517 -0.569275 0.689677 0 0 0 
-1 20.624 16.302 12.002 1 0 0 1 0 0.15 0 0 0 0 0 0 0 -0.730133 -0.675189 -0.105002 0.49986 -0.423 -0.755785 0.465882 -0.60431 0.646347 0 0 0 
-1 20.6203 16.2986 12.0014 1 0 0 1 0 0.15 0 0 0 0 0 0 0 -0.740865 -0.660821 -0.120142 0.593622 -0.560549 -0.577406 0.314216 -0.499099 0.807569 0 0 0 
-1 20.6166 16.2954 12.0007 1 0 0 1 0 0.15 0 0 0 0 0 0 0 -0.746618 -0.651361 -0.135241 0.657549 -0.75341 -0.00145244 -0.100946 -0.0900123 0.990812 0 0 0 
-1 20.6129 16.2921 12.0001 1 0 0 1 0 0.15 0 0 0 0 0 0 0 -0.74557 -0.650426 -0.145159 0.597741 -0.55636 -0.577208 0.294671 -0.517116 0.803592 0 0 0 
-1 20.6091 16.2889 11.9993 1 0 0 1 0 0.15 0 0 0 0 0 0 0 -0.752449 -0.637787 -0.164465 0.637381 -0.642141 -0.42591 0.16603 -0.425303 0.889692 0 0 0 
-1 20.6054 16.2857 11.9984 1 0 0 1 0 0.15 0 0 0 0 0 0 0 -0.755243 -0.630234 -0.180034 0.640703 -0.767789 0 -0.138228 -0.115349 0.98366 0 0 0 
-1 20.6016 16.2826 11.9975 1 0 0 1 0 0.15 0 0 0 0 0 0 0 -0.75455 -0.629656 -0.184901 0.542254 -0.439531 -0.716082 0.369615 -0.640583 0.673081 0 0 0 
-1 20.5978 16.2794 11.9965 1 0 0 1 0 0.15 0 0 0 0 0 0 0 -0.760023 -0.619951 -0.195003 0.520946 -0.760547 0.387536 -0.388562 0.19295 0.900994 0 0 0 
-1 20.594 16.2764 11.9956 1 0 0 1 0 0.15 0 0 0 0 0 0 0 -0.772685 -0.613097 -0.164532 0.416163 -0.293534 -0.860608 0.47934 -0.733451 0.481957 0 0 0 
-1 20.59 16.2733 11.9949 1 0 0 1 0 0.15 0 0 0 0 0 0 0 -0.782298 -0.598013 -0.174326 0.619435 -0.717363 -0.31889 0.0656456 -0.35745 0.931622 0 0 0 
-1 20.5861 16.2704 11.9938 1 0 0 1 0 0.15 0 0 0 0 0 0 0 -0.784578 -0.57974 -0.219862 0.514235 -0.410309 -0.753133 0.34641 -0.703952 0.620042 0 0 0 
-1 20.5822 16.2675 11.9927 1 0 0 1 0 0.15 0 0 0 0 0 0 0 -0.792474 -0.563098 -0.23432 0.594555 -0.627586 -0.502634 0.135976 -0.53764 0.832138 0 0 0 
-1 20.5782 16.2648 11.9914 1 0 0 1 0 0.15 0 0 0 0 0 0 0 -0.796363 -0.545886 -0.260411 0.601356 -0.668649 -0.437355 0.0646223 -0.504894 0.860759 0 0 0 
-1 20.5742 16.2621 11.9901 1 0 0 1 0 0.15 0 0 0 0 0 0 0 -0.797394 -0.536749 -0.275797 0.0274028 0.424349 -0.905084 0.602837 -0.729266 -0.323665 0 0 0 
-1 20.5702 16.2594 11.9887 1 0 0 1 0 0.15 0 0 0 0 0 0 0 -0.799215 -0.534538 -0.274816 0.572018 -0.536081 -0.620816 0.184526 -0.653366 0.734209 0 0 0 
-1 20.5662 16.2567 11.9873 1 0 0 1 0 0.15 0 0 0 0 0 0 0 -0.568824 -0.804564 0.170635 0.613928 -0.553421 -0.562866 0.547294 -0.215414 0.808743 0 0 0 
-1 20.5633 16.2495 11.9908 1 0 0 1 0 0.15 0 0 0 0 0 0 0 -0.573395 -0.802728 0.163845 0.567202 -0.533262 -0.627625 0.591185 -0.266944 0.761079 0 0 0 
-1 20.5592 16.2469 11.9894 1 0 0 1 0 0.15 0 0 0 0 0 0 0 -0.806096 -0.515651 -0.290369 0.357982 -0.0341786 -0.933103 0.471231 -0.856117 0.212145 0 0 0 
-1 20.5552 16.2444 11.9879 1 0 0 1 0 0.15 0 0 0 0 0 0 0 -0.790979 -0.542147 -0.283599 0.606784 -0.635601 -0.47731 0.0785164 -0.549625 0.831713 0 0 0 
-1 20.5513 16.2415 11.9865 1 0 0 1 0 0.15 0 0 0 0 0 0 0 -0.792678 -0.528401 -0.304063 0.4219 -0.115439 -0.899263 0.440071 -0.84111 0.314438 0 0 0 
-1 20.5473 16.239 11.9848 1 0 0 1 0 0.15 0 0 0 0 0 0 0 -0.822333 -0.466407 -0.325934 0.239047 0.236632 -0.941733 0.516357 -0.852332 -0.0830974 0 0 0 
-1 20.5431 16.2368 11.9832 1 0 0 1 0 0.15 0 0 0 0 0 0 0 -0.832767 -0.448799 -0.324158 -0.41637 0.893621 -0.167564 0.364877 -0.00457163 -0.931045 0 0 0 
-1 20.5389 16.2346 11.9816 1 0 0 1 0 0.15 0 0 0 0 0 0 0 -0.842276 -0.448514 -0.299009 -0.538623 0.678267 0.49984 -0.021377 0.582056 -0.812868 0 0 0 
-1 20.5346 16.2323 11.9802 1 0 0 1 0 0.15 0 0 0 0 0 0 0 -0.842538 -0.436265 -0.315914 -0.524227 0.798906 0.294849 0.123753 0.414032 -0.901811 0 0 0 
-1 20.5305 16.2302 11.9784 1 0 0 1 0 0.15 0 0 0 0 0 0 0 -0.835385 -0.41525 -0.360138 -0.0283494 0.686872 -0.726225 0.548934 -0.596468 -0.585575 0 0 0 
-1 20.5263 16.2281 11.9767 1 0 0 1 0 0.15 0 0 0 0 0 0 0 -0.840114 -0.410061 -0.355046 0.263536 0.263536 -0.927954 0.474085 -0.873154 -0.113334 0 0 0 
-1 20.5221 16.2261 11.9749 1 0 0 1 0 0.15 0 0 0 0 0 0 0 -0.843305 -0.404141 -0.35427 0.533584 -0.708382 -0.462043 -0.0642282 -0.578676 0.813025 0 0 0 
-1 20.5178 16.2241 11.9731 1 0 0 1 0 0.15 0 0 0 0 0 0 0 -0.842019 -0.393713 -0.368773 0.53308 -0.712014 -0.457014 -0.0826396 -0.5814 0.80941 0 0 0 
-1 20.5137 16.2221 11.9712 1 0 0 1 0 0.15 0 0 0 0 0 0 0 -0.840746 -0.385323 -0.380359 0.337725 0.175867 -0.924669 0.423189 -0.905868 -0.0177268 0 0 0 
-1 20.5094 16.2202 11.9693 1 0 0 1 0 0.15 0 0 0 0 0 0 0 -0.845458 -0.375097 -0.380135 -0.000473216 0.712334 -0.701841 0.534042 -0.593197 -0.602426 0 0 0 
-1 20.5052 16.2184 11.9674 1 0 0 1 0 0.15 0 0 0 0 0 0 0 -0.849962 -0.370046 -0.375006 0.526835 -0.592983 -0.608947 0.00296685 -0.715148 0.698966 0 0 0 
-1 20.5009 16.2165 11.9656 1 0 0 1 0 0.15 0 0 0 0 0 0 0 -0.849962 -0.364945 -0.379973 0.45446 -0.143028 -0.87921 0.266516 -0.919977 0.287421 0 0 0 
-1 20.4967 16.2148 11.9636 1 0 0 1 0 0.15 0 0 0 0 0 0 0 -0.854251 -0.349688 -0.384672 0.487001 -0.279398 -0.827507 0.181893 -0.894234 0.408974 0 0 0 
-1 20.4924 16.213 11.9617 1 0 0 1 0 0.15 0 0 0 0 0 0 0 -0.856953 -0.335868 -0.390928 0.491357 -0.30346 -0.816382 0.155565 -0.891686 0.425082 0 0 0 
-1 20.4881 16.2114 11.9597 1 0 0 1 0 0.15 0 0 0 0 0 0 0 -0.858095 -0.32917 -0.394106 0.297523 0.30682 -0.904069 0.418512 -0.893033 -0.165346 0 0 0 
-1 20.4838 16.2098 11.9578 1 0 0 1 0 0.15 0 0 0 0 0 0 0 -0.860771 -0.323416 -0.393033 0.476795 -0.242065 -0.845027 0.178155 -0.914771 0.362566 0 0 0 
-1 20.4795 16.2081 11.9558 1 0 0 1 0 0.15 0 0 0 0 0 0 0 -0.862203 -0.315906 -0.395992 -0.088339 0.863512 -0.496532 0.498801 -0.39313 -0.772429 0 0 0 
-1 20.4752 16.2066 11.9538 1 0 0 1 0 0.15 0 0 0 0 0 0 0 -0.868252 -0.311064 -0.386494 0.226096 0.44534 -0.866345 0.44161 -0.83959 -0.316337 0 0 0 
-1 20.4708 16.2051 11.9519 1 0 0 1 0 0.15 0 0 0 0 0 0 0 -0.872009 -0.30385 -0.383766 0.488314 -0.594326 -0.639004 -0.0339209 -0.744615 0.666631 0 0 0 
-1 20.4664 16.2036 11.9499 1 0 0 1 0 0.15 0 0 0 0 0 0 0 -0.871265 -0.290524 -0.395592 0.487041 -0.611491 -0.623595 -0.060732 -0.735986 0.674268 0 0 0 
-1 20.4622 16.2022 11.948 1 0 0 1 0 0.15 0 0 0 0 0 0 0 -0.870319 -0.280083 -0.405091 0.483365 -0.328202 -0.811567 0.094355 -0.902129 0.421023 0 0 0 
-1 20.4578 16.2008 11.9459 1 0 0 1 0 0.15 0 0 0 0 0 0 0 -0.870967 -0.273667 -0.408071 0.472681 -0.239976 -0.847929 0.134123 -0.931406 0.338369 0 0 0 
-1 20.4534 16.1994 11.9438 1 0 0 1 0 0.15 0 0 0 0 0 0 0 -0.872086 -0.265664 -0.41096 -0.0401075 0.875783 -0.481036 0.487706 -0.403022 -0.774414 0 0 0 
-1 20.449 16.1981 11.9418 1 0 0 1 0 0.15 0 0 0 0 0 0 0 -0.87911 -0.259754 -0.399616 0.0814071 0.744287 -0.66288 0.469615 -0.615276 -0.633164 0 0 0 
-1 20.4446 16.1968 11.9398 1 0 0 1 0 0.15 0 0 0 0 0 0 0 -0.883131 -0.254433 -0.394135 -0.33493 0.930233 0.149962 0.328483 0.264444 -0.906735 0 0 0 
-1 20.4402 16.1956 11.9378 1 0 0 1 0 0.15 0 0 0 0 0 0 0 -0.889868 -0.259958 -0.37491 -0.355052 0.910655 0.211297 0.286485 0.321139 -0.902661 0 0 0 
-1 20.4357 16.1942 11.9361 1 0 0 1 0 0.15 0 0 0 0 0 0 0 -0.901874 -0.274166 -0.33385 -0.0738362 0.85926 -0.506182 0.425642 -0.431862 -0.795188 0 0 0 
-1 20.4311 16.1928 11.9345 1 0 0 1 0 0.15 0 0 0 0 0 0 0 -0.907841 -0.267992 -0.322499 -0.401842 0.775748 0.486558 0.119784 0.571311 -0.811946 0 0 0 
-1 20.4265 16.1915 11.9328 1 0 0 1 0 0.15 0 0 0 0 0 0 0 -0.900607 -0.238704 -0.363219 -0.394226 0.800515 0.4514 0.183011 0.549724 -0.815052 0 0 0 
-1 20.4221 16.1904 11.9309 1 0 0 1 0 0.15 0 0 0 0 0 0 0 -0.889928 -0.209933 -0.404915 -0.452107 0.28879 0.843919 -0.0602313 0.934092 -0.351915 0 0 0 
-1 20.4177 16.1894 11.9288 1 0 0 1 0 0.15 0 0 0 0 0 0 0 -0.890766 -0.195199 -0.410406 -0.417304 -0.00632279 0.908745 -0.179981 0.980743 -0.0758251 0 0 0 
-1 20.4132 16.1884 11.9268 1 0 0 1 0 0.15 0 0 0 0 0 0 0 -0.89251 -0.185449 -0.411139 0.041364 -0.941373 0.334822 -0.449127 0.281826 0.847855 0 0 0 
-1 20.4087 16.1875 11.9247 1 0 0 1 0 0.15 0 0 0 0 0 0 0 -0.900676 -0.180196 -0.395363 0.0386143 -0.939541 0.340252 -0.432772 0.29119 0.853181 0 0 0 
-1 20.4042 16.1866 11.9228 1 0 0 1 0 0.15 0 0 0 0 0 0 0 -0.908551 -0.174762 -0.379464 0.0386143 -0.939541 0.340252 -0.415986 0.294483 0.860369 0 0 0 
-1 20.3997 16.1858 11.9209 1 0 0 1 0 0.15 0 0 0 0 0 0 0 -0.908551 -0.174762 -0.379464 0.0386143 -0.939541 0.340252 -0.415986 0.294483 0.860369 0 0 0 
