ObjectType = Scene
NDims = 3
NObjects = 3
ObjectType = Group
NDims = 3
ID = 0
Color = 1 0 0 1
BinaryData = False
TransformMatrix = 1 0 0 0 1 0 0 0 1
Offset = 0 0 0
CenterOfRotation = 0 0 0
ElementSpacing = 1 1 1
EndGroup = 
ObjectType = Tube
ObjectSubType = Vessel
NDims = 3
ID = 100
ParentID = 0
Color = 0.8 0.1 0.8 1
BinaryData = False
TransformMatrix = 1 0 0 0 1 0 0 0 1
Offset = 0 0 0
CenterOfRotation = 0 0 0
ElementSpacing = 1 1 1
Root = True
Artery = False
PointDim = id x y z red green blue alpha mark r rn mn bn cv lv ro in tx ty tz v1x v1y v1z v2x v2y v2z a1 a2 a3 Custom1
NPoints = 1001
Points = 
0 30.0107 50 0.2 1 0 0 1 0 4.982 205 210 205 0 0 0 0 0.123307 0 0.992369 0 -1 0 0.992369 0 -0.123307 0 0 0 205 
1 30.0163 50 0.25 1 0 0 1 0 4.9775 206.5 213 205 0 0 0 0 0.123307 0 0.992369 -0 -1 -0 0.992369 -0 -0.123307 0 0 0 240.667 
2 30.0231 50 0.3 1 0 0 1 0 4.973 207.571 215.143 205 0 0 0 0 0.146204 0 0.989254 -0 -1 -0 0.989254 -0 -0.146204 0 0 0 241.952 
3 30.0311 50 0.35 1 0 0 1 0 4.9685 208.375 216.75 205 0 0 0 0 0.168904 0 0.985632 0 -1 0 0.985632 0 -0.168904 0 0 0 238.619 
4 30.0402 50 0.4 1 0 0 1 0 4.964 209 218 205 0 0 0 0 0.165137 0 0.986271 -0 -1 -0 0.986271 -0 -0.165137 0 0 0 235.513 
5 30.0562 50 0.5 1 0 0 1 0 4.955 210 220 214 0 0 0 0 0.17445 0 0.984666 -0 -1 -0 0.984666 -0 -0.17445 0 0 0 236.168 
6 30.0757 50 0.6 1 0 0 1 0 4.946 211 222 214 0 0 0 0 0.207806 0 0.97817 -0 -1 -0 0.97817 -0 -0.207806 0 0 0 237.241 
7 30.0987 50 0.7 1 0 0 1 0 4.937 212 224 214 0 0 0 0 0.240403 0 0.970673 -0 -1 -0 0.970673 -0 -0.240403 0 0 0 238.36 
8 30.1252 50 0.8 1 0 0 1 0 4.928 213 226 214 0 0 0 0 0.272107 0 0.962267 -0 -1 -0 0.962267 -0 -0.272107 0 0 0 239.484 
9 30.1552 50 0.9 1 0 0 1 0 4.919 214 228 214 0 0 0 0 0.302903 0 0.953021 -0 -1 -0 0.953021 -0 -0.302903 0 0 0 240.609 
10 30.1888 50 1 1 0 0 1 0 4.91 214 228 214 0 0 0 0 0.332684 0 0.943038 -0 -1 -0 0.943038 -0 -0.332684 0 0 0 240.734 
11 30.2258 50 1.1 1 0 0 1 0 4.901 211.444 222.889 214 0 0 0 0 0.361411 0 0.932406 -0 -1 -0 0.932406 -0 -0.361411 0 0 0 238.193 
12 30.2663 50 1.2 1 0 0 1 0 4.892 208.889 217.778 214 0 0 0 0 0.388972 0 0.92125 -0 -1 -0 0.92125 -0 -0.388972 0 0 0 235.355 
13 30.3102 50 1.3 1 0 0 1 0 4.883 207.444 214.889 214 0 0 0 0 0.415402 0 0.909638 -0 -1 -0 0.909638 -0 -0.415402 0 0 0 233.595 
14 30.3576 50 1.4 1 0 0 1 0 4.874 206 212 214 0 0 0 0 0.44078 0 0.897615 -0 -1 -0 0.897615 -0 -0.44078 0 0 0 231.955 
15 30.4084 50 1.5 1 0 0 1 0 4.865 204.556 209.111 191 0 0 0 0 0.464989 0 0.885316 -0 -1 -0 0.885316 -0 -0.464989 0 0 0 230.328 
16 30.4627 50 1.6 1 0 0 1 0 4.856 203.111 206.222 191 0 0 0 0 0.488087 0 0.872795 -0 -1 -0 0.872795 -0 -0.488087 0 0 0 228.703 
17 30.5203 50 1.7 1 0 0 1 0 4.847 201.667 203.333 201 0 0 0 0 0.510097 0 0.860117 -0 -1 -0 0.860117 -0 -0.510097 0 0 0 227.078 
18 30.5813 50 1.8 1 0 0 1 0 4.838 200.222 200.444 201 0 0 0 0 0.53098 0 0.847384 -0 -1 -0 0.847384 -0 -0.53098 0 0 0 225.453 
19 30.6456 50 1.9 1 0 0 1 0 4.829 198.778 197.556 201 0 0 0 0 0.550777 0 0.834653 -0 -1 -0 0.834653 -0 -0.550777 0 0 0 223.828 
20 30.7132 50 2 1 0 0 1 0 4.82 199.889 199.778 201 0 0 0 0 0.569563 0 0.821948 -0 -1 -0 0.821948 -0 -0.569563 0 0 0 224.759 
21 30.7842 50 2.1 1 0 0 1 0 4.811 199.778 199.667 201 0 0 0 0 0.587438 0 0.809269 -0 -1 -0 0.809269 -0 -0.587438 0 0 0 224.751 
22 30.8584 50 2.2 1 0 0 1 0 4.802 198.556 197.333 201 0 0 0 0 0.604353 0 0.796717 -0 -1 -0 0.796717 -0 -0.604353 0 0 0 223.528 
23 30.9359 50 2.3 1 0 0 1 0 4.793 197.333 195 201 0 0 0 0 0.620328 0 0.784343 -0 -1 -0 0.784343 -0 -0.620328 0 0 0 222.17 
24 31.0166 50 2.4 1 0 0 1 0 4.784 196.111 192.667 201 0 0 0 0 0.635438 0 0.772152 -0 -1 -0 0.772152 -0 -0.635438 0 0 0 220.797 
25 31.1005 50 2.5 1 0 0 1 0 4.775 194.889 190.333 190 0 0 0 0 0.649705 0 0.760186 -0 -1 -0 0.760186 -0 -0.649705 0 0 0 219.422 
26 31.1875 50 2.6 1 0 0 1 0 4.766 196.222 193.111 190 0 0 0 0 0.663202 0 0.748441 -0 -1 -0 0.748441 -0 -0.663202 0 0 0 220.602 
27 31.2777 50 2.7 1 0 0 1 0 4.757 197.556 195.889 190 0 0 0 0 0.675969 0 0.73693 -0 -1 -0 0.73693 -0 -0.675969 0 0 0 222.067 
28 31.371 50 2.8 1 0 0 1 0 4.748 198.889 198.667 190 0 0 0 0 0.68805 0 0.725663 -0 -1 -0 0.725663 -0 -0.68805 0 0 0 223.563 
29 31.4673 50 2.9 1 0 0 1 0 4.739 200.222 201.444 190 0 0 0 0 0.699443 0 0.714689 -0 -1 -0 0.714689 -0 -0.699443 0 0 0 225.063 
30 31.5667 50 3 1 0 0 1 0 4.73 202.778 206.556 213 0 0 0 0 0.710171 0 0.704029 -0 -1 -0 0.704029 -0 -0.710171 0 0 0 227.785 
31 31.6691 50 3.1 1 0 0 1 0 4.721 204.222 209.444 213 0 0 0 0 0.720333 0 0.693628 -0 -1 -0 0.693628 -0 -0.720333 0 0 0 229.532 
32 31.7744 50 3.2 1 0 0 1 0 4.712 205.667 212.333 213 0 0 0 0 0.729945 0 0.683506 -0 -1 -0 0.683506 -0 -0.729945 0 0 0 231.17 
33 31.8827 50 3.3 1 0 0 1 0 4.703 207.111 215.222 213 0 0 0 0 0.739025 0 0.673678 -0 -1 -0 0.673678 -0 -0.739025 0 0 0 232.797 
34 31.9938 50 3.4 1 0 0 1 0 4.694 208.556 218.111 213 0 0 0 0 0.747605 0 0.664144 -0 -1 -0 0.664144 -0 -0.747605 0 0 0 234.422 
35 32.1078 50 3.5 1 0 0 1 0 4.685 206.889 214.778 203 0 0 0 0 0.755701 0 0.654917 -0 -1 -0 0.654917 -0 -0.755701 0 0 0 232.936 
36 32.2246 50 3.6 1 0 0 1 0 4.676 205.222 211.444 203 0 0 0 0 0.763345 0 0.645991 -0 -1 -0 0.645991 -0 -0.763345 0 0 0 231.104 
37 32.3441 50 3.7 1 0 0 1 0 4.667 203.556 208.111 203 0 0 0 0 0.770581 0 0.637342 -0 -1 -0 0.637342 -0 -0.770581 0 0 0 229.234 
38 32.4664 50 3.8 1 0 0 1 0 4.658 201.889 204.778 203 0 0 0 0 0.777448 0 0.628947 -0 -1 -0 0.628947 -0 -0.777448 0 0 0 227.359 
39 32.5914 50 3.9 1 0 0 1 0 4.649 200.222 201.444 198 0 0 0 0 0.783941 0 0.620835 -0 -1 -0 0.620835 -0 -0.783941 0 0 0 225.484 
40 32.719 50 4 1 0 0 1 0 4.64 199.667 200.333 198 0 0 0 0 0.79006 0 0.61303 -0 -1 -0 0.61303 -0 -0.79006 0 0 0 224.72 
41 32.8491 50 4.1 1 0 0 1 0 4.631 198.222 197.667 198 0 0 0 0 0.79584 0 0.605507 -0 -1 -0 0.605507 -0 -0.79584 0 0 0 223.191 
42 32.9818 50 4.2 1 0 0 1 0 4.622 197.556 196.333 198 0 0 0 0 0.801326 0 0.598227 -0 -1 -0 0.598227 -0 -0.801326 0 0 0 222.355 
43 33.117 50 4.3 1 0 0 1 0 4.613 196.889 195 198 0 0 0 0 0.806526 0 0.591198 -0 -1 -0 0.591198 -0 -0.806526 0 0 0 221.595 
44 33.2547 50 4.4 1 0 0 1 0 4.604 196.778 194.778 198 0 0 0 0 0.811445 0 0.584428 -0 -1 -0 0.584428 -0 -0.811445 0 0 0 221.399 
45 33.3947 50 4.5 1 0 0 1 0 4.595 196.667 194.556 190 0 0 0 0 0.816102 0 0.577908 -0 -1 -0 0.577908 -0 -0.816102 0 0 0 221.267 
46 33.5371 50 4.6 1 0 0 1 0 4.586 196.556 194.333 197 0 0 0 0 0.820512 0 0.57163 -0 -1 -0 0.57163 -0 -0.820512 0 0 0 221.141 
47 33.6818 50 4.7 1 0 0 1 0 4.577 196.444 194.111 197 0 0 0 0 0.824679 0 0.565602 -0 -1 -0 0.565602 -0 -0.824679 0 0 0 221.016 
48 33.8287 50 4.8 1 0 0 1 0 4.568 196.333 193.889 197 0 0 0 0 0.828628 0 0.5598 -0 -1 -0 0.5598 -0 -0.828628 0 0 0 220.891 
49 33.9778 50 4.9 1 0 0 1 0 4.559 196.333 193.889 197 0 0 0 0 0.832381 0 0.554204 -0 -1 -0 0.554204 -0 -0.832381 0 0 0 220.877 
50 34.1291 50 5 1 0 0 1 0 4.55 197.222 195.444 197 0 0 0 0 0.835932 0 0.548833 -0 -1 -0 0.548833 -0 -0.835932 0 0 0 221.764 
51 34.2825 50 5.1 1 0 0 1 0 4.541 197.444 195.889 197 0 0 0 0 0.839283 0 0.543695 -0 -1 -0 0.543695 -0 -0.839283 0 0 0 222.085 
52 34.4378 50 5.2 1 0 0 1 0 4.532 197.667 196.333 197 0 0 0 0 0.842454 0 0.538768 -0 -1 -0 0.538768 -0 -0.842454 0 0 0 222.343 
53 34.5952 50 5.3 1 0 0 1 0 4.523 197.889 196.778 198 0 0 0 0 0.845464 0 0.534033 -0 -1 -0 0.534033 -0 -0.845464 0 0 0 222.594 
54 34.7545 50 5.4 1 0 0 1 0 4.514 198.111 197.222 198 0 0 0 0 0.848312 0 0.529496 -0 -1 -0 0.529496 -0 -0.848312 0 0 0 222.844 
55 34.9156 50 5.5 1 0 0 1 0 4.505 198.111 197.222 199 0 0 0 0 0.851 0 0.525165 -0 -1 -0 0.525165 -0 -0.851 0 0 0 222.872 
56 35.0786 50 5.6 1 0 0 1 0 4.496 198.111 197.222 199 0 0 0 0 0.853545 0 0.521019 -0 -1 -0 0.521019 -0 -0.853545 0 0 0 222.875 
57 35.2433 50 5.7 1 0 0 1 0 4.487 198.111 197.222 199 0 0 0 0 0.855954 0 0.517053 -0 -1 -0 0.517053 -0 -0.855954 0 0 0 222.875 
58 35.4096 50 5.8 1 0 0 1 0 4.478 198 197 199 0 0 0 0 0.858217 0 0.513287 -0 -1 -0 0.513287 -0 -0.858217 0 0 0 222.764 
59 35.5777 50 5.9 1 0 0 1 0 4.469 197.889 196.778 197 0 0 0 0 0.860358 0 0.50969 -0 -1 -0 0.50969 -0 -0.860358 0 0 0 222.64 
60 35.7472 50 6 1 0 0 1 0 4.46 197.667 196.333 197 0 0 0 0 0.862382 0 0.506258 -0 -1 -0 0.506258 -0 -0.862382 0 0 0 222.404 
61 35.9183 50 6.1 1 0 0 1 0 4.451 198 196.889 197 0 0 0 0 0.864288 0 0.502997 -0 -1 -0 0.502997 -0 -0.864288 0 0 0 222.712 
62 36.0909 50 6.2 1 0 0 1 0 4.442 198.333 197.444 197 0 0 0 0 0.866075 0 0.499915 -0 -1 -0 0.499915 -0 -0.866075 0 0 0 223.079 
63 36.2648 50 6.3 1 0 0 1 0 4.433 198.667 198 197 0 0 0 0 0.867753 0 0.496995 -0 -1 -0 0.496995 -0 -0.867753 0 0 0 223.453 
64 36.4401 50 6.4 1 0 0 1 0 4.424 199.222 199 197 0 0 0 0 0.869336 0 0.494221 -0 -1 -0 0.494221 -0 -0.869336 0 0 0 224.05 
65 36.6166 50 6.5 1 0 0 1 0 4.415 199.778 200 202 0 0 0 0 0.870813 0 0.491614 -0 -1 -0 0.491614 -0 -0.870813 0 0 0 224.672 
66 36.7944 50 6.6 1 0 0 1 0 4.406 199.444 199.222 202 0 0 0 0 0.872189 0 0.48917 -0 -1 -0 0.48917 -0 -0.872189 0 0 0 224.408 
67 36.9732 50 6.7 1 0 0 1 0 4.397 199.111 198.444 202 0 0 0 0 0.873474 0 0.486871 -0 -1 -0 0.486871 -0 -0.873474 0 0 0 224.045 
68 37.1532 50 6.8 1 0 0 1 0 4.388 198.778 197.667 202 0 0 0 0 0.874671 0 0.484717 -0 -1 -0 0.484717 -0 -0.874671 0 0 0 223.672 
69 37.3341 50 6.9 1 0 0 1 0 4.379 198.444 196.889 202 0 0 0 0 0.875784 0 0.482703 -0 -1 -0 0.482703 -0 -0.875784 0 0 0 223.297 
70 37.516 50 7 1 0 0 1 0 4.37 197.556 195.111 194 0 0 0 0 0.876809 0 0.480838 -0 -1 -0 0.480838 -0 -0.876809 0 0 0 222.366 
71 37.6988 50 7.1 1 0 0 1 0 4.361 197.222 194.889 194 0 0 0 0 0.877749 0 0.479121 -0 -1 -0 0.479121 -0 -0.877749 0 0 0 221.93 
72 37.8824 50 7.2 1 0 0 1 0 4.352 198.111 196.667 194 0 0 0 0 0.878606 0 0.477547 -0 -1 -0 0.477547 -0 -0.878606 0 0 0 222.77 
73 38.0668 50 7.3 1 0 0 1 0 4.343 199 198.444 194 0 0 0 0 0.879383 0 0.476115 -0 -1 -0 0.476115 -0 -0.879383 0 0 0 223.752 
74 38.2518 50 7.4 1 0 0 1 0 4.334 199.889 200.222 194 0 0 0 0 0.880088 0 0.474811 -0 -1 -0 0.474811 -0 -0.880088 0 0 0 224.75 
75 38.4375 50 7.5 1 0 0 1 0 4.325 201.667 203.778 199 0 0 0 0 0.880716 0 0.473644 -0 -1 -0 0.473644 -0 -0.880716 0 0 0 226.639 
76 38.6237 50 7.6 1 0 0 1 0 4.316 203.444 207.333 210 0 0 0 0 0.881269 0 0.472615 -0 -1 -0 0.472615 -0 -0.881269 0 0 0 228.627 
77 38.8104 50 7.7 1 0 0 1 0 4.307 206.778 214 210 0 0 0 0 0.881748 0 0.47172 -0 -1 -0 0.47172 -0 -0.881748 0 0 0 232.181 
78 38.9976 50 7.8 1 0 0 1 0 4.298 210.111 220.667 210 0 0 0 0 0.882156 0 0.470958 -0 -1 -0 0.470958 -0 -0.882156 0 0 0 235.909 
79 39.1851 50 7.9 1 0 0 1 0 4.289 213.444 227.333 210 0 0 0 0 0.882492 0 0.470328 -0 -1 -0 0.470328 -0 -0.882492 0 0 0 239.657 
80 39.3728 50 8 1 0 0 1 0 4.28 216.222 232.444 210 0 0 0 0 0.882757 0 0.469829 -0 -1 -0 0.469829 -0 -0.882757 0 0 0 242.851 
81 39.5608 50 8.1 1 0 0 1 0 4.271 214.444 229.222 224 0 0 0 0 0.882953 0 0.469462 -0 -1 -0 0.469462 -0 -0.882953 0 0 0 241.428 
82 39.749 50 8.2 1 0 0 1 0 4.262 213.778 228 224 0 0 0 0 0.883079 0 0.469223 -0 -1 -0 0.469223 -0 -0.883079 0 0 0 240.603 
83 39.9372 50 8.3 1 0 0 1 0 4.253 213.111 226.778 224 0 0 0 0 0.883137 0 0.469115 0 -1 0 0.469115 0 -0.883137 0 0 0 239.845 
84 40.1255 50 8.4 1 0 0 1 0 4.244 212.444 225.556 224 0 0 0 0 0.883125 0 0.469137 0 -1 0 0.469137 0 -0.883125 0 0 0 239.094 
85 40.3137 50 8.5 1 0 0 1 0 4.235 211.778 224.333 194 0 0 0 0 0.883045 0 0.469288 0 -1 0 0.469288 0 -0.883045 0 0 0 238.344 
86 40.5018 50 8.6 1 0 0 1 0 4.226 209.556 220 204 0 0 0 0 0.882896 0 0.469569 0 -1 0 0.469569 0 -0.882896 0 0 0 236.038 
87 40.6898 50 8.7 1 0 0 1 0 4.217 207.333 215.667 204 0 0 0 0 0.882677 0 0.469981 0 -1 0 0.469981 0 -0.882677 0 0 0 233.56 
88 40.8775 50 8.8 1 0 0 1 0 4.208 203.667 208.444 204 0 0 0 0 0.882388 0 0.470523 0 -1 0 0.470523 0 -0.882388 0 0 0 229.618 
89 41.0648 50 8.9 1 0 0 1 0 4.199 200 201.222 204 0 0 0 0 0.882028 0 0.471197 0 -1 0 0.471197 0 -0.882028 0 0 0 225.513 
90 41.2518 50 9 1 0 0 1 0 4.19 199.667 200.333 204 0 0 0 0 0.881597 0 0.472003 0 -1 0 0.472003 0 -0.881597 0 0 0 224.724 
91 41.4384 50 9.1 1 0 0 1 0 4.181 199.111 199.444 204 0 0 0 0 0.881093 0 0.472943 0 -1 0 0.472943 0 -0.881093 0 0 0 224.08 
92 41.6244 50 9.2 1 0 0 1 0 4.172 198.556 198.556 191 0 0 0 0 0.880515 0 0.474018 0 -1 0 0.474018 0 -0.880515 0 0 0 223.453 
93 41.8099 50 9.3 1 0 0 1 0 4.163 198.778 198.889 191 0 0 0 0 0.879861 0 0.47523 0 -1 0 0.47523 0 -0.879861 0 0 0 223.606 
94 41.9947 50 9.4 1 0 0 1 0 4.154 199 199.222 191 0 0 0 0 0.879137 0 0.476569 0 -1 0 0.476569 0 -0.879137 0 0 0 223.845 
95 42.1789 50 9.5 1 0 0 1 0 4.145 199.222 199.556 199 0 0 0 0 0.878334 0 0.478048 0 -1 0 0.478048 0 -0.878334 0 0 0 224.094 
96 42.3622 50 9.6 1 0 0 1 0 4.136 199.444 199.889 199 0 0 0 0 0.877443 0 0.479681 0 -1 0 0.479681 0 -0.877443 0 0 0 224.344 
97 42.5447 50 9.7 1 0 0 1 0 4.127 201.111 203.111 206 0 0 0 0 0.876469 0 0.481458 0 -1 0 0.481458 0 -0.876469 0 0 0 226.038 
98 42.7263 50 9.8 1 0 0 1 0 4.118 202.778 206.333 206 0 0 0 0 0.875421 0 0.483362 0 -1 0 0.483362 0 -0.875421 0 0 0 227.893 
99 42.9069 50 9.9 1 0 0 1 0 4.109 203.778 208.333 206 0 0 0 0 0.874291 0 0.485403 0 -1 0 0.485403 0 -0.874291 0 0 0 229.099 
100 43.0865 50 10 1 0 0 1 0 4.1 203.889 208.333 206 0 0 0 0 0.873062 0 0.487608 0 -1 0 0.487608 0 -0.873062 0 0 0 229.344 
101 43.265 50 10.1 1 0 0 1 0 4.091 204.333 209 206 0 0 0 0 0.871745 0 0.489959 0 -1 0 0.489959 0 -0.871745 0 0 0 229.816 
102 43.4424 50 10.2 1 0 0 1 0 4.082 204 208.444 206 0 0 0 0 0.870337 0 0.492457 0 -1 0 0.492457 0 -0.870337 0 0 0 229.535 
103 43.6185 50 10.3 1 0 0 1 0 4.073 203.667 207.889 200 0 0 0 0 0.868818 0 0.495131 0 -1 0 0.495131 0 -0.868818 0 0 0 229.171 
104 43.7933 50 10.4 1 0 0 1 0 4.064 203.333 207.333 200 0 0 0 0 0.867199 0 0.497961 0 -1 0 0.497961 0 -0.867199 0 0 0 228.797 
105 43.9668 50 10.5 1 0 0 1 0 4.055 203.778 208.222 203 0 0 0 0 0.865483 0 0.500938 0 -1 0 0.500938 0 -0.865483 0 0 0 229.2 
106 44.1389 50 10.6 1 0 0 1 0 4.046 204.222 209.111 203 0 0 0 0 0.863657 0 0.50408 0 -1 0 0.50408 0 -0.863657 0 0 0 229.689 
107 44.3095 50 10.7 1 0 0 1 0 4.037 204.667 210 203 0 0 0 0 0.861717 0 0.507389 0 -1 0 0.507389 0 -0.861717 0 0 0 230.188 
108 44.4785 50 10.8 1 0 0 1 0 4.028 205.778 212.111 203 0 0 0 0 0.859657 0 0.510872 0 -1 0 0.510872 0 -0.859657 0 0 0 231.354 
109 44.646 50 10.9 1 0 0 1 0 4.019 206.889 214.222 210 0 0 0 0 0.85747 0 0.514533 0 -1 0 0.514533 0 -0.85747 0 0 0 232.595 
110 44.8118 50 11 1 0 0 1 0 4.01 207.667 215.667 210 0 0 0 0 0.855152 0 0.518378 0 -1 0 0.518378 0 -0.855152 0 0 0 233.511 
111 44.9759 50 11.1 1 0 0 1 0 4.001 206.444 213.111 210 0 0 0 0 0.852701 0 0.5224 0 -1 0 0.5224 0 -0.852701 0 0 0 232.39 
112 45.1383 50 11.2 1 0 0 1 0 3.992 205.222 210.556 210 0 0 0 0 0.85012 0 0.526589 0 -1 0 0.526589 0 -0.85012 0 0 0 231.043 
113 45.2988 50 11.3 1 0 0 1 0 3.983 204 208 210 0 0 0 0 0.847385 0 0.53098 0 -1 0 0.53098 0 -0.847385 0 0 0 229.671 
114 45.4575 50 11.4 1 0 0 1 0 3.974 202 204 210 0 0 0 0 0.844486 0 0.535577 0 -1 0 0.535577 0 -0.844486 0 0 0 227.519 
115 45.6142 50 11.5 1 0 0 1 0 3.965 200 200 192 0 0 0 0 0.841424 0 0.540375 0 -1 0 0.540375 0 -0.841424 0 0 0 225.28 
116 45.7689 50 11.6 1 0 0 1 0 3.956 198 196 192 0 0 0 0 0.838179 0 0.545395 0 -1 0 0.545395 0 -0.838179 0 0 0 223.031 
117 45.9215 50 11.7 1 0 0 1 0 3.947 197.556 195.222 192 0 0 0 0 0.83476 0 0.550614 0 -1 0 0.550614 0 -0.83476 0 0 0 222.337 
118 46.0721 50 11.8 1 0 0 1 0 3.938 197.111 194.444 192 0 0 0 0 0.831155 0 0.55604 0 -1 0 0.55604 0 -0.831155 0 0 0 221.815 
119 46.2205 50 11.9 1 0 0 1 0 3.929 196.667 193.667 192 0 0 0 0 0.827345 0 0.561695 0 -1 0 0.561695 0 -0.827345 0 0 0 221.313 
120 46.3667 50 12 1 0 0 1 0 3.92 198.222 196.889 192 0 0 0 0 0.823325 0 0.567571 0 -1 0 0.567571 0 -0.823325 0 0 0 222.813 
121 46.5106 50 12.1 1 0 0 1 0 3.911 198.556 197.556 206 0 0 0 0 0.819071 0 0.573692 0 -1 0 0.573692 0 -0.819071 0 0 0 223.312 
122 46.6522 50 12.2 1 0 0 1 0 3.902 198.889 198.222 206 0 0 0 0 0.814582 0 0.580049 0 -1 0 0.580049 0 -0.814582 0 0 0 223.701 
123 46.7915 50 12.3 1 0 0 1 0 3.893 199.222 198.889 206 0 0 0 0 0.809839 0 0.586652 0 -1 0 0.586652 0 -0.809839 0 0 0 224.078 
124 46.9283 50 12.4 1 0 0 1 0 3.884 199.556 199.556 206 0 0 0 0 0.804829 0 0.593507 0 -1 0 0.593507 0 -0.804829 0 0 0 224.453 
125 47.0627 50 12.5 1 0 0 1 0 3.875 201 202.444 195 0 0 0 0 0.799544 0 0.600608 0 -1 0 0.600608 0 -0.799544 0 0 0 225.939 
126 47.1946 50 12.6 1 0 0 1 0 3.866 200.889 202.111 195 0 0 0 0 0.793953 0 0.607979 0 -1 0 0.607979 0 -0.793953 0 0 0 225.993 
127 47.3239 50 12.7 1 0 0 1 0 3.857 200.778 201.778 195 0 0 0 0 0.78805 0 0.615611 0 -1 0 0.615611 0 -0.78805 0 0 0 225.888 
128 47.4506 50 12.8 1 0 0 1 0 3.848 200.667 201.444 195 0 0 0 0 0.781814 0 0.623512 0 -1 0 0.623512 0 -0.781814 0 0 0 225.765 
129 47.5746 50 12.9 1 0 0 1 0 3.839 200.556 201.111 205 0 0 0 0 0.775208 0 0.631706 0 -1 0 0.631706 0 -0.775208 0 0 0 225.641 
130 47.696 50 13 1 0 0 1 0 3.83 201.667 203.333 205 0 0 0 0 0.768222 0 0.640184 0 -1 0 0.640184 0 -0.768222 0 0 0 226.738 
131 47.8146 50 13.1 1 0 0 1 0 3.821 200.889 201.778 205 0 0 0 0 0.760843 0 0.648936 0 -1 0 0.648936 0 -0.760843 0 0 0 226.082 
132 47.9305 50 13.2 1 0 0 1 0 3.812 200.111 200.222 205 0 0 0 0 0.753045 0 0.657969 0 -1 0 0.657969 0 -0.753045 0 0 0 225.231 
133 48.0435 50 13.3 1 0 0 1 0 3.803 199.333 198.667 205 0 0 0 0 0.744802 0 0.667286 0 -1 0 0.667286 0 -0.744802 0 0 0 224.359 
134 48.1537 50 13.4 1 0 0 1 0 3.794 198.444 197 205 0 0 0 0 0.736065 0 0.676911 0 -1 0 0.676911 0 -0.736065 0 0 0 223.373 
135 48.261 50 13.5 1 0 0 1 0 3.785 197.556 195.333 188 0 0 0 0 0.726819 0 0.686829 0 -1 0 0.686829 0 -0.726819 0 0 0 222.375 
136 48.3654 50 13.6 1 0 0 1 0 3.776 196.667 193.667 188 0 0 0 0 0.717027 0 0.697045 0 -1 0 0.697045 0 -0.717027 0 0 0 221.375 
137 48.4668 50 13.7 1 0 0 1 0 3.767 195.778 192 188 0 0 0 0 0.706654 0 0.707559 0 -1 0 0.707559 0 -0.706654 0 0 0 220.375 
138 48.5651 50 13.8 1 0 0 1 0 3.758 194.889 190.333 197 0 0 0 0 0.695682 0 0.71835 0 -1 0 0.71835 0 -0.695682 0 0 0 219.375 
139 48.6604 50 13.9 1 0 0 1 0 3.749 194 188.667 197 0 0 0 0 0.684092 0 0.729395 0 -1 0 0.729395 0 -0.684092 0 0 0 218.375 
140 48.7527 50 14 1 0 0 1 0 3.74 195 190.778 197 0 0 0 0 0.671802 0 0.740731 0 -1 0 0.740731 0 -0.671802 0 0 0 219.264 
141 48.8418 50 14.1 1 0 0 1 0 3.731 194.889 190.556 197 0 0 0 0 0.658789 0 0.752328 0 -1 0 0.752328 0 -0.658789 0 0 0 219.252 
142 48.9278 50 14.2 1 0 0 1 0 3.722 194.778 190.333 197 0 0 0 0 0.645033 0 0.764154 0 -1 0 0.764154 0 -0.645033 0 0 0 219.139 
143 49.0107 50 14.3 1 0 0 1 0 3.713 193.667 188 197 0 0 0 0 0.630463 0 0.776219 0 -1 0 0.776219 0 -0.630463 0 0 0 218.015 
144 49.0903 50 14.4 1 0 0 1 0 3.704 192.556 185.667 197 0 0 0 0 0.615059 0 0.788481 0 -1 0 0.788481 0 -0.615059 0 0 0 216.779 
145 49.1667 50 14.5 1 0 0 1 0 3.695 191.444 183.333 187 0 0 0 0 0.598804 0 0.800896 0 -1 0 0.800896 0 -0.598804 0 0 0 215.531 
146 49.2398 50 14.6 1 0 0 1 0 3.686 190.889 182.556 187 0 0 0 0 0.581624 0 0.813458 0 -1 0 0.813458 0 -0.581624 0 0 0 214.837 
147 49.3097 50 14.7 1 0 0 1 0 3.677 190.333 181.778 187 0 0 0 0 0.56347 0 0.826136 0 -1 0 0.826136 0 -0.56347 0 0 0 214.204 
148 49.3762 50 14.8 1 0 0 1 0 3.668 189.778 181 187 0 0 0 0 0.544299 0 0.838891 0 -1 0 0.838891 0 -0.544299 0 0 0 213.578 
149 49.4394 50 14.9 1 0 0 1 0 3.659 189.222 180.222 187 0 0 0 0 0.524099 0 0.851657 0 -1 0 0.851657 0 -0.524099 0 0 0 212.953 
150 49.4993 50 15 1 0 0 1 0 3.65 189.778 181.778 192 0 0 0 0 0.502867 0 0.864364 0 -1 0 0.864364 0 -0.502867 0 0 0 213.439 
151 49.5558 50 15.1 1 0 0 1 0 3.641 192 186.667 192 0 0 0 0 0.480496 0 0.876997 0 -1 0 0.876997 0 -0.480496 0 0 0 215.715 
152 49.6089 50 15.2 1 0 0 1 0 3.632 194.222 191.556 192 0 0 0 0 0.457069 0 0.889431 0 -1 0 0.889431 0 -0.457069 0 0 0 218.191 
153 49.6586 50 15.3 1 0 0 1 0 3.623 196.444 196.444 192 0 0 0 0 0.432528 0 0.90162 0 -1 0 0.90162 0 -0.432528 0 0 0 220.688 
154 49.7048 50 15.4 1 0 0 1 0 3.614 198.667 201.333 192 0 0 0 0 0.406775 0 0.913528 0 -1 0 0.913528 0 -0.406775 0 0 0 223.188 
155 49.7476 50 15.5 1 0 0 1 0 3.605 200.333 204.667 207 0 0 0 0 0.379882 0 0.925035 0 -1 0 0.925035 0 -0.379882 0 0 0 225.132 
156 49.787 50 15.6 1 0 0 1 0 3.596 202 208 207 0 0 0 0 0.351899 0 0.936038 0 -1 0 0.936038 0 -0.351899 0 0 0 227.015 
157 49.8228 50 15.7 1 0 0 1 0 3.587 203.667 211.333 207 0 0 0 0 0.322846 0 0.946451 0 -1 0 0.946451 0 -0.322846 0 0 0 228.891 
158 49.8552 50 15.8 1 0 0 1 0 3.578 205.333 214.667 207 0 0 0 0 0.292754 0 0.956188 0 -1 0 0.956188 0 -0.292754 0 0 0 230.766 
159 49.884 50 15.9 1 0 0 1 0 3.569 207 218 207 0 0 0 0 0.261665 0 0.965159 0 -1 0 0.965159 0 -0.261665 0 0 0 232.641 
160 49.9094 50 16 1 0 0 1 0 3.56 207 218 207 0 0 0 0 0.229689 0 0.973264 0 -1 0 0.973264 0 -0.229689 0 0 0 232.849 
161 49.9312 50 16.1 1 0 0 1 0 3.551 206 216.222 207 0 0 0 0 0.196796 0 0.980445 0 -1 0 0.980445 0 -0.196796 0 0 0 231.872 
162 49.9495 50 16.2 1 0 0 1 0 3.542 205 214.444 207 0 0 0 0 0.163119 0 0.986606 0 -1 0 0.986606 0 -0.163119 0 0 0 230.764 
163 49.9643 50 16.3 1 0 0 1 0 3.533 204 212.667 207 0 0 0 0 0.12886 0 0.991663 0 -1 0 0.991663 0 -0.12886 0 0 0 229.64 
164 49.9755 50 16.4 1 0 0 1 0 3.524 203 210.889 207 0 0 0 0 0.0941338 0 0.99556 0 -1 0 0.99556 0 -0.0941338 0 0 0 228.516 
165 49.9832 50 16.5 1 0 0 1 0 3.515 202 209.111 198 0 0 0 0 0.0590627 0 0.998254 0 -1 0 0.998254 0 -0.0590627 0 0 0 227.391 
166 49.9874 50 16.6 1 0 0 1 0 3.506 201 207.333 198 0 0 0 0 0.0237165 0 0.999719 0 -1 0 0.999719 0 -0.0237165 0 0 0 226.266 
167 49.988 50 16.7 1 0 0 1 0 3.497 200 205.556 198 0 0 0 0 -0.011776 0 0.999931 0 -1 0 0.999931 0 0.011776 0 0 0 225.141 
168 49.985 50 16.8 1 0 0 1 0 3.488 199 203.778 198 0 0 0 0 -0.0472811 0 0.998882 0 -1 0 0.998882 0 0.0472811 0 0 0 224.016 
169 49.9785 50 16.9 1 0 0 1 0 3.479 198 202 198 0 0 0 0 -0.0825513 0 0.996587 0 -1 0 0.996587 0 0.0825513 0 0 0 222.891 
170 49.9684 50 17 1 0 0 1 0 3.47 198 202 198 0 0 0 0 -0.117404 0 0.993084 0 -1 0 0.993084 0 0.117404 0 0 0 222.766 
171 49.9549 50 17.1 1 0 0 1 0 3.461 199.444 204.889 198 0 0 0 0 -0.151831 0 0.988407 0 -1 0 0.988407 0 0.151831 0 0 0 224.196 
172 49.9377 50 17.2 1 0 0 1 0 3.452 200.889 207.778 198 0 0 0 0 -0.185659 0 0.982614 0 -1 0 0.982614 0 0.185659 0 0 0 225.8 
173 49.9171 50 17.3 1 0 0 1 0 3.443 202.333 210.667 198 0 0 0 0 -0.218736 0 0.975784 0 -1 0 0.975784 0 0.218736 0 0 0 227.422 
174 49.8929 50 17.4 1 0 0 1 0 3.434 203.778 213.556 198 0 0 0 0 -0.25108 0 0.967966 0 -1 0 0.967966 0 0.25108 0 0 0 229.047 
175 49.8652 50 17.5 1 0 0 1 0 3.425 205.222 216.444 211 0 0 0 0 -0.282555 0 0.959251 0 -1 0 0.959251 0 0.282555 0 0 0 230.672 
176 49.834 50 17.6 1 0 0 1 0 3.416 206.667 219.333 211 0 0 0 0 -0.312999 0 0.949753 0 -1 0 0.949753 0 0.312999 0 0 0 232.297 
177 49.7993 50 17.7 1 0 0 1 0 3.407 208.111 222.222 211 0 0 0 0 -0.342367 0 0.939566 0 -1 0 0.939566 0 0.342367 0 0 0 233.922 
178 49.7611 50 17.8 1 0 0 1 0 3.398 209.556 225.111 211 0 0 0 0 -0.370677 0 0.928762 0 -1 0 0.928762 0 0.370677 0 0 0 235.547 
179 49.7195 50 17.9 1 0 0 1 0 3.389 211 228 211 0 0 0 0 -0.397907 0 0.917426 0 -1 0 0.917426 0 0.397907 0 0 0 237.172 
180 49.6744 50 18 1 0 0 1 0 3.38 210.889 227.222 211 0 0 0 0 -0.424001 0 0.905662 0 -1 0 0.905662 0 0.424001 0 0 0 237.241 
181 49.6258 50 18.1 1 0 0 1 0 3.371 209.667 224.111 211 0 0 0 0 -0.448962 0 0.893551 0 -1 0 0.893551 0 0.448962 0 0 0 236.027 
182 49.5739 50 18.2 1 0 0 1 0 3.362 208.444 221 211 0 0 0 0 -0.472798 0 0.881171 0 -1 0 0.881171 0 0.472798 0 0 0 234.67 
183 49.5185 50 18.3 1 0 0 1 0 3.353 207.222 217.889 211 0 0 0 0 -0.49553 0 0.868591 0 -1 0 0.868591 0 0.49553 0 0 0 233.297 
184 49.4598 50 18.4 1 0 0 1 0 3.344 206 214.778 210 0 0 0 0 -0.51715 0 0.855895 0 -1 0 0.855895 0 0.51715 0 0 0 231.922 
185 49.3977 50 18.5 1 0 0 1 0 3.335 204.778 211.667 200 0 0 0 0 -0.537656 0 0.843164 0 -1 0 0.843164 0 0.537656 0 0 0 230.547 
186 49.3322 50 18.6 1 0 0 1 0 3.326 203.556 208.556 200 0 0 0 0 -0.557157 0 0.830407 0 -1 0 0.830407 0 0.557157 0 0 0 229.172 
187 49.2635 50 18.7 1 0 0 1 0 3.317 202.333 205.444 200 0 0 0 0 -0.575655 0 0.817692 0 -1 0 0.817692 0 0.575655 0 0 0 227.797 
188 49.1914 50 18.8 1 0 0 1 0 3.308 201.111 202.333 200 0 0 0 0 -0.593165 0 0.805081 0 -1 0 0.805081 0 0.593165 0 0 0 226.422 
189 49.1161 50 18.9 1 0 0 1 0 3.299 200 200 200 0 0 0 0 -0.609761 0 0.792585 0 -1 0 0.792585 0 0.609761 0 0 0 225.158 
190 49.0376 50 19 1 0 0 1 0 3.29 200 200 200 0 0 0 0 -0.625461 0 0.780256 0 -1 0 0.780256 0 0.625461 0 0 0 225.018 
191 48.9558 50 19.1 1 0 0 1 0 3.281 198.889 198.333 200 0 0 0 0 -0.640311 0 0.768115 0 -1 0 0.768115 0 0.640311 0 0 0 223.891 
192 48.8708 50 19.2 1 0 0 1 0 3.272 197.778 196.667 200 0 0 0 0 -0.654331 0 0.756208 0 -1 0 0.756208 0 0.654331 0 0 0 222.655 
193 48.7827 50 19.3 1 0 0 1 0 3.263 197.111 195.444 200 0 0 0 0 -0.667546 0 0.744568 0 -1 0 0.744568 0 0.667546 0 0 0 221.851 
194 48.6915 50 19.4 1 0 0 1 0 3.254 196.444 194.222 200 0 0 0 0 -0.680073 0 0.733144 0 -1 0 0.733144 0 0.680073 0 0 0 221.094 
195 48.5972 50 19.5 1 0 0 1 0 3.245 195.778 193 190 0 0 0 0 -0.691906 0 0.721988 0 -1 0 0.721988 0 0.691906 0 0 0 220.344 
196 48.4999 50 19.6 1 0 0 1 0 3.236 195.111 191.778 190 0 0 0 0 -0.703086 0 0.711105 0 -1 0 0.711105 0 0.703086 0 0 0 219.594 
197 48.3995 50 19.7 1 0 0 1 0 3.227 194.444 190.556 194 0 0 0 0 -0.713653 0 0.700499 0 -1 0 0.700499 0 0.713653 0 0 0 218.844 
198 48.2961 50 19.8 1 0 0 1 0 3.218 193.778 189.333 194 0 0 0 0 -0.723609 0 0.69021 0 -1 0 0.69021 0 0.723609 0 0 0 218.094 
199 48.1898 50 19.9 1 0 0 1 0 3.209 193.111 188.111 194 0 0 0 0 -0.733028 0 0.680199 0 -1 0 0.680199 0 0.733028 0 0 0 217.344 
200 48.0806 50 20 1 0 0 1 0 3.2 193.556 188.556 194 0 0 0 0 -0.741926 0 0.670482 0 -1 0 0.670482 0 0.741926 0 0 0 217.705 
201 47.9685 50 20.1 1 0 0 1 0 3.191 193.556 188.667 194 0 0 0 0 -0.750337 0 0.661056 0 -1 0 0.661056 0 0.750337 0 0 0 217.745 
202 47.8536 50 20.2 1 0 0 1 0 3.182 192.222 186.556 194 0 0 0 0 -0.758305 0 0.6519 0 -1 0 0.6519 0 0.758305 0 0 0 216.416 
203 47.7358 50 20.3 1 0 0 1 0 3.173 190.889 184.444 194 0 0 0 0 -0.765815 0 0.643061 0 -1 0 0.643061 0 0.765815 0 0 0 214.935 
204 47.6154 50 20.4 1 0 0 1 0 3.164 189.556 182.333 194 0 0 0 0 -0.77291 0 0.634515 0 -1 0 0.634515 0 0.77291 0 0 0 213.437 
205 47.4922 50 20.5 1 0 0 1 0 3.155 188.222 180.222 190 0 0 0 0 -0.779632 0 0.626238 0 -1 0 0.626238 0 0.779632 0 0 0 211.937 
206 47.3664 50 20.6 1 0 0 1 0 3.146 186.889 178.111 182 0 0 0 0 -0.785989 0 0.61824 0 -1 0 0.61824 0 0.785989 0 0 0 210.438 
207 47.238 50 20.7 1 0 0 1 0 3.137 185.556 176 182 0 0 0 0 -0.792005 0 0.610514 0 -1 0 0.610514 0 0.792005 0 0 0 208.938 
208 47.1069 50 20.8 1 0 0 1 0 3.128 184.222 173.889 182 0 0 0 0 -0.797702 0 0.603051 0 -1 0 0.603051 0 0.797702 0 0 0 207.438 
209 46.9734 50 20.9 1 0 0 1 0 3.119 184.111 173.556 182 0 0 0 0 -0.803099 0 0.595845 0 -1 0 0.595845 0 0.803099 0 0 0 207.16 
210 46.8374 50 21 1 0 0 1 0 3.11 184.444 173.556 182 0 0 0 0 -0.808192 0 0.588919 0 -1 0 0.588919 0 0.808192 0 0 0 207.462 
211 46.6989 50 21.1 1 0 0 1 0 3.101 186.111 177 182 0 0 0 0 -0.813022 0 0.582233 0 -1 0 0.582233 0 0.813022 0 0 0 209.162 
212 46.5581 50 21.2 1 0 0 1 0 3.092 187.778 180.444 182 0 0 0 0 -0.817605 0 0.575779 0 -1 0 0.575779 0 0.817605 0 0 0 211.018 
213 46.4149 50 21.3 1 0 0 1 0 3.083 189.444 183.889 193 0 0 0 0 -0.821936 0 0.56958 0 -1 0 0.56958 0 0.821936 0 0 0 212.891 
214 46.2695 50 21.4 1 0 0 1 0 3.074 191.111 187.333 193 0 0 0 0 -0.826029 0 0.563627 0 -1 0 0.563627 0 0.826029 0 0 0 214.766 
215 46.1218 50 21.5 1 0 0 1 0 3.065 192.778 190.778 197 0 0 0 0 -0.829908 0 0.5579 0 -1 0 0.5579 0 0.829908 0 0 0 216.641 
216 45.972 50 21.6 1 0 0 1 0 3.056 195.111 194.778 197 0 0 0 0 -0.833586 0 0.552389 0 -1 0 0.552389 0 0.833586 0 0 0 219.182 
217 45.82 50 21.7 1 0 0 1 0 3.047 197.444 198.778 197 0 0 0 0 -0.837066 0 0.547103 0 -1 0 0.547103 0 0.837066 0 0 0 221.798 
218 45.666 50 21.8 1 0 0 1 0 3.038 198.556 201 197 0 0 0 0 -0.840358 0 0.542031 0 -1 0 0.542031 0 0.840358 0 0 0 223.2 
219 45.5099 50 21.9 1 0 0 1 0 3.029 199.667 203.222 197 0 0 0 0 -0.843483 0 0.537155 0 -1 0 0.537155 0 0.843483 0 0 0 224.467 
220 45.3519 50 22 1 0 0 1 0 3.02 200.333 203.778 203 0 0 0 0 -0.846432 0 0.532496 0 -1 0 0.532496 0 0.846432 0 0 0 225.274 
221 45.192 50 22.1 1 0 0 1 0 3.011 201.444 205.889 203 0 0 0 0 -0.849216 0 0.528046 0 -1 0 0.528046 0 0.849216 0 0 0 226.475 
222 45.0303 50 22.2 1 0 0 1 0 3.002 199.778 202.444 203 0 0 0 0 -0.851858 0 0.523773 0 -1 0 0.523773 0 0.851858 0 0 0 224.942 
223 44.8667 50 22.3 1 0 0 1 0 2.993 198.111 199 203 0 0 0 0 -0.854359 0 0.519684 0 -1 0 0.519684 0 0.854359 0 0 0 223.105 
224 44.7015 50 22.4 1 0 0 1 0 2.984 196.444 195.556 203 0 0 0 0 -0.856726 0 0.515772 0 -1 0 0.515772 0 0.856726 0 0 0 221.234 
225 44.5345 50 22.5 1 0 0 1 0 2.975 194.111 191.556 207 0 0 0 0 -0.858958 0 0.512046 0 -1 0 0.512046 0 0.858958 0 0 0 218.693 
226 44.366 50 22.6 1 0 0 1 0 2.966 191.778 187.556 182 0 0 0 0 -0.861055 0 0.508512 0 -1 0 0.508512 0 0.861055 0 0 0 216.077 
227 44.1959 50 22.7 1 0 0 1 0 2.957 189.444 183.556 182 0 0 0 0 -0.863029 0 0.505155 0 -1 0 0.505155 0 0.863029 0 0 0 213.453 
228 44.0243 50 22.8 1 0 0 1 0 2.948 189.667 184.111 182 0 0 0 0 -0.864887 0 0.501966 0 -1 0 0.501966 0 0.864887 0 0 0 213.384 
229 43.8513 50 22.9 1 0 0 1 0 2.939 189.889 184.667 182 0 0 0 0 -0.866642 0 0.49893 0 -1 0 0.49893 0 0.866642 0 0 0 213.598 
230 43.6769 50 23 1 0 0 1 0 2.93 189.667 183.667 182 0 0 0 0 -0.868297 0 0.496044 0 -1 0 0.496044 0 0.868297 0 0 0 213.4 
231 43.5012 50 23.1 1 0 0 1 0 2.921 191.333 187 182 0 0 0 0 -0.869844 0 0.493326 0 -1 0 0.493326 0 0.869844 0 0 0 215.044 
232 43.3242 50 23.2 1 0 0 1 0 2.912 193 190.333 205 0 0 0 0 -0.871287 0 0.490774 0 -1 0 0.490774 0 0.871287 0 0 0 216.894 
233 43.1461 50 23.3 1 0 0 1 0 2.903 194 192.444 205 0 0 0 0 -0.87263 0 0.488382 0 -1 0 0.488382 0 0.87263 0 0 0 218.099 
234 42.9669 50 23.4 1 0 0 1 0 2.894 195 194.556 205 0 0 0 0 -0.873883 0 0.486136 0 -1 0 0.486136 0 0.873883 0 0 0 219.233 
235 42.7866 50 23.5 1 0 0 1 0 2.885 196 196.667 197 0 0 0 0 -0.87505 0 0.484033 0 -1 0 0.484033 0 0.87505 0 0 0 220.359 
236 42.6053 50 23.6 1 0 0 1 0 2.876 197 198.778 197 0 0 0 0 -0.876133 0 0.482069 0 -1 0 0.482069 0 0.876133 0 0 0 221.484 
237 42.4231 50 23.7 1 0 0 1 0 2.867 195.444 196.333 191 0 0 0 0 -0.877129 0 0.480254 0 -1 0 0.480254 0 0.877129 0 0 0 220.054 
238 42.24 50 23.8 1 0 0 1 0 2.858 193.889 193.889 191 0 0 0 0 -0.878042 0 0.478584 0 -1 0 0.478584 0 0.878042 0 0 0 218.339 
239 42.0562 50 23.9 1 0 0 1 0 2.849 194.889 195.778 191 0 0 0 0 -0.878872 0 0.477057 0 -1 0 0.477057 0 0.878872 0 0 0 219.149 
240 41.8716 50 24 1 0 0 1 0 2.84 196.778 198.889 191 0 0 0 0 -0.879623 0 0.475672 0 -1 0 0.475672 0 0.879623 0 0 0 221.128 
241 41.6863 50 24.1 1 0 0 1 0 2.831 194.667 194.778 191 0 0 0 0 -0.880302 0 0.474414 0 -1 0 0.474414 0 0.880302 0 0 0 219.236 
242 41.5005 50 24.2 1 0 0 1 0 2.822 193.222 191.889 191 0 0 0 0 -0.880904 0 0.473294 0 -1 0 0.473294 0 0.880904 0 0 0 217.582 
243 41.3141 50 24.3 1 0 0 1 0 2.813 191.778 189 214 0 0 0 0 -0.881433 0 0.472309 0 -1 0 0.472309 0 0.881433 0 0 0 215.954 
244 41.1272 50 24.4 1 0 0 1 0 2.804 193.667 192.778 214 0 0 0 0 -0.881889 0 0.471458 0 -1 0 0.471458 0 0.881889 0 0 0 217.661 
245 40.94 50 24.5 1 0 0 1 0 2.795 195.556 196.556 178 0 0 0 0 -0.882272 0 0.47074 0 -1 0 0.47074 0 0.882272 0 0 0 219.74 
246 40.7524 50 24.6 1 0 0 1 0 2.786 197.444 200.333 178 0 0 0 0 -0.88259 0 0.470143 0 -1 0 0.470143 0 0.88259 0 0 0 221.86 
247 40.5645 50 24.7 1 0 0 1 0 2.777 199.333 204.111 178 0 0 0 0 -0.882832 0 0.469689 0 -1 0 0.469689 0 0.882832 0 0 0 223.984 
248 40.3765 50 24.8 1 0 0 1 0 2.768 198.667 203.556 208 0 0 0 0 -0.883005 0 0.469364 0 -1 0 0.469364 0 0.883005 0 0 0 223.554 
249 40.1883 50 24.9 1 0 0 1 0 2.759 196.556 199.333 208 0 0 0 0 -0.883114 0 0.469159 0 -1 0 0.469159 0 0.883114 0 0 0 221.395 
250 40 50 25 1 0 0 1 0 2.75 198.444 202.333 208 0 0 0 0 -0.883148 0 0.469094 -0 -1 -0 0.469094 -0 0.883148 0 0 0 223.044 
251 39.8117 50 25.1 1 0 0 1 0 2.741 198 201.556 208 0 0 0 0 -0.883114 0 0.469159 -0 -1 -0 0.469159 -0 0.883114 0 0 0 222.783 
252 39.6235 50 25.2 1 0 0 1 0 2.732 197.556 200.778 208 0 0 0 0 -0.883005 0 0.469364 -0 -1 -0 0.469364 -0 0.883005 0 0 0 222.309 
253 39.4355 50 25.3 1 0 0 1 0 2.723 193.778 193.333 195 0 0 0 0 -0.882832 0 0.469689 -0 -1 -0 0.469689 -0 0.882832 0 0 0 218.479 
254 39.2476 50 25.4 1 0 0 1 0 2.714 192.889 190.889 195 0 0 0 0 -0.88259 0 0.470143 -0 -1 -0 0.470143 -0 0.88259 0 0 0 217.164 
255 39.06 50 25.5 1 0 0 1 0 2.705 192 188.444 174 0 0 0 0 -0.882272 0 0.47074 -0 -1 -0 0.47074 -0 0.882272 0 0 0 216.129 
256 38.8728 50 25.6 1 0 0 1 0 2.696 191.111 186 174 0 0 0 0 -0.881889 0 0.471458 -0 -1 -0 0.471458 -0 0.881889 0 0 0 215.125 
257 38.6859 50 25.7 1 0 0 1 0 2.687 190.222 183.556 174 0 0 0 0 -0.881433 0 0.472309 -0 -1 -0 0.472309 -0 0.881433 0 0 0 214.125 
258 38.4995 50 25.8 1 0 0 1 0 2.678 190.778 184.778 200 0 0 0 0 -0.880904 0 0.473294 -0 -1 -0 0.473294 -0 0.880904 0 0 0 214.569 
259 38.3137 50 25.9 1 0 0 1 0 2.669 191.333 186 200 0 0 0 0 -0.880302 0 0.474414 -0 -1 -0 0.474414 -0 0.880302 0 0 0 215.174 
260 38.1284 50 26 1 0 0 1 0 2.66 192.222 187 200 0 0 0 0 -0.879623 0 0.475672 -0 -1 -0 0.475672 -0 0.879623 0 0 0 216.13 
261 37.9438 50 26.1 1 0 0 1 0 2.651 192.333 187.333 200 0 0 0 0 -0.878872 0 0.477057 -0 -1 -0 0.477057 -0 0.878872 0 0 0 216.348 
262 37.76 50 26.2 1 0 0 1 0 2.642 192.444 187.667 200 0 0 0 0 -0.878042 0 0.478584 -0 -1 -0 0.478584 -0 0.878042 0 0 0 216.483 
263 37.5769 50 26.3 1 0 0 1 0 2.633 189.667 183 200 0 0 0 0 -0.877129 0 0.480254 -0 -1 -0 0.480254 -0 0.877129 0 0 0 213.72 
264 37.3947 50 26.4 1 0 0 1 0 2.624 186.889 178.333 182 0 0 0 0 -0.876133 0 0.482069 -0 -1 -0 0.482069 -0 0.876133 0 0 0 210.636 
265 37.2134 50 26.5 1 0 0 1 0 2.615 186.556 177.556 175 0 0 0 0 -0.87505 0 0.484033 -0 -1 -0 0.484033 -0 0.87505 0 0 0 209.96 
266 37.0331 50 26.6 1 0 0 1 0 2.606 186.222 176.778 175 0 0 0 0 -0.873883 0 0.486136 -0 -1 -0 0.486136 -0 0.873883 0 0 0 209.551 
267 36.8539 50 26.7 1 0 0 1 0 2.597 185.889 176 175 0 0 0 0 -0.87263 0 0.488382 -0 -1 -0 0.488382 -0 0.87263 0 0 0 209.172 
268 36.6758 50 26.8 1 0 0 1 0 2.588 185.556 175.222 175 0 0 0 0 -0.871287 0 0.490774 -0 -1 -0 0.490774 -0 0.871287 0 0 0 208.797 
269 36.4988 50 26.9 1 0 0 1 0 2.579 187.222 178.444 197 0 0 0 0 -0.869844 0 0.493326 -0 -1 -0 0.493326 -0 0.869844 0 0 0 210.422 
270 36.3231 50 27 1 0 0 1 0 2.57 189.667 182.333 197 0 0 0 0 -0.868297 0 0.496044 -0 -1 -0 0.496044 -0 0.868297 0 0 0 213.047 
271 36.1487 50 27.1 1 0 0 1 0 2.561 191 185 197 0 0 0 0 -0.866642 0 0.49893 -0 -1 -0 0.49893 -0 0.866642 0 0 0 214.672 
272 35.9757 50 27.2 1 0 0 1 0 2.552 192.333 187.667 197 0 0 0 0 -0.864887 0 0.501966 -0 -1 -0 0.501966 -0 0.864887 0 0 0 216.186 
273 35.8041 50 27.3 1 0 0 1 0 2.543 193.667 190.333 197 0 0 0 0 -0.863029 0 0.505155 -0 -1 -0 0.505155 -0 0.863029 0 0 0 217.687 
274 35.634 50 27.4 1 0 0 1 0 2.534 192.556 189.111 197 0 0 0 0 -0.861055 0 0.508512 -0 -1 -0 0.508512 -0 0.861055 0 0 0 216.743 
275 35.4655 50 27.5 1 0 0 1 0 2.525 191.444 187.889 187 0 0 0 0 -0.858958 0 0.512046 -0 -1 -0 0.512046 -0 0.858958 0 0 0 215.527 
276 35.2985 50 27.6 1 0 0 1 0 2.516 190.333 186.667 187 0 0 0 0 -0.856726 0 0.515772 -0 -1 -0 0.515772 -0 0.856726 0 0 0 214.281 
277 35.1333 50 27.7 1 0 0 1 0 2.507 190 186.111 187 0 0 0 0 -0.854359 0 0.519684 -0 -1 -0 0.519684 -0 0.854359 0 0 0 213.809 
278 34.9697 50 27.8 1 0 0 1 0 2.498 189.667 185.556 187 0 0 0 0 -0.851858 0 0.523773 -0 -1 -0 0.523773 -0 0.851858 0 0 0 213.423 
279 34.808 50 27.9 1 0 0 1 0 2.489 189.333 185 187 0 0 0 0 -0.849216 0 0.528046 -0 -1 -0 0.528046 -0 0.849216 0 0 0 213.047 
280 34.6481 50 28 1 0 0 1 0 2.48 190.111 185.667 187 0 0 0 0 -0.846432 0 0.532496 -0 -1 -0 0.532496 -0 0.846432 0 0 0 213.783 
281 34.4901 50 28.1 1 0 0 1 0 2.471 192.222 190 194 0 0 0 0 -0.843483 0 0.537155 -0 -1 -0 0.537155 -0 0.843483 0 0 0 215.976 
282 34.334 50 28.2 1 0 0 1 0 2.462 194.333 194.333 194 0 0 0 0 -0.840358 0 0.542031 -0 -1 -0 0.542031 -0 0.840358 0 0 0 218.331 
283 34.18 50 28.3 1 0 0 1 0 2.453 196.444 198.667 194 0 0 0 0 -0.837066 0 0.547103 -0 -1 -0 0.547103 -0 0.837066 0 0 0 220.703 
284 34.028 50 28.4 1 0 0 1 0 2.444 198 200.778 194 0 0 0 0 -0.833586 0 0.552389 -0 -1 -0 0.552389 -0 0.833586 0 0 0 222.523 
285 33.8782 50 28.5 1 0 0 1 0 2.435 199.556 202.889 206 0 0 0 0 -0.829908 0 0.5579 -0 -1 -0 0.5579 -0 0.829908 0 0 0 224.28 
286 33.7305 50 28.6 1 0 0 1 0 2.426 200.333 204.333 206 0 0 0 0 -0.826029 0 0.563627 -0 -1 -0 0.563627 -0 0.826029 0 0 0 225.253 
287 33.5851 50 28.7 1 0 0 1 0 2.417 201.111 205.778 206 0 0 0 0 -0.821936 0 0.56958 -0 -1 -0 0.56958 -0 0.821936 0 0 0 226.139 
288 33.4419 50 28.8 1 0 0 1 0 2.408 201.889 207.222 201 0 0 0 0 -0.817605 0 0.575779 -0 -1 -0 0.575779 -0 0.817605 0 0 0 227.015 
289 33.3011 50 28.9 1 0 0 1 0 2.399 202.667 208.667 201 0 0 0 0 -0.813022 0 0.582233 -0 -1 -0 0.582233 -0 0.813022 0 0 0 227.891 
290 33.1626 50 29 1 0 0 1 0 2.39 202.111 206.444 201 0 0 0 0 -0.808192 0 0.588919 -0 -1 -0 0.588919 -0 0.808192 0 0 0 227.432 
291 33.0266 50 29.1 1 0 0 1 0 2.381 200.222 202.667 201 0 0 0 0 -0.803099 0 0.595845 -0 -1 -0 0.595845 -0 0.803099 0 0 0 225.492 
292 32.8931 50 29.2 1 0 0 1 0 2.372 198.333 198.889 201 0 0 0 0 -0.797702 0 0.603051 -0 -1 -0 0.603051 -0 0.797702 0 0 0 223.388 
293 32.762 50 29.3 1 0 0 1 0 2.363 197 197.333 201 0 0 0 0 -0.792005 0 0.610514 -0 -1 -0 0.610514 -0 0.792005 0 0 0 221.821 
294 32.6336 50 29.4 1 0 0 1 0 2.354 195.667 195.778 201 0 0 0 0 -0.785989 0 0.61824 -0 -1 -0 0.61824 -0 0.785989 0 0 0 220.313 
295 32.5078 50 29.5 1 0 0 1 0 2.345 194.333 194.222 189 0 0 0 0 -0.779632 0 0.626238 -0 -1 -0 0.626238 -0 0.779632 0 0 0 218.813 
296 32.3846 50 29.6 1 0 0 1 0 2.336 193 192.667 189 0 0 0 0 -0.77291 0 0.634515 -0 -1 -0 0.634515 -0 0.77291 0 0 0 217.313 
297 32.2642 50 29.7 1 0 0 1 0 2.327 191.667 191.111 189 0 0 0 0 -0.765815 0 0.643061 -0 -1 -0 0.643061 -0 0.765815 0 0 0 215.812 
298 32.1464 50 29.8 1 0 0 1 0 2.318 190.333 189.556 189 0 0 0 0 -0.758305 0 0.6519 -0 -1 -0 0.6519 -0 0.758305 0 0 0 214.312 
299 32.0315 50 29.9 1 0 0 1 0 2.309 189 188 189 0 0 0 0 -0.750337 0 0.661056 -0 -1 -0 0.661056 -0 0.750337 0 0 0 212.812 
300 31.9194 50 30 1 0 0 1 0 2.3 189.778 188.444 189 0 0 0 0 -0.741926 0 0.670482 -0 -1 -0 0.670482 -0 0.741926 0 0 0 213.424 
301 31.8102 50 30.1 1 0 0 1 0 2.291 188.667 186.333 189 0 0 0 0 -0.733028 0 0.680199 -0 -1 -0 0.680199 -0 0.733028 0 0 0 212.38 
302 31.7039 50 30.2 1 0 0 1 0 2.282 187.556 184.222 189 0 0 0 0 -0.723609 0 0.690211 -0 -1 -0 0.690211 -0 0.723609 0 0 0 211.153 
303 31.6005 50 30.3 1 0 0 1 0 2.273 186.444 182.111 189 0 0 0 0 -0.713652 0 0.7005 -0 -1 -0 0.7005 -0 0.713652 0 0 0 209.906 
304 31.5001 50 30.4 1 0 0 1 0 2.264 185.333 180 196 0 0 0 0 -0.703085 0 0.711106 -0 -1 -0 0.711106 -0 0.703085 0 0 0 208.656 
305 31.4028 50 30.5 1 0 0 1 0 2.255 184.222 177.889 179 0 0 0 0 -0.691906 0 0.721988 -0 -1 -0 0.721988 -0 0.691906 0 0 0 207.406 
306 31.3085 50 30.6 1 0 0 1 0 2.246 183.111 175.778 179 0 0 0 0 -0.680073 0 0.733144 -0 -1 -0 0.733144 -0 0.680073 0 0 0 206.156 
307 31.2173 50 30.7 1 0 0 1 0 2.237 182 173.667 179 0 0 0 0 -0.667546 0 0.744569 -0 -1 -0 0.744569 -0 0.667546 0 0 0 204.906 
308 31.1292 50 30.8 1 0 0 1 0 2.228 180.889 171.556 179 0 0 0 0 -0.65433 0 0.756209 -0 -1 -0 0.756209 -0 0.65433 0 0 0 203.656 
309 31.0442 50 30.9 1 0 0 1 0 2.219 179 169 179 0 0 0 0 -0.64031 0 0.768116 -0 -1 -0 0.768116 -0 0.64031 0 0 0 201.628 
310 30.9624 50 31 1 0 0 1 0 2.21 179 169 179 0 0 0 0 -0.625461 0 0.780255 -0 -1 -0 0.780255 -0 0.625461 0 0 0 201.403 
311 30.8839 50 31.1 1 0 0 1 0 2.201 180.111 171.333 179 0 0 0 0 -0.609762 0 0.792584 -0 -1 -0 0.792584 -0 0.609762 0 0 0 202.489 
312 30.8086 50 31.2 1 0 0 1 0 2.192 181.222 173.667 179 0 0 0 0 -0.593166 0 0.80508 -0 -1 -0 0.80508 -0 0.593166 0 0 0 203.721 
313 30.7365 50 31.3 1 0 0 1 0 2.183 182.667 175.444 179 0 0 0 0 -0.575655 0 0.817692 -0 -1 -0 0.817692 -0 0.575655 0 0 0 205.302 
314 30.6678 50 31.4 1 0 0 1 0 2.174 184.111 177.222 179 0 0 0 0 -0.557157 0 0.830407 -0 -1 -0 0.830407 -0 0.557157 0 0 0 206.922 
315 30.6023 50 31.5 1 0 0 1 0 2.165 185.556 179 189 0 0 0 0 -0.537658 0 0.843163 -0 -1 -0 0.843163 -0 0.537658 0 0 0 208.547 
316 30.5402 50 31.6 1 0 0 1 0 2.156 187 180.778 189 0 0 0 0 -0.517152 0 0.855894 -0 -1 -0 0.855894 -0 0.517152 0 0 0 210.172 
317 30.4815 50 31.7 1 0 0 1 0 2.147 188.444 182.556 192 0 0 0 0 -0.495531 0 0.86859 -0 -1 -0 0.86859 -0 0.495531 0 0 0 211.797 
318 30.4261 50 31.8 1 0 0 1 0 2.138 189.889 184.333 192 0 0 0 0 -0.472797 0 0.881171 -0 -1 -0 0.881171 -0 0.472797 0 0 0 213.422 
319 30.3742 50 31.9 1 0 0 1 0 2.129 191.333 186.111 192 0 0 0 0 -0.44896 0 0.893552 -0 -1 -0 0.893552 -0 0.44896 0 0 0 215.047 
320 30.3256 50 32 1 0 0 1 0 2.12 191.667 185.556 192 0 0 0 0 -0.424 0 0.905662 -0 -1 -0 0.905662 -0 0.424 0 0 0 215.561 
321 30.2805 50 32.1 1 0 0 1 0 2.111 191.333 183.556 192 0 0 0 0 -0.397908 0 0.917425 -0 -1 -0 0.917425 -0 0.397908 0 0 0 215.285 
322 30.2389 50 32.2 1 0 0 1 0 2.102 190.667 182.111 192 0 0 0 0 -0.370679 0 0.928761 -0 -1 -0 0.928761 -0 0.370679 0 0 0 214.587 
323 30.2007 50 32.3 1 0 0 1 0 2.093 190 180.667 192 0 0 0 0 -0.342368 0 0.939566 -0 -1 -0 0.939566 -0 0.342368 0 0 0 213.843 
324 30.166 50 32.4 1 0 0 1 0 2.084 189.333 179.222 192 0 0 0 0 -0.312996 0 0.949754 -0 -1 -0 0.949754 -0 0.312996 0 0 0 213.094 
325 30.1348 50 32.5 1 0 0 1 0 2.075 188.667 177.778 186 0 0 0 0 -0.282552 0 0.959252 -0 -1 -0 0.959252 -0 0.282552 0 0 0 212.344 
326 30.1071 50 32.6 1 0 0 1 0 2.066 188 176.333 186 0 0 0 0 -0.25108 0 0.967966 -0 -1 -0 0.967966 -0 0.25108 0 0 0 211.594 
327 30.0829 50 32.7 1 0 0 1 0 2.057 187.333 174.889 186 0 0 0 0 -0.218738 0 0.975784 -0 -1 -0 0.975784 -0 0.218738 0 0 0 210.844 
328 30.0623 50 32.8 1 0 0 1 0 2.048 186.667 173.444 186 0 0 0 0 -0.185659 0 0.982614 -0 -1 -0 0.982614 -0 0.185659 0 0 0 210.094 
329 30.0451 50 32.9 1 0 0 1 0 2.039 186 172 186 0 0 0 0 -0.151831 0 0.988407 -0 -1 -0 0.988407 -0 0.151831 0 0 0 209.344 
330 30.0316 50 33 1 0 0 1 0 2.03 186 172 186 0 0 0 0 -0.117405 0 0.993084 -0 -1 -0 0.993084 -0 0.117405 0 0 0 209.26 
331 30.0215 50 33.1 1 0 0 1 0 2.021 189.667 179.444 186 0 0 0 0 -0.0825503 0 0.996587 -0 -1 -0 0.996587 -0 0.0825503 0 0 0 212.918 
332 30.015 50 33.2 1 0 0 1 0 2.012 193.333 186.889 186 0 0 0 0 -0.0472811 0 0.998882 -0 -1 -0 0.998882 -0 0.0472811 0 0 0 216.991 
333 30.012 50 33.3 1 0 0 1 0 2.003 197 194.333 186 0 0 0 0 -0.0117781 0 0.999931 -0 -1 0 0.999931 -0 0.0117781 0 0 0 221.11 
334 30.0126 50 33.4 1 0 0 1 0 1.994 200.667 201.778 186 0 0 0 0 0.0237155 0 0.999719 -0 -1 -0 0.999719 -0 -0.0237155 0 0 0 225.234 
335 30.0168 50 33.5 1 0 0 1 0 1.985 204.333 209.222 219 0 0 0 0 0.0590626 0 0.998254 -0 -1 -0 0.998254 -0 -0.0590626 0 0 0 229.359 
336 30.0245 50 33.6 1 0 0 1 0 1.976 208 216.667 219 0 0 0 0 0.0941349 0 0.995559 -0 -1 -0 0.995559 -0 -0.0941349 0 0 0 233.484 
337 30.0357 50 33.7 1 0 0 1 0 1.967 211.667 224.111 219 0 0 0 0 0.128861 0 0.991663 -0 -1 -0 0.991663 -0 -0.128861 0 0 0 237.609 
338 30.0505 50 33.8 1 0 0 1 0 1.958 215.333 231.556 219 0 0 0 0 0.16312 0 0.986606 -0 -1 -0 0.986606 -0 -0.16312 0 0 0 241.734 
339 30.0688 50 33.9 1 0 0 1 0 1.949 219 239 219 0 0 0 0 0.196746 0 0.980455 -0 -1 -0 0.980455 -0 -0.196746 0 0 0 245.859 
340 30.0906 50 34 1 0 0 1 0 1.94 219 239 219 0 0 0 0 0.22964 0 0.973276 -0 -1 -0 0.973276 -0 -0.22964 0 0 0 246.318 
341 30.1159 50 34.1 1 0 0 1 0 1.931 215.889 232.667 219 0 0 0 0 0.261667 0 0.965158 -0 -1 -0 0.965158 -0 -0.261667 0 0 0 243.258 
342 30.1448 50 34.2 1 0 0 1 0 1.922 212.778 226.333 219 0 0 0 0 0.292754 0 0.956188 -0 -1 -0 0.956188 -0 -0.292754 0 0 0 239.806 
343 30.1772 50 34.3 1 0 0 1 0 1.913 209.667 220 219 0 0 0 0 0.322845 0 0.946452 -0 -1 -0 0.946452 -0 -0.322845 0 0 0 236.312 
344 30.213 50 34.4 1 0 0 1 0 1.904 206.556 213.667 219 0 0 0 0 0.351899 0 0.936038 -0 -1 -0 0.936038 -0 -0.351899 0 0 0 232.812 
345 30.2524 50 34.5 1 0 0 1 0 1.895 203.444 207.333 191 0 0 0 0 0.379881 0 0.925035 -0 -1 -0 0.925035 -0 -0.379881 0 0 0 229.312 
346 30.2952 50 34.6 1 0 0 1 0 1.886 200.333 201 191 0 0 0 0 0.406774 0 0.913529 -0 -1 -0 0.913529 -0 -0.406774 0 0 0 225.812 
347 30.3414 50 34.7 1 0 0 1 0 1.877 199.222 198.778 191 0 0 0 0 0.432527 0 0.901621 -0 -1 -0 0.901621 -0 -0.432527 0 0 0 224.312 
348 30.3911 50 34.8 1 0 0 1 0 1.868 198.111 196.556 191 0 0 0 0 0.457107 0 0.889411 -0 -1 -0 0.889411 -0 -0.457107 0 0 0 223.035 
349 30.4442 50 34.9 1 0 0 1 0 1.859 197 194.333 191 0 0 0 0 0.480534 0 0.876976 -0 -1 -0 0.876976 -0 -0.480534 0 0 0 221.782 
350 30.5007 50 35 1 0 0 1 0 1.85 199 198.444 191 0 0 0 0 0.502867 0 0.864364 -0 -1 -0 0.864364 -0 -0.502867 0 0 0 223.642 
351 30.5606 50 35.1 1 0 0 1 0 1.841 201.111 202.667 209 0 0 0 0 0.5241 0 0.851657 -0 -1 -0 0.851657 -0 -0.5241 0 0 0 225.96 
352 30.6238 50 35.2 1 0 0 1 0 1.832 203.222 206.889 209 0 0 0 0 0.5443 0 0.83889 -0 -1 -0 0.83889 -0 -0.5443 0 0 0 228.329 
353 30.6903 50 35.3 1 0 0 1 0 1.823 205.333 211.111 209 0 0 0 0 0.563471 0 0.826136 -0 -1 -0 0.826136 -0 -0.563471 0 0 0 230.703 
354 30.7602 50 35.4 1 0 0 1 0 1.814 207.444 215.333 209 0 0 0 0 0.581623 0 0.813459 -0 -1 -0 0.813459 -0 -0.581623 0 0 0 233.078 
355 30.8333 50 35.5 1 0 0 1 0 1.805 209.556 219.556 210 0 0 0 0 0.598802 0 0.800897 -0 -1 -0 0.800897 -0 -0.598802 0 0 0 235.453 
356 30.9097 50 35.6 1 0 0 1 0 1.796 209.667 219.667 210 0 0 0 0 0.615059 0 0.788481 -0 -1 -0 0.788481 -0 -0.615059 0 0 0 235.828 
357 30.9893 50 35.7 1 0 0 1 0 1.787 209.778 219.778 210 0 0 0 0 0.630463 0 0.776219 -0 -1 -0 0.776219 -0 -0.630463 0 0 0 235.981 
358 31.0722 50 35.8 1 0 0 1 0 1.778 209.889 219.889 210 0 0 0 0 0.645032 0 0.764156 -0 -1 -0 0.764156 -0 -0.645032 0 0 0 236.109 
359 31.1582 50 35.9 1 0 0 1 0 1.769 207.111 214.333 210 0 0 0 0 0.658788 0 0.752328 -0 -1 -0 0.752328 -0 -0.658788 0 0 0 233.345 
360 31.2473 50 36 1 0 0 1 0 1.76 204.222 208.667 210 0 0 0 0 0.671802 0 0.740731 -0 -1 -0 0.740731 -0 -0.671802 0 0 0 230.149 
361 31.3396 50 36.1 1 0 0 1 0 1.751 202.556 205.333 210 0 0 0 0 0.684092 0 0.729396 -0 -1 -0 0.729396 -0 -0.684092 0 0 0 228.128 
362 31.4349 50 36.2 1 0 0 1 0 1.742 200.889 202 210 0 0 0 0 0.695682 0 0.71835 -0 -1 -0 0.71835 -0 -0.695682 0 0 0 226.236 
363 31.5332 50 36.3 1 0 0 1 0 1.733 199.222 198.667 184 0 0 0 0 0.706655 0 0.707558 -0 -1 -0 0.707558 -0 -0.706655 0 0 0 224.36 
364 31.6346 50 36.4 1 0 0 1 0 1.724 197.556 195.333 184 0 0 0 0 0.717028 0 0.697045 -0 -1 -0 0.697045 -0 -0.717028 0 0 0 222.484 
365 31.739 50 36.5 1 0 0 1 0 1.715 195.889 192 195 0 0 0 0 0.726818 0 0.68683 -0 -1 -0 0.68683 -0 -0.726818 0 0 0 220.609 
366 31.8463 50 36.6 1 0 0 1 0 1.706 194.222 188.667 195 0 0 0 0 0.736065 0 0.676911 -0 -1 -0 0.676911 -0 -0.736065 0 0 0 218.734 
367 31.9565 50 36.7 1 0 0 1 0 1.697 192.556 185.333 195 0 0 0 0 0.744802 0 0.667285 -0 -1 -0 0.667285 -0 -0.744802 0 0 0 216.859 
368 32.0695 50 36.8 1 0 0 1 0 1.688 192.444 185 195 0 0 0 0 0.753045 0 0.657968 -0 -1 -0 0.657968 -0 -0.753045 0 0 0 216.54 
369 32.1854 50 36.9 1 0 0 1 0 1.679 192.333 184.667 195 0 0 0 0 0.760843 0 0.648936 -0 -1 -0 0.648936 -0 -0.760843 0 0 0 216.393 
370 32.304 50 37 1 0 0 1 0 1.67 191 182 195 0 0 0 0 0.768221 0 0.640184 -0 -1 -0 0.640184 -0 -0.768221 0 0 0 215.044 
371 32.4254 50 37.1 1 0 0 1 0 1.661 191.111 182.333 195 0 0 0 0 0.775209 0 0.631705 -0 -1 -0 0.631705 -0 -0.775209 0 0 0 215.005 
372 32.5494 50 37.2 1 0 0 1 0 1.652 191.222 182.667 183 0 0 0 0 0.781814 0 0.623511 -0 -1 -0 0.623511 -0 -0.781814 0 0 0 215.112 
373 32.6761 50 37.3 1 0 0 1 0 1.643 191.333 183 183 0 0 0 0 0.78805 0 0.615611 -0 -1 -0 0.615611 -0 -0.78805 0 0 0 215.235 
374 32.8054 50 37.4 1 0 0 1 0 1.634 191.444 183.333 183 0 0 0 0 0.793953 0 0.607979 -0 -1 -0 0.607979 -0 -0.793953 0 0 0 215.359 
375 32.9373 50 37.5 1 0 0 1 0 1.625 191.556 183.667 196 0 0 0 0 0.799543 0 0.600609 -0 -1 -0 0.600609 -0 -0.799543 0 0 0 215.484 
376 33.0717 50 37.6 1 0 0 1 0 1.616 191.556 183.778 196 0 0 0 0 0.804829 0 0.593507 -0 -1 -0 0.593507 -0 -0.804829 0 0 0 215.498 
377 33.2085 50 37.7 1 0 0 1 0 1.607 192.889 186.556 196 0 0 0 0 0.80984 0 0.586651 -0 -1 -0 0.586651 -0 -0.80984 0 0 0 216.833 
378 33.3478 50 37.8 1 0 0 1 0 1.598 194.222 189.333 196 0 0 0 0 0.814582 0 0.580049 -0 -1 -0 0.580049 -0 -0.814582 0 0 0 218.315 
379 33.4894 50 37.9 1 0 0 1 0 1.589 195.556 192.111 196 0 0 0 0 0.819071 0 0.573692 -0 -1 -0 0.573692 -0 -0.819071 0 0 0 219.813 
380 33.6333 50 38 1 0 0 1 0 1.58 195.444 191.889 195 0 0 0 0 0.823324 0 0.567572 -0 -1 -0 0.567572 -0 -0.823324 0 0 0 219.868 
381 33.7795 50 38.1 1 0 0 1 0 1.571 193.111 189.444 195 0 0 0 0 0.827345 0 0.561695 -0 -1 -0 0.561695 -0 -0.827345 0 0 0 217.541 
382 33.9279 50 38.2 1 0 0 1 0 1.562 194.667 192.556 195 0 0 0 0 0.831156 0 0.55604 -0 -1 -0 0.55604 -0 -0.831156 0 0 0 218.838 
383 34.0785 50 38.3 1 0 0 1 0 1.553 196.222 195.667 195 0 0 0 0 0.83476 0 0.550614 -0 -1 -0 0.550614 -0 -0.83476 0 0 0 220.538 
384 34.2311 50 38.4 1 0 0 1 0 1.544 197.778 198.778 195 0 0 0 0 0.83818 0 0.545394 -0 -1 -0 0.545394 -0 -0.83818 0 0 0 222.282 
385 34.3858 50 38.5 1 0 0 1 0 1.535 199.444 202.111 175 0 0 0 0 0.841424 0 0.540376 -0 -1 -0 0.540376 -0 -0.841424 0 0 0 224.142 
386 34.5425 50 38.6 1 0 0 1 0 1.526 201.111 205.444 210 0 0 0 0 0.844486 0 0.535577 -0 -1 -0 0.535577 -0 -0.844486 0 0 0 226.016 
387 34.7012 50 38.7 1 0 0 1 0 1.517 202.778 208.778 210 0 0 0 0 0.847385 0 0.530979 -0 -1 -0 0.530979 -0 -0.847385 0 0 0 227.891 
388 34.8617 50 38.8 1 0 0 1 0 1.508 201.333 205.778 210 0 0 0 0 0.85012 0 0.526589 -0 -1 -0 0.526589 -0 -0.85012 0 0 0 226.655 
389 35.0241 50 38.9 1 0 0 1 0 1.499 199.889 202.778 210 0 0 0 0 0.852701 0 0.522399 -0 -1 -0 0.522399 -0 -0.852701 0 0 0 225.073 
390 35.1882 50 39 1 0 0 1 0 1.49 200.667 202 210 0 0 0 0 0.855151 0 0.518379 -0 -1 -0 0.518379 -0 -0.855151 0 0 0 225.675 
391 35.354 50 39.1 1 0 0 1 0 1.481 199.111 198.889 210 0 0 0 0 0.857471 0 0.514533 -0 -1 -0 0.514533 -0 -0.857471 0 0 0 224.186 
392 35.5215 50 39.2 1 0 0 1 0 1.472 197.556 195.778 182 0 0 0 0 0.859657 0 0.510872 -0 -1 -0 0.510872 -0 -0.859657 0 0 0 222.465 
393 35.6905 50 39.3 1 0 0 1 0 1.463 196 192.667 182 0 0 0 0 0.861717 0 0.507389 -0 -1 -0 0.507389 -0 -0.861717 0 0 0 220.718 
394 35.8611 50 39.4 1 0 0 1 0 1.454 195.444 191.556 182 0 0 0 0 0.863657 0 0.50408 -0 -1 -0 0.50408 -0 -0.863657 0 0 0 219.969 
395 36.0332 50 39.5 1 0 0 1 0 1.445 194.889 190.444 196 0 0 0 0 0.865483 0 0.500939 -0 -1 -0 0.500939 -0 -0.865483 0 0 0 219.33 
396 36.2067 50 39.6 1 0 0 1 0 1.436 194.333 189.333 196 0 0 0 0 0.867199 0 0.497961 -0 -1 -0 0.497961 -0 -0.867199 0 0 0 218.703 
397 36.3815 50 39.7 1 0 0 1 0 1.427 196.889 194.556 196 0 0 0 0 0.868818 0 0.495131 -0 -1 -0 0.495131 -0 -0.868818 0 0 0 221.189 
398 36.5576 50 39.8 1 0 0 1 0 1.418 199.444 199.778 205 0 0 0 0 0.870337 0 0.492457 -0 -1 -0 0.492457 -0 -0.870337 0 0 0 224.021 
399 36.735 50 39.9 1 0 0 1 0 1.409 202 205 205 0 0 0 0 0.871746 0 0.489959 -0 -1 -0 0.489959 -0 -0.871746 0 0 0 226.891 
400 36.9135 50 40 1 0 0 1 0 1.4 200.778 202.556 205 0 0 0 0 0.873062 0 0.487609 -0 -1 -0 0.487609 -0 -0.873062 0 0 0 225.988 
401 37.0931 50 40.1 1 0 0 1 0 1.391 202.111 205.222 205 0 0 0 0 0.874291 0 0.485403 -0 -1 -0 0.485403 -0 -0.874291 0 0 0 227.221 
402 37.2737 50 40.2 1 0 0 1 0 1.382 203.444 207.889 205 0 0 0 0 0.875421 0 0.483361 -0 -1 -0 0.483361 -0 -0.875421 0 0 0 228.691 
403 37.4553 50 40.3 1 0 0 1 0 1.373 203.778 208.556 205 0 0 0 0 0.876469 0 0.481458 -0 -1 -0 0.481458 -0 -0.876469 0 0 0 229.188 
404 37.6378 50 40.4 1 0 0 1 0 1.364 204.111 209.222 185 0 0 0 0 0.877443 0 0.479681 -0 -1 -0 0.479681 -0 -0.877443 0 0 0 229.576 
405 37.8211 50 40.5 1 0 0 1 0 1.355 203.778 208.444 208 0 0 0 0 0.878333 0 0.478049 -0 -1 -0 0.478049 -0 -0.878333 0 0 0 229.286 
406 38.0053 50 40.6 1 0 0 1 0 1.346 203.444 207.667 208 0 0 0 0 0.879137 0 0.476569 -0 -1 -0 0.476569 -0 -0.879137 0 0 0 228.921 
407 38.1901 50 40.7 1 0 0 1 0 1.337 203.111 206.889 208 0 0 0 0 0.879862 0 0.47523 -0 -1 -0 0.47523 -0 -0.879862 0 0 0 228.547 
408 38.3756 50 40.8 1 0 0 1 0 1.328 202.778 206.111 208 0 0 0 0 0.880515 0 0.474018 -0 -1 -0 0.474018 -0 -0.880515 0 0 0 228.172 
409 38.5616 50 40.9 1 0 0 1 0 1.319 204.667 209.778 202 0 0 0 0 0.881093 0 0.472943 -0 -1 -0 0.472943 -0 -0.881093 0 0 0 230.019 
410 38.7482 50 41 1 0 0 1 0 1.31 204 208.333 202 0 0 0 0 0.881597 0 0.472003 -0 -1 -0 0.472003 -0 -0.881597 0 0 0 229.558 
411 38.9352 50 41.1 1 0 0 1 0 1.301 204 208.222 202 0 0 0 0 0.882028 0 0.471197 -0 -1 -0 0.471197 -0 -0.882028 0 0 0 229.506 
412 39.1225 50 41.2 1 0 0 1 0 1.292 204 208.111 202 0 0 0 0 0.882388 0 0.470523 -0 -1 -0 0.470523 -0 -0.882388 0 0 0 229.501 
413 39.3102 50 41.3 1 0 0 1 0 1.283 204 208 202 0 0 0 0 0.882677 0 0.46998 -0 -1 -0 0.46998 -0 -0.882677 0 0 0 229.5 
414 39.4982 50 41.4 1 0 0 1 0 1.274 204.667 209.333 202 0 0 0 0 0.882896 0 0.469569 -0 -1 -0 0.469569 -0 -0.882896 0 0 0 230.167 
415 39.6863 50 41.5 1 0 0 1 0 1.265 205.333 210.667 208 0 0 0 0 0.883045 0 0.469289 -0 -1 -0 0.469289 -0 -0.883045 0 0 0 230.907 
416 39.8745 50 41.6 1 0 0 1 0 1.256 206 212.111 208 0 0 0 0 0.883125 0 0.469137 -0 -1 -0 0.469137 -0 -0.883125 0 0 0 231.656 
417 40.0628 50 41.7 1 0 0 1 0 1.247 206.667 213.556 208 0 0 0 0 0.883137 0 0.469115 0 -1 0 0.469115 0 -0.883137 0 0 0 232.406 
418 40.251 50 41.8 1 0 0 1 0 1.238 207.333 215 208 0 0 0 0 0.88308 0 0.469223 0 -1 0 0.469223 0 -0.88308 0 0 0 233.156 
419 40.4392 50 41.9 1 0 0 1 0 1.229 208 216.444 208 0 0 0 0 0.882953 0 0.469462 0 -1 0 0.469462 0 -0.882953 0 0 0 233.906 
420 40.6272 50 42 1 0 0 1 0 1.22 208 216.556 208 0 0 0 0 0.882757 0 0.46983 0 -1 0 0.46983 0 -0.882757 0 0 0 233.99 
421 40.8149 50 42.1 1 0 0 1 0 1.211 207.333 215.333 208 0 0 0 0 0.882492 0 0.470328 0 -1 0 0.470328 0 -0.882492 0 0 0 233.332 
422 41.0024 50 42.2 1 0 0 1 0 1.202 206.667 214.111 208 0 0 0 0 0.882156 0 0.470958 0 -1 0 0.470958 0 -0.882156 0 0 0 232.592 
423 41.1896 50 42.3 1 0 0 1 0 1.193 206 212.889 208 0 0 0 0 0.881749 0 0.47172 0 -1 0 0.47172 0 -0.881749 0 0 0 231.844 
424 41.3763 50 42.4 1 0 0 1 0 1.184 205.333 211.667 208 0 0 0 0 0.881269 0 0.472615 0 -1 0 0.472615 0 -0.881269 0 0 0 231.094 
425 41.5625 50 42.5 1 0 0 1 0 1.175 204.667 210.333 202 0 0 0 0 0.880716 0 0.473645 0 -1 0 0.473645 0 -0.880716 0 0 0 230.344 
426 41.7482 50 42.6 1 0 0 1 0 1.166 204 209 202 0 0 0 0 0.880088 0 0.474811 0 -1 0 0.474811 0 -0.880088 0 0 0 229.594 
427 41.9332 50 42.7 1 0 0 1 0 1.157 203.111 207.222 202 0 0 0 0 0.879383 0 0.476115 0 -1 0 0.476115 0 -0.879383 0 0 0 228.622 
428 42.1176 50 42.8 1 0 0 1 0 1.148 202.222 205.444 202 0 0 0 0 0.878606 0 0.477547 0 -1 0 0.477547 0 -0.878606 0 0 0 227.625 
429 42.3012 50 42.9 1 0 0 1 0 1.139 201.333 203.667 202 0 0 0 0 0.877749 0 0.479121 0 -1 0 0.479121 0 -0.877749 0 0 0 226.625 
430 42.484 50 43 1 0 0 1 0 1.13 201.111 203.222 202 0 0 0 0 0.876809 0 0.480839 0 -1 0 0.480839 0 -0.876809 0 0 0 226.292 
431 42.6659 50 43.1 1 0 0 1 0 1.121 196.889 199.333 200 0 0 0 0 0.875784 0 0.482703 0 -1 0 0.482703 0 -0.875784 0 0 0 222.032 
432 42.8468 50 43.2 1 0 0 1 0 1.112 197.556 200.556 200 0 0 0 0 0.874671 0 0.484716 0 -1 0 0.484716 0 -0.874671 0 0 0 222.226 
433 43.0268 50 43.3 1 0 0 1 0 1.103 198.222 201.778 200 0 0 0 0 0.873474 0 0.486871 0 -1 0 0.486871 0 -0.873474 0 0 0 222.914 
434 43.2056 50 43.4 1 0 0 1 0 1.094 198.889 203 200 0 0 0 0 0.872189 0 0.48917 0 -1 0 0.48917 0 -0.872189 0 0 0 223.657 
435 43.3834 50 43.5 1 0 0 1 0 1.085 199.556 204.222 164 0 0 0 0 0.870813 0 0.491615 0 -1 0 0.491615 0 -0.870813 0 0 0 224.406 
436 43.5599 50 43.6 1 0 0 1 0 1.076 200.444 205.889 208 0 0 0 0 0.869336 0 0.494221 0 -1 0 0.494221 0 -0.869336 0 0 0 225.378 
437 43.7352 50 43.7 1 0 0 1 0 1.067 201.333 207.556 208 0 0 0 0 0.867753 0 0.496995 0 -1 0 0.496995 0 -0.867753 0 0 0 226.375 
438 43.9091 50 43.8 1 0 0 1 0 1.058 202.333 209.444 208 0 0 0 0 0.866075 0 0.499915 0 -1 0 0.499915 0 -0.866075 0 0 0 227.486 
439 44.0817 50 43.9 1 0 0 1 0 1.049 203.333 211.333 208 0 0 0 0 0.864288 0 0.502997 0 -1 0 0.502997 0 -0.864288 0 0 0 228.61 
440 44.2528 50 44 1 0 0 1 0 1.04 208.333 216.667 208 0 0 0 0 0.862382 0 0.506258 0 -1 0 0.506258 0 -0.862382 0 0 0 233.734 
441 44.4223 50 44.1 1 0 0 1 0 1.031 207.556 215.111 208 0 0 0 0 0.860358 0 0.50969 0 -1 0 0.50969 0 -0.860358 0 0 0 233.526 
442 44.5904 50 44.2 1 0 0 1 0 1.022 206.778 213.556 209 0 0 0 0 0.858217 0 0.513287 0 -1 0 0.513287 0 -0.858217 0 0 0 232.725 
443 44.7567 50 44.3 1 0 0 1 0 1.013 206 212 209 0 0 0 0 0.855954 0 0.517053 0 -1 0 0.517053 0 -0.855954 0 0 0 231.858 
444 44.9214 50 44.4 1 0 0 1 0 1.004 207.444 215 209 0 0 0 0 0.853545 0 0.521019 0 -1 0 0.521019 0 -0.853545 0 0 0 233.206 
445 45.0844 50 44.5 1 0 0 1 0 0.995 208.889 218 201 0 0 0 0 0.851 0 0.525166 0 -1 0 0.525166 0 -0.851 0 0 0 234.801 
446 45.2455 50 44.6 1 0 0 1 0 0.986 210.333 221 201 0 0 0 0 0.848312 0 0.529496 0 -1 0 0.529496 0 -0.848312 0 0 0 236.422 
447 45.4048 50 44.7 1 0 0 1 0 0.977 211.667 223.778 201 0 0 0 0 0.845464 0 0.534033 0 -1 0 0.534033 0 -0.845464 0 0 0 237.936 
448 45.5622 50 44.8 1 0 0 1 0 0.968 213 226.556 221 0 0 0 0 0.842454 0 0.538768 0 -1 0 0.538768 0 -0.842454 0 0 0 239.437 
449 45.7175 50 44.9 1 0 0 1 0 0.959 214.333 229.333 221 0 0 0 0 0.839283 0 0.543695 0 -1 0 0.543695 0 -0.839283 0 0 0 240.937 
450 45.8709 50 45 1 0 0 1 0 0.95 216.556 233.889 221 0 0 0 0 0.835932 0 0.548833 0 -1 0 0.548833 0 -0.835932 0 0 0 243.326 
451 46.0222 50 45.1 1 0 0 1 0 0.941 215.889 232.667 221 0 0 0 0 0.832381 0 0.554203 0 -1 0 0.554203 0 -0.832381 0 0 0 242.925 
452 46.1713 50 45.2 1 0 0 1 0 0.932 215.222 231.444 221 0 0 0 0 0.828628 0 0.5598 0 -1 0 0.5598 0 -0.828628 0 0 0 242.214 
453 46.3182 50 45.3 1 0 0 1 0 0.923 212.333 225.667 221 0 0 0 0 0.824679 0 0.565601 0 -1 0 0.565601 0 -0.824679 0 0 0 239.246 
454 46.4629 50 45.4 1 0 0 1 0 0.914 209.444 219.889 221 0 0 0 0 0.820512 0 0.57163 0 -1 0 0.57163 0 -0.820512 0 0 0 236.027 
455 46.6053 50 45.5 1 0 0 1 0 0.905 206.556 214.111 195 0 0 0 0 0.816102 0 0.577908 0 -1 0 0.577908 0 -0.816102 0 0 0 232.781 
456 46.7453 50 45.6 1 0 0 1 0 0.896 203.667 208.333 195 0 0 0 0 0.811446 0 0.584428 0 -1 0 0.584428 0 -0.811446 0 0 0 229.531 
457 46.883 50 45.7 1 0 0 1 0 0.887 200.778 202.556 195 0 0 0 0 0.806526 0 0.591198 0 -1 0 0.591198 0 -0.806526 0 0 0 226.281 
458 47.0182 50 45.8 1 0 0 1 0 0.878 198.222 197.333 195 0 0 0 0 0.801327 0 0.598227 0 -1 0 0.598227 0 -0.801327 0 0 0 223.365 
459 47.1509 50 45.9 1 0 0 1 0 0.869 195.667 192.111 195 0 0 0 0 0.79584 0 0.605507 0 -1 0 0.605507 0 -0.79584 0 0 0 220.485 
460 47.281 50 46 1 0 0 1 0 0.86 196 192.667 195 0 0 0 0 0.790059 0 0.61303 0 -1 0 0.61303 0 -0.790059 0 0 0 220.498 
461 47.4086 50 46.1 1 0 0 1 0 0.851 195.889 192.444 195 0 0 0 0 0.783942 0 0.620834 0 -1 0 0.620834 0 -0.783942 0 0 0 220.389 
462 47.5336 50 46.2 1 0 0 1 0 0.842 195.778 192.222 198 0 0 0 0 0.777448 0 0.628947 0 -1 0 0.628947 0 -0.777448 0 0 0 220.265 
463 47.6559 50 46.3 1 0 0 1 0 0.833 195.667 192 198 0 0 0 0 0.770581 0 0.637342 0 -1 0 0.637342 0 -0.770581 0 0 0 220.141 
464 47.7754 50 46.4 1 0 0 1 0 0.824 195.556 191.778 198 0 0 0 0 0.763345 0 0.645991 0 -1 0 0.645991 0 -0.763345 0 0 0 220.016 
465 47.8922 50 46.5 1 0 0 1 0 0.815 195.444 191.556 194 0 0 0 0 0.7557 0 0.654917 0 -1 0 0.654917 0 -0.7557 0 0 0 219.891 
466 48.0062 50 46.6 1 0 0 1 0 0.806 195.333 191.333 194 0 0 0 0 0.747605 0 0.664144 0 -1 0 0.664144 0 -0.747605 0 0 0 219.766 
467 48.1173 50 46.7 1 0 0 1 0 0.797 195.778 192.222 194 0 0 0 0 0.739025 0 0.673678 0 -1 0 0.673678 0 -0.739025 0 0 0 220.196 
468 48.2256 50 46.8 1 0 0 1 0 0.788 196.222 193.111 194 0 0 0 0 0.729945 0 0.683505 0 -1 0 0.683505 0 -0.729945 0 0 0 220.688 
469 48.3309 50 46.9 1 0 0 1 0 0.779 196.667 194 194 0 0 0 0 0.720333 0 0.693628 0 -1 0 0.693628 0 -0.720333 0 0 0 221.188 
470 48.4333 50 47 1 0 0 1 0 0.77 197.556 195.667 194 0 0 0 0 0.710169 0 0.704031 0 -1 0 0.704031 0 -0.710169 0 0 0 222.132 
471 48.5327 50 47.1 1 0 0 1 0 0.761 197.889 196.222 202 0 0 0 0 0.699442 0 0.71469 0 -1 0 0.71469 0 -0.699442 0 0 0 222.57 
472 48.629 50 47.2 1 0 0 1 0 0.752 198.222 196.778 202 0 0 0 0 0.68805 0 0.725663 0 -1 0 0.725663 0 -0.68805 0 0 0 222.952 
473 48.7223 50 47.3 1 0 0 1 0 0.743 198.556 197.333 202 0 0 0 0 0.675969 0 0.73693 0 -1 0 0.73693 0 -0.675969 0 0 0 223.328 
474 48.8125 50 47.4 1 0 0 1 0 0.734 198.889 197.889 202 0 0 0 0 0.663202 0 0.74844 0 -1 0 0.74844 0 -0.663202 0 0 0 223.703 
475 48.8995 50 47.5 1 0 0 1 0 0.725 199.222 198.444 197 0 0 0 0 0.649705 0 0.760187 0 -1 0 0.760187 0 -0.649705 0 0 0 224.078 
476 48.9834 50 47.6 1 0 0 1 0 0.716 198.667 197.333 197 0 0 0 0 0.635438 0 0.772152 0 -1 0 0.772152 0 -0.635438 0 0 0 223.564 
477 49.0641 50 47.7 1 0 0 1 0 0.707 198.111 196.222 197 0 0 0 0 0.620329 0 0.784342 0 -1 0 0.784342 0 -0.620329 0 0 0 222.952 
478 49.1416 50 47.8 1 0 0 1 0 0.698 197.556 195.111 197 0 0 0 0 0.604354 0 0.796716 0 -1 0 0.796716 0 -0.604354 0 0 0 222.328 
479 49.2158 50 47.9 1 0 0 1 0 0.689 197 194 197 0 0 0 0 0.58744 0 0.809268 0 -1 0 0.809268 0 -0.58744 0 0 0 221.703 
480 49.2868 50 48 1 0 0 1 0 0.68 185.556 182.333 197 0 0 0 0 0.569564 0 0.821947 0 -1 0 0.821947 0 -0.569564 0 0 0 210.189 
481 49.3544 50 48.1 1 0 0 1 0 0.671 174.778 171.889 197 0 0 0 0 0.550779 0 0.834651 0 -1 0 0.834651 0 -0.550779 0 0 0 198.132 
482 49.4187 50 48.2 1 0 0 1 0 0.662 164 161.444 197 0 0 0 0 0.530981 0 0.847383 0 -1 0 0.847383 0 -0.530981 0 0 0 186.015 
483 49.4797 50 48.3 1 0 0 1 0 0.653 153.222 151 197 0 0 0 0 0.510098 0 0.860117 0 -1 0 0.860117 0 -0.510098 0 0 0 173.891 
484 49.5373 50 48.4 1 0 0 1 0 0.644 142.444 140.556 94 0 0 0 0 0.488088 0 0.872795 0 -1 0 0.872795 0 -0.488088 0 0 0 161.766 
485 49.5916 50 48.5 1 0 0 1 0 0.635 131.667 130.111 100 0 0 0 0 0.464988 0 0.885317 0 -1 0 0.885317 0 -0.464988 0 0 0 149.641 
486 49.6424 50 48.6 1 0 0 1 0 0.626 120.889 119.667 100 0 0 0 0 0.440778 0 0.897616 0 -1 0 0.897616 0 -0.440778 0 0 0 137.516 
487 49.6898 50 48.7 1 0 0 1 0 0.617 110.111 109.222 100 0 0 0 0 0.415401 0 0.909638 0 -1 0 0.909638 0 -0.415401 0 0 0 125.391 
488 49.7337 50 48.8 1 0 0 1 0 0.608 99.3333 98.7778 100 0 0 0 0 0.388973 0 0.921249 0 -1 0 0.921249 0 -0.388973 0 0 0 113.266 
489 49.7742 50 48.9 1 0 0 1 0 0.599 100 100 100 0 0 0 0 0.361412 0 0.932406 0 -1 0 0.932406 0 -0.361412 0 0 0 112.585 
490 49.8112 50 49 1 0 0 1 0 0.59 100 100 100 0 0 0 0 0.332682 0 0.943039 0 -1 0 0.943039 0 -0.332682 0 0 0 112.509 
491 49.8448 50 49.1 1 0 0 1 0 0.581 112 112.889 100 0 0 0 0 0.302901 0 0.953022 0 -1 0 0.953022 0 -0.302901 0 0 0 124.501 
492 49.8748 50 49.2 1 0 0 1 0 0.572 124 125.778 100 0 0 0 0 0.272107 0 0.962267 0 -1 0 0.962267 0 -0.272107 0 0 0 137.833 
493 49.9013 50 49.3 1 0 0 1 0 0.563 136 138.667 100 0 0 0 0 0.240404 0 0.970673 0 -1 0 0.970673 0 -0.240404 0 0 0 151.315 
494 49.9243 50 49.4 1 0 0 1 0 0.554 148 151.556 100 0 0 0 0 0.207807 0 0.97817 -0.970708 -0.12328 0.206222 0.120589 -0.992372 -0.0256186 0 0 0 164.813 
495 49.9438 50 49.5 1 0 0 1 0 0.545 160 164.444 208 0 0 0 0 0.16827 0.263827 0.949779 -0.972583 -0.112469 0.203551 0.160523 -0.957991 0.237669 0 0 0 178.313 
496 49.9598 50.0556 49.6 1 0 0 1 0 0.536 158.778 162 208 0 0 0 0 0.121603 0.500132 0.857369 -0.773529 -0.493525 0.397601 0.621986 -0.711549 0.326852 0 0 0 178.59 
497 49.9722 50.1167 49.7 1 0 0 1 0 0.529 157.556 159.556 208 0 0 0 0 0.0892944 0.536238 0.83933 -0.773556 -0.493495 0.397585 0.627405 -0.684771 0.370744 0 0 0 177.399 
498 49.9811 50.1833 49.8 1 0 0 1 0 0.524 156.333 157.111 208 0 0 0 0 0.0581733 0.56943 0.819979 -0.773539 -0.493513 0.397596 0.631073 -0.657415 0.411767 0 0 0 176.044 
499 49.9864 50.2556 49.9 1 0 0 1 0 0.521 155.111 154.667 208 0 0 0 0 0.0283885 0.599759 0.799677 -0.773048 -0.494001 0.397944 0.633712 -0.629486 0.449619 0 0 0 174.672 
500 49.9882 50.3333 50 1 0 0 1 0 0.52 141.889 139.333 89 0 0 0 0 0 0.627329 0.778754 -0.773067 -0.493982 0.39793 0.634324 -0.60203 0.484968 0 0 0 161.297 
501 49.9864 50.4167 50.1 1 0 0 1 0 0.521 131.667 130.111 89 0 0 0 0 -0.0268911 0.652287 0.757495 -0.773554 -0.493541 0.397532 0.63316 -0.575273 0.517851 0 0 0 149.589 
502 49.9811 50.5056 50.2 1 0 0 1 0 0.524 121.444 120.889 89 0 0 0 0 -0.052226 0.674802 0.736148 -0.773586 -0.493513 0.397505 0.631536 -0.548714 0.547791 0 0 0 138.065 
503 49.9722 50.6 50.3 1 0 0 1 0 0.529 111.222 111.667 89 0 0 0 0 -0.0760585 0.695059 0.714918 -0.95616 0.15251 -0.249998 -0.282796 -0.70259 0.652988 0 0 0 126.563 
504 49.9598 50.7 50.4 1 0 0 1 0 0.536 101 102.444 89 0 0 0 0 -0.112743 0.596175 0.794899 -0.961628 0.135913 -0.238325 -0.250121 -0.791266 0.557976 0 0 0 115.063 
505 49.9438 50.75 50.5 1 0 0 1 0 0.545 104 108.556 116 0 0 0 0 -0.15651 0.441702 0.883405 2.68659e-05 0.894429 -0.44721 -0.987676 -0.0699691 -0.139999 0 0 0 116.785 
506 49.9243 50.8 50.6 1 0 0 1 0 0.554 107 114.667 116 0 0 0 0 -0.186676 0.439353 0.878704 -5.3816e-05 0.894422 -0.447223 -0.982422 -0.0835332 -0.166944 0 0 0 119.976 
507 49.9013 50.85 50.7 1 0 0 1 0 0.563 110 120.778 116 0 0 0 0 -0.216277 0.436628 0.873258 1.86754e-15 0.894428 -0.447213 -0.976332 -0.096722 -0.193444 0 0 0 123.331 
508 49.8748 50.9 50.8 1 0 0 1 0 0.572 113 126.889 116 0 0 0 0 -0.245202 0.43356 0.867122 5.40737e-05 0.894434 -0.447201 -0.969472 -0.109608 -0.219341 0 0 0 126.703 
509 49.8448 50.95 50.9 1 0 0 1 0 0.581 116 133 116 0 0 0 0 -0.273443 0.43017 0.860339 -2.71224e-05 0.894423 -0.447221 -0.961888 -0.122313 -0.244562 0 0 0 130.078 
510 49.8112 51 51 1 0 0 1 0 0.59 116 133 116 0 0 0 0 -0.300909 0.426487 0.852973 2.72073e-05 0.894431 -0.447206 -0.953653 -0.134545 -0.269154 0 0 0 130.453 
511 49.7742 51.05 51.1 1 0 0 1 0 0.599 115.111 131.111 116 0 0 0 0 -0.327563 0.422541 0.845081 -5.47648e-05 0.894418 -0.447231 -0.944829 -0.146543 -0.292955 0 0 0 129.606 
512 49.7337 51.1 51.2 1 0 0 1 0 0.608 114.222 129.222 116 0 0 0 0 -0.353295 0.418373 0.836748 -0 0.894428 -0.447213 -0.935512 -0.157998 -0.315996 0 0 0 128.623 
513 49.6898 51.15 51.3 1 0 0 1 0 0.617 123.444 136.556 116 0 0 0 0 -0.378128 0.414009 0.828019 5.51237e-05 0.894438 -0.447193 -0.925753 -0.169051 -0.338235 0 0 0 137.736 
514 49.6424 51.2 51.4 1 0 0 1 0 0.626 132.667 143.889 116 0 0 0 0 -0.402134 0.409461 0.81892 -2.77383e-05 0.894421 -0.447225 -0.915581 -0.179867 -0.359666 0 0 0 147.971 
515 49.5916 51.25 51.5 1 0 0 1 0 0.635 141.889 151.222 108 0 0 0 0 -0.425192 0.404774 0.809549 2.78735e-05 0.894433 -0.447202 -0.905103 -0.190124 -0.380317 0 0 0 158.33 
516 49.5373 51.3 51.6 1 0 0 1 0 0.644 139.778 146.889 108 0 0 0 0 -0.447346 0.399971 0.79994 -5.6027e-05 0.894414 -0.447239 -0.894361 -0.200116 -0.40009 0 0 0 157.37 
517 49.4797 51.35 51.7 1 0 0 1 0 0.653 137.667 142.556 199 0 0 0 0 -0.468601 0.395072 0.790146 -0 0.894428 -0.447213 -0.88341 -0.209564 -0.41913 0 0 0 155.152 
518 49.4187 51.4 51.8 1 0 0 1 0 0.662 135.556 138.222 199 0 0 0 0 -0.488909 0.390119 0.78024 5.69599e-05 0.894442 -0.447184 -0.872335 -0.218588 -0.437323 0 0 0 152.795 
519 49.3544 51.45 51.9 1 0 0 1 0 0.671 133.444 133.889 199 0 0 0 0 -0.508293 0.385134 0.770266 -2.86741e-05 0.894419 -0.44723 -0.861184 -0.227346 -0.454616 0 0 0 150.422 
520 49.2868 51.5 52 1 0 0 1 0 0.68 132.222 131.444 97 0 0 0 0 -0.52681 0.380124 0.760248 2.87679e-05 0.894435 -0.447198 -0.849983 -0.235566 -0.471208 0 0 0 148.936 
521 49.2158 51.55 52.1 1 0 0 1 0 0.689 131.111 129.333 97 0 0 0 0 -0.54455 0.375091 0.750181 -5.80258e-05 0.89441 -0.447248 -0.838729 -0.243592 -0.487029 0 0 0 147.66 
522 49.1416 51.6 52.2 1 0 0 1 0 0.698 119.889 118 97 0 0 0 0 -0.561446 0.370074 0.740151 2.84124e-15 0.894428 -0.447213 -0.827513 -0.251086 -0.502173 0 0 0 136.296 
523 49.0641 51.65 52.3 1 0 0 1 0 0.707 108.667 106.667 97 0 0 0 0 -0.577507 0.365098 0.730198 5.91369e-05 0.894446 -0.447175 -0.816386 -0.258204 -0.516571 0 0 0 123.811 
524 48.9834 51.7 52.4 1 0 0 1 0 0.716 97.4444 95.3333 97 0 0 0 0 -0.592793 0.360166 0.720331 -2.98793e-05 0.894417 -0.447234 -0.805355 -0.265139 -0.530193 0 0 0 111.201 
525 48.8995 51.75 52.5 1 0 0 1 0 0.725 97.5556 95.6667 98 0 0 0 0 -0.607314 0.355294 0.710588 3.01384e-05 0.894437 -0.447193 -0.794462 -0.271565 -0.543215 0 0 0 109.911 
526 48.8125 51.8 52.6 1 0 0 1 0 0.734 112 113.444 98 0 0 0 0 -0.621134 0.350484 0.700966 -6.08191e-05 0.894405 -0.447257 -0.783704 -0.27785 -0.555525 0 0 0 124.212 
527 48.7223 51.85 52.7 1 0 0 1 0 0.743 126.444 131.222 98 0 0 0 0 -0.634282 0.345741 0.691483 -0 0.894428 -0.447213 -0.773101 -0.283659 -0.56732 0 0 0 140.246 
528 48.629 51.9 52.8 1 0 0 1 0 0.752 140.889 149 98 0 0 0 0 -0.646792 0.341074 0.68215 6.21535e-05 0.894451 -0.447166 -0.762667 -0.289181 -0.578545 0 0 0 156.472 
529 48.5327 51.95 52.9 1 0 0 1 0 0.761 155.333 166.778 98 0 0 0 0 -0.658651 0.336506 0.67301 -3.15357e-05 0.894414 -0.447239 -0.752448 -0.294596 -0.589097 0 0 0 172.719 
530 48.4333 52 53 1 0 0 1 0 0.77 169.667 184.222 227 0 0 0 0 -0.669877 0.332044 0.664087 3.18238e-05 0.89444 -0.447188 -0.742472 -0.29954 -0.599175 0 0 0 188.858 
531 48.3309 52.05 53.1 1 0 0 1 0 0.779 167.444 179.667 227 0 0 0 0 -0.680566 0.327668 0.655335 -6.43777e-05 0.8944 -0.447268 -0.732687 -0.304437 -0.608677 0 0 0 188.429 
532 48.2256 52.1 53.2 1 0 0 1 0 0.788 165.222 175.111 227 0 0 0 0 -0.690723 0.323388 0.646778 -2.06919e-15 0.894428 -0.447213 -0.72312 -0.3089 -0.617802 0 0 0 186.159 
533 48.1173 52.15 53.3 1 0 0 1 0 0.797 163 170.556 227 0 0 0 0 -0.70036 0.319216 0.638433 6.61238e-05 0.894457 -0.447155 -0.713789 -0.313127 -0.626463 0 0 0 183.684 
534 48.0062 52.2 53.4 1 0 0 1 0 0.806 160.778 166 227 0 0 0 0 -0.709508 0.315151 0.6303 -3.35845e-05 0.894412 -0.447245 -0.704697 -0.317345 -0.634582 0 0 0 181.187 
535 47.8922 52.25 53.5 1 0 0 1 0 0.815 157.778 160.111 78 0 0 0 0 -0.718176 0.311199 0.622397 3.41178e-05 0.894443 -0.447182 -0.695861 -0.321134 -0.642378 0 0 0 177.91 
536 47.7754 52.3 53.6 1 0 0 1 0 0.824 145.111 145.889 78 0 0 0 0 -0.726394 0.307361 0.61472 -6.92095e-05 0.894394 -0.44728 -0.687278 -0.324944 -0.649661 0 0 0 164.879 
537 47.6559 52.35 53.7 1 0 0 1 0 0.833 132.444 131.667 78 0 0 0 0 -0.734203 0.303626 0.607254 -0 0.894428 -0.447213 -0.67893 -0.328345 -0.656691 0 0 0 150.764 
538 47.5336 52.4 53.8 1 0 0 1 0 0.842 119.778 117.444 78 0 0 0 0 -0.741641 0.299989 0.599979 7.12322e-05 0.894463 -0.447142 -0.670797 -0.331576 -0.663392 0 0 0 136.529 
539 47.4086 52.45 53.9 1 0 0 1 0 0.851 107.111 103.222 200 0 0 0 0 -0.748699 0.296463 0.592924 -3.63767e-05 0.894408 -0.447251 -0.66291 -0.334878 -0.669632 0 0 0 122.281 
540 47.281 52.5 54 1 0 0 1 0 0.86 111 111 113 0 0 0 0 -0.755372 0.293058 0.586115 3.70823e-05 0.894446 -0.447175 -0.655297 -0.337762 -0.67565 0 0 0 124.587 
541 47.1509 52.55 54.1 1 0 0 1 0 0.869 114 117.111 113 0 0 0 0 -0.761696 0.289765 0.57953 -7.53168e-05 0.894387 -0.447294 -0.647934 -0.340746 -0.68123 0 0 0 127.843 
542 47.0182 52.6 54.2 1 0 0 1 0 0.878 120.222 129.667 113 0 0 0 0 -0.767719 0.286568 0.573138 3.09045e-15 0.894428 -0.447213 -0.640787 -0.343334 -0.686669 0 0 0 134.427 
543 46.883 52.65 54.3 1 0 0 1 0 0.887 126.444 142.222 113 0 0 0 0 -0.773443 0.283473 0.566947 7.82632e-05 0.89447 -0.447127 -0.633866 -0.345783 -0.691844 0 0 0 141.381 
544 46.7453 52.7 54.4 1 0 0 1 0 0.896 119.111 138.667 113 0 0 0 0 -0.778873 0.280485 0.560968 -3.99552e-05 0.894405 -0.447259 -0.627182 -0.34838 -0.696616 0 0 0 134.82 
545 46.6053 52.75 54.5 1 0 0 1 0 0.905 121.444 143.444 105 0 0 0 0 -0.784027 0.277598 0.555195 4.08074e-05 0.89445 -0.447167 -0.620727 -0.350569 -0.701284 0 0 0 136.424 
546 46.4629 52.8 54.6 1 0 0 1 0 0.914 123.778 148.222 134 0 0 0 0 -0.788921 0.274811 0.549621 -8.36259e-05 0.894379 -0.44731 -0.614495 -0.352938 -0.705571 0 0 0 138.936 
547 46.3182 52.85 54.7 1 0 0 1 0 0.923 126.111 153 134 0 0 0 0 -0.793556 0.272128 0.544256 -0 0.894428 -0.447213 -0.608497 -0.354889 -0.709779 0 0 0 141.548 
548 46.1713 52.9 54.8 1 0 0 1 0 0.932 128.444 157.778 134 0 0 0 0 -0.79796 0.26954 0.539081 8.72748e-05 0.894479 -0.447109 -0.602711 -0.356728 -0.713782 0 0 0 144.172 
549 46.0222 52.95 54.9 1 0 0 1 0 0.941 138.333 166.444 134 0 0 0 0 -0.802154 0.267039 0.534078 -4.47806e-05 0.8944 -0.447268 -0.597117 -0.358802 -0.717434 0 0 0 154.352 
550 45.8709 53 55 1 0 0 1 0 0.95 149.111 176.778 134 0 0 0 0 -0.80613 0.264634 0.529267 4.60987e-05 0.894455 -0.447157 -0.591739 -0.360443 -0.721059 0 0 0 166.261 
551 45.7175 53.05 55.1 1 0 0 1 0 0.959 151.556 175.556 134 0 0 0 0 -0.809891 0.262327 0.524654 -9.47725e-05 0.894368 -0.447331 -0.586581 -0.362339 -0.724316 0 0 0 170.029 
552 45.5622 53.1 55.2 1 0 0 1 0 0.968 154 174.333 134 0 0 0 0 -0.813456 0.260111 0.520223 -4.74267e-15 0.894428 -0.447213 -0.581627 -0.363788 -0.727577 0 0 0 172.892 
553 45.4048 53.15 55.3 1 0 0 1 0 0.977 156.444 173.111 202 0 0 0 0 -0.816846 0.257978 0.515956 0.000100066 0.894491 -0.447086 -0.576856 -0.365149 -0.730687 0 0 0 175.655 
554 45.2455 53.2 55.4 1 0 0 1 0 0.986 158.889 171.889 202 0 0 0 0 -0.820059 0.255931 0.511861 -5.17087e-05 0.894394 -0.447281 -0.572279 -0.366823 -0.733443 0 0 0 178.406 
555 45.0844 53.25 55.5 1 0 0 1 0 0.995 166.778 176.556 156 0 0 0 0 -0.823097 0.253973 0.507946 5.32949e-05 0.894462 -0.447145 -0.567901 -0.368016 -0.736242 0 0 0 186.601 
556 44.9214 53.3 55.6 1 0 0 1 0 1.004 167 171 156 0 0 0 0 -0.825978 0.252096 0.504191 -0.000110047 0.894355 -0.447359 -0.563703 -0.369564 -0.738689 0 0 0 187.733 
557 44.7567 53.35 55.7 1 0 0 1 0 1.013 167.222 165.444 156 0 0 0 0 -0.828708 0.250297 0.500594 3.01284e-15 0.894428 -0.447213 -0.559681 -0.370609 -0.741219 0 0 0 188.081 
558 44.5904 53.4 55.8 1 0 0 1 0 1.022 159.889 156 156 0 0 0 0 -0.831277 0.248587 0.497175 0.000118478 0.894507 -0.447054 -0.555858 -0.371567 -0.743613 0 0 0 180.787 
559 44.4223 53.45 55.9 1 0 0 1 0 1.031 152.556 146.556 205 0 0 0 0 -0.833711 0.246952 0.493904 -6.13829e-05 0.894385 -0.447297 -0.552202 -0.372947 -0.745643 0 0 0 172.643 
560 44.2528 53.5 56 1 0 0 1 0 1.04 150.333 142.222 136 0 0 0 0 -0.836014 0.24539 0.490779 6.38843e-05 0.894471 -0.447127 -0.548708 -0.373773 -0.747806 0 0 0 169.516 
561 44.0817 53.55 56.1 1 0 0 1 0 1.049 154.333 149.444 136 0 0 0 0 -0.838186 0.243904 0.487806 -0.000133782 0.894335 -0.447398 -0.545384 -0.375068 -0.749587 0 0 0 173.168 
562 43.9091 53.6 56.2 1 0 0 1 0 1.058 158.333 156.667 136 0 0 0 0 -0.840224 0.242496 0.484993 -0 0.894428 -0.447213 -0.542239 -0.375759 -0.75152 0 0 0 177.574 
563 43.7352 53.65 56.3 1 0 0 1 0 1.067 162.333 163.889 136 0 0 0 0 -0.842141 0.241163 0.482326 0.000145808 0.894529 -0.447009 -0.539257 -0.376375 -0.753355 0 0 0 182.064 
564 43.5599 53.7 56.4 1 0 0 1 0 1.076 160.889 165.222 136 0 0 0 0 -0.843951 0.239895 0.479789 -7.68727e-05 0.894373 -0.447323 -0.536421 -0.377555 -0.754788 0 0 0 181.118 
565 43.3834 53.75 56.5 1 0 0 1 0 1.085 167.111 176.778 192 0 0 0 0 -0.84564 0.238702 0.477404 8.12316e-05 0.894485 -0.447098 -0.533754 -0.378046 -0.756431 0 0 0 187.235 
566 43.2056 53.8 56.6 1 0 0 1 0 1.094 173.889 185.222 192 0 0 0 0 -0.847216 0.237582 0.475163 -0.000171388 0.894305 -0.447459 -0.531249 -0.379176 -0.757628 0 0 0 194.693 
567 43.0268 53.85 56.7 1 0 0 1 0 1.103 180.667 193.667 192 0 0 0 0 -0.848689 0.236527 0.473056 -5.33336e-15 0.894428 -0.447213 -0.528892 -0.379545 -0.759091 0 0 0 202.299 
568 42.8468 53.9 56.8 1 0 0 1 0 1.112 187.444 202.111 192 0 0 0 0 -0.850062 0.235539 0.471079 0.000192795 0.894567 -0.446934 -0.526682 -0.379831 -0.760483 0 0 0 209.922 
569 42.6659 53.95 56.9 1 0 0 1 0 1.121 194.222 210.556 192 0 0 0 0 -0.85134 0.234615 0.46923 -0.000103413 0.894352 -0.447364 -0.524615 -0.380908 -0.761373 0 0 0 217.547 
570 42.484 54 57 1 0 0 1 0 1.13 194.778 207.444 197 0 0 0 0 -0.852517 0.233759 0.467517 0.000111484 0.894508 -0.447051 -0.5227 -0.381066 -0.762609 0 0 0 218.95 
571 42.3012 54.05 57.1 1 0 0 1 0 1.139 191.667 201.222 197 0 0 0 0 -0.853597 0.232969 0.465937 -0.000241951 0.894249 -0.447569 -0.520934 -0.382156 -0.763272 0 0 0 215.994 
572 42.1176 54.1 57.2 1 0 0 1 0 1.148 187.889 193.111 197 0 0 0 0 -0.854583 0.232244 0.464489 -0 0.894428 -0.447213 -0.519315 -0.382181 -0.764363 0 0 0 211.888 
573 41.9332 54.15 57.3 1 0 0 1 0 1.157 184.111 185 197 0 0 0 0 -0.855477 0.231585 0.463171 0.000289154 0.894641 -0.446786 -0.517841 -0.382081 -0.765412 0 0 0 207.654 
574 41.7482 54.2 57.4 1 0 0 1 0 1.166 180.333 176.889 197 0 0 0 0 -0.856288 0.230986 0.46197 -0.000160954 0.894307 -0.447453 -0.516499 -0.383223 -0.765747 0 0 0 203.406 
575 41.5625 54.25 57.5 1 0 0 1 0 1.175 176 171.889 164 0 0 0 0 -0.857011 0.230448 0.460897 0.000181463 0.894562 -0.446944 -0.515298 -0.382952 -0.766691 0 0 0 198.601 
576 41.3763 54.3 57.6 1 0 0 1 0 1.184 164.222 159.444 158 0 0 0 0 -0.857648 0.229974 0.459947 -0.000416062 0.894116 -0.447835 -0.514237 -0.384276 -0.766742 0 0 0 186.289 
577 41.1896 54.35 57.7 1 0 0 1 0 1.193 161.444 157.556 158 0 0 0 0 -0.858201 0.229561 0.459122 3.03306e-14 0.894428 -0.447213 -0.513314 -0.383798 -0.767599 0 0 0 182.143 
578 41.0024 54.4 57.8 1 0 0 1 0 1.202 158.667 155.667 158 0 0 0 0 -0.85867 0.229209 0.458419 0.000588342 0.894868 -0.446331 -0.512528 -0.382981 -0.768531 0 0 0 178.905 
579 40.8149 54.45 57.9 1 0 0 1 0 1.211 155.889 153.778 158 0 0 0 0 -0.859058 0.22892 0.457838 -0.000371287 0.894148 -0.447772 -0.511879 -0.384832 -0.76804 0 0 0 175.767 
580 40.6272 54.5 58 1 0 0 1 0 1.22 156.778 155 91 0 0 0 0 -0.859363 0.22869 0.457379 0.000501078 0.894803 -0.44646 -0.511365 -0.383442 -0.769076 0 0 0 176.307 
581 40.4392 54.55 58.1 1 0 0 1 0 1.229 151.222 151.222 172 0 0 0 0 -0.859589 0.22852 0.457039 -0.00154543 0.89326 -0.449538 -0.510983 -0.387124 -0.767484 0 0 0 170.812 
582 40.251 54.6 58.2 1 0 0 1 0 1.238 153.556 155.222 172 0 0 0 0 -0.859736 0.228409 0.456819 -0 0.894428 -0.447213 -0.510739 -0.384485 -0.768971 0 0 0 172.535 
583 40.0628 54.65 58.3 1 0 0 1 0 1.247 155.889 159.222 172 0 0 0 0 -0.859802 0.228359 0.45672 -0.0166308 0.88143 -0.472022 -0.510357 -0.413441 -0.754057 0 0 0 175.059 
584 39.8745 54.7 58.4 1 0 0 1 0 1.256 158.222 163.222 172 0 0 0 0 -0.859788 0.22837 0.45674 0.00121358 0.895338 -0.445385 -0.51065 -0.382383 -0.770078 0 0 0 177.673 
585 39.6863 54.75 58.5 1 0 0 1 0 1.265 168 174.667 108 0 0 0 0 -0.859695 0.22844 0.45688 -0.000658156 0.893931 -0.448204 -0.510807 -0.385619 -0.768358 0 0 0 187.741 
586 39.4982 54.8 58.6 1 0 0 1 0 1.274 168.778 175.556 179 0 0 0 0 -0.859523 0.22857 0.457139 0.000898696 0.895101 -0.445862 -0.511096 -0.382818 -0.769566 0 0 0 189.638 
587 39.3102 54.85 58.7 1 0 0 1 0 1.283 169.556 176.444 179 0 0 0 0 -0.859271 0.228759 0.457518 0 0.894428 -0.447213 -0.511521 -0.384277 -0.768556 0 0 0 190.626 
588 39.1225 54.9 58.8 1 0 0 1 0 1.292 174.111 181.889 179 0 0 0 0 -0.858938 0.229009 0.458019 -0.000550163 0.894014 -0.448038 -0.51208 -0.385089 -0.767777 0 0 0 195.292 
589 38.9352 54.95 58.9 1 0 0 1 0 1.301 178.667 187.333 179 0 0 0 0 -0.858523 0.22932 0.45864 0.000230464 0.894599 -0.446869 -0.512775 -0.383542 -0.768087 0 0 0 200.366 
590 38.7482 55 59 1 0 0 1 0 1.31 190.333 199.667 179 0 0 0 0 -0.858026 0.229692 0.459384 -0.000198452 0.894279 -0.44751 -0.513606 -0.384066 -0.767269 0 0 0 212.596 
591 38.5616 55.05 59.1 1 0 0 1 0 1.319 188.556 196.111 179 0 0 0 0 -0.857445 0.230125 0.46025 0.000348127 0.894686 -0.446695 -0.514575 -0.382857 -0.767225 0 0 0 212.177 
592 38.3756 55.1 59.2 1 0 0 1 0 1.328 186.778 192.556 213 0 0 0 0 -0.85678 0.23062 0.461241 0 0.894428 -0.447213 -0.515682 -0.383163 -0.766327 0 0 0 210.353 
593 38.1901 55.15 59.3 1 0 0 1 0 1.337 186.111 190.889 213 0 0 0 0 -0.856027 0.231178 0.462357 -0.000281999 0.894219 -0.44763 -0.51693 -0.383314 -0.76541 0 0 0 209.484 
594 38.0053 55.2 59.4 1 0 0 1 0 1.346 185.444 189.222 213 0 0 0 0 -0.855194 0.231795 0.463589 0.000128198 0.894521 -0.447025 -0.518309 -0.382234 -0.765019 0 0 0 208.72 
595 37.8211 55.25 59.5 1 0 0 1 0 1.355 184.778 187.556 163 0 0 0 0 -0.854269 0.232476 0.464951 -0.000116902 0.894341 -0.447385 -0.519832 -0.382242 -0.763981 0 0 0 207.969 
596 37.6378 55.3 59.6 1 0 0 1 0 1.364 183.444 187.222 163 0 0 0 0 -0.853245 0.233227 0.466452 0.000216031 0.894585 -0.446898 -0.52151 -0.381213 -0.763351 0 0 0 206.552 
597 37.4553 55.35 59.7 1 0 0 1 0 1.373 178.333 182.333 173 0 0 0 0 -0.852126 0.234043 0.468086 0 0.894428 -0.447213 -0.523336 -0.381082 -0.762165 0 0 0 201.284 
598 37.2737 55.4 59.8 1 0 0 1 0 1.382 173.222 177.444 173 0 0 0 0 -0.850923 0.234917 0.469835 -0.000190558 0.894289 -0.447489 -0.525291 -0.380868 -0.760926 0 0 0 195.587 
599 37.0931 55.45 59.9 1 0 0 1 0 1.391 171 175.667 173 0 0 0 0 -0.849625 0.235855 0.471709 8.8831e-05 0.894491 -0.447086 -0.527387 -0.379814 -0.760003 0 0 0 192.732 
600 36.9135 55.5 60 1 0 0 1 0 1.4 174.333 182 167 0 0 0 0 -0.848217 0.236866 0.473733 -8.40695e-05 0.894367 -0.447334 -0.52965 -0.379476 -0.758597 0 0 0 195.748 
601 36.735 55.55 60.1 1 0 0 1 0 1.409 177.556 188 167 0 0 0 0 -0.846708 0.237944 0.475887 0.000159483 0.89454 -0.446987 -0.532058 -0.378392 -0.757452 0 0 0 199.305 
602 36.5576 55.6 60.2 1 0 0 1 0 1.418 179.667 192.111 167 0 0 0 0 -0.845095 0.239087 0.478175 0 0.894428 -0.447213 -0.534616 -0.377937 -0.755877 0 0 0 201.812 
603 36.3815 55.65 60.3 1 0 0 1 0 1.427 181.778 196.222 193 0 0 0 0 -0.843358 0.24031 0.480622 -0.000143345 0.894327 -0.447414 -0.537351 -0.377399 -0.754204 0 0 0 204.201 
604 36.2067 55.7 60.4 1 0 0 1 0 1.436 183.889 200.333 193 0 0 0 0 -0.841508 0.241605 0.483209 6.87769e-05 0.894475 -0.447119 -0.540244 -0.376221 -0.752725 0 0 0 206.578 
605 36.0332 55.75 60.5 1 0 0 1 0 1.445 186.778 200.778 192 0 0 0 0 -0.839549 0.242964 0.485929 -6.5877e-05 0.894382 -0.447305 -0.543285 -0.375566 -0.750861 0 0 0 209.731 
606 35.8611 55.8 60.6 1 0 0 1 0 1.454 189.667 201.222 192 0 0 0 0 -0.837467 0.244397 0.488794 0.000126397 0.894513 -0.447041 -0.546488 -0.37432 -0.749156 0 0 0 212.97 
607 35.6905 55.85 60.7 1 0 0 1 0 1.463 192.556 201.667 192 0 0 0 0 -0.835257 0.245904 0.491809 0 0.894428 -0.447213 -0.549859 -0.373538 -0.747077 0 0 0 216.219 
608 35.5215 55.9 60.8 1 0 0 1 0 1.472 192.556 199 192 0 0 0 0 -0.832914 0.247489 0.494979 -0.000116832 0.894349 -0.44737 -0.553403 -0.372678 -0.744886 0 0 0 216.58 
609 35.354 55.95 60.9 1 0 0 1 0 1.481 192.556 196.333 193 0 0 0 0 -0.830429 0.249154 0.498307 5.62935e-05 0.894464 -0.447139 -0.557124 -0.371289 -0.742803 0 0 0 216.62 
610 35.1882 56 61 1 0 0 1 0 1.49 192.667 194 193 0 0 0 0 -0.827798 0.250899 0.501797 -5.45071e-05 0.894391 -0.447286 -0.561027 -0.370289 -0.740361 0 0 0 216.736 
611 35.0241 56.05 61.1 1 0 0 1 0 1.499 192.111 192.444 193 0 0 0 0 -0.825022 0.252721 0.505442 0.00010597 0.894496 -0.447076 -0.565101 -0.368794 -0.738005 0 0 0 216.193 
612 34.8617 56.1 61.2 1 0 0 1 0 1.508 191.556 190.889 193 0 0 0 0 -0.822102 0.254616 0.509234 5.13497e-15 0.894428 -0.447213 -0.569341 -0.367654 -0.73531 0 0 0 215.577 
613 34.7012 56.15 61.3 1 0 0 1 0 1.517 191 189.333 193 0 0 0 0 -0.819012 0.2566 0.513201 -9.91755e-05 0.894364 -0.447339 -0.573776 -0.366427 -0.73247 0 0 0 214.953 
614 34.5425 56.2 61.4 1 0 0 1 0 1.526 190.333 190.111 193 0 0 0 0 -0.815744 0.258675 0.517348 4.81847e-05 0.894457 -0.447154 -0.578413 -0.364738 -0.72966 0 0 0 214.217 
615 34.3858 56.25 61.5 1 0 0 1 0 1.535 189.667 190.889 187 0 0 0 0 -0.812297 0.260835 0.52167 -4.67418e-05 0.894398 -0.447272 -0.583245 -0.363342 -0.726504 0 0 0 213.469 
616 34.2311 56.3 61.6 1 0 0 1 0 1.544 186.444 188.667 187 0 0 0 0 -0.808651 0.263091 0.526181 9.12365e-05 0.894483 -0.447102 -0.588288 -0.361502 -0.723349 0 0 0 210.163 
617 34.0785 56.35 61.7 1 0 0 1 0 1.553 184.333 186.556 187 0 0 0 0 -0.804817 0.265431 0.530863 0 0.894428 -0.447213 -0.593523 -0.359925 -0.719851 0 0 0 207.685 
618 33.9279 56.4 61.8 1 0 0 1 0 1.562 182.222 184.444 187 0 0 0 0 -0.800783 0.26786 0.535721 -8.68157e-05 0.894376 -0.447317 -0.598954 -0.35825 -0.716178 0 0 0 205.298 
619 33.7795 56.45 61.9 1 0 0 1 0 1.571 180.111 182.333 187 0 0 0 0 -0.796528 0.270387 0.540772 4.24335e-05 0.894452 -0.447164 -0.604602 -0.356156 -0.712467 0 0 0 202.922 
620 33.6333 56.5 62 1 0 0 1 0 1.58 178.667 179.444 164 0 0 0 0 -0.792048 0.273005 0.546011 -4.14093e-05 0.894403 -0.447262 -0.610459 -0.354275 -0.708399 0 0 0 201.214 
621 33.4894 56.55 62.1 1 0 0 1 0 1.589 177.889 177.778 174 0 0 0 0 -0.787321 0.275727 0.551453 8.10505e-05 0.894473 -0.447122 -0.616543 -0.351984 -0.70426 0 0 0 200.246 
622 33.3478 56.6 62.2 1 0 0 1 0 1.598 177.111 176.111 174 0 0 0 0 -0.782343 0.278546 0.557092 0 0.894428 -0.447213 -0.622848 -0.349874 -0.699749 0 0 0 199.361 
623 33.2085 56.65 62.3 1 0 0 1 0 1.607 176.333 174.444 174 0 0 0 0 -0.777099 0.281466 0.562934 -7.77185e-05 0.894385 -0.447299 -0.629379 -0.347639 -0.695003 0 0 0 198.485 
624 33.0717 56.7 62.4 1 0 0 1 0 1.616 175.556 172.778 174 0 0 0 0 -0.771572 0.284492 0.568983 3.81645e-05 0.894448 -0.447173 -0.636142 -0.345004 -0.690141 0 0 0 197.609 
625 32.9373 56.75 62.5 1 0 0 1 0 1.625 180.111 177.556 180 0 0 0 0 -0.765759 0.287615 0.575231 -3.74145e-05 0.894407 -0.447253 -0.643127 -0.34251 -0.68489 0 0 0 202.068 
626 32.8054 56.8 62.6 1 0 0 1 0 1.634 183.556 182.222 180 0 0 0 0 -0.75963 0.290848 0.581695 7.35338e-05 0.894465 -0.447138 -0.650355 -0.339616 -0.679484 0 0 0 206.008 
627 32.6761 56.85 62.7 1 0 0 1 0 1.643 187 186.889 180 0 0 0 0 -0.753178 0.294184 0.588369 0 0.894428 -0.447213 -0.657817 -0.336831 -0.673663 0 0 0 209.89 
628 32.5494 56.9 62.8 1 0 0 1 0 1.652 190.444 191.556 180 0 0 0 0 -0.746384 0.297627 0.595255 -7.09356e-05 0.894392 -0.447284 -0.665515 -0.333888 -0.667539 0 0 0 213.766 
629 32.4254 56.95 62.9 1 0 0 1 0 1.661 193.889 196.222 205 0 0 0 0 -0.739212 0.301187 0.602372 3.48855e-05 0.894444 -0.44718 -0.673473 -0.33054 -0.661194 0 0 0 217.641 
630 32.304 57 63 1 0 0 1 0 1.67 196.667 199.667 205 0 0 0 0 -0.731653 0.304855 0.609711 -3.43956e-05 0.894411 -0.447247 -0.681677 -0.32725 -0.654388 0 0 0 220.849 
631 32.1854 57.05 63.1 1 0 0 1 0 1.679 197.222 200.444 205 0 0 0 0 -0.7237 0.308629 0.617257 6.7834e-05 0.894459 -0.447151 -0.690114 -0.323561 -0.647341 0 0 0 221.761 
632 32.0695 57.1 63.2 1 0 0 1 0 1.688 197.778 201.222 205 0 0 0 0 -0.71533 0.312507 0.625015 -2.21476e-15 0.894428 -0.447213 -0.698787 -0.319905 -0.639811 0 0 0 222.418 
633 31.9565 57.15 63.3 1 0 0 1 0 1.697 198.333 202 205 0 0 0 0 -0.706516 0.316491 0.632984 -6.58639e-05 0.894398 -0.447272 -0.707697 -0.316046 -0.631886 0 0 0 223.046 
634 31.8463 57.2 63.4 1 0 0 1 0 1.706 198.222 201.889 205 0 0 0 0 -0.697214 0.320591 0.641182 3.24931e-05 0.894441 -0.447186 -0.716863 -0.311764 -0.623627 0 0 0 223.005 
635 31.739 57.25 63.5 1 0 0 1 0 1.715 198.111 201.778 185 0 0 0 0 -0.687413 0.324796 0.649593 -3.20706e-05 0.894414 -0.447241 -0.726267 -0.30746 -0.614821 0 0 0 222.889 
636 31.6346 57.3 63.6 1 0 0 1 0 1.724 196 199.444 185 0 0 0 0 -0.677084 0.329108 0.658214 3.16526e-05 0.89444 -0.447188 -0.735906 -0.302763 -0.605621 0 0 0 220.766 
637 31.5332 57.35 63.7 1 0 0 1 0 1.733 193.889 197.111 185 0 0 0 0 -0.666194 0.333522 0.667044 3.12993e-05 0.89444 -0.447189 -0.745778 -0.297894 -0.595881 0 0 0 218.418 
638 31.4349 57.4 63.8 1 0 0 1 0 1.742 191.778 194.778 204 0 0 0 0 -0.65473 0.338031 0.676064 -3.10164e-05 0.894416 -0.447237 -0.755863 -0.292841 -0.585591 0 0 0 216.046 
639 31.3396 57.45 63.9 1 0 0 1 0 1.751 189.667 192.444 204 0 0 0 0 -0.642685 0.342624 0.685248 0 0.894427 -0.447214 -0.76613 -0.287418 -0.574835 0 0 0 213.672 
640 31.2473 57.5 64 1 0 0 1 0 1.76 189.778 192.778 186 0 0 0 0 -0.629982 0.34731 0.694621 -3.03015e-05 0.894416 -0.447236 -0.77661 -0.281771 -0.563456 0 0 0 213.519 
641 31.1582 57.55 64.1 1 0 0 1 0 1.769 188.889 190.889 186 0 0 0 0 -0.616606 0.352079 0.704157 3.00365e-05 0.894437 -0.447193 -0.787272 -0.275721 -0.551526 0 0 0 212.613 
642 31.0722 57.6 64.2 1 0 0 1 0 1.778 188 189 186 0 0 0 0 -0.602549 0.356913 0.713826 2.97208e-05 0.894437 -0.447194 -0.798082 -0.269435 -0.538953 0 0 0 211.624 
643 30.9893 57.65 64.3 1 0 0 1 0 1.787 185 184.556 186 0 0 0 0 -0.587749 0.361815 0.723631 -2.94628e-05 0.894418 -0.447232 -0.809043 -0.262881 -0.525683 0 0 0 208.514 
644 30.9097 57.7 64.4 1 0 0 1 0 1.796 182 180.111 186 0 0 0 0 -0.572197 0.366767 0.733534 0 0.894427 -0.447214 -0.820116 -0.255894 -0.511788 0 0 0 205.168 
645 30.8333 57.75 64.5 1 0 0 1 0 1.805 181 177.889 177 0 0 0 0 -0.555888 0.37175 0.743499 0 0.894427 -0.447214 -0.831257 -0.248601 -0.497201 0 0 0 203.796 
646 30.7602 57.8 64.6 1 0 0 1 0 1.814 183.222 180.556 177 0 0 0 0 -0.538763 0.376758 0.753517 0 0.894427 -0.447214 -0.842457 -0.240942 -0.481884 0 0 0 205.866 
647 30.6903 57.85 64.7 1 0 0 1 0 1.823 185.444 183.222 177 0 0 0 0 -0.520791 0.381779 0.763558 0 0.894427 -0.447214 -0.853684 -0.232905 -0.46581 0 0 0 208.318 
648 30.6238 57.9 64.8 1 0 0 1 0 1.832 187.667 185.889 177 0 0 0 0 -0.501935 0.386797 0.773595 0 0.894427 -0.447214 -0.864905 -0.224472 -0.448945 0 0 0 210.813 
649 30.5606 57.95 64.9 1 0 0 1 0 1.841 189.889 188.556 177 0 0 0 0 -0.4822 0.391786 0.783573 0 0.894427 -0.447214 -0.876061 -0.215647 -0.431293 0 0 0 213.313 
650 30.5007 58 65 1 0 0 1 0 1.85 193.111 193.444 206 0 0 0 0 -0.461602 0.396717 0.793435 0 0.894427 -0.447214 -0.887087 -0.206435 -0.412869 0 0 0 216.813 
651 30.4442 58.05 65.1 1 0 0 1 0 1.859 195.889 197.444 206 0 0 0 0 -0.440084 0.401578 0.803157 0 0.894427 -0.447214 -0.897956 -0.196812 -0.393623 0 0 0 219.979 
652 30.3911 58.1 65.2 1 0 0 1 0 1.868 198.667 201.444 206 0 0 0 0 -0.41767 0.406338 0.812675 0 0.894427 -0.447214 -0.908599 -0.186788 -0.373576 0 0 0 223.109 
653 30.3414 58.15 65.3 1 0 0 1 0 1.877 201.444 205.444 206 0 0 0 0 -0.394312 0.410979 0.821958 0 0.894427 -0.447214 -0.918977 -0.176342 -0.352683 0 0 0 226.234 
654 30.2952 58.2 65.4 1 0 0 1 0 1.886 204.222 209.444 206 0 0 0 0 -0.370003 0.415475 0.83095 0 0.894427 -0.447214 -0.92903 -0.16547 -0.330941 0 0 0 229.359 
655 30.2524 58.25 65.5 1 0 0 1 0 1.895 203.778 208.556 202 0 0 0 0 -0.344788 0.419791 0.839581 0 0.894427 -0.447214 -0.938681 -0.154194 -0.308388 0 0 0 229.262 
656 30.213 58.3 65.6 1 0 0 1 0 1.904 201.222 204.778 202 0 0 0 0 -0.318719 0.423891 0.847782 0 0.894427 -0.447214 -0.947849 -0.142535 -0.285071 0 0 0 226.696 
657 30.1772 58.35 65.7 1 0 0 1 0 1.913 198.667 201 202 0 0 0 0 -0.29182 0.427748 0.855496 0 0.894427 -0.447214 -0.956473 -0.130506 -0.261012 0 0 0 223.855 
658 30.1448 58.4 65.8 1 0 0 1 0 1.922 196.111 197.222 202 0 0 0 0 -0.264121 0.431333 0.862666 0 0.894427 -0.447214 -0.96449 -0.118118 -0.236237 0 0 0 220.984 
659 30.1159 58.45 65.9 1 0 0 1 0 1.931 193.556 193.444 202 0 0 0 0 -0.23566 0.434618 0.869236 0 0.894427 -0.447214 -0.971835 -0.105391 -0.210781 0 0 0 218.109 
660 30.0906 58.5 66 1 0 0 1 0 1.94 191.444 190.556 183 0 0 0 0 -0.206488 0.437576 0.875152 0 0.894427 -0.447214 -0.978449 -0.0923441 -0.184688 0 0 0 215.679 
661 30.0688 58.55 66.1 1 0 0 1 0 1.949 190.111 187.778 183 0 0 0 0 -0.17666 0.44018 0.88036 0 0.894427 -0.447214 -0.984272 -0.0790046 -0.158009 0 0 0 214.075 
662 30.0505 58.6 66.2 1 0 0 1 0 1.958 188.778 185 183 0 0 0 0 -0.146289 0.442402 0.884805 0 0.894427 -0.447214 -0.989242 -0.0654224 -0.130845 0 0 0 212.564 
663 30.0357 58.65 66.3 1 0 0 1 0 1.967 187.444 182.222 183 0 0 0 0 -0.115449 0.444223 0.888447 0 0.894427 -0.447214 -0.993313 -0.0516304 -0.103261 0 0 0 211.063 
664 30.0245 58.7 66.4 1 0 0 1 0 1.976 186.111 179.444 183 0 0 0 0 -0.0842713 0.445623 0.891246 0 0.894427 -0.447214 -0.996443 -0.0376873 -0.0753745 0 0 0 209.563 
665 30.0168 58.75 66.5 1 0 0 1 0 1.985 186.889 179.556 190 0 0 0 0 -0.0528456 0.446589 0.893177 0 0.894427 -0.447214 -0.998603 -0.0236333 -0.0472665 0 0 0 210.174 
666 30.0126 58.8 66.6 1 0 0 1 0 1.994 187.667 179.667 190 0 0 0 0 -0.0212129 0.447113 0.894226 0 0.894427 -0.447214 -0.999775 -0.0094867 -0.0189734 0 0 0 211.019 
667 30.012 58.85 66.7 1 0 0 1 0 2.003 188.444 179.778 190 0 0 0 0 0.0105348 0.447189 0.894378 0 0.894427 -0.447214 -0.999945 0.00471133 0.00942265 0 0 0 211.891 
668 30.015 58.9 66.8 1 0 0 1 0 2.012 189.222 179.889 190 0 0 0 0 0.0422991 0.446813 0.893627 0 0.894427 -0.447214 -0.999105 0.0189167 0.0378334 0 0 0 212.766 
669 30.0215 58.95 66.9 1 0 0 1 0 2.021 190 180 190 0 0 0 0 0.0738854 0.445991 0.891982 0 0.894427 -0.447214 -0.997267 0.0330426 0.0660851 0 0 0 213.641 
670 30.0316 59 67 1 0 0 1 0 2.03 190 180 190 0 0 0 0 0.105155 0.444734 0.889468 0 0.894427 -0.447214 -0.994456 0.0470268 0.0940537 0 0 0 213.738 
671 30.0451 59.05 67.1 1 0 0 1 0 2.039 190.778 181.556 190 0 0 0 0 0.136115 0.443051 0.886103 0 0.894427 -0.447214 -0.990693 0.0608726 0.121745 0 0 0 214.526 
672 30.0623 59.1 67.2 1 0 0 1 0 2.048 191.556 183.111 190 0 0 0 0 0.166634 0.440961 0.881922 0 0.894427 -0.447214 -0.986019 0.0745211 0.149042 0 0 0 215.392 
673 30.0829 59.15 67.3 1 0 0 1 0 2.057 192.333 184.667 190 0 0 0 0 0.196589 0.438487 0.876973 0 0.894427 -0.447214 -0.980486 0.0879171 0.175834 0 0 0 216.266 
674 30.1071 59.2 67.4 1 0 0 1 0 2.066 193.111 186.222 190 0 0 0 0 0.226001 0.435643 0.871286 0 0.894427 -0.447214 -0.974127 0.101071 0.202142 0 0 0 217.141 
675 30.1348 59.25 67.5 1 0 0 1 0 2.075 193.889 187.778 197 0 0 0 0 0.254764 0.432457 0.864914 0 0.894427 -0.447214 -0.967003 0.113934 0.227868 0 0 0 218.016 
676 30.166 59.3 67.6 1 0 0 1 0 2.084 194.889 191 197 0 0 0 0 0.282735 0.428966 0.857933 0 0.894427 -0.447214 -0.959198 0.126443 0.252886 0 0 0 219.113 
677 30.2007 59.35 67.7 1 0 0 1 0 2.093 195.889 194.222 197 0 0 0 0 0.309878 0.4252 0.8504 0 0.894427 -0.447214 -0.950776 0.138581 0.277163 0 0 0 220.235 
678 30.2389 59.4 67.8 1 0 0 1 0 2.102 196.889 197.444 197 0 0 0 0 0.336198 0.421182 0.842364 0 0.894427 -0.447214 -0.941791 0.150352 0.300705 0 0 0 221.359 
679 30.2805 59.45 67.9 1 0 0 1 0 2.111 197.889 200.667 197 0 0 0 0 0.361671 0.41694 0.83388 0 0.894427 -0.447214 -0.932306 0.161744 0.323488 0 0 0 222.484 
680 30.3256 59.5 68 1 0 0 1 0 2.12 195.222 196.444 199 0 0 0 0 0.386244 0.412508 0.825017 0 0.894427 -0.447214 -0.922397 0.172734 0.345467 0 0 0 219.943 
681 30.3742 59.55 68.1 1 0 0 1 0 2.129 193.444 192.889 199 0 0 0 0 0.409909 0.407915 0.815831 0 0.894427 -0.447214 -0.912126 0.183317 0.366634 0 0 0 217.883 
682 30.4261 59.6 68.2 1 0 0 1 0 2.138 191.667 189.333 199 0 0 0 0 0.432666 0.403187 0.806375 0 0.894427 -0.447214 -0.901554 0.193494 0.386988 0 0 0 215.876 
683 30.4815 59.65 68.3 1 0 0 1 0 2.147 189.889 185.778 199 0 0 0 0 0.454519 0.39835 0.7967 0 0.894427 -0.447214 -0.890737 0.203267 0.406534 0 0 0 213.875 
684 30.5402 59.7 68.4 1 0 0 1 0 2.156 188.111 182.222 173 0 0 0 0 0.475444 0.393434 0.786869 0 0.894427 -0.447214 -0.879746 0.212625 0.42525 0 0 0 211.875 
685 30.6023 59.75 68.5 1 0 0 1 0 2.165 186.111 177 181 0 0 0 0 0.49543 0.388471 0.776942 0 0.894427 -0.447214 -0.868648 0.221563 0.443126 0 0 0 209.653 
686 30.6678 59.8 68.6 1 0 0 1 0 2.174 184.111 171.778 181 0 0 0 0 0.514565 0.383464 0.766928 0 0.894427 -0.447214 -0.857452 0.23012 0.460241 0 0 0 207.406 
687 30.7365 59.85 68.7 1 0 0 1 0 2.183 182.111 166.556 181 0 0 0 0 0.532843 0.378438 0.756877 0 0.894427 -0.447214 -0.846214 0.238295 0.476589 0 0 0 205.156 
688 30.8086 59.9 68.8 1 0 0 1 0 2.192 180.111 161.333 181 0 0 0 0 0.550259 0.373421 0.746842 0 0.894427 -0.447214 -0.834994 0.246083 0.492166 0 0 0 202.906 
689 30.8839 59.95 68.9 1 0 0 1 0 2.201 181 162 181 0 0 0 0 0.566871 0.368417 0.736835 0 0.894427 -0.447214 -0.823806 0.253513 0.507025 0 0 0 203.545 
690 30.9624 60 69 1 0 0 1 0 2.21 181 162 181 0 0 0 0 0.582688 0.363449 0.726897 0 0.894427 -0.447214 -0.812696 0.260586 0.521172 0 0 0 203.616 
691 31.0442 60.05 69.1 1 0 0 1 0 2.219 182.778 165.667 181 0 0 0 0 0.597742 0.358526 0.717052 0 0.894427 -0.447214 -0.801689 0.267318 0.534636 0 0 0 205.402 
692 31.1292 60.1 69.2 1 0 0 1 0 2.228 184.556 169.333 181 0 0 0 0 0.612043 0.353668 0.707335 0 0.894427 -0.447214 -0.790825 0.273714 0.547428 0 0 0 207.378 
693 31.2173 60.15 69.3 1 0 0 1 0 2.237 185.444 171.222 181 0 0 0 0 0.625601 0.348891 0.697781 0 0.894427 -0.447214 -0.780143 0.279777 0.559554 0 0 0 208.486 
694 31.3085 60.2 69.4 1 0 0 1 0 2.246 186.333 173.111 181 0 0 0 0 0.638523 0.344177 0.688353 0 0.894427 -0.447214 -0.769602 0.285556 0.571113 0 0 0 209.498 
695 31.4028 60.25 69.5 1 0 0 1 0 2.255 187.222 175 197 0 0 0 0 0.650798 0.339547 0.679095 0 0.894427 -0.447214 -0.759251 0.291046 0.582091 0 0 0 210.5 
696 31.5001 60.3 69.6 1 0 0 1 0 2.264 189.222 180 197 0 0 0 0 0.662457 0.335008 0.670015 0 0.894427 -0.447214 -0.7491 0.29626 0.59252 0 0 0 212.611 
697 31.6005 60.35 69.7 1 0 0 1 0 2.273 191.222 185 189 0 0 0 0 0.673535 0.33056 0.66112 0 0.894427 -0.447214 -0.739155 0.301214 0.602428 0 0 0 214.846 
698 31.7039 60.4 69.8 1 0 0 1 0 2.282 193.222 190 189 0 0 0 0 0.684023 0.326225 0.65245 0 0.894427 -0.447214 -0.729461 0.305904 0.611808 0 0 0 217.094 
699 31.8102 60.45 69.9 1 0 0 1 0 2.291 195.222 195 189 0 0 0 0 0.693989 0.321987 0.643975 0 0.894427 -0.447214 -0.719986 0.310361 0.620723 0 0 0 219.344 
700 31.9194 60.5 70 1 0 0 1 0 2.3 195.444 196.333 199 0 0 0 0 0.703448 0.317855 0.635711 0 0.894427 -0.447214 -0.710746 0.314592 0.629183 0 0 0 219.816 
701 32.0315 60.55 70.1 1 0 0 1 0 2.309 194.222 194.889 199 0 0 0 0 0.712428 0.31383 0.62766 0 0.894427 -0.447214 -0.701745 0.318608 0.637215 0 0 0 218.646 
702 32.1464 60.6 70.2 1 0 0 1 0 2.318 196.222 198.889 199 0 0 0 0 0.720973 0.309902 0.619805 0 0.894427 -0.447214 -0.692963 0.322429 0.644858 0 0 0 220.516 
703 32.2642 60.65 70.3 1 0 0 1 0 2.327 198.222 202.889 199 0 0 0 0 0.729057 0.306097 0.612193 0 0.894427 -0.447214 -0.684453 0.326044 0.652088 0 0 0 222.724 
704 32.3846 60.7 70.4 1 0 0 1 0 2.336 200.222 206.889 199 0 0 0 0 0.736722 0.302404 0.604808 0 0.894427 -0.447214 -0.676196 0.329472 0.658944 0 0 0 224.969 
705 32.5078 60.75 70.5 1 0 0 1 0 2.345 201.111 207.778 186 0 0 0 0 0.744011 0.298813 0.597627 0 0.894427 -0.447214 -0.668167 0.332732 0.665464 0 0 0 226.108 
706 32.6336 60.8 70.6 1 0 0 1 0 2.354 202 208.667 207 0 0 0 0 0.750929 0.295332 0.590664 0 0.894427 -0.447214 -0.660383 0.335826 0.671652 0 0 0 227.123 
707 32.762 60.85 70.7 1 0 0 1 0 2.363 202.889 209.556 207 0 0 0 0 0.7575 0.291957 0.583914 0 0.894427 -0.447214 -0.652835 0.338764 0.677528 0 0 0 228.125 
708 32.8931 60.9 70.8 1 0 0 1 0 2.372 203.778 210.444 207 0 0 0 0 0.76374 0.288687 0.577374 0 0.894427 -0.447214 -0.645524 0.341555 0.68311 0 0 0 229.125 
709 33.0266 60.95 70.9 1 0 0 1 0 2.381 204.889 211.667 207 0 0 0 0 0.769668 0.285521 0.571042 0 0.894427 -0.447214 -0.638445 0.344206 0.688412 0 0 0 230.347 
710 33.1626 61 71 1 0 0 1 0 2.39 207.444 215.667 207 0 0 0 0 0.775279 0.282468 0.564937 0 0.894427 -0.447214 -0.631619 0.346715 0.693431 0 0 0 233.039 
711 33.3011 61.05 71.1 1 0 0 1 0 2.399 207.444 215.556 207 0 0 0 0 0.780616 0.279513 0.559027 0 0.894427 -0.447214 -0.625011 0.349102 0.698204 0 0 0 233.338 
712 33.4419 61.1 71.2 1 0 0 1 0 2.408 207.444 215.444 207 0 0 0 0 0.785695 0.276653 0.553306 0 0.894427 -0.447214 -0.618614 0.351373 0.702747 0 0 0 233.371 
713 33.5851 61.15 71.3 1 0 0 1 0 2.417 207.444 215.333 209 0 0 0 0 0.790504 0.273899 0.547798 0 0.894427 -0.447214 -0.612456 0.353524 0.707049 0 0 0 233.375 
714 33.7305 61.2 71.4 1 0 0 1 0 2.426 207.444 215.222 209 0 0 0 0 0.79506 0.271249 0.542497 0 0.894427 -0.447214 -0.606531 0.355562 0.711123 0 0 0 233.375 
715 33.8782 61.25 71.5 1 0 0 1 0 2.435 207.444 215.111 207 0 0 0 0 0.799389 0.268692 0.537384 0 0.894427 -0.447214 -0.600814 0.357498 0.714995 0 0 0 233.375 
716 34.028 61.3 71.6 1 0 0 1 0 2.444 206.778 214.667 207 0 0 0 0 0.803502 0.266227 0.532454 0 0.894427 -0.447214 -0.595302 0.359337 0.718674 0 0 0 232.708 
717 34.18 61.35 71.7 1 0 0 1 0 2.453 206.111 214.222 207 0 0 0 0 0.807402 0.263857 0.527713 0 0.894427 -0.447214 -0.590001 0.361081 0.722163 0 0 0 231.968 
718 34.334 61.4 71.8 1 0 0 1 0 2.462 205.222 213.444 207 0 0 0 0 0.8111 0.261579 0.523158 0 0.894427 -0.447214 -0.584908 0.362735 0.72547 0 0 0 230.996 
719 34.4901 61.45 71.9 1 0 0 1 0 2.471 204.333 212.667 207 0 0 0 0 0.814614 0.259386 0.518771 0 0.894427 -0.447214 -0.580004 0.364306 0.728613 0 0 0 230 
720 34.6481 61.5 72 1 0 0 1 0 2.48 203.667 212.333 201 0 0 0 0 0.817937 0.257285 0.514571 0 0.894427 -0.447214 -0.575308 0.365793 0.731585 0 0 0 229.222 
721 34.808 61.55 72.1 1 0 0 1 0 2.489 201.333 208.556 201 0 0 0 0 0.821079 0.255276 0.510552 0 0.894427 -0.447214 -0.570814 0.367198 0.734396 0 0 0 226.802 
722 34.9697 61.6 72.2 1 0 0 1 0 2.498 201.556 209.111 201 0 0 0 0 0.824068 0.253342 0.506685 0 0.894427 -0.447214 -0.566491 0.368534 0.737069 0 0 0 226.756 
723 35.1333 61.65 72.3 1 0 0 1 0 2.507 201.778 209.667 201 0 0 0 0 0.8269 0.25149 0.50298 0 0.894427 -0.447214 -0.562348 0.369801 0.739602 0 0 0 226.973 
724 35.2985 61.7 72.4 1 0 0 1 0 2.516 202 210.222 201 0 0 0 0 0.829584 0.249716 0.499433 0 0.894427 -0.447214 -0.558383 0.371001 0.742002 0 0 0 227.219 
725 35.4655 61.75 72.5 1 0 0 1 0 2.525 202.889 211.111 186 0 0 0 0 0.832118 0.248024 0.496047 0 0.894427 -0.447214 -0.554598 0.372135 0.744269 0 0 0 228.135 
726 35.634 61.8 72.6 1 0 0 1 0 2.534 203.778 212 209 0 0 0 0 0.834503 0.246416 0.492833 0 0.894427 -0.447214 -0.551004 0.373201 0.746402 0 0 0 229.126 
727 35.8041 61.85 72.7 1 0 0 1 0 2.543 204.667 212.889 209 0 0 0 0 0.836752 0.244886 0.489772 0 0.894427 -0.447214 -0.547582 0.374207 0.748414 0 0 0 230.125 
728 35.9757 61.9 72.8 1 0 0 1 0 2.552 203.222 209.111 209 0 0 0 0 0.83887 0.243432 0.486865 0 0.894427 -0.447214 -0.544331 0.375154 0.750309 0 0 0 228.792 
729 36.1487 61.95 72.9 1 0 0 1 0 2.561 201.778 205.333 209 0 0 0 0 0.840872 0.242047 0.484095 0 0.894427 -0.447214 -0.541234 0.376049 0.752099 0 0 0 227.199 
730 36.3231 62 73 1 0 0 1 0 2.57 202 205 209 0 0 0 0 0.842762 0.240729 0.481457 0 0.894427 -0.447214 -0.538286 0.376895 0.75379 0 0 0 227.244 
731 36.4988 62.05 73.1 1 0 0 1 0 2.579 201.444 204.556 209 0 0 0 0 0.844531 0.239486 0.478971 0 0.894427 -0.447214 -0.535506 0.377686 0.755372 0 0 0 226.694 
732 36.6758 62.1 73.2 1 0 0 1 0 2.588 200.889 204.111 188 0 0 0 0 0.846184 0.238316 0.476632 0 0.894427 -0.447214 -0.532891 0.378425 0.75685 0 0 0 226.077 
733 36.8539 62.15 73.3 1 0 0 1 0 2.597 200.556 203.444 188 0 0 0 0 0.847722 0.23722 0.47444 0 0.894427 -0.447214 -0.530441 0.379113 0.758226 0 0 0 225.675 
734 37.0331 62.2 73.4 1 0 0 1 0 2.606 200.222 202.778 188 0 0 0 0 0.849158 0.236191 0.472382 0 0.894427 -0.447214 -0.528139 0.379755 0.75951 0 0 0 225.297 
735 37.2134 62.25 73.5 1 0 0 1 0 2.615 199.889 202.111 204 0 0 0 0 0.850496 0.235226 0.470452 0 0.894427 -0.447214 -0.525981 0.380353 0.760707 0 0 0 224.922 
736 37.3947 62.3 73.6 1 0 0 1 0 2.624 200.222 203.444 204 0 0 0 0 0.85174 0.234324 0.468648 0 0.894427 -0.447214 -0.523964 0.38091 0.76182 0 0 0 225.214 
737 37.5769 62.35 73.7 1 0 0 1 0 2.633 202.889 209.444 206 0 0 0 0 0.852886 0.233489 0.466978 0 0.894427 -0.447214 -0.522098 0.381422 0.762844 0 0 0 227.913 
738 37.76 62.4 73.8 1 0 0 1 0 2.642 205.556 215.444 206 0 0 0 0 0.853934 0.232721 0.465443 0 0.894427 -0.447214 -0.520381 0.381891 0.763782 0 0 0 230.879 
739 37.9438 62.45 73.9 1 0 0 1 0 2.651 206.333 217.778 206 0 0 0 0 0.854888 0.23202 0.464039 0 0.894427 -0.447214 -0.518812 0.382318 0.764635 0 0 0 231.987 
740 38.1284 62.5 74 1 0 0 1 0 2.66 205.333 215.889 212 0 0 0 0 0.855752 0.231382 0.462764 0 0.894427 -0.447214 -0.517386 0.382704 0.765408 0 0 0 231.11 
741 38.3137 62.55 74.1 1 0 0 1 0 2.669 204.222 213.667 212 0 0 0 0 0.856534 0.230803 0.461606 0 0.894427 -0.447214 -0.516091 0.383053 0.766107 0 0 0 229.901 
742 38.4995 62.6 74.2 1 0 0 1 0 2.678 202.889 211.667 212 0 0 0 0 0.857229 0.230286 0.460572 0 0.894427 -0.447214 -0.514936 0.383364 0.766729 0 0 0 228.433 
743 38.6859 62.65 74.3 1 0 0 1 0 2.687 201.556 209.667 195 0 0 0 0 0.857838 0.229832 0.459664 0 0.894427 -0.447214 -0.51392 0.383637 0.767274 0 0 0 226.937 
744 38.8728 62.7 74.4 1 0 0 1 0 2.696 199.333 205.222 195 0 0 0 0 0.858362 0.229441 0.458881 0 0.894427 -0.447214 -0.513045 0.383871 0.767742 0 0 0 224.549 
745 39.06 62.75 74.5 1 0 0 1 0 2.705 196.444 198.778 194 0 0 0 0 0.858804 0.22911 0.458219 0 0.894427 -0.447214 -0.512305 0.384069 0.768137 0 0 0 221.394 
746 39.2476 62.8 74.6 1 0 0 1 0 2.714 193.556 192.333 194 0 0 0 0 0.85917 0.228834 0.457669 0 0.894427 -0.447214 -0.511689 0.384233 0.768465 0 0 0 218.155 
747 39.4355 62.85 74.7 1 0 0 1 0 2.723 190.667 185.889 194 0 0 0 0 0.859451 0.228624 0.457248 0 0.894427 -0.447214 -0.511219 0.384358 0.768716 0 0 0 214.906 
748 39.6235 62.9 74.8 1 0 0 1 0 2.732 189.667 183.111 186 0 0 0 0 0.85965 0.228474 0.456948 0 0.894427 -0.447214 -0.510884 0.384447 0.768894 0 0 0 213.545 
749 39.8117 62.95 74.9 1 0 0 1 0 2.741 190.222 183.444 186 0 0 0 0 0.859775 0.22838 0.45676 0 0.894427 -0.447214 -0.510674 0.384503 0.769006 0 0 0 213.949 
750 40 63 75 1 0 0 1 0 2.75 190.889 184.111 186 0 0 0 0 0.859814 0.22835 0.456701 -0 0.894427 -0.447214 -0.510607 0.384521 0.769041 0 0 0 214.661 
751 40.1883 63.05 75.1 1 0 0 1 0 2.759 192 186.222 186 0 0 0 0 0.859775 0.22838 0.45676 -0 0.894427 -0.447214 -0.510674 0.384503 0.769006 0 0 0 215.851 
752 40.3765 63.1 75.2 1 0 0 1 0 2.768 193.111 188.333 186 0 0 0 0 0.85965 0.228474 0.456948 -0 0.894427 -0.447214 -0.510884 0.384447 0.768894 0 0 0 217.095 
753 40.5645 63.15 75.3 1 0 0 1 0 2.777 195.111 192.889 200 0 0 0 0 0.859451 0.228624 0.457248 -0 0.894427 -0.447214 -0.511219 0.384358 0.768716 0 0 0 219.233 
754 40.7524 63.2 75.4 1 0 0 1 0 2.786 197.667 197.889 200 0 0 0 0 0.85917 0.228834 0.457669 -0 0.894427 -0.447214 -0.511689 0.384233 0.768465 0 0 0 222.026 
755 40.94 63.25 75.5 1 0 0 1 0 2.795 200.222 202.889 204 0 0 0 0 0.858804 0.22911 0.458219 -0 0.894427 -0.447214 -0.512305 0.384069 0.768137 0 0 0 224.892 
756 41.1272 63.3 75.6 1 0 0 1 0 2.804 201.111 205.222 204 0 0 0 0 0.858362 0.229441 0.458881 -0 0.894427 -0.447214 -0.513045 0.383871 0.767742 0 0 0 226.099 
757 41.3141 63.35 75.7 1 0 0 1 0 2.813 202 207.556 204 0 0 0 0 0.857838 0.229832 0.459664 -0 0.894427 -0.447214 -0.51392 0.383637 0.767274 0 0 0 227.122 
758 41.5005 63.4 75.8 1 0 0 1 0 2.822 201.333 206.778 209 0 0 0 0 0.857229 0.230286 0.460572 -0 0.894427 -0.447214 -0.514936 0.383364 0.766729 0 0 0 226.569 
759 41.6863 63.45 75.9 1 0 0 1 0 2.831 200.667 206 209 0 0 0 0 0.856534 0.230803 0.461606 -0 0.894427 -0.447214 -0.516091 0.383053 0.766107 0 0 0 225.841 
760 41.8716 63.5 76 1 0 0 1 0 2.84 199.222 203.222 194 0 0 0 0 0.855752 0.231382 0.462764 -0 0.894427 -0.447214 -0.517386 0.382704 0.765408 0 0 0 224.316 
761 42.0562 63.55 76.1 1 0 0 1 0 2.849 197.778 199.667 194 0 0 0 0 0.854888 0.23202 0.464039 -0 0.894427 -0.447214 -0.518812 0.382318 0.764635 0 0 0 222.702 
762 42.24 63.6 76.2 1 0 0 1 0 2.858 196.333 196.111 194 0 0 0 0 0.853934 0.232721 0.465443 -0 0.894427 -0.447214 -0.520381 0.381891 0.763782 0 0 0 221.078 
763 42.4231 63.65 76.3 1 0 0 1 0 2.867 194.333 192.111 194 0 0 0 0 0.852886 0.233489 0.466978 -0 0.894427 -0.447214 -0.522098 0.381422 0.762844 0 0 0 218.898 
764 42.6053 63.7 76.4 1 0 0 1 0 2.876 192.333 188.111 191 0 0 0 0 0.85174 0.234324 0.468648 -0 0.894427 -0.447214 -0.523964 0.38091 0.76182 0 0 0 216.655 
765 42.7866 63.75 76.5 1 0 0 1 0 2.885 192.778 188.333 191 0 0 0 0 0.850496 0.235226 0.470452 0.000185423 0.894293 -0.447482 -0.525981 0.380669 0.760549 0 0 0 216.851 
766 42.9669 63.8 76.6 1 0 0 1 0 2.894 193.222 188.556 191 0 0 0 0 0.849158 0.236192 0.472382 7.39336e-10 0.894426 -0.447215 -0.52814 0.379756 0.759509 0 0 0 217.317 
767 43.1461 63.85 76.7 1 0 0 1 0 2.903 193.667 188.778 191 0 0 0 0 0.847722 0.237221 0.47444 -0.000165656 0.894545 -0.446978 -0.530441 0.378835 0.758365 0 0 0 217.813 
768 43.3242 63.9 76.8 1 0 0 1 0 2.912 194.111 189 191 0 0 0 0 0.846184 0.238316 0.476632 -0.000156427 0.894538 -0.446991 -0.532891 0.378162 0.756981 0 0 0 218.313 
769 43.5012 63.95 76.9 1 0 0 1 0 2.921 194.889 189.778 198 0 0 0 0 0.844532 0.239485 0.478971 2.48511e-12 0.894428 -0.447212 -0.535506 0.377685 0.755373 0 0 0 219.146 
770 43.6769 64 77 1 0 0 1 0 2.93 195.667 191.333 198 0 0 0 0 0.842763 0.240728 0.481457 0.000281958 0.89423 -0.447607 -0.538285 0.377362 0.753556 0 0 0 220.016 
771 43.8513 64.05 77.1 1 0 0 1 0 2.939 196.778 193.667 198 0 0 0 0 0.840872 0.242048 0.484095 5.71915e-10 0.894426 -0.447215 -0.541235 0.37605 0.752098 0 0 0 221.224 
772 44.0243 64.1 77.2 1 0 0 1 0 2.948 197.889 196 198 0 0 0 0 0.83887 0.243433 0.486864 -0.000130244 0.894516 -0.447036 -0.544331 0.374941 0.750415 0 0 0 222.469 
773 44.1959 64.15 77.3 1 0 0 1 0 2.957 199 198.333 198 0 0 0 0 0.836752 0.244886 0.489772 -0.000124942 0.894513 -0.447043 -0.547582 0.374003 0.748516 0 0 0 223.719 
774 44.366 64.2 77.4 1 0 0 1 0 2.966 199.333 199.111 198 0 0 0 0 0.834503 0.246415 0.492833 -0.000120133 0.894509 -0.447049 -0.551003 0.373005 0.7465 0 0 0 224.191 
775 44.5345 64.25 77.5 1 0 0 1 0 2.975 199.667 199.889 201 0 0 0 0 0.832119 0.248022 0.496048 0.000230483 0.894274 -0.44752 -0.554597 0.372504 0.744085 0 0 0 224.577 
776 44.7015 64.3 77.6 1 0 0 1 0 2.984 199 199.222 201 0 0 0 0 0.829584 0.249716 0.499433 0.000111173 0.894353 -0.447361 -0.558383 0.371179 0.741913 0 0 0 223.953 
777 44.8667 64.35 77.7 1 0 0 1 0 2.993 197.778 197.556 201 0 0 0 0 0.8269 0.251491 0.50298 -0 0.894426 -0.447215 -0.562349 0.369802 0.739601 0 0 0 222.661 
778 45.0303 64.4 77.8 1 0 0 1 0 3.002 196.556 195.889 201 0 0 0 0 0.824068 0.253343 0.506685 -0.000104312 0.894494 -0.447079 -0.566491 0.368371 0.73715 0 0 0 221.296 
779 45.192 64.45 77.9 1 0 0 1 0 3.011 195.333 194.222 201 0 0 0 0 0.821079 0.255276 0.510552 -0.000203124 0.894558 -0.446952 -0.570814 0.366879 0.734555 0 0 0 219.922 
780 45.3519 64.5 78 1 0 0 1 0 3.02 193.778 191.778 192 0 0 0 0 0.817938 0.257283 0.514571 0.000196637 0.894304 -0.447461 -0.575307 0.366096 0.731434 0 0 0 218.214 
781 45.5099 64.55 78.1 1 0 0 1 0 3.029 193.444 191.111 187 0 0 0 0 0.814614 0.259386 0.518771 9.53294e-05 0.894367 -0.447333 -0.580004 0.364453 0.728539 0 0 0 217.69 
782 45.666 64.6 78.2 1 0 0 1 0 3.038 193.111 190.444 187 0 0 0 0 0.811099 0.26158 0.523158 -0 0.894426 -0.447215 -0.584908 0.362736 0.725469 0 0 0 217.299 
783 45.82 64.65 78.3 1 0 0 1 0 3.047 192.778 189.778 187 0 0 0 0 0.807402 0.263858 0.527713 -9.04886e-05 0.894482 -0.447104 -0.590001 0.360945 0.72223 0 0 0 216.922 
784 45.972 64.7 78.4 1 0 0 1 0 3.056 192.778 189.778 187 0 0 0 0 0.803502 0.266227 0.532454 -0.000176367 0.894534 -0.447001 -0.595302 0.359072 0.718807 0 0 0 216.88 
785 46.1218 64.75 78.5 1 0 0 1 0 3.065 193.778 191.222 198 0 0 0 0 0.799389 0.26869 0.537385 0.000172301 0.894326 -0.447416 -0.600813 0.357752 0.714869 0 0 0 217.876 
786 46.2695 64.8 78.6 1 0 0 1 0 3.074 195.333 193.667 198 0 0 0 0 0.79506 0.271249 0.542497 8.42555e-05 0.894378 -0.447312 -0.606531 0.355686 0.711061 0 0 0 219.542 
787 46.4149 64.85 78.7 1 0 0 1 0 3.083 196.889 196.111 198 0 0 0 0 0.790504 0.2739 0.547797 -3.55216e-15 0.894426 -0.447215 -0.612457 0.353525 0.707048 0 0 0 221.282 
788 46.5581 64.9 78.8 1 0 0 1 0 3.092 198.444 198.556 201 0 0 0 0 0.785694 0.276654 0.553305 -8.02664e-05 0.894472 -0.447124 -0.618615 0.351258 0.702804 0 0 0 223.031 
789 46.6989 64.95 78.9 1 0 0 1 0 3.101 200 201 201 0 0 0 0 0.780616 0.279513 0.559027 -0.00015761 0.894515 -0.447038 -0.625011 0.348877 0.698317 0 0 0 224.781 
790 46.8374 65 79 1 0 0 1 0 3.11 200.333 201.667 201 0 0 0 0 0.77528 0.282466 0.564937 0.000154731 0.894344 -0.44738 -0.631618 0.346932 0.693323 0 0 0 225.309 
791 46.9734 65.05 79.1 1 0 0 1 0 3.119 202 205 201 0 0 0 0 0.769668 0.285521 0.571042 7.56717e-05 0.894386 -0.447295 -0.638445 0.344312 0.688359 0 0 0 227.034 
792 47.1069 65.1 79.2 1 0 0 1 0 3.128 203.667 208.333 201 0 0 0 0 0.76374 0.288688 0.577374 -0 0.894426 -0.447215 -0.645524 0.341556 0.683109 0 0 0 228.893 
793 47.238 65.15 79.3 1 0 0 1 0 3.137 205 211 201 0 0 0 0 0.757499 0.291958 0.583914 -7.305e-05 0.894464 -0.447139 -0.652836 0.338665 0.677578 0 0 0 230.433 
794 47.3664 65.2 79.4 1 0 0 1 0 3.146 206.333 213.667 201 0 0 0 0 0.750929 0.295332 0.590664 -0.000143672 0.8945 -0.447067 -0.660383 0.335631 0.671749 0 0 0 231.937 
795 47.4922 65.25 79.5 1 0 0 1 0 3.155 207.667 216.333 213 0 0 0 0 0.744011 0.298811 0.597628 0.000141278 0.894358 -0.447351 -0.668167 0.332919 0.665371 0 0 0 233.437 
796 47.6154 65.3 79.6 1 0 0 1 0 3.164 207.333 216.222 213 0 0 0 0 0.736722 0.302404 0.604808 6.96483e-05 0.894393 -0.447281 -0.676196 0.329564 0.658898 0 0 0 233.271 
797 47.7358 65.35 79.7 1 0 0 1 0 3.173 207 216.111 213 0 0 0 0 0.729057 0.306098 0.612193 -2.36476e-15 0.894426 -0.447215 -0.684453 0.326045 0.652088 0 0 0 232.919 
798 47.8536 65.4 79.8 1 0 0 1 0 3.182 206.667 216 213 0 0 0 0 0.720973 0.309904 0.619804 -6.72865e-05 0.894458 -0.447152 -0.692963 0.322343 0.644901 0 0 0 232.547 
799 47.9685 65.45 79.9 1 0 0 1 0 3.191 206.333 215.889 213 0 0 0 0 0.712428 0.31383 0.62766 -0.000133019 0.894488 -0.447093 -0.701745 0.318438 0.6373 0 0 0 232.172 
800 48.0806 65.5 80 1 0 0 1 0 3.2 204.111 212 198 0 0 0 0 0.703449 0.317853 0.635712 0.000131226 0.894371 -0.447327 -0.710746 0.314755 0.629102 0 0 0 229.908 
801 48.1898 65.55 80.1 1 0 0 1 0 3.209 201.444 206.667 198 0 0 0 0 0.693989 0.321987 0.643975 6.4756e-05 0.894399 -0.447269 -0.719986 0.310442 0.620682 0 0 0 226.99 
802 48.2961 65.6 80.2 1 0 0 1 0 3.218 198.778 201.333 198 0 0 0 0 0.684023 0.326226 0.652449 -0 0.894426 -0.447215 -0.72946 0.305905 0.611808 0 0 0 223.999 
803 48.3995 65.65 80.3 1 0 0 1 0 3.227 196.111 196 198 0 0 0 0 0.673536 0.330561 0.661119 -6.30607e-05 0.894452 -0.447164 -0.739155 0.301139 0.602466 0 0 0 221 
804 48.4999 65.7 80.4 1 0 0 1 0 3.236 193.444 190.667 193 0 0 0 0 0.662458 0.335007 0.670015 -0.000124761 0.894477 -0.447115 -0.749099 0.296111 0.592595 0 0 0 218 
805 48.5972 65.75 80.5 1 0 0 1 0 3.245 192.444 188.111 189 0 0 0 0 0.650799 0.339545 0.679095 0.000123388 0.894381 -0.447305 -0.75925 0.29119 0.582021 0 0 0 216.667 
806 48.6915 65.8 80.6 1 0 0 1 0 3.254 191.444 185.556 189 0 0 0 0 0.638523 0.344177 0.688353 6.10426e-05 0.894405 -0.447259 -0.769602 0.285627 0.571077 0 0 0 215.519 
807 48.7827 65.85 80.7 1 0 0 1 0 3.263 190.444 183 189 0 0 0 0 0.625601 0.348892 0.697781 -0 0.894426 -0.447215 -0.780143 0.279778 0.559554 0 0 0 214.391 
808 48.8708 65.9 80.8 1 0 0 1 0 3.272 189.444 180.444 189 0 0 0 0 0.612043 0.353669 0.707334 -5.98546e-05 0.894447 -0.447174 -0.790824 0.273647 0.547461 0 0 0 213.266 
809 48.9558 65.95 80.9 1 0 0 1 0 3.281 189 179 189 0 0 0 0 0.597743 0.358526 0.717052 -0.000118465 0.894467 -0.447135 -0.801688 0.267186 0.534703 0 0 0 212.696 
810 49.0376 66 81 1 0 0 1 0 3.29 189 179 189 0 0 0 0 0.582688 0.363446 0.726899 0.000117444 0.894391 -0.447286 -0.812696 0.260714 0.521108 0 0 0 212.633 
811 49.1161 66.05 81.1 1 0 0 1 0 3.299 190.444 181.889 189 0 0 0 0 0.56687 0.368418 0.736836 5.82318e-05 0.894409 -0.447249 -0.823807 0.253575 0.506992 0 0 0 214.07 
812 49.1914 66.1 81.2 1 0 0 1 0 3.308 191.889 184.778 189 0 0 0 0 0.550257 0.373422 0.746842 -0 0.894426 -0.447215 -0.834995 0.246083 0.492165 0 0 0 215.674 
813 49.2635 66.15 81.3 1 0 0 1 0 3.317 193.333 188.222 189 0 0 0 0 0.532843 0.37844 0.756876 -5.73385e-05 0.894443 -0.447183 -0.846214 0.238235 0.476619 0 0 0 217.297 
814 49.3322 66.2 81.4 1 0 0 1 0 3.326 194.778 191.667 189 0 0 0 0 0.514565 0.383464 0.766928 -0.000113922 0.894458 -0.447152 -0.857452 0.230001 0.4603 0 0 0 218.922 
815 49.3977 66.25 81.5 1 0 0 1 0 3.335 196.222 195.111 202 0 0 0 0 0.495429 0.388469 0.776944 0.000113351 0.8944 -0.447268 -0.868648 0.221678 0.443068 0 0 0 220.547 
816 49.4598 66.3 81.6 1 0 0 1 0 3.344 196.333 196.222 202 0 0 0 0 0.475442 0.393435 0.78687 5.62143e-05 0.894414 -0.447241 -0.879747 0.212681 0.42522 0 0 0 220.839 
817 49.5185 66.35 81.7 1 0 0 1 0 3.353 196.444 197.333 202 0 0 0 0 0.454517 0.398351 0.7967 -0 0.894426 -0.447215 -0.890738 0.203267 0.406532 0 0 0 220.982 
818 49.5739 66.4 81.8 1 0 0 1 0 3.362 196.556 198.444 202 0 0 0 0 0.432666 0.403189 0.806374 -5.5569e-05 0.894438 -0.447191 -0.901554 0.19344 0.387016 0 0 0 221.109 
819 49.6258 66.45 81.9 1 0 0 1 0 3.371 196.667 199.556 202 0 0 0 0 0.40991 0.407915 0.81583 -0.000110597 0.894449 -0.447169 -0.912126 0.183209 0.366689 0 0 0 221.234 
820 49.6744 66.5 82 1 0 0 1 0 3.38 195.333 197.778 190 0 0 0 0 0.386245 0.412505 0.825018 0.000110054 0.894408 -0.447252 -0.922396 0.17284 0.345416 0 0 0 219.915 
821 49.7195 66.55 82.1 1 0 0 1 0 3.389 196.556 200.667 190 0 0 0 0 0.36167 0.41694 0.83388 5.47676e-05 0.894418 -0.447233 -0.932306 0.161796 0.323461 0 0 0 220.991 
822 49.7611 66.6 82.2 1 0 0 1 0 3.398 197.778 203 190 0 0 0 0 0.336195 0.421184 0.842364 -1.99627e-15 0.894426 -0.447215 -0.941792 0.150352 0.300702 0 0 0 222.332 
823 49.7993 66.65 82.3 1 0 0 1 0 3.407 199 205.333 190 0 0 0 0 0.309877 0.425202 0.8504 -5.44204e-05 0.894434 -0.447199 -0.950777 0.13853 0.277187 0 0 0 223.704 
824 49.834 66.7 82.4 1 0 0 1 0 3.416 200.222 207.667 190 0 0 0 0 0.282738 0.428966 0.857932 -0.000108319 0.894441 -0.447185 -0.959197 0.126343 0.252939 0 0 0 225.078 
825 49.8652 66.75 82.5 1 0 0 1 0 3.425 202.778 212.333 213 0 0 0 0 0.254767 0.432454 0.864915 0.000107793 0.894416 -0.447236 -0.967002 0.114034 0.227821 0 0 0 227.786 
826 49.8929 66.8 82.6 1 0 0 1 0 3.434 205.333 217 213 0 0 0 0 0.226001 0.435643 0.871286 5.38144e-05 0.894422 -0.447225 -0.974127 0.10112 0.202117 0 0 0 230.643 
827 49.9171 66.85 82.7 1 0 0 1 0 3.443 207.889 221.667 213 0 0 0 0 0.196587 0.438488 0.876973 -1.8227e-15 0.894426 -0.447215 -0.980486 0.0879165 0.175832 0 0 0 233.516 
828 49.9377 66.9 82.8 1 0 0 1 0 3.452 210.444 226.333 213 0 0 0 0 0.166634 0.440962 0.881921 -5.36477e-05 0.89443 -0.447207 -0.986019 0.0744727 0.149066 0 0 0 236.391 
829 49.9549 66.95 82.9 1 0 0 1 0 3.461 213 231 213 0 0 0 0 0.136115 0.443051 0.886103 -0.000107124 0.894434 -0.4472 -0.990693 0.0607759 0.121794 0 0 0 239.266 
830 49.9684 67 83 1 0 0 1 0 3.47 213 231 213 0 0 0 0 0.105154 0.444731 0.88947 0.000107129 0.894424 -0.447221 -0.994456 0.0471225 0.094005 0 0 0 239.585 
831 49.9785 67.05 83.1 1 0 0 1 0 3.479 210.556 226 213 0 0 0 0 0.0738864 0.445991 0.891982 5.33959e-05 0.894425 -0.447217 -0.997267 0.0330909 0.066062 0 0 0 237.176 
832 49.985 67.1 83.2 1 0 0 1 0 3.488 208.111 221 213 0 0 0 0 0.042299 0.446815 0.893626 -0 0.894426 -0.447215 -0.999105 0.0189168 0.0378334 0 0 0 234.464 
833 49.988 67.15 83.3 1 0 0 1 0 3.497 205.667 216 213 0 0 0 0 0.0105329 0.44719 0.894377 -5.33956e-05 0.894427 -0.447215 -0.999945 0.00466273 0.00944482 0 0 0 231.718 
834 49.9874 67.2 83.4 1 0 0 1 0 3.506 203.222 211 213 0 0 0 0 -0.0212138 0.447113 0.894226 -0.000106963 0.894426 -0.447216 -0.999775 -0.00958281 -0.0189264 0 0 0 228.969 
835 49.9832 67.25 83.5 1 0 0 1 0 3.515 200.778 206 191 0 0 0 0 -0.0528457 0.446586 0.893179 0.00010713 0.894431 -0.447205 -0.998603 -0.0235372 -0.0473147 0 0 0 226.219 
836 49.9755 67.3 83.6 1 0 0 1 0 3.524 197.778 200.333 191 0 0 0 0 -0.0842704 0.445623 0.891246 5.35612e-05 0.894429 -0.44721 -0.996443 -0.0376388 -0.0753977 0 0 0 222.913 
837 49.9643 67.35 83.7 1 0 0 1 0 3.533 194.778 194.667 191 0 0 0 0 -0.115448 0.444225 0.888446 1.78471e-15 0.894426 -0.447215 -0.993314 -0.0516301 -0.10326 0 0 0 219.546 
838 49.9495 67.4 83.8 1 0 0 1 0 3.542 191.778 189 191 0 0 0 0 -0.146288 0.442404 0.884804 -5.3566e-05 0.894423 -0.447222 -0.989242 -0.0654706 -0.13082 0 0 0 216.172 
839 49.9312 67.45 83.9 1 0 0 1 0 3.551 188.778 183.333 191 0 0 0 0 -0.176705 0.440176 0.880352 -0.000107463 0.894419 -0.447231 -0.984264 -0.0791225 -0.158001 0 0 0 212.797 
840 49.9094 67.5 84 1 0 0 1 0 3.56 188.222 182.667 186 0 0 0 0 -0.206532 0.437569 0.875145 0.000107972 0.894439 -0.44719 -0.97844 -0.0922647 -0.184778 0 0 0 211.866 
841 49.884 67.55 84.1 1 0 0 1 0 3.569 190.444 187.111 186 0 0 0 0 -0.235659 0.434618 0.869236 5.40687e-05 0.894433 -0.447202 -0.971836 -0.10534 -0.210804 0 0 0 213.985 
842 49.8552 67.6 84.2 1 0 0 1 0 3.578 192.667 191.556 186 0 0 0 0 -0.264121 0.431334 0.862665 -0 0.894426 -0.447215 -0.96449 -0.118119 -0.236237 0 0 0 216.443 
843 49.8228 67.65 84.3 1 0 0 1 0 3.587 194.889 196 186 0 0 0 0 -0.291821 0.427749 0.855495 -5.44208e-05 0.894419 -0.44723 -0.956473 -0.130557 -0.260987 0 0 0 218.938 
844 49.787 67.7 84.4 1 0 0 1 0 3.596 197.111 200.444 186 0 0 0 0 -0.318719 0.423891 0.847782 -0.000109181 0.894411 -0.447246 -0.947849 -0.142638 -0.285019 0 0 0 221.438 
845 49.7476 67.75 84.5 1 0 0 1 0 3.605 199.889 205.556 211 0 0 0 0 -0.344788 0.419788 0.839583 0.000109533 0.894447 -0.447175 -0.93868 -0.154089 -0.308441 0 0 0 224.493 
846 49.7048 67.8 84.6 1 0 0 1 0 3.614 202.667 210.667 211 0 0 0 0 -0.370004 0.415475 0.83095 5.50291e-05 0.894437 -0.447194 -0.92903 -0.165418 -0.330968 0 0 0 227.61 
847 49.6586 67.85 84.7 1 0 0 1 0 3.623 204.667 213.778 211 0 0 0 0 -0.394313 0.41098 0.821957 -2.17556e-15 0.894426 -0.447215 -0.918976 -0.176343 -0.352684 0 0 0 229.957 
848 49.6089 67.9 84.8 1 0 0 1 0 3.632 206.667 216.889 211 0 0 0 0 -0.417633 0.406347 0.81269 -5.57549e-05 0.894415 -0.447238 -0.908616 -0.186827 -0.373515 0 0 0 232.217 
849 49.5558 67.95 84.9 1 0 0 1 0 3.641 208.667 220 211 0 0 0 0 -0.440048 0.401586 0.803173 -0.000111863 0.894403 -0.447263 -0.897974 -0.196907 -0.393535 0 0 0 234.469 
850 49.4993 68 85 1 0 0 1 0 3.65 207.889 218 211 0 0 0 0 -0.461602 0.396715 0.793436 0.000112801 0.894455 -0.447158 -0.887087 -0.20632 -0.412927 0 0 0 233.941 
851 49.4394 68.05 85.1 1 0 0 1 0 3.659 205.778 213.778 204 0 0 0 0 -0.4822 0.391787 0.783573 5.66739e-05 0.894441 -0.447186 -0.876061 -0.215588 -0.431322 0 0 0 231.771 
852 49.3762 68.1 85.2 1 0 0 1 0 3.668 203.667 209.556 204 0 0 0 0 -0.501934 0.386799 0.773595 -0 0.894426 -0.447215 -0.864906 -0.224472 -0.448943 0 0 0 229.419 
853 49.3097 68.15 85.3 1 0 0 1 0 3.677 201.556 205.333 204 0 0 0 0 -0.52079 0.381781 0.763558 -5.75385e-05 0.894411 -0.447246 -0.853685 -0.232965 -0.465778 0 0 0 227.047 
854 49.2398 68.2 85.4 1 0 0 1 0 3.686 199.444 201.111 204 0 0 0 0 -0.538764 0.376758 0.753516 -0.00011605 0.894394 -0.44728 -0.842457 -0.241066 -0.481824 0 0 0 224.672 
855 49.1667 68.25 85.5 1 0 0 1 0 3.695 197.333 196.889 192 0 0 0 0 -0.55589 0.371747 0.743499 0.000117061 0.894464 -0.447141 -0.831256 -0.248474 -0.497267 0 0 0 222.297 
856 49.0903 68.3 85.6 1 0 0 1 0 3.704 195.444 193.889 192 0 0 0 0 -0.572196 0.366767 0.733535 5.89205e-05 0.894446 -0.447177 -0.820117 -0.25583 -0.51182 0 0 0 220.144 
857 49.0107 68.35 85.7 1 0 0 1 0 3.713 193.556 190.889 192 0 0 0 0 -0.58775 0.361816 0.723629 3.01405e-15 0.894426 -0.447215 -0.809043 -0.262851 -0.525699 0 0 0 218.016 
858 48.9278 68.4 85.8 1 0 0 1 0 3.722 191.667 187.889 192 0 0 0 0 -0.602551 0.356914 0.713824 -6.00787e-05 0.894406 -0.447256 -0.798081 -0.269537 -0.538904 0 0 0 215.891 
859 48.8418 68.45 85.9 1 0 0 1 0 3.731 191.556 188.111 192 0 0 0 0 -0.616607 0.352078 0.704157 -0.000121207 0.894385 -0.447298 -0.787271 -0.275893 -0.551441 0 0 0 215.543 
860 48.7527 68.5 86 1 0 0 1 0 3.74 192.778 190.556 187 0 0 0 0 -0.629982 0.347308 0.694622 0.000122514 0.894473 -0.447122 -0.77661 -0.281594 -0.563545 0 0 0 216.727 
861 48.6604 68.55 86.1 1 0 0 1 0 3.749 193 191 187 0 0 0 0 -0.642686 0.342624 0.685247 6.2029e-05 0.89445 -0.447167 -0.76613 -0.287345 -0.574872 0 0 0 217.081 
862 48.5651 68.6 86.2 1 0 0 1 0 3.758 193.222 191.444 187 0 0 0 0 -0.654732 0.338033 0.676063 -0 0.894426 -0.447215 -0.755862 -0.292806 -0.585609 0 0 0 217.342 
863 48.4668 68.65 86.3 1 0 0 1 0 3.767 193.444 191.889 203 0 0 0 0 -0.666193 0.333524 0.667044 -6.33072e-05 0.894401 -0.447266 -0.745779 -0.298008 -0.595823 0 0 0 217.594 
864 48.3654 68.7 86.4 1 0 0 1 0 3.776 193.667 192.333 203 0 0 0 0 -0.677083 0.329107 0.658215 -0.000128263 0.894374 -0.447319 -0.735907 -0.302957 -0.605523 0 0 0 217.844 
865 48.261 68.75 86.5 1 0 0 1 0 3.785 194.444 193.556 194 0 0 0 0 -0.687413 0.324794 0.649594 0.000129993 0.894484 -0.447101 -0.726266 -0.307258 -0.614922 0 0 0 218.649 
866 48.1537 68.8 86.6 1 0 0 1 0 3.794 195.222 194.778 194 0 0 0 0 -0.697213 0.320591 0.641183 6.586e-05 0.894456 -0.447156 -0.716864 -0.311721 -0.623647 0 0 0 219.517 
867 48.0435 68.85 86.7 1 0 0 1 0 3.803 196 196 194 0 0 0 0 -0.706516 0.316493 0.632983 -2.21459e-15 0.894426 -0.447215 -0.707697 -0.315965 -0.631926 0 0 0 220.391 
868 47.9305 68.9 86.8 1 0 0 1 0 3.812 195.333 194.222 194 0 0 0 0 -0.71533 0.312508 0.625013 -6.78361e-05 0.894395 -0.447277 -0.698787 -0.319993 -0.639767 0 0 0 219.821 
869 47.8146 68.95 86.9 1 0 0 1 0 3.821 194.667 192.444 194 0 0 0 0 -0.7237 0.308629 0.617257 -0.000137573 0.894363 -0.447343 -0.690114 -0.323827 -0.647208 0 0 0 219.091 
870 47.696 69 87 1 0 0 1 0 3.83 195 192.667 194 0 0 0 0 -0.731654 0.304853 0.609711 0.000139569 0.894496 -0.447077 -0.681677 -0.32702 -0.654503 0 0 0 219.343 
871 47.5746 69.05 87.1 1 0 0 1 0 3.839 195 192.667 194 0 0 0 0 -0.739211 0.301187 0.602373 7.09246e-05 0.894462 -0.447144 -0.673474 -0.330491 -0.661218 0 0 0 219.371 
872 47.4506 69.1 87.2 1 0 0 1 0 3.848 195 192.667 197 0 0 0 0 -0.746385 0.297628 0.595254 -0 0.894426 -0.447215 -0.665515 -0.333794 -0.667586 0 0 0 219.375 
873 47.3239 69.15 87.3 1 0 0 1 0 3.857 195 192.667 197 0 0 0 0 -0.753178 0.294185 0.588368 -7.35433e-05 0.894389 -0.44729 -0.657816 -0.336933 -0.673613 0 0 0 219.375 
874 47.1946 69.2 87.4 1 0 0 1 0 3.866 195 192.667 197 0 0 0 0 -0.75963 0.290848 0.581696 -0.000149632 0.894349 -0.44737 -0.650356 -0.339922 -0.67933 0 0 0 219.375 
875 47.0627 69.25 87.5 1 0 0 1 0 3.875 195 192.667 194 0 0 0 0 -0.76576 0.287613 0.575231 0.000152686 0.89451 -0.447048 -0.643127 -0.342243 -0.685024 0 0 0 219.375 
876 46.9283 69.3 87.6 1 0 0 1 0 3.884 195.222 193.222 194 0 0 0 0 -0.771571 0.284492 0.568983 7.77076e-05 0.894469 -0.447129 -0.636143 -0.344948 -0.690169 0 0 0 219.597 
877 46.7915 69.35 87.7 1 0 0 1 0 3.893 195.111 193.556 194 0 0 0 0 -0.777099 0.281468 0.562933 -3.31377e-15 0.894426 -0.447215 -0.629378 -0.34753 -0.695058 0 0 0 219.511 
878 46.6522 69.4 87.8 1 0 0 1 0 3.902 195 193.889 194 0 0 0 0 -0.782343 0.278547 0.557091 -8.10631e-05 0.894381 -0.447306 -0.622848 -0.349992 -0.69969 0 0 0 219.39 
879 46.5106 69.45 87.9 1 0 0 1 0 3.911 194.889 194.222 194 0 0 0 0 -0.78732 0.275727 0.551454 -0.000165602 0.894333 -0.447403 -0.616544 -0.352341 -0.704081 0 0 0 219.266 
880 46.3667 69.5 88 1 0 0 1 0 3.92 195.111 194.778 196 0 0 0 0 -0.792049 0.273003 0.546011 0.000169772 0.894527 -0.447014 -0.610458 -0.353964 -0.708555 0 0 0 219.474 
881 46.2205 69.55 88.1 1 0 0 1 0 3.929 192.333 189.667 196 0 0 0 0 -0.796527 0.270387 0.540773 8.68009e-05 0.894478 -0.447111 -0.604603 -0.356089 -0.7125 0 0 0 216.719 
882 46.0721 69.6 88.2 1 0 0 1 0 3.938 191.111 187.333 196 0 0 0 0 -0.800784 0.267861 0.53572 4.10254e-15 0.894426 -0.447215 -0.598954 -0.358123 -0.716242 0 0 0 215.191 
883 45.9215 69.65 88.3 1 0 0 1 0 3.947 189.889 185 196 0 0 0 0 -0.804818 0.265432 0.530862 -9.12537e-05 0.894371 -0.447326 -0.593522 -0.360064 -0.719781 0 0 0 213.799 
884 45.7689 69.7 88.4 1 0 0 1 0 3.956 188.667 182.667 196 0 0 0 0 -0.808651 0.263091 0.526182 -0.000186919 0.894312 -0.447443 -0.588289 -0.361924 -0.723137 0 0 0 212.422 
885 45.6142 69.75 88.5 1 0 0 1 0 3.965 187.222 179.778 169 0 0 0 0 -0.812297 0.260833 0.52167 0.000192791 0.894549 -0.44697 -0.583244 -0.362972 -0.72669 0 0 0 210.825 
886 45.4575 69.8 88.6 1 0 0 1 0 3.974 185.778 176.889 183 0 0 0 0 -0.815743 0.258675 0.517349 9.91547e-05 0.89449 -0.447089 -0.578414 -0.364658 -0.7297 0 0 0 209.203 
887 45.2988 69.85 88.7 1 0 0 1 0 3.983 184.333 174 183 0 0 0 0 -0.819013 0.256601 0.5132 -0 0.894426 -0.447215 -0.573776 -0.366275 -0.732546 0 0 0 207.578 
888 45.1383 69.9 88.8 1 0 0 1 0 3.992 185.444 175.778 183 0 0 0 0 -0.822102 0.254618 0.509233 -0.000105995 0.894358 -0.447352 -0.56934 -0.367823 -0.735226 0 0 0 208.509 
889 44.9759 69.95 88.9 1 0 0 1 0 4.001 186.556 177.556 183 0 0 0 0 -0.825021 0.252721 0.505443 -0.000217959 0.894285 -0.447498 -0.565102 -0.369306 -0.737749 0 0 0 209.723 
890 44.8118 70 89 1 0 0 1 0 4.01 190.667 185 183 0 0 0 0 -0.827798 0.250897 0.501798 0.000225249 0.894577 -0.446913 -0.561026 -0.369841 -0.740586 0 0 0 213.969 
891 44.646 70.05 89.1 1 0 0 1 0 4.019 190.778 185.111 183 0 0 0 0 -0.830429 0.249154 0.498308 0.000116802 0.894505 -0.447058 -0.557125 -0.371192 -0.742852 0 0 0 214.552 
892 44.4785 70.1 89.2 1 0 0 1 0 4.028 190.889 185.222 206 0 0 0 0 -0.832914 0.24749 0.494978 -0 0.894426 -0.447215 -0.553403 -0.372492 -0.74498 0 0 0 214.728 
893 44.3095 70.15 89.3 1 0 0 1 0 4.037 191 185.333 206 0 0 0 0 -0.835258 0.245905 0.491808 -0.000126434 0.894341 -0.447387 -0.549859 -0.373745 -0.746974 0 0 0 214.859 
894 44.1389 70.2 89.4 1 0 0 1 0 4.046 191.778 186.667 206 0 0 0 0 -0.837466 0.244397 0.488795 -0.000263401 0.894247 -0.447575 -0.546489 -0.374957 -0.748837 0 0 0 215.651 
895 43.9668 70.25 89.5 1 0 0 1 0 4.055 192.556 188 184 0 0 0 0 -0.839549 0.242962 0.485929 0.000275225 0.894619 -0.44683 -0.543284 -0.375002 -0.751143 0 0 0 216.517 
896 43.7933 70.3 89.6 1 0 0 1 0 4.064 195 193 184 0 0 0 0 -0.841508 0.241605 0.483209 0.000143297 0.894527 -0.447014 -0.540245 -0.376097 -0.752786 0 0 0 219.057 
897 43.6185 70.35 89.7 1 0 0 1 0 4.073 194.889 193.333 184 0 0 0 0 -0.843359 0.240312 0.480621 -0 0.894426 -0.447215 -0.537351 -0.377163 -0.754322 0 0 0 219.229 
898 43.4424 70.4 89.8 1 0 0 1 0 4.082 194.778 193.667 190 0 0 0 0 -0.845096 0.239088 0.478174 -0.000159544 0.894314 -0.447441 -0.534615 -0.378206 -0.755742 0 0 0 219.137 
899 43.265 70.45 89.9 1 0 0 1 0 4.091 194.667 194 190 0 0 0 0 -0.846708 0.237944 0.475887 -0.000336098 0.894188 -0.447692 -0.532058 -0.379224 -0.757036 0 0 0 219.015 
900 43.0865 70.5 90 1 0 0 1 0 4.1 194.556 193.778 205 0 0 0 0 -0.848217 0.236865 0.473733 0.000355527 0.894683 -0.446701 -0.529649 -0.378731 -0.75897 0 0 0 218.891 
901 42.9069 70.55 90.1 1 0 0 1 0 4.109 194.333 193.333 205 0 0 0 0 -0.849625 0.235855 0.47171 0.000190471 0.894564 -0.446939 -0.527387 -0.379641 -0.760089 0 0 0 218.655 
902 42.7263 70.6 90.2 1 0 0 1 0 4.118 194.111 192.889 205 0 0 0 0 -0.850923 0.234918 0.469834 -0 0.894426 -0.447215 -0.525291 -0.380546 -0.761088 0 0 0 218.406 
903 42.5447 70.65 90.3 1 0 0 1 0 4.127 193.222 191.222 205 0 0 0 0 -0.852126 0.234044 0.468086 -0.000216146 0.894269 -0.44753 -0.523336 -0.381453 -0.76198 0 0 0 217.49 
904 42.3622 70.7 90.4 1 0 0 1 0 4.136 192.333 189.556 183 0 0 0 0 -0.853245 0.233227 0.466453 -0.000467251 0.894085 -0.447897 -0.52151 -0.382384 -0.762764 0 0 0 216.499 
905 42.1789 70.75 90.5 1 0 0 1 0 4.145 192.667 189.556 182 0 0 0 0 -0.854269 0.232474 0.464952 0.000513224 0.894805 -0.446456 -0.519831 -0.381155 -0.764524 0 0 0 216.722 
906 41.9947 70.8 90.6 1 0 0 1 0 4.154 193 189.556 182 0 0 0 0 -0.855193 0.231795 0.46359 0.000281802 0.894635 -0.446798 -0.518309 -0.381968 -0.765151 0 0 0 217.08 
907 41.8099 70.85 90.7 1 0 0 1 0 4.163 193.333 189.556 182 0 0 0 0 -0.856028 0.231179 0.462356 -0 0.894426 -0.447215 -0.51693 -0.382828 -0.765654 0 0 0 217.453 
908 41.6244 70.9 90.8 1 0 0 1 0 4.172 193.667 189.556 182 0 0 0 0 -0.85678 0.230621 0.46124 -0.00034843 0.894167 -0.447733 -0.515682 -0.383769 -0.766024 0 0 0 217.828 
909 41.4384 70.95 90.9 1 0 0 1 0 4.181 196.444 194.667 208 0 0 0 0 -0.857445 0.230125 0.46025 -0.000792759 0.893835 -0.448395 -0.514575 -0.384839 -0.766232 0 0 0 220.648 
910 41.2518 71 91 1 0 0 1 0 4.19 199.333 200 208 0 0 0 0 -0.858026 0.22969 0.459384 0.000923277 0.895117 -0.44583 -0.513605 -0.38211 -0.768246 0 0 0 223.85 
911 41.0648 71.05 91.1 1 0 0 1 0 4.199 202.444 206.222 208 0 0 0 0 -0.858523 0.22932 0.458641 0.000549404 0.894838 -0.446391 -0.512775 -0.382984 -0.768365 0 0 0 227.317 
912 40.8775 71.1 91.2 1 0 0 1 0 4.208 205.556 212.444 208 0 0 0 0 -0.858938 0.22901 0.458018 -0 0.894426 -0.447215 -0.51208 -0.38413 -0.768257 0 0 0 230.813 
913 40.6898 71.15 91.3 1 0 0 1 0 4.217 208.667 218.667 208 0 0 0 0 -0.859271 0.22876 0.457517 -0.000900738 0.893748 -0.448568 -0.511519 -0.385853 -0.767766 0 0 0 234.313 
914 40.5018 71.2 91.4 1 0 0 1 0 4.226 208.889 219.556 208 0 0 0 0 -0.859523 0.22857 0.457139 -0.00262098 0.892444 -0.45115 -0.511091 -0.388972 -0.766477 0 0 0 234.924 
915 40.3137 71.25 91.5 1 0 0 1 0 4.235 209.111 220.444 210 0 0 0 0 -0.859695 0.228438 0.45688 0.00489412 0.898071 -0.439823 -0.510783 -0.375878 -0.773186 0 0 0 235.214 
916 40.1255 71.3 91.6 1 0 0 1 0 4.244 208.333 219.222 210 0 0 0 0 -0.859788 0.22837 0.456741 0.0159607 0.906008 -0.422959 -0.510402 -0.356365 -0.78262 0 0 0 234.468 
917 39.9372 71.35 91.7 1 0 0 1 0 4.253 207.556 218 210 0 0 0 0 -0.859802 0.22836 0.456719 -1.07148e-13 0.894426 -0.447215 -0.510628 -0.384516 -0.769029 0 0 0 233.608 
918 39.749 71.4 91.8 1 0 0 1 0 4.262 206.778 216.778 210 0 0 0 0 -0.859736 0.22841 0.456819 0.00153943 0.895581 -0.444895 -0.510737 -0.381789 -0.770315 0 0 0 232.734 
919 39.5608 71.45 91.9 1 0 0 1 0 4.271 206 215.556 210 0 0 0 0 -0.859589 0.22852 0.45704 0.00201107 0.895933 -0.444184 -0.510982 -0.380897 -0.770594 0 0 0 231.859 
920 39.3728 71.5 92 1 0 0 1 0 4.28 205 213.444 201 0 0 0 0 -0.859364 0.228688 0.457379 -0.00148145 0.893312 -0.449435 -0.511363 -0.386906 -0.767341 0 0 0 230.762 
921 39.1851 71.55 92.1 1 0 0 1 0 4.289 203.778 210.889 201 0 0 0 0 -0.859057 0.22892 0.457839 -0.000589215 0.893984 -0.448098 -0.511879 -0.385211 -0.767849 0 0 0 229.418 
922 38.9976 71.6 92.2 1 0 0 1 0 4.298 202.556 208.333 201 0 0 0 0 -0.85867 0.22921 0.458419 -1.51653e-14 0.894426 -0.447215 -0.512528 -0.38401 -0.768018 0 0 0 228.046 
923 38.8104 71.65 92.3 1 0 0 1 0 4.307 201.333 205.778 201 0 0 0 0 -0.858201 0.229562 0.459121 0.000415629 0.894737 -0.446593 -0.513313 -0.383076 -0.76796 0 0 0 226.672 
924 38.6237 71.7 92.4 1 0 0 1 0 4.316 200.111 203.222 201 0 0 0 0 -0.857648 0.229974 0.459948 0.00072673 0.894968 -0.446129 -0.514237 -0.382287 -0.767735 0 0 0 225.297 
925 38.4375 71.75 92.5 1 0 0 1 0 4.325 199.889 202.778 199 0 0 0 0 -0.857011 0.230446 0.460897 -0.000643129 0.89395 -0.448167 -0.515297 -0.384381 -0.765977 0 0 0 224.922 
926 38.2518 71.8 92.6 1 0 0 1 0 4.334 199.667 202.333 199 0 0 0 0 -0.856288 0.230986 0.461971 -0.000289362 0.894212 -0.447643 -0.516499 -0.383444 -0.765636 0 0 0 224.658 
927 38.0668 71.85 92.7 1 0 0 1 0 4.343 198.778 200.333 199 0 0 0 0 -0.855477 0.231586 0.46317 -8.05221e-15 0.894426 -0.447215 -0.517841 -0.382582 -0.765161 0 0 0 223.74 
928 37.8824 71.9 92.8 1 0 0 1 0 4.352 197.889 198.333 199 0 0 0 0 -0.854583 0.232245 0.464488 0.000241807 0.894604 -0.446859 -0.519314 -0.381766 -0.76457 0 0 0 222.749 
929 37.6988 71.95 92.9 1 0 0 1 0 4.361 197 196.333 199 0 0 0 0 -0.853597 0.232969 0.465938 0.000446261 0.894754 -0.446559 -0.520934 -0.380974 -0.763863 0 0 0 221.75 
930 37.516 72 93 1 0 0 1 0 4.37 196.333 194.778 199 0 0 0 0 -0.852517 0.233757 0.467517 -0.000413374 0.894127 -0.447813 -0.522699 -0.381962 -0.762162 0 0 0 220.972 
931 37.3341 72.05 93.1 1 0 0 1 0 4.379 195.222 192.667 193 0 0 0 0 -0.851339 0.234615 0.469231 -0.000192885 0.894287 -0.447494 -0.524616 -0.381059 -0.761296 0 0 0 219.775 
932 37.1532 72.1 93.2 1 0 0 1 0 4.388 195.444 193.222 193 0 0 0 0 -0.850063 0.23554 0.471078 0 0.894426 -0.447215 -0.526682 -0.380161 -0.760318 0 0 0 219.864 
933 36.9732 72.15 93.3 1 0 0 1 0 4.397 195.667 193.778 193 0 0 0 0 -0.848689 0.236528 0.473055 0.000171318 0.894549 -0.446969 -0.528892 -0.379257 -0.759235 0 0 0 220.096 
934 36.7944 72.2 93.4 1 0 0 1 0 4.406 195.889 194.333 193 0 0 0 0 -0.847215 0.237582 0.475164 0.000325094 0.894659 -0.44675 -0.53125 -0.378339 -0.758046 0 0 0 220.344 
935 36.6166 72.25 93.5 1 0 0 1 0 4.415 196.111 194.889 189 0 0 0 0 -0.84564 0.2387 0.477404 -0.000307342 0.894211 -0.447646 -0.533753 -0.378694 -0.756107 0 0 0 220.594 
936 36.4401 72.3 93.6 1 0 0 1 0 4.424 196.333 195.778 201 0 0 0 0 -0.84395 0.239895 0.47979 -0.000145858 0.894325 -0.447419 -0.536422 -0.377669 -0.75473 0 0 0 220.844 
937 36.2648 72.35 93.7 1 0 0 1 0 4.433 196.556 196.667 201 0 0 0 0 -0.842142 0.241164 0.482325 0 0.894426 -0.447215 -0.539256 -0.376618 -0.753234 0 0 0 221.094 
938 36.0909 72.4 93.8 1 0 0 1 0 4.442 196.667 197.111 201 0 0 0 0 -0.840225 0.242497 0.484992 0.000133741 0.894519 -0.44703 -0.542238 -0.375541 -0.751629 0 0 0 221.233 
939 35.9183 72.45 93.9 1 0 0 1 0 4.451 196.778 197.556 201 0 0 0 0 -0.838186 0.243903 0.487807 0.000255637 0.894603 -0.446862 -0.545385 -0.374429 -0.749906 0 0 0 221.359 
940 35.7472 72.5 94 1 0 0 1 0 4.46 197.333 198.556 195 0 0 0 0 -0.836015 0.245388 0.49078 -0.00024544 0.894261 -0.447545 -0.548707 -0.374275 -0.747555 0 0 0 221.929 
941 35.5777 72.55 94.1 1 0 0 1 0 4.469 196.778 197.556 195 0 0 0 0 -0.83371 0.246952 0.493905 -0.00011851 0.894347 -0.447374 -0.552202 -0.373039 -0.745597 0 0 0 221.437 
942 35.4096 72.6 94.2 1 0 0 1 0 4.478 196.222 196.556 194 0 0 0 0 -0.831277 0.248588 0.497174 0 0.894426 -0.447215 -0.555858 -0.37176 -0.743516 0 0 0 220.826 
943 35.2433 72.65 94.3 1 0 0 1 0 4.487 195.667 195.556 194 0 0 0 0 -0.828708 0.250298 0.500593 0.000110021 0.894499 -0.447069 -0.559681 -0.370435 -0.741306 0 0 0 220.203 
944 35.0786 72.7 94.4 1 0 0 1 0 4.496 197.111 198.444 194 0 0 0 0 -0.825977 0.252096 0.504192 0.000213246 0.894567 -0.446934 -0.563703 -0.36905 -0.738946 0 0 0 221.578 
945 34.9156 72.75 94.5 1 0 0 1 0 4.505 199.222 202.556 196 0 0 0 0 -0.823097 0.253971 0.507947 -0.000206773 0.894295 -0.447479 -0.567901 -0.368423 -0.736039 0 0 0 223.842 
946 34.7545 72.8 94.6 1 0 0 1 0 4.514 201.333 206.667 196 0 0 0 0 -0.820059 0.255931 0.511862 -0.000100088 0.894363 -0.447342 -0.572279 -0.366898 -0.733405 0 0 0 226.205 
947 34.5952 72.85 94.7 1 0 0 1 0 4.523 203.556 211.222 196 0 0 0 0 -0.816846 0.257979 0.515955 0 0.894426 -0.447215 -0.576856 -0.365306 -0.730608 0 0 0 228.689 
948 34.4378 72.9 94.8 1 0 0 1 0 4.532 205.778 215.778 214 0 0 0 0 -0.813456 0.260112 0.520222 9.4754e-05 0.894486 -0.447097 -0.581627 -0.363644 -0.727649 0 0 0 231.188 
949 34.2825 72.95 94.9 1 0 0 1 0 4.541 208 220.333 214 0 0 0 0 -0.80989 0.262327 0.524655 0.000184441 0.894541 -0.446986 -0.586582 -0.361913 -0.724528 0 0 0 233.688 
950 34.1291 73 95 1 0 0 1 0 4.55 210 224.222 214 0 0 0 0 -0.80613 0.264631 0.529267 -0.000179079 0.89432 -0.447429 -0.591738 -0.360781 -0.720891 0 0 0 235.965 
951 33.9778 73.05 95.1 1 0 0 1 0 4.559 210.556 225.111 214 0 0 0 0 -0.802153 0.267039 0.534079 -8.72902e-05 0.894375 -0.447318 -0.597118 -0.358865 -0.717402 0 0 0 236.774 
952 33.8287 73.1 95.2 1 0 0 1 0 4.568 211.111 226 214 0 0 0 0 -0.79796 0.269541 0.53908 -3.81733e-15 0.894426 -0.447215 -0.60271 -0.35686 -0.713716 0 0 0 237.419 
953 33.6818 73.15 95.3 1 0 0 1 0 4.577 209.667 223 214 0 0 0 0 -0.793557 0.272129 0.544255 8.36125e-05 0.894475 -0.447118 -0.608496 -0.354768 -0.709839 0 0 0 236.047 
954 33.5371 73.2 95.4 1 0 0 1 0 4.586 208.222 220 214 0 0 0 0 -0.78892 0.274811 0.549622 0.000163264 0.894521 -0.447026 -0.614496 -0.352578 -0.70575 0 0 0 234.45 
955 33.3947 73.25 95.5 1 0 0 1 0 4.595 206.778 217 201 0 0 0 0 -0.784027 0.277595 0.555195 -0.000159789 0.894338 -0.447391 -0.620726 -0.350856 -0.701141 0 0 0 232.828 
956 33.2547 73.3 95.6 1 0 0 1 0 4.604 204.889 213.333 201 0 0 0 0 -0.778872 0.280484 0.560969 -7.82747e-05 0.894384 -0.447301 -0.627182 -0.348434 -0.696589 0 0 0 230.759 
957 33.117 73.35 95.7 1 0 0 1 0 4.613 203 209.667 201 0 0 0 0 -0.773443 0.283474 0.566946 3.09045e-15 0.894426 -0.447215 -0.633866 -0.345895 -0.691788 0 0 0 228.64 
958 32.9818 73.4 95.8 1 0 0 1 0 4.622 200.333 204.222 201 0 0 0 0 -0.767719 0.286569 0.573137 7.53068e-05 0.894467 -0.447134 -0.640787 -0.34323 -0.686721 0 0 0 225.738 
959 32.8491 73.45 95.9 1 0 0 1 0 4.631 197.667 198.778 201 0 0 0 0 -0.761696 0.289765 0.57953 0.000148355 0.894505 -0.447058 -0.647935 -0.340436 -0.681384 0 0 0 222.749 
960 32.719 73.5 96 1 0 0 1 0 4.64 196.444 196.333 197 0 0 0 0 -0.755372 0.293055 0.586116 -0.000145477 0.894354 -0.447361 -0.655296 -0.338009 -0.675527 0 0 0 221.194 
961 32.5914 73.55 96.1 1 0 0 1 0 4.649 193.111 189.778 197 0 0 0 0 -0.748698 0.296463 0.592926 -7.12408e-05 0.894391 -0.447286 -0.662911 -0.334924 -0.669608 0 0 0 217.688 
962 32.4664 73.6 96.2 1 0 0 1 0 4.658 189.778 183.222 190 0 0 0 0 -0.741641 0.299991 0.599979 0 0.894426 -0.447215 -0.670797 -0.331673 -0.663343 0 0 0 213.965 
963 32.3441 73.65 96.3 1 0 0 1 0 4.667 186.444 176.667 190 0 0 0 0 -0.734203 0.303628 0.607253 6.91992e-05 0.89446 -0.447148 -0.67893 -0.328256 -0.656736 0 0 0 210.218 
964 32.2246 73.7 96.4 1 0 0 1 0 4.676 183.111 170.111 190 0 0 0 0 -0.726394 0.30736 0.614721 0.000136491 0.894492 -0.447085 -0.687279 -0.324675 -0.649795 0 0 0 206.469 
965 32.1078 73.75 96.5 1 0 0 1 0 4.685 180.222 164.222 171 0 0 0 0 -0.718177 0.311196 0.622398 -0.000134325 0.894367 -0.447335 -0.695861 -0.321349 -0.642272 0 0 0 203.163 
966 31.9938 73.8 96.6 1 0 0 1 0 4.694 177.333 158.333 171 0 0 0 0 -0.709508 0.31515 0.630301 -6.61304e-05 0.894397 -0.447273 -0.704698 -0.317385 -0.634561 0 0 0 199.907 
967 31.8827 73.85 96.7 1 0 0 1 0 4.703 178.667 160.667 171 0 0 0 0 -0.700361 0.319217 0.638431 -2.06911e-15 0.894426 -0.447215 -0.713789 -0.313212 -0.626421 0 0 0 200.879 
968 31.7744 73.9 96.8 1 0 0 1 0 4.712 180 163 171 0 0 0 0 -0.690723 0.32339 0.646777 6.4372e-05 0.894454 -0.44716 -0.723119 -0.308822 -0.617841 0 0 0 202.32 
969 31.6691 73.95 96.9 1 0 0 1 0 4.721 181.333 165.333 171 0 0 0 0 -0.680565 0.327668 0.655336 0.000127324 0.89448 -0.447108 -0.732688 -0.304203 -0.608794 0 0 0 203.813 
970 31.5667 74 97 1 0 0 1 0 4.73 184.778 171.778 171 0 0 0 0 -0.669879 0.332041 0.664087 -0.000126129 0.894378 -0.447312 -0.74247 -0.299729 -0.599083 0 0 0 207.424 
971 31.4673 74.05 97.1 1 0 0 1 0 4.739 188.222 178.667 202 0 0 0 0 -0.658652 0.336505 0.67301 -6.21543e-05 0.894403 -0.447262 -0.752448 -0.294632 -0.589079 0 0 0 211.269 
972 31.371 74.1 97.2 1 0 0 1 0 4.748 191.667 185.556 202 0 0 0 0 -0.646793 0.341076 0.682149 -1.70382e-15 0.894426 -0.447215 -0.762666 -0.289255 -0.578508 0 0 0 215.141 
973 31.2777 74.15 97.3 1 0 0 1 0 4.757 195.111 192.444 202 0 0 0 0 -0.634283 0.345742 0.691482 6.08126e-05 0.894449 -0.44717 -0.773101 -0.28359 -0.567355 0 0 0 219.016 
974 31.1875 74.2 97.4 1 0 0 1 0 4.766 198.556 199.333 202 0 0 0 0 -0.621133 0.350484 0.700967 0.000120569 0.89447 -0.447128 -0.783705 -0.277642 -0.555627 0 0 0 222.891 
975 31.1005 74.25 97.5 1 0 0 1 0 4.775 202 206.222 202 0 0 0 0 -0.607315 0.355291 0.710589 -0.000119503 0.894388 -0.447292 -0.794461 -0.271732 -0.543133 0 0 0 226.766 
976 31.0166 74.3 97.6 1 0 0 1 0 4.784 201 204.778 202 0 0 0 0 -0.592792 0.360166 0.720332 -5.91389e-05 0.894408 -0.447253 -0.805356 -0.26517 -0.530176 0 0 0 226.196 
977 30.9359 74.35 97.7 1 0 0 1 0 4.793 200 203.333 202 0 0 0 0 -0.577506 0.3651 0.730197 0 0.894426 -0.447215 -0.816386 -0.25827 -0.516537 0 0 0 225.133 
978 30.8584 74.4 97.8 1 0 0 1 0 4.802 199 201.889 202 0 0 0 0 -0.561446 0.370077 0.74015 5.80207e-05 0.894444 -0.44718 -0.827514 -0.251024 -0.502203 0 0 0 224.015 
979 30.7842 74.45 97.9 1 0 0 1 0 4.811 198 200.444 202 0 0 0 0 -0.544547 0.375092 0.750183 0.00011508 0.894461 -0.447147 -0.83873 -0.243406 -0.487119 0 0 0 222.891 
980 30.7132 74.5 98 1 0 0 1 0 4.82 197.667 199.778 193 0 0 0 0 -0.526809 0.380122 0.76025 -0.000114685 0.894397 -0.447274 -0.849984 -0.235715 -0.471133 0 0 0 222.432 
981 30.6456 74.55 98.1 1 0 0 1 0 4.829 199.111 202.333 193 0 0 0 0 -0.50829 0.385134 0.770268 -5.69665e-05 0.894412 -0.447244 -0.861186 -0.227373 -0.454598 0 0 0 223.826 
982 30.5813 74.6 98.2 1 0 0 1 0 4.838 200.556 204.889 193 0 0 0 0 -0.488908 0.390122 0.78024 -2.40015e-15 0.894426 -0.447215 -0.872335 -0.218647 -0.437292 0 0 0 225.425 
983 30.5203 74.65 98.3 1 0 0 1 0 4.847 202 207.444 193 0 0 0 0 -0.468602 0.395074 0.790145 5.60229e-05 0.89444 -0.447189 -0.88341 -0.209509 -0.419158 0 0 0 227.047 
984 30.4627 74.7 98.4 1 0 0 1 0 4.856 203.444 210 199 0 0 0 0 -0.447345 0.399971 0.799941 0.000111507 0.894452 -0.447164 -0.894362 -0.199947 -0.400173 0 0 0 228.672 
985 30.4084 74.75 98.5 1 0 0 1 0 4.865 205.889 214.444 215 0 0 0 0 -0.425194 0.404771 0.80955 -0.000110955 0.894405 -0.447257 -0.905102 -0.190261 -0.380251 0 0 0 231.297 
986 30.3576 74.8 98.6 1 0 0 1 0 4.874 208.333 218.889 215 0 0 0 0 -0.402135 0.40946 0.81892 -5.51224e-05 0.894416 -0.447235 -0.91558 -0.179894 -0.359654 0 0 0 234.033 
987 30.3102 74.85 98.7 1 0 0 1 0 4.883 210.778 223.333 215 0 0 0 0 -0.378129 0.414011 0.828018 0 0.894426 -0.447215 -0.925753 -0.169105 -0.338209 0 0 0 236.781 
988 30.2663 74.9 98.8 1 0 0 1 0 4.892 213.222 227.778 215 0 0 0 0 -0.353294 0.418375 0.836747 5.47649e-05 0.894436 -0.447197 -0.935512 -0.157946 -0.316022 0 0 0 239.531 
989 30.2258 74.95 98.9 1 0 0 1 0 4.901 215 231 215 0 0 0 0 -0.327563 0.422541 0.845081 0.00010884 0.894444 -0.44718 -0.944829 -0.146387 -0.293032 0 0 0 241.615 
990 30.1888 75 99 1 0 0 1 0 4.91 215 231 215 0 0 0 0 -0.300911 0.426483 0.852974 -0.000108486 0.894413 -0.447241 -0.953652 -0.134672 -0.269092 0 0 0 241.846 
991 30.1552 75.05 99.1 1 0 0 1 0 4.919 191.111 205.333 215 0 0 0 0 -0.273445 0.430169 0.860339 -5.40717e-05 0.89442 -0.447227 -0.961888 -0.122338 -0.244551 0 0 0 217.983 
992 30.1252 75.1 99.2 1 0 0 1 0 4.928 167.222 179.667 215 0 0 0 0 -0.245203 0.433562 0.867121 0 0.894426 -0.447215 -0.969472 -0.109658 -0.219316 0 0 0 191.443 
993 30.0987 75.15 99.3 1 0 0 1 0 4.937 143.333 154 215 0 0 0 0 -0.216277 0.43663 0.873257 5.38152e-05 0.894432 -0.447204 -0.976332 -0.0966729 -0.193468 0 0 0 164.605 
994 30.0757 75.2 99.4 1 0 0 1 0 4.946 119.444 128.333 215 0 0 0 0 -0.186675 0.439352 0.878705 0.000107466 0.894436 -0.447195 -0.982422 -0.0833857 -0.167016 0 0 0 137.734 
995 30.0562 75.25 99.5 1 0 0 1 0 4.955 95.5556 102.667 0 0 0 0 0 -0.156509 0.441699 0.883406 -9.74003e-05 0.894422 -0.447224 -0.987676 -0.0700809 -0.139942 0 0 0 110.859 
996 30.0402 75.3 99.6 1 0 0 1 0 4.964 71.6667 77 0 0 0 0 0 -0.148107 0.442279 0.884564 0.000447755 0.894458 -0.447151 -0.988971 -0.0658303 -0.132674 0 0 0 83.9844 
997 30.0311 75.325 99.65 1 0 0 1 0 4.9685 53.75 57.75 0 0 0 0 0 -0.151506 0.44205 0.884103 -0.000226872 0.894412 -0.447244 -0.988456 -0.0679605 -0.135408 0 0 0 64.248 
998 30.0231 75.35 99.7 1 0 0 1 0 4.973 30.7143 33 0 0 0 0 0 -0.13105 0.44336 0.886712 -2.58848e-05 0.894424 -0.44722 -0.991376 -0.0586312 -0.117203 0 0 0 39.8926 
999 30.0163 75.375 99.75 1 0 0 1 0 4.9775 0 0 0 0 0 0 0 -0.110458 0.444481 0.888952 -2.58848e-05 0.894424 -0.44722 -0.993881 -0.0494218 -0.0987843 0 0 0 6.64876 
1000 30.0107 75.4 99.8 1 0 0 1 0 4.982 0 0 0 0 0 0 0 -0.110458 0.444481 0.888952 -2.58848e-05 0.894424 -0.44722 -0.993881 -0.0494218 -0.0987843 0 0 0 1.32975 
ObjectType = Tube
ObjectSubType = Vessel
NDims = 3
ID = 101
ParentID = 0
Color = 0.8 0.1 0.8 1
BinaryData = False
TransformMatrix = 1 0 0 0 1 0 0 0 1
Offset = 0 0 0
CenterOfRotation = 0 0 0
ElementSpacing = 1 1 1
Root = False
Artery = True
PointDim = id x y z red green blue alpha mark r rn mn bn cv lv ro in tx ty tz v1x v1y v1z v2x v2y v2z a1 a2 a3 Custom1
NPoints = 500
Points = 
0 49.9805 50.35 50.3 1 0 0 1 0 0.527 185 190 208 0 0 0 0 -0.141318 -0.442724 0.885452 -0.952645 0.304085 0 -0.269253 -0.843521 -0.464731 0 0 0 185 
1 49.9731 50.325 50.35 1 0 0 1 0 0.5315 169.667 172.667 208 0 0 0 0 -0.141318 -0.442724 0.885452 -0.000103424 0.894435 0.447198 -0.989964 0.0631055 -0.126445 0 0 0 200.5 
2 49.9645 50.3 50.4 1 0 0 1 0 0.536 158.714 160.286 208 0 0 0 0 -0.161672 -0.44133 0.882661 -0.00010321 0.894435 0.447198 -0.986845 0.0722083 -0.14465 0 0 0 187.357 
3 49.9548 50.275 50.45 1 0 0 1 0 0.5405 150.5 151 208 0 0 0 0 -0.181863 -0.439758 0.879511 -0.000598369 0.894476 0.447116 -0.983324 0.0807877 -0.162935 0 0 0 173.92 
4 49.9438 50.25 50.5 1 0 0 1 0 0.545 144.111 143.778 93 0 0 0 0 -0.178396 -0.44004 0.88008 -9.73036e-05 0.894435 0.447198 -0.983959 0.0796927 -0.159606 0 0 0 163.436 
5 49.9243 50.2 50.6 1 0 0 1 0 0.554 131.333 129.333 93 0 0 0 0 -0.186676 -0.439353 0.878704 5.3816e-05 0.894422 0.447223 -0.982422 0.0835332 -0.166944 0 0 0 149.493 
6 49.9013 50.15 50.7 1 0 0 1 0 0.563 118.556 114.889 93 0 0 0 0 -0.216277 -0.436628 0.873258 -1.86754e-15 0.894428 0.447213 -0.976332 0.096722 -0.193444 0 0 0 135.166 
7 49.8748 50.1 50.8 1 0 0 1 0 0.572 105.778 100.444 93 0 0 0 0 -0.245202 -0.43356 0.867122 -5.40737e-05 0.894434 0.447201 -0.969472 0.109608 -0.219341 0 0 0 120.796 
8 49.8448 50.05 50.9 1 0 0 1 0 0.581 93 86 93 0 0 0 0 -0.273443 -0.43017 0.860339 2.71224e-05 0.894423 0.447221 -0.961888 0.122313 -0.244562 0 0 0 106.422 
9 49.8112 50 51 1 0 0 1 0 0.59 93 86 93 0 0 0 0 -0.300909 -0.426487 0.852973 -2.72073e-05 0.894431 0.447206 -0.953653 0.134545 -0.269154 0 0 0 104.825 
10 49.7742 49.95 51.1 1 0 0 1 0 0.599 94.7778 89.6667 93 0 0 0 0 -0.327563 -0.422541 0.845081 5.47648e-05 0.894418 0.447231 -0.944829 0.146543 -0.292955 0 0 0 106.425 
11 49.7337 49.9 51.2 1 0 0 1 0 0.608 96.5556 93.3333 93 0 0 0 0 -0.353295 -0.418373 0.836748 -0 0.894428 0.447213 -0.935512 0.157998 -0.315996 0 0 0 108.381 
12 49.6898 49.85 51.3 1 0 0 1 0 0.617 98.3333 97 93 0 0 0 0 -0.378128 -0.414009 0.828019 -5.51237e-05 0.894438 0.447193 -0.925753 0.169051 -0.338235 0 0 0 110.376 
13 49.6424 49.8 51.4 1 0 0 1 0 0.626 100.111 100.667 93 0 0 0 0 -0.402134 -0.409461 0.81892 2.77383e-05 0.894421 0.447225 -0.915581 0.179867 -0.359666 0 0 0 112.375 
14 49.5916 49.75 51.5 1 0 0 1 0 0.635 101.889 104.333 109 0 0 0 0 -0.425192 -0.404774 0.809549 -2.78735e-05 0.894433 0.447202 -0.905103 0.190124 -0.380317 0 0 0 114.375 
15 49.5373 49.7 51.6 1 0 0 1 0 0.644 103.667 108 109 0 0 0 0 -0.447346 -0.399971 0.79994 5.6027e-05 0.894414 0.447239 -0.894361 0.200116 -0.40009 0 0 0 116.375 
16 49.4797 49.65 51.7 1 0 0 1 0 0.653 115.111 119.889 109 0 0 0 0 -0.468601 -0.395072 0.790146 -0 0.894428 0.447213 -0.88341 0.209564 -0.41913 0 0 0 128.042 
17 49.4187 49.6 51.8 1 0 0 1 0 0.662 126.556 131.778 109 0 0 0 0 -0.488909 -0.390119 0.78024 -5.69599e-05 0.894442 0.447184 -0.872335 0.218588 -0.437323 0 0 0 140.782 
18 49.3544 49.55 51.9 1 0 0 1 0 0.671 138 143.667 109 0 0 0 0 -0.508293 -0.385134 0.770266 2.86741e-05 0.894419 0.44723 -0.861184 0.227346 -0.454616 0 0 0 153.642 
19 49.2868 49.5 52 1 0 0 1 0 0.68 147.667 151.889 109 0 0 0 0 -0.52681 -0.380124 0.760248 -2.87679e-05 0.894435 0.447198 -0.849983 0.235566 -0.471208 0 0 0 164.738 
20 49.2158 49.45 52.1 1 0 0 1 0 0.689 147.556 151.667 196 0 0 0 0 -0.54455 -0.375091 0.750181 5.80258e-05 0.89441 0.447248 -0.838729 0.243592 -0.487029 0 0 0 165.86 
21 49.1416 49.4 52.2 1 0 0 1 0 0.698 147.444 151.444 196 0 0 0 0 -0.561446 -0.370074 0.740151 -2.84124e-15 0.894428 0.447213 -0.827513 0.251086 -0.502173 0 0 0 165.873 
22 49.0641 49.35 52.3 1 0 0 1 0 0.707 147.333 151.222 196 0 0 0 0 -0.577507 -0.365098 0.730198 -5.91369e-05 0.894446 0.447175 -0.816386 0.258204 -0.516571 0 0 0 165.764 
23 48.9834 49.3 52.4 1 0 0 1 0 0.716 147.222 151 196 0 0 0 0 -0.592793 -0.360166 0.720331 2.98793e-05 0.894417 0.447234 -0.805355 0.265139 -0.530193 0 0 0 165.64 
24 48.8995 49.25 52.5 1 0 0 1 0 0.725 147.111 150.778 108 0 0 0 0 -0.607314 -0.355294 0.710588 -3.01384e-05 0.894437 0.447193 -0.794462 0.271565 -0.543215 0 0 0 165.516 
25 48.8125 49.2 52.6 1 0 0 1 0 0.734 137.667 143 108 0 0 0 0 -0.621134 -0.350484 0.700966 6.08191e-05 0.894405 0.447257 -0.783704 0.27785 -0.555525 0 0 0 156.057 
26 48.7223 49.15 52.7 1 0 0 1 0 0.743 128.222 135.222 108 0 0 0 0 -0.634282 -0.345741 0.691483 -0 0.894428 0.447213 -0.773101 0.283659 -0.56732 0 0 0 145.562 
27 48.629 49.1 52.8 1 0 0 1 0 0.752 118.778 127.444 108 0 0 0 0 -0.646792 -0.341074 0.68215 -6.21535e-05 0.894451 0.447166 -0.762667 0.289181 -0.578545 0 0 0 134.951 
28 48.5327 49.05 52.9 1 0 0 1 0 0.761 109.333 119.667 108 0 0 0 0 -0.658651 -0.336506 0.67301 3.15357e-05 0.894414 0.447239 -0.752448 0.294596 -0.589097 0 0 0 124.328 
29 48.4333 49 53 1 0 0 1 0 0.77 109.667 120.333 111 0 0 0 0 -0.669877 -0.332044 0.664087 -3.18238e-05 0.89444 0.447188 -0.742472 0.29954 -0.599175 0 0 0 123.481 
30 48.3309 48.95 53.1 1 0 0 1 0 0.779 109.333 119.556 111 0 0 0 0 -0.680566 -0.327668 0.655335 6.43777e-05 0.8944 0.447268 -0.732687 0.304437 -0.608677 0 0 0 123.053 
31 48.2256 48.9 53.2 1 0 0 1 0 0.788 109 118.778 111 0 0 0 0 -0.690723 -0.323388 0.646778 2.06919e-15 0.894428 0.447213 -0.72312 0.3089 -0.617802 0 0 0 122.673 
32 48.1173 48.85 53.3 1 0 0 1 0 0.797 108.667 118 111 0 0 0 0 -0.70036 -0.319216 0.638433 -6.61238e-05 0.894457 0.447155 -0.713789 0.313127 -0.626463 0 0 0 122.297 
33 48.0062 48.8 53.4 1 0 0 1 0 0.806 108.333 117.222 111 0 0 0 0 -0.709508 -0.315151 0.6303 3.35845e-05 0.894412 0.447245 -0.704697 0.317345 -0.634582 0 0 0 121.922 
34 47.8922 48.75 53.5 1 0 0 1 0 0.815 107 114.556 105 0 0 0 0 -0.718176 -0.311199 0.622397 -3.41178e-05 0.894443 0.447182 -0.695861 0.321134 -0.642378 0 0 0 120.547 
35 47.7754 48.7 53.6 1 0 0 1 0 0.824 105.667 111.889 105 0 0 0 0 -0.726394 -0.307361 0.61472 6.92095e-05 0.894394 0.44728 -0.687278 0.324944 -0.649661 0 0 0 119.061 
36 47.6559 48.65 53.7 1 0 0 1 0 0.833 115.111 119.556 105 0 0 0 0 -0.734203 -0.303626 0.607254 -0 0.894428 0.447213 -0.67893 0.328345 -0.656691 0 0 0 128.34 
37 47.5336 48.6 53.8 1 0 0 1 0 0.842 124.556 127.222 105 0 0 0 0 -0.741641 -0.299989 0.599979 -7.12322e-05 0.894463 0.447142 -0.670797 0.331576 -0.663392 0 0 0 138.816 
38 47.4086 48.55 53.9 1 0 0 1 0 0.851 134 134.889 99 0 0 0 0 -0.748699 -0.296463 0.592924 3.63767e-05 0.894408 0.447251 -0.66291 0.334878 -0.669632 0 0 0 149.424 
39 47.281 48.5 54 1 0 0 1 0 0.86 144.111 144 99 0 0 0 0 -0.755372 -0.293058 0.586115 -3.70823e-05 0.894446 0.447175 -0.655297 0.337762 -0.67565 0 0 0 160.714 
40 47.1509 48.45 54.1 1 0 0 1 0 0.869 143.556 143 196 0 0 0 0 -0.761696 -0.289765 0.57953 7.53168e-05 0.894387 0.447294 -0.647934 0.340746 -0.68123 0 0 0 161.413 
41 47.0182 48.4 54.2 1 0 0 1 0 0.878 142.222 140.333 196 0 0 0 0 -0.767719 -0.286568 0.573138 -3.09045e-15 0.894428 0.447213 -0.640787 0.343334 -0.686669 0 0 0 160.157 
42 46.883 48.35 54.3 1 0 0 1 0 0.887 140.889 137.667 196 0 0 0 0 -0.773443 -0.283473 0.566947 -7.82632e-05 0.89447 0.447127 -0.633866 0.345783 -0.691844 0 0 0 158.684 
43 46.7453 48.3 54.4 1 0 0 1 0 0.896 140.222 136.222 196 0 0 0 0 -0.778873 -0.280485 0.560968 3.99552e-05 0.894405 0.447259 -0.627182 0.34838 -0.696616 0 0 0 157.854 
44 46.6053 48.25 54.5 1 0 0 1 0 0.905 139.556 134.778 100 0 0 0 0 -0.784027 -0.277598 0.555195 -4.08074e-05 0.89445 0.447167 -0.620727 0.350569 -0.701284 0 0 0 157.095 
45 46.4629 48.2 54.6 1 0 0 1 0 0.914 128.111 123 93 0 0 0 0 -0.788921 -0.274811 0.549621 8.36259e-05 0.894379 0.44731 -0.614495 0.352938 -0.705571 0 0 0 145.566 
46 46.3182 48.15 54.7 1 0 0 1 0 0.923 116.667 111.222 93 0 0 0 0 -0.793556 -0.272128 0.544256 -0 0.894428 0.447213 -0.608497 0.354889 -0.709779 0 0 0 132.841 
47 46.1713 48.1 54.8 1 0 0 1 0 0.932 105.222 99.4444 93 0 0 0 0 -0.79796 -0.26954 0.539081 -8.72748e-05 0.894479 0.447109 -0.602711 0.356728 -0.713782 0 0 0 119.982 
48 46.0222 48.05 54.9 1 0 0 1 0 0.941 94.3333 88.7778 93 0 0 0 0 -0.802154 -0.267039 0.534078 4.47806e-05 0.8944 0.447268 -0.597117 0.358802 -0.717434 0 0 0 107.665 
49 45.8709 48 55 1 0 0 1 0 0.95 94.1111 88.2222 93 0 0 0 0 -0.80613 -0.264634 0.529267 -4.60987e-05 0.894455 0.447157 -0.591739 0.360443 -0.721059 0 0 0 106.074 
50 45.7175 47.95 55.1 1 0 0 1 0 0.959 95.4444 90.8889 93 0 0 0 0 -0.809891 -0.262327 0.524654 9.47725e-05 0.894368 0.447331 -0.586581 0.362339 -0.724316 0 0 0 107.23 
51 45.5622 47.9 55.2 1 0 0 1 0 0.968 96.7778 93.5556 93 0 0 0 0 -0.813456 -0.260111 0.520223 4.74267e-15 0.894428 0.447213 -0.581627 0.363788 -0.727577 0 0 0 108.692 
52 45.4048 47.85 55.3 1 0 0 1 0 0.977 98.1111 96.2222 98 0 0 0 0 -0.816846 -0.257978 0.515956 -0.000100066 0.894491 0.447086 -0.576856 0.365149 -0.730687 0 0 0 110.188 
53 45.2455 47.8 55.4 1 0 0 1 0 0.986 99.4444 98.8889 98 0 0 0 0 -0.820059 -0.255931 0.511861 5.17087e-05 0.894394 0.447281 -0.572279 0.366823 -0.733443 0 0 0 111.688 
54 45.0844 47.75 55.5 1 0 0 1 0 0.995 107.111 108.222 105 0 0 0 0 -0.823097 -0.253973 0.507946 -5.32949e-05 0.894462 0.447145 -0.567901 0.368016 -0.736242 0 0 0 119.521 
55 44.9214 47.7 55.6 1 0 0 1 0 1.004 114.778 117.556 105 0 0 0 0 -0.825978 -0.252096 0.504191 0.000110047 0.894355 0.447359 -0.563703 0.369564 -0.738689 0 0 0 128.058 
56 44.7567 47.65 55.7 1 0 0 1 0 1.013 126.556 130.111 105 0 0 0 0 -0.828708 -0.250297 0.500594 -3.01284e-15 0.894428 0.447213 -0.559681 0.370609 -0.741219 0 0 0 140.784 
57 44.5904 47.6 55.8 1 0 0 1 0 1.022 137.778 141.556 105 0 0 0 0 -0.831277 -0.248587 0.497175 -0.000118478 0.894507 0.447054 -0.555858 0.371567 -0.743613 0 0 0 153.42 
58 44.4223 47.55 55.9 1 0 0 1 0 1.031 149 153 162 0 0 0 0 -0.833711 -0.246952 0.493904 6.13829e-05 0.894385 0.447297 -0.552202 0.372947 -0.745643 0 0 0 166.047 
59 44.2528 47.5 56 1 0 0 1 0 1.04 159.444 162.889 162 0 0 0 0 -0.836014 -0.24539 0.490779 -6.38843e-05 0.894471 0.447127 -0.548708 0.373773 -0.747806 0 0 0 177.894 
60 44.0817 47.45 56.1 1 0 0 1 0 1.049 164.778 167.222 199 0 0 0 0 -0.838186 -0.243904 0.487806 0.000133782 0.894335 0.447398 -0.545384 0.375068 -0.749587 0 0 0 184.544 
61 43.9091 47.4 56.2 1 0 0 1 0 1.058 170.111 171.556 199 0 0 0 0 -0.840224 -0.242496 0.484993 -0 0.894428 0.447213 -0.542239 0.375759 -0.75152 0 0 0 190.616 
62 43.7352 47.35 56.3 1 0 0 1 0 1.067 175.444 175.889 199 0 0 0 0 -0.842141 -0.241163 0.482326 -0.000145808 0.894529 0.447009 -0.539257 0.376375 -0.753355 0 0 0 196.624 
63 43.5599 47.3 56.4 1 0 0 1 0 1.076 174.444 173.556 199 0 0 0 0 -0.843951 -0.239895 0.479789 7.68727e-05 0.894373 0.447323 -0.536421 0.377555 -0.754788 0 0 0 196.292 
64 43.3834 47.25 56.5 1 0 0 1 0 1.085 173.444 171.222 153 0 0 0 0 -0.84564 -0.238702 0.477404 -8.12316e-05 0.894485 0.447098 -0.533754 0.378046 -0.756431 0 0 0 195.255 
65 43.2056 47.2 56.6 1 0 0 1 0 1.094 170.444 169.444 153 0 0 0 0 -0.847216 -0.237582 0.475163 0.000171388 0.894305 0.447459 -0.531249 0.379176 -0.757628 0 0 0 192.139 
66 43.0268 47.15 56.7 1 0 0 1 0 1.103 167.444 167.667 153 0 0 0 0 -0.848689 -0.236527 0.473056 5.33336e-15 0.894428 0.447213 -0.528892 0.379545 -0.759091 0 0 0 188.793 
67 42.8468 47.1 56.8 1 0 0 1 0 1.112 164.444 165.889 153 0 0 0 0 -0.850062 -0.235539 0.471079 -0.000192795 0.894567 0.446934 -0.526682 0.379831 -0.760483 0 0 0 185.421 
68 42.6659 47.05 56.9 1 0 0 1 0 1.121 161.444 164.111 153 0 0 0 0 -0.85134 -0.234615 0.46923 0.000103413 0.894352 0.447364 -0.524615 0.380908 -0.761373 0 0 0 182.047 
69 42.484 47 57 1 0 0 1 0 1.13 163.556 167.889 172 0 0 0 0 -0.852517 -0.233759 0.467517 -0.000111484 0.894508 0.447051 -0.5227 0.381066 -0.762609 0 0 0 183.783 
70 42.3012 46.95 57.1 1 0 0 1 0 1.139 157 161.111 172 0 0 0 0 -0.853597 -0.232969 0.465937 0.000241951 0.894249 0.447569 -0.520934 0.382156 -0.763272 0 0 0 177.42 
71 42.1176 46.9 57.2 1 0 0 1 0 1.148 152.778 159 172 0 0 0 0 -0.854583 -0.232244 0.464489 -0 0.894428 0.447213 -0.519315 0.382181 -0.764363 0 0 0 172.491 
72 41.9332 46.85 57.3 1 0 0 1 0 1.157 148.556 156.889 172 0 0 0 0 -0.855477 -0.231585 0.463171 -0.000289154 0.894641 0.446786 -0.517841 0.382081 -0.765412 0 0 0 167.721 
73 41.7482 46.8 57.4 1 0 0 1 0 1.166 144.333 154.778 172 0 0 0 0 -0.856288 -0.230986 0.46197 0.000160954 0.894307 0.447453 -0.516499 0.383223 -0.765747 0 0 0 162.969 
74 41.5625 46.75 57.5 1 0 0 1 0 1.175 138 148.889 94 0 0 0 0 -0.857011 -0.230448 0.460897 -0.000181463 0.894562 0.446944 -0.515298 0.382952 -0.766691 0 0 0 156.108 
75 41.3763 46.7 57.6 1 0 0 1 0 1.184 131.667 143 115 0 0 0 0 -0.857648 -0.229974 0.459947 0.000416062 0.894116 0.447835 -0.514237 0.384276 -0.766742 0 0 0 149.012 
76 41.1896 46.65 57.7 1 0 0 1 0 1.193 133.667 142.778 115 0 0 0 0 -0.858201 -0.229561 0.459122 -3.03306e-14 0.894428 0.447213 -0.513314 0.383798 -0.767599 0 0 0 150.224 
77 41.0024 46.6 57.8 1 0 0 1 0 1.202 135.667 142.556 115 0 0 0 0 -0.85867 -0.229209 0.458419 -0.000588342 0.894868 0.446331 -0.512528 0.382981 -0.768531 0 0 0 152.358 
78 40.8149 46.55 57.9 1 0 0 1 0 1.211 137.667 142.333 115 0 0 0 0 -0.859058 -0.22892 0.457838 0.000371287 0.894148 0.447772 -0.511879 0.384832 -0.76804 0 0 0 154.595 
79 40.6272 46.5 58 1 0 0 1 0 1.22 148.333 152.667 115 0 0 0 0 -0.859363 -0.22869 0.457379 -0.000501078 0.894803 0.44646 -0.511365 0.383442 -0.769076 0 0 0 165.511 
80 40.4392 46.45 58.1 1 0 0 1 0 1.229 155.667 160 190 0 0 0 0 -0.859589 -0.22852 0.457039 0.00154543 0.89326 0.449538 -0.510983 0.387124 -0.767484 0 0 0 174.057 
81 40.251 46.4 58.2 1 0 0 1 0 1.238 160.556 162 190 0 0 0 0 -0.859736 -0.228409 0.456819 -0 0.894428 0.447213 -0.510739 0.384485 -0.768971 0 0 0 179.895 
82 40.0628 46.35 58.3 1 0 0 1 0 1.247 165.444 164 190 0 0 0 0 -0.859802 -0.228359 0.45672 0.0166308 0.88143 0.472022 -0.510357 0.413441 -0.754057 0 0 0 185.433 
83 39.8745 46.3 58.4 1 0 0 1 0 1.256 170.333 166 190 0 0 0 0 -0.859788 -0.22837 0.45674 -0.00121358 0.895338 0.445385 -0.51065 0.382383 -0.770078 0 0 0 190.937 
84 39.6863 46.25 58.5 1 0 0 1 0 1.265 175.222 168 181 0 0 0 0 -0.859695 -0.22844 0.45688 0.000658156 0.893931 0.448204 -0.510807 0.385619 -0.768358 0 0 0 196.437 
85 39.4982 46.2 58.6 1 0 0 1 0 1.274 171.778 164.333 159 0 0 0 0 -0.859523 -0.22857 0.457139 -0.000898696 0.895101 0.445862 -0.511096 0.382818 -0.769566 0 0 0 193.604 
86 39.3102 46.15 58.7 1 0 0 1 0 1.283 168.333 160.667 159 0 0 0 0 -0.859271 -0.228759 0.457518 0 0.894428 0.447213 -0.511521 0.384277 -0.768556 0 0 0 189.845 
87 39.1225 46.1 58.8 1 0 0 1 0 1.292 167.111 161.222 159 0 0 0 0 -0.858938 -0.229009 0.458019 0.000550163 0.894014 0.448038 -0.51208 0.385089 -0.767777 0 0 0 188.205 
88 38.9352 46.05 58.9 1 0 0 1 0 1.301 165.889 161.778 159 0 0 0 0 -0.858523 -0.22932 0.45864 -0.000230464 0.894599 0.446869 -0.512775 0.383542 -0.768087 0 0 0 186.801 
89 38.7482 46 59 1 0 0 1 0 1.31 165.667 160.667 159 0 0 0 0 -0.858026 -0.229692 0.459384 0.000198452 0.894279 0.44751 -0.513606 0.384066 -0.767269 0 0 0 186.422 
90 38.5616 45.95 59.1 1 0 0 1 0 1.319 159.556 156.333 159 0 0 0 0 -0.857445 -0.230125 0.46025 -0.000348127 0.894686 0.446695 -0.514575 0.382857 -0.767225 0 0 0 180.269 
91 38.3756 45.9 59.2 1 0 0 1 0 1.328 153.444 152 179 0 0 0 0 -0.85678 -0.23062 0.461241 0 0.894428 0.447213 -0.515682 0.383163 -0.766327 0 0 0 173.474 
92 38.1901 45.85 59.3 1 0 0 1 0 1.337 152.333 151.778 179 0 0 0 0 -0.856027 -0.231178 0.462357 0.000281999 0.894219 0.44763 -0.51693 0.383314 -0.76541 0 0 0 171.608 
93 38.0053 45.8 59.4 1 0 0 1 0 1.346 151.222 151.556 179 0 0 0 0 -0.855194 -0.231795 0.463589 -0.000128198 0.894521 0.447025 -0.518309 0.382234 -0.765019 0 0 0 170.29 
94 37.8211 45.75 59.5 1 0 0 1 0 1.355 150.111 151.333 104 0 0 0 0 -0.854269 -0.232476 0.464951 0.000116902 0.894341 0.447385 -0.519832 0.382242 -0.763981 0 0 0 169.032 
95 37.6378 45.7 59.6 1 0 0 1 0 1.364 149 151.111 104 0 0 0 0 -0.853245 -0.233227 0.466452 -0.000216031 0.894585 0.446898 -0.52151 0.381213 -0.763351 0 0 0 167.781 
96 37.4553 45.65 59.7 1 0 0 1 0 1.373 149.444 151.556 149 0 0 0 0 -0.852126 -0.234043 0.468086 0 0.894428 0.447213 -0.523336 0.381082 -0.762165 0 0 0 168.087 
97 37.2737 45.6 59.8 1 0 0 1 0 1.382 149.889 152 149 0 0 0 0 -0.850923 -0.234917 0.469835 0.000190558 0.894289 0.447489 -0.525291 0.380868 -0.760926 0 0 0 168.565 
98 37.0931 45.55 59.9 1 0 0 1 0 1.391 150.111 149.444 149 0 0 0 0 -0.849625 -0.235855 0.471709 -8.8831e-05 0.894491 0.447086 -0.527387 0.379814 -0.760003 0 0 0 168.841 
99 36.9135 45.5 60 1 0 0 1 0 1.4 158.667 155.444 149 0 0 0 0 -0.848217 -0.236866 0.473733 8.40695e-05 0.894367 0.447334 -0.52965 0.379476 -0.758597 0 0 0 177.427 
100 36.735 45.45 60.1 1 0 0 1 0 1.409 167 163.667 183 0 0 0 0 -0.846708 -0.237944 0.475887 -0.000159483 0.89454 0.446987 -0.532058 0.378392 -0.757452 0 0 0 186.714 
101 36.5576 45.4 60.2 1 0 0 1 0 1.418 170.333 167.778 183 0 0 0 0 -0.845095 -0.239087 0.478175 0 0.894428 0.447213 -0.534616 0.377937 -0.755877 0 0 0 191.079 
102 36.3815 45.35 60.3 1 0 0 1 0 1.427 173.667 171.889 181 0 0 0 0 -0.843358 -0.24031 0.480622 0.000143345 0.894327 0.447414 -0.537351 0.377399 -0.754204 0 0 0 194.898 
103 36.2067 45.3 60.4 1 0 0 1 0 1.436 177 176 181 0 0 0 0 -0.841508 -0.241605 0.483209 -6.87769e-05 0.894475 0.447119 -0.540244 0.376221 -0.752725 0 0 0 198.655 
104 36.0332 45.25 60.5 1 0 0 1 0 1.445 178.667 176.556 179 0 0 0 0 -0.839549 -0.242964 0.485929 6.5877e-05 0.894382 0.447305 -0.543285 0.375566 -0.750861 0 0 0 200.739 
105 35.8611 45.2 60.6 1 0 0 1 0 1.454 176.556 172.222 179 0 0 0 0 -0.837467 -0.244397 0.488794 -0.000126397 0.894513 0.447041 -0.546488 0.37432 -0.749156 0 0 0 198.86 
106 35.6905 45.15 60.7 1 0 0 1 0 1.463 174.444 167.889 179 0 0 0 0 -0.835257 -0.245904 0.491809 0 0.894428 0.447213 -0.549859 0.373538 -0.747077 0 0 0 196.54 
107 35.5215 45.1 60.8 1 0 0 1 0 1.472 172.556 166.556 179 0 0 0 0 -0.832914 -0.247489 0.494979 0.000116832 0.894349 0.44737 -0.553403 0.372678 -0.744886 0 0 0 194.393 
108 35.354 45.05 60.9 1 0 0 1 0 1.481 170.667 165.222 164 0 0 0 0 -0.830429 -0.249154 0.498307 -5.62935e-05 0.894464 0.447139 -0.557124 0.371289 -0.742803 0 0 0 192.266 
109 35.1882 45 61 1 0 0 1 0 1.49 169 161.667 164 0 0 0 0 -0.827798 -0.250899 0.501797 5.45071e-05 0.894391 0.447286 -0.561027 0.370289 -0.740361 0 0 0 190.363 
110 35.0241 44.95 61.1 1 0 0 1 0 1.499 167.667 160.556 164 0 0 0 0 -0.825022 -0.252721 0.505442 -0.00010597 0.894496 0.447076 -0.565101 0.368794 -0.738005 0 0 0 188.818 
111 34.8617 44.9 61.2 1 0 0 1 0 1.508 166.333 159.444 164 0 0 0 0 -0.822102 -0.254616 0.509234 -5.13497e-15 0.894428 0.447213 -0.569341 0.367654 -0.73531 0 0 0 187.313 
112 34.7012 44.85 61.3 1 0 0 1 0 1.517 165 158.333 164 0 0 0 0 -0.819012 -0.2566 0.513201 9.91755e-05 0.894364 0.447339 -0.573776 0.366427 -0.73247 0 0 0 185.813 
113 34.5425 44.8 61.4 1 0 0 1 0 1.526 165.333 160.778 164 0 0 0 0 -0.815744 -0.258675 0.517348 -4.81847e-05 0.894457 0.447154 -0.578413 0.364738 -0.72966 0 0 0 185.979 
114 34.3858 44.75 61.5 1 0 0 1 0 1.535 165.667 163.222 167 0 0 0 0 -0.812297 -0.260835 0.52167 4.67418e-05 0.894398 0.447272 -0.583245 0.363342 -0.726504 0 0 0 186.331 
115 34.2311 44.7 61.6 1 0 0 1 0 1.544 166 165.667 167 0 0 0 0 -0.808651 -0.263091 0.526181 -9.12365e-05 0.894483 0.447102 -0.588288 0.361502 -0.723349 0 0 0 186.703 
116 34.0785 44.65 61.7 1 0 0 1 0 1.553 170.333 171.778 167 0 0 0 0 -0.804817 -0.265431 0.530863 0 0.894428 0.447213 -0.593523 0.359925 -0.719851 0 0 0 191.078 
117 33.9279 44.6 61.8 1 0 0 1 0 1.562 174.667 177.889 167 0 0 0 0 -0.800783 -0.26786 0.535721 8.68157e-05 0.894376 0.447317 -0.598954 0.35825 -0.716178 0 0 0 195.898 
118 33.7795 44.55 61.9 1 0 0 1 0 1.571 179 184 167 0 0 0 0 -0.796528 -0.270387 0.540772 -4.24335e-05 0.894452 0.447164 -0.604602 0.356156 -0.712467 0 0 0 200.766 
119 33.6333 44.5 62 1 0 0 1 0 1.58 183 187.667 167 0 0 0 0 -0.792048 -0.273005 0.546011 4.14093e-05 0.894403 0.447262 -0.610459 0.354275 -0.708399 0 0 0 205.307 
120 33.4894 44.45 62.1 1 0 0 1 0 1.589 183 185.667 203 0 0 0 0 -0.787321 -0.275727 0.551453 -8.10505e-05 0.894473 0.447122 -0.616543 0.351984 -0.70426 0 0 0 205.812 
121 33.3478 44.4 62.2 1 0 0 1 0 1.598 183 183.667 203 0 0 0 0 -0.782343 -0.278546 0.557092 0 0.894428 0.447213 -0.622848 0.349874 -0.699749 0 0 0 205.868 
122 33.2085 44.35 62.3 1 0 0 1 0 1.607 183 181.667 203 0 0 0 0 -0.777099 -0.281466 0.562934 7.77185e-05 0.894385 0.447299 -0.629379 0.347639 -0.695003 0 0 0 205.874 
123 33.0717 44.3 62.4 1 0 0 1 0 1.616 183 179.667 203 0 0 0 0 -0.771572 -0.284492 0.568983 -3.81645e-05 0.894448 0.447173 -0.636142 0.345004 -0.690141 0 0 0 205.875 
124 32.9373 44.25 62.5 1 0 0 1 0 1.625 183.889 179.222 167 0 0 0 0 -0.765759 -0.287615 0.575231 3.74145e-05 0.894407 0.447253 -0.643127 0.34251 -0.68489 0 0 0 206.764 
125 32.8054 44.2 62.6 1 0 0 1 0 1.634 180.778 175.111 167 0 0 0 0 -0.75963 -0.290848 0.581695 -7.35338e-05 0.894465 0.447138 -0.650355 0.339616 -0.679484 0 0 0 203.752 
126 32.6761 44.15 62.7 1 0 0 1 0 1.643 177.667 171 167 0 0 0 0 -0.753178 -0.294184 0.588369 0 0.894428 0.447213 -0.657817 0.336831 -0.673663 0 0 0 200.306 
127 32.5494 44.1 62.8 1 0 0 1 0 1.652 174.556 166.889 167 0 0 0 0 -0.746384 -0.297627 0.595255 7.09356e-05 0.894392 0.447284 -0.665515 0.333888 -0.667539 0 0 0 196.812 
128 32.4254 44.05 62.9 1 0 0 1 0 1.661 171.444 162.778 175 0 0 0 0 -0.739212 -0.301187 0.602372 -3.48855e-05 0.894444 0.44718 -0.673473 0.33054 -0.661194 0 0 0 193.312 
129 32.304 44 63 1 0 0 1 0 1.67 172.333 164.333 175 0 0 0 0 -0.731653 -0.304855 0.609711 3.43956e-05 0.894411 0.447247 -0.681677 0.32725 -0.654388 0 0 0 193.812 
130 32.1854 43.95 63.1 1 0 0 1 0 1.679 172.667 166.222 175 0 0 0 0 -0.7237 -0.308629 0.617257 -6.7834e-05 0.894459 0.447151 -0.690114 0.323561 -0.647341 0 0 0 194.201 
131 32.0695 43.9 63.2 1 0 0 1 0 1.688 173 168.111 175 0 0 0 0 -0.71533 -0.312507 0.625015 2.21476e-15 0.894428 0.447213 -0.698787 0.319905 -0.639811 0 0 0 194.578 
132 31.9565 43.85 63.3 1 0 0 1 0 1.697 173.333 170 175 0 0 0 0 -0.706516 -0.316491 0.632984 6.58639e-05 0.894398 0.447272 -0.707697 0.316046 -0.631886 0 0 0 194.953 
133 31.8463 43.8 63.4 1 0 0 1 0 1.706 174.333 171.778 175 0 0 0 0 -0.697214 -0.320591 0.641182 -3.24931e-05 0.894441 0.447186 -0.716863 0.311764 -0.623627 0 0 0 195.995 
134 31.739 43.75 63.5 1 0 0 1 0 1.715 175.333 173.556 170 0 0 0 0 -0.687413 -0.324796 0.649593 3.20706e-05 0.894414 0.447241 -0.726267 0.30746 -0.614821 0 0 0 197.111 
135 31.6346 43.7 63.6 1 0 0 1 0 1.724 176.333 175.333 170 0 0 0 0 -0.677084 -0.329108 0.658214 -3.16526e-05 0.89444 0.447188 -0.735906 0.302763 -0.605621 0 0 0 198.234 
136 31.5332 43.65 63.7 1 0 0 1 0 1.733 178.333 177.222 170 0 0 0 0 -0.666194 -0.333522 0.667044 -3.12993e-05 0.89444 0.447189 -0.745778 0.297894 -0.595881 0 0 0 200.359 
137 31.4349 43.6 63.8 1 0 0 1 0 1.742 180.333 179.111 184 0 0 0 0 -0.65473 -0.338031 0.676064 3.10164e-05 0.894416 0.447237 -0.755863 0.292841 -0.585591 0 0 0 202.595 
138 31.3396 43.55 63.9 1 0 0 1 0 1.751 182.333 181 184 0 0 0 0 -0.642685 -0.342624 0.685248 0 0.894427 0.447214 -0.76613 0.287418 -0.574835 0 0 0 204.844 
139 31.2473 43.5 64 1 0 0 1 0 1.76 184.889 182.556 184 0 0 0 0 -0.629982 -0.34731 0.694621 3.03015e-05 0.894416 0.447236 -0.77661 0.281771 -0.563456 0 0 0 207.649 
140 31.1582 43.45 64.1 1 0 0 1 0 1.769 187.222 185.556 193 0 0 0 0 -0.616606 -0.352079 0.704157 -3.00365e-05 0.894437 0.447193 -0.787272 0.275721 -0.551526 0 0 0 210.294 
141 31.0722 43.4 64.2 1 0 0 1 0 1.778 189.556 188.556 193 0 0 0 0 -0.602549 -0.356913 0.713826 -2.97208e-05 0.894437 0.447194 -0.798082 0.269435 -0.538953 0 0 0 212.922 
142 30.9893 43.35 64.3 1 0 0 1 0 1.787 190.333 190.111 193 0 0 0 0 -0.587749 -0.361815 0.723631 2.94628e-05 0.894418 0.447232 -0.809043 0.262881 -0.525683 0 0 0 213.991 
143 30.9097 43.3 64.4 1 0 0 1 0 1.796 191.111 191.667 193 0 0 0 0 -0.572197 -0.366767 0.733534 0 0.894427 0.447214 -0.820116 0.255894 -0.511788 0 0 0 214.888 
144 30.8333 43.25 64.5 1 0 0 1 0 1.805 191.889 193.222 191 0 0 0 0 -0.555888 -0.37175 0.743499 0 0.894427 0.447214 -0.831257 0.248601 -0.497201 0 0 0 215.765 
145 30.7602 43.2 64.6 1 0 0 1 0 1.814 192.111 195.333 191 0 0 0 0 -0.538763 -0.376758 0.753517 0 0.894427 0.447214 -0.842457 0.240942 -0.481884 0 0 0 216.085 
146 30.6903 43.15 64.7 1 0 0 1 0 1.823 192.333 197.444 191 0 0 0 0 -0.520791 -0.381779 0.763558 0 0.894427 0.447214 -0.853684 0.232905 -0.46581 0 0 0 216.343 
147 30.6238 43.1 64.8 1 0 0 1 0 1.832 192.556 199.556 191 0 0 0 0 -0.501935 -0.386797 0.773595 0 0.894427 0.447214 -0.864905 0.224472 -0.448945 0 0 0 216.594 
148 30.5606 43.05 64.9 1 0 0 1 0 1.841 192.778 201.667 191 0 0 0 0 -0.4822 -0.391786 0.783573 0 0.894427 0.447214 -0.876061 0.215647 -0.431293 0 0 0 216.844 
149 30.5007 43 65 1 0 0 1 0 1.85 193.222 202.333 195 0 0 0 0 -0.461602 -0.396717 0.793435 0 0.894427 0.447214 -0.887087 0.206435 -0.412869 0 0 0 217.316 
150 30.4442 42.95 65.1 1 0 0 1 0 1.859 194.222 203.889 195 0 0 0 0 -0.440084 -0.401578 0.803157 0 0.894427 0.447214 -0.897956 0.196812 -0.393623 0 0 0 218.368 
151 30.3911 42.9 65.2 1 0 0 1 0 1.868 195.222 205.444 195 0 0 0 0 -0.41767 -0.406338 0.812675 0 0.894427 0.447214 -0.908599 0.186788 -0.373576 0 0 0 219.485 
152 30.3414 42.85 65.3 1 0 0 1 0 1.877 196.222 207 195 0 0 0 0 -0.394312 -0.410979 0.821958 0 0.894427 0.447214 -0.918977 0.176342 -0.352683 0 0 0 220.609 
153 30.2952 42.8 65.4 1 0 0 1 0 1.886 197.222 208.556 195 0 0 0 0 -0.370003 -0.415475 0.83095 0 0.894427 0.447214 -0.92903 0.16547 -0.330941 0 0 0 221.734 
154 30.2524 42.75 65.5 1 0 0 1 0 1.895 197.778 209.444 200 0 0 0 0 -0.344788 -0.419791 0.839581 0 0.894427 0.447214 -0.938681 0.154194 -0.308388 0 0 0 222.415 
155 30.213 42.7 65.6 1 0 0 1 0 1.904 198.333 210.333 200 0 0 0 0 -0.318719 -0.423891 0.847782 0 0.894427 0.447214 -0.947849 0.142535 -0.285071 0 0 0 223.046 
156 30.1772 42.65 65.7 1 0 0 1 0 1.913 198.556 209.111 200 0 0 0 0 -0.29182 -0.427748 0.855496 0 0.894427 0.447214 -0.956473 0.130506 -0.261012 0 0 0 223.338 
157 30.1448 42.6 65.8 1 0 0 1 0 1.922 198.778 207.889 200 0 0 0 0 -0.264121 -0.431333 0.862666 0 0.894427 0.447214 -0.96449 0.118118 -0.236237 0 0 0 223.593 
158 30.1159 42.55 65.9 1 0 0 1 0 1.931 199 206.667 200 0 0 0 0 -0.23566 -0.434618 0.869236 0 0.894427 0.447214 -0.971835 0.105391 -0.210781 0 0 0 223.844 
159 30.0906 42.5 66 1 0 0 1 0 1.94 198.667 204.556 200 0 0 0 0 -0.206488 -0.437576 0.875152 0 0.894427 0.447214 -0.978449 0.0923441 -0.184688 0 0 0 223.538 
160 30.0688 42.45 66.1 1 0 0 1 0 1.949 197.333 201.889 197 0 0 0 0 -0.17666 -0.44018 0.88036 0 0.894427 0.447214 -0.984272 0.0790046 -0.158009 0 0 0 222.171 
161 30.0505 42.4 66.2 1 0 0 1 0 1.958 196 199.222 197 0 0 0 0 -0.146289 -0.442402 0.884805 0 0.894427 0.447214 -0.989242 0.0654224 -0.130845 0 0 0 220.686 
162 30.0357 42.35 66.3 1 0 0 1 0 1.967 194.667 196.556 197 0 0 0 0 -0.115449 -0.444223 0.888447 0 0.894427 0.447214 -0.993313 0.0516304 -0.103261 0 0 0 219.187 
163 30.0245 42.3 66.4 1 0 0 1 0 1.976 193.333 193.889 197 0 0 0 0 -0.0842713 -0.445623 0.891246 0 0.894427 0.447214 -0.996443 0.0376873 -0.0753745 0 0 0 217.687 
164 30.0168 42.25 66.5 1 0 0 1 0 1.985 192 191.222 188 0 0 0 0 -0.0528456 -0.446589 0.893177 0 0.894427 0.447214 -0.998603 0.0236333 -0.0472665 0 0 0 216.188 
165 30.0126 42.2 66.6 1 0 0 1 0 1.994 191 190.667 188 0 0 0 0 -0.0212129 -0.447113 0.894226 0 0.894427 0.447214 -0.999775 0.0094867 -0.0189734 0 0 0 215.021 
166 30.012 42.15 66.7 1 0 0 1 0 2.003 190 190.111 188 0 0 0 0 0.0105348 -0.447189 0.894378 0 0.894427 0.447214 -0.999945 -0.00471133 0.00942265 0 0 0 213.891 
167 30.015 42.1 66.8 1 0 0 1 0 2.012 189 189.556 188 0 0 0 0 0.0422991 -0.446813 0.893627 0 0.894427 0.447214 -0.999105 -0.0189167 0.0378334 0 0 0 212.766 
168 30.0215 42.05 66.9 1 0 0 1 0 2.021 188 189 188 0 0 0 0 0.0738854 -0.445991 0.891982 0 0.894427 0.447214 -0.997267 -0.0330426 0.0660851 0 0 0 211.641 
169 30.0316 42 67 1 0 0 1 0 2.03 188 189 188 0 0 0 0 0.105155 -0.444734 0.889468 0 0.894427 0.447214 -0.994456 -0.0470268 0.0940537 0 0 0 211.516 
170 30.0451 41.95 67.1 1 0 0 1 0 2.039 189.111 191.111 188 0 0 0 0 0.136115 -0.443051 0.886103 0 0.894427 0.447214 -0.990693 -0.0608726 0.121745 0 0 0 212.613 
171 30.0623 41.9 67.2 1 0 0 1 0 2.048 190.222 193.222 188 0 0 0 0 0.166634 -0.440961 0.881922 0 0.894427 0.447214 -0.986019 -0.0745211 0.149042 0 0 0 213.846 
172 30.0829 41.85 67.3 1 0 0 1 0 2.057 191.333 195.333 188 0 0 0 0 0.196589 -0.438487 0.876973 0 0.894427 0.447214 -0.980486 -0.0879171 0.175834 0 0 0 215.094 
173 30.1071 41.8 67.4 1 0 0 1 0 2.066 192.444 197.444 188 0 0 0 0 0.226001 -0.435643 0.871286 0 0.894427 0.447214 -0.974127 -0.101071 0.202142 0 0 0 216.344 
174 30.1348 41.75 67.5 1 0 0 1 0 2.075 193.556 199.556 198 0 0 0 0 0.254764 -0.432457 0.864914 0 0.894427 0.447214 -0.967003 -0.113934 0.227868 0 0 0 217.594 
175 30.166 41.7 67.6 1 0 0 1 0 2.084 194.667 201.667 198 0 0 0 0 0.282735 -0.428966 0.857933 0 0.894427 0.447214 -0.959198 -0.126443 0.252886 0 0 0 218.844 
176 30.2007 41.65 67.7 1 0 0 1 0 2.093 196.222 203.444 198 0 0 0 0 0.309878 -0.4252 0.8504 0 0.894427 0.447214 -0.950776 -0.138581 0.277163 0 0 0 220.538 
177 30.2389 41.6 67.8 1 0 0 1 0 2.102 197.778 205.222 198 0 0 0 0 0.336198 -0.421182 0.842364 0 0.894427 0.447214 -0.941791 -0.150352 0.300705 0 0 0 222.282 
178 30.2805 41.55 67.9 1 0 0 1 0 2.111 199.333 207 198 0 0 0 0 0.361671 -0.41694 0.83388 0 0.894427 0.447214 -0.932306 -0.161744 0.323488 0 0 0 224.031 
179 30.3256 41.5 68 1 0 0 1 0 2.12 197.889 204.111 198 0 0 0 0 0.386244 -0.412508 0.825017 0 0.894427 0.447214 -0.922397 -0.172734 0.345467 0 0 0 222.781 
180 30.3742 41.45 68.1 1 0 0 1 0 2.129 196.444 201.111 202 0 0 0 0 0.409909 -0.407915 0.815831 0 0.894427 0.447214 -0.912126 -0.183317 0.366634 0 0 0 221.198 
181 30.4261 41.4 68.2 1 0 0 1 0 2.138 195 198.111 202 0 0 0 0 0.432666 -0.403187 0.806375 0 0.894427 0.447214 -0.901554 -0.193494 0.386988 0 0 0 219.578 
182 30.4815 41.35 68.3 1 0 0 1 0 2.147 193.556 195.111 202 0 0 0 0 0.454519 -0.39835 0.7967 0 0.894427 0.447214 -0.890737 -0.203267 0.406534 0 0 0 217.953 
183 30.5402 41.3 68.4 1 0 0 1 0 2.156 192.111 192.111 185 0 0 0 0 0.475444 -0.393434 0.786869 0 0.894427 0.447214 -0.879746 -0.212625 0.42525 0 0 0 216.328 
184 30.6023 41.25 68.5 1 0 0 1 0 2.165 190.667 189.111 185 0 0 0 0 0.49543 -0.388471 0.776942 0 0.894427 0.447214 -0.868648 -0.221563 0.443126 0 0 0 214.703 
185 30.6678 41.2 68.6 1 0 0 1 0 2.174 188.778 186.444 185 0 0 0 0 0.514565 -0.383464 0.766928 0 0.894427 0.447214 -0.857452 -0.23012 0.460241 0 0 0 212.634 
186 30.7365 41.15 68.7 1 0 0 1 0 2.183 186.889 183.778 185 0 0 0 0 0.532843 -0.378438 0.756877 0 0.894427 0.447214 -0.846214 -0.238295 0.476589 0 0 0 210.515 
187 30.8086 41.1 68.8 1 0 0 1 0 2.192 185 181.111 185 0 0 0 0 0.550259 -0.373421 0.746842 0 0.894427 0.447214 -0.834994 -0.246083 0.492166 0 0 0 208.391 
188 30.8839 41.05 68.9 1 0 0 1 0 2.201 185 181 185 0 0 0 0 0.566871 -0.368417 0.736835 0 0.894427 0.447214 -0.823806 -0.253513 0.507025 0 0 0 208.155 
189 30.9624 41 69 1 0 0 1 0 2.21 185 181 185 0 0 0 0 0.582688 -0.363449 0.726897 0 0.894427 0.447214 -0.812696 -0.260586 0.521172 0 0 0 208.128 
190 31.0442 40.95 69.1 1 0 0 1 0 2.219 185.556 182.889 185 0 0 0 0 0.597742 -0.358526 0.717052 0 0.894427 0.447214 -0.801689 -0.267318 0.534636 0 0 0 208.681 
191 31.1292 40.9 69.2 1 0 0 1 0 2.228 186.111 184.778 185 0 0 0 0 0.612043 -0.353668 0.707335 0 0.894427 0.447214 -0.790825 -0.273714 0.547428 0 0 0 209.298 
192 31.2173 40.85 69.3 1 0 0 1 0 2.237 185.333 183.111 185 0 0 0 0 0.625601 -0.348891 0.697781 0 0.894427 0.447214 -0.780143 -0.279777 0.559554 0 0 0 208.589 
193 31.3085 40.8 69.4 1 0 0 1 0 2.246 184.556 181.444 185 0 0 0 0 0.638523 -0.344177 0.688353 0 0.894427 0.447214 -0.769602 -0.285556 0.571113 0 0 0 207.732 
194 31.4028 40.75 69.5 1 0 0 1 0 2.255 183.778 179.778 190 0 0 0 0 0.650798 -0.339547 0.679095 0 0.894427 0.447214 -0.759251 -0.291046 0.582091 0 0 0 206.859 
195 31.5001 40.7 69.6 1 0 0 1 0 2.264 183 178.111 190 0 0 0 0 0.662457 -0.335008 0.670015 0 0.894427 0.447214 -0.7491 -0.29626 0.59252 0 0 0 205.984 
196 31.6005 40.65 69.7 1 0 0 1 0 2.273 184.222 179.444 178 0 0 0 0 0.673535 -0.33056 0.66112 0 0.894427 0.447214 -0.739155 -0.301214 0.602428 0 0 0 207.109 
197 31.7039 40.6 69.8 1 0 0 1 0 2.282 185.444 180.778 178 0 0 0 0 0.684023 -0.326225 0.65245 0 0.894427 0.447214 -0.729461 -0.305904 0.611808 0 0 0 208.457 
198 31.8102 40.55 69.9 1 0 0 1 0 2.291 186.667 182.111 178 0 0 0 0 0.693989 -0.321987 0.643975 0 0.894427 0.447214 -0.719986 -0.310361 0.620723 0 0 0 209.829 
199 31.9194 40.5 70 1 0 0 1 0 2.3 187.333 181.556 178 0 0 0 0 0.703448 -0.317855 0.635711 0 0.894427 0.447214 -0.710746 -0.314592 0.629183 0 0 0 210.648 
200 32.0315 40.45 70.1 1 0 0 1 0 2.309 188.778 183.556 196 0 0 0 0 0.712428 -0.31383 0.62766 0 0.894427 0.447214 -0.701745 -0.318608 0.637215 0 0 0 212.183 
201 32.1464 40.4 70.2 1 0 0 1 0 2.318 190.556 187 196 0 0 0 0 0.720973 -0.309902 0.619805 0 0.894427 0.447214 -0.692963 -0.322429 0.644858 0 0 0 214.131 
202 32.2642 40.35 70.3 1 0 0 1 0 2.327 192.333 190.444 196 0 0 0 0 0.729057 -0.306097 0.612193 0 0.894427 0.447214 -0.684453 -0.326044 0.652088 0 0 0 216.126 
203 32.3846 40.3 70.4 1 0 0 1 0 2.336 194.111 193.889 196 0 0 0 0 0.736722 -0.302404 0.604808 0 0.894427 0.447214 -0.676196 -0.329472 0.658944 0 0 0 218.125 
204 32.5078 40.25 70.5 1 0 0 1 0 2.345 195.889 197.333 203 0 0 0 0 0.744011 -0.298813 0.597627 0 0.894427 0.447214 -0.668167 -0.332732 0.665464 0 0 0 220.125 
205 32.6336 40.2 70.6 1 0 0 1 0 2.354 195.667 197.778 194 0 0 0 0 0.750929 -0.295332 0.590664 0 0.894427 0.447214 -0.660383 -0.335826 0.671652 0 0 0 220.125 
206 32.762 40.15 70.7 1 0 0 1 0 2.363 195.444 198.222 194 0 0 0 0 0.7575 -0.291957 0.583914 0 0.894427 0.447214 -0.652835 -0.338764 0.677528 0 0 0 219.903 
207 32.8931 40.1 70.8 1 0 0 1 0 2.372 195.222 198.667 194 0 0 0 0 0.76374 -0.288687 0.577374 0 0.894427 0.447214 -0.645524 -0.341555 0.68311 0 0 0 219.656 
208 33.0266 40.05 70.9 1 0 0 1 0 2.381 194.333 197.889 194 0 0 0 0 0.769668 -0.285521 0.571042 0 0.894427 0.447214 -0.638445 -0.344206 0.688412 0 0 0 218.74 
209 33.1626 40 71 1 0 0 1 0 2.39 192.667 194.556 194 0 0 0 0 0.775279 -0.282468 0.564937 0 0.894427 0.447214 -0.631619 -0.346715 0.693431 0 0 0 216.971 
210 33.3011 39.95 71.1 1 0 0 1 0 2.399 192.333 194 194 0 0 0 0 0.780616 -0.279513 0.559027 0 0.894427 0.447214 -0.625011 -0.349102 0.698204 0 0 0 216.441 
211 33.4419 39.9 71.2 1 0 0 1 0 2.408 192 193.444 194 0 0 0 0 0.785695 -0.276653 0.553306 0 0.894427 0.447214 -0.618614 -0.351373 0.702747 0 0 0 216.049 
212 33.5851 39.85 71.3 1 0 0 1 0 2.417 191.667 192.889 188 0 0 0 0 0.790504 -0.273899 0.547798 0 0.894427 0.447214 -0.612456 -0.353524 0.707049 0 0 0 215.672 
213 33.7305 39.8 71.4 1 0 0 1 0 2.426 191.333 192.333 188 0 0 0 0 0.79506 -0.271249 0.542497 0 0.894427 0.447214 -0.606531 -0.355562 0.711123 0 0 0 215.297 
214 33.8782 39.75 71.5 1 0 0 1 0 2.435 191 191.778 191 0 0 0 0 0.799389 -0.268692 0.537384 0 0.894427 0.447214 -0.600814 -0.357498 0.714995 0 0 0 214.922 
215 34.028 39.7 71.6 1 0 0 1 0 2.444 191.333 192.444 191 0 0 0 0 0.803502 -0.266227 0.532454 0 0.894427 0.447214 -0.595302 -0.359337 0.718674 0 0 0 215.214 
216 34.18 39.65 71.7 1 0 0 1 0 2.453 192 192.778 191 0 0 0 0 0.807402 -0.263857 0.527713 0 0.894427 0.447214 -0.590001 -0.361081 0.722163 0 0 0 215.913 
217 34.334 39.6 71.8 1 0 0 1 0 2.462 193.333 194.333 191 0 0 0 0 0.8111 -0.261579 0.523158 0 0.894427 0.447214 -0.584908 -0.362735 0.72547 0 0 0 217.324 
218 34.4901 39.55 71.9 1 0 0 1 0 2.471 194.667 195.889 191 0 0 0 0 0.814614 -0.259386 0.518771 0 0.894427 0.447214 -0.580004 -0.364306 0.728613 0 0 0 218.814 
219 34.6481 39.5 72 1 0 0 1 0 2.48 195.667 196.778 197 0 0 0 0 0.817937 -0.257285 0.514571 0 0.894427 0.447214 -0.575308 -0.365793 0.731585 0 0 0 219.979 
220 34.808 39.45 72.1 1 0 0 1 0 2.489 194.889 195.111 200 0 0 0 0 0.821079 -0.255276 0.510552 0 0.894427 0.447214 -0.570814 -0.367198 0.734396 0 0 0 219.331 
221 34.9697 39.4 72.2 1 0 0 1 0 2.498 192.222 189.556 200 0 0 0 0 0.824068 -0.253342 0.506685 0 0.894427 0.447214 -0.566491 -0.368534 0.737069 0 0 0 216.592 
222 35.1333 39.35 72.3 1 0 0 1 0 2.507 189.556 184 200 0 0 0 0 0.8269 -0.25149 0.50298 0 0.894427 0.447214 -0.562348 -0.369801 0.739602 0 0 0 213.621 
223 35.2985 39.3 72.4 1 0 0 1 0 2.516 186.889 178.444 200 0 0 0 0 0.829584 -0.249716 0.499433 0 0.894427 0.447214 -0.558383 -0.371001 0.742002 0 0 0 210.625 
224 35.4655 39.25 72.5 1 0 0 1 0 2.525 183.556 171.667 184 0 0 0 0 0.832118 -0.248024 0.496047 0 0.894427 0.447214 -0.554598 -0.372135 0.744269 0 0 0 206.958 
225 35.634 39.2 72.6 1 0 0 1 0 2.534 179.889 165.222 167 0 0 0 0 0.834503 -0.246416 0.492833 0 0.894427 0.447214 -0.551004 -0.373201 0.746402 0 0 0 202.884 
226 35.8041 39.15 72.7 1 0 0 1 0 2.543 176.222 158.778 167 0 0 0 0 0.836752 -0.244886 0.489772 0 0.894427 0.447214 -0.547582 -0.374207 0.748414 0 0 0 198.765 
227 35.9757 39.1 72.8 1 0 0 1 0 2.552 176.889 161 167 0 0 0 0 0.83887 -0.243432 0.486865 0 0.894427 0.447214 -0.544331 -0.375154 0.750309 0 0 0 198.974 
228 36.1487 39.05 72.9 1 0 0 1 0 2.561 177.556 163.222 167 0 0 0 0 0.840872 -0.242047 0.484095 0 0.894427 0.447214 -0.541234 -0.376049 0.752099 0 0 0 199.664 
229 36.3231 39 73 1 0 0 1 0 2.57 180 168 167 0 0 0 0 0.842762 -0.240729 0.481457 0 0.894427 0.447214 -0.538286 -0.376895 0.75379 0 0 0 202.185 
230 36.4988 38.95 73.1 1 0 0 1 0 2.579 183 174.667 167 0 0 0 0 0.844531 -0.239486 0.478971 0 0.894427 0.447214 -0.535506 -0.377686 0.755372 0 0 0 205.465 
231 36.6758 38.9 73.2 1 0 0 1 0 2.588 186 181.333 206 0 0 0 0 0.846184 -0.238316 0.476632 0 0.894427 0.447214 -0.532891 -0.378425 0.75685 0 0 0 208.829 
232 36.8539 38.85 73.3 1 0 0 1 0 2.597 190.778 190.778 206 0 0 0 0 0.847722 -0.23722 0.47444 0 0.894427 0.447214 -0.530441 -0.379113 0.758226 0 0 0 213.981 
233 37.0331 38.8 73.4 1 0 0 1 0 2.606 195.556 200.222 206 0 0 0 0 0.849158 -0.236191 0.472382 0 0.894427 0.447214 -0.528139 -0.379755 0.75951 0 0 0 219.331 
234 37.2134 38.75 73.5 1 0 0 1 0 2.615 200.333 209.667 194 0 0 0 0 0.850496 -0.235226 0.470452 0 0.894427 0.447214 -0.525981 -0.380353 0.760707 0 0 0 224.703 
235 37.3947 38.7 73.6 1 0 0 1 0 2.624 205.111 219.111 194 0 0 0 0 0.85174 -0.234324 0.468648 0 0.894427 0.447214 -0.523964 -0.38091 0.76182 0 0 0 230.078 
236 37.5769 38.65 73.7 1 0 0 1 0 2.633 204.556 217.222 210 0 0 0 0 0.852886 -0.233489 0.466978 0 0.894427 0.447214 -0.522098 -0.381422 0.762844 0 0 0 230.12 
237 37.76 38.6 73.8 1 0 0 1 0 2.642 204 215.333 210 0 0 0 0 0.853934 -0.232721 0.465443 0 0.894427 0.447214 -0.520381 -0.381891 0.763782 0 0 0 229.569 
238 37.9438 38.55 73.9 1 0 0 1 0 2.651 201.333 209.111 210 0 0 0 0 0.854888 -0.23202 0.464039 0 0.894427 0.447214 -0.518812 -0.382318 0.764635 0 0 0 226.841 
239 38.1284 38.5 74 1 0 0 1 0 2.66 200 204.889 210 0 0 0 0 0.855752 -0.231382 0.462764 0 0.894427 0.447214 -0.517386 -0.382704 0.765408 0 0 0 225.205 
240 38.3137 38.45 74.1 1 0 0 1 0 2.669 199.111 202.333 201 0 0 0 0 0.856534 -0.230803 0.461606 0 0.894427 0.447214 -0.516091 -0.383053 0.766107 0 0 0 224.134 
241 38.4995 38.4 74.2 1 0 0 1 0 2.678 196.444 197 201 0 0 0 0 0.857229 -0.230286 0.460572 0 0.894427 0.447214 -0.514936 -0.383364 0.766729 0 0 0 221.348 
242 38.6859 38.35 74.3 1 0 0 1 0 2.687 193.778 191.667 182 0 0 0 0 0.857838 -0.229832 0.459664 0 0.894427 0.447214 -0.51392 -0.383637 0.767274 0 0 0 218.372 
243 38.8728 38.3 74.4 1 0 0 1 0 2.696 191.444 187 182 0 0 0 0 0.858362 -0.229441 0.458881 0 0.894427 0.447214 -0.513045 -0.383871 0.767742 0 0 0 215.708 
244 39.06 38.25 74.5 1 0 0 1 0 2.705 189.111 182.333 186 0 0 0 0 0.858804 -0.22911 0.458219 0 0.894427 0.447214 -0.512305 -0.384069 0.768137 0 0 0 213.079 
245 39.2476 38.2 74.6 1 0 0 1 0 2.714 187.778 180.333 186 0 0 0 0 0.85917 -0.228834 0.457669 0 0.894427 0.447214 -0.511689 -0.384233 0.768465 0 0 0 211.453 
246 39.4355 38.15 74.7 1 0 0 1 0 2.723 186.444 178.333 186 0 0 0 0 0.859451 -0.228624 0.457248 0 0.894427 0.447214 -0.511219 -0.384358 0.768716 0 0 0 209.939 
247 39.6235 38.1 74.8 1 0 0 1 0 2.732 187.222 180.667 189 0 0 0 0 0.85965 -0.228474 0.456948 0 0.894427 0.447214 -0.510884 -0.384447 0.768894 0 0 0 210.549 
248 39.8117 38.05 74.9 1 0 0 1 0 2.741 186.778 180.556 189 0 0 0 0 0.859775 -0.22838 0.45676 0 0.894427 0.447214 -0.510674 -0.384503 0.769006 0 0 0 210.172 
249 40 38 75 1 0 0 1 0 2.75 185.889 178.778 189 0 0 0 0 0.859814 -0.22835 0.456701 -0 0.894427 0.447214 -0.510607 -0.384521 0.769041 0 0 0 209.241 
250 40.1883 37.95 75.1 1 0 0 1 0 2.759 187.333 182.222 189 0 0 0 0 0.859775 -0.22838 0.45676 -0 0.894427 0.447214 -0.510674 -0.384503 0.769006 0 0 0 210.582 
251 40.3765 37.9 75.2 1 0 0 1 0 2.768 188.778 185.667 189 0 0 0 0 0.85965 -0.228474 0.456948 -0 0.894427 0.447214 -0.510884 -0.384447 0.768894 0 0 0 212.176 
252 40.5645 37.85 75.3 1 0 0 1 0 2.777 189.889 188.444 178 0 0 0 0 0.859451 -0.228624 0.457248 -0 0.894427 0.447214 -0.511219 -0.384358 0.768716 0 0 0 213.464 
253 40.7524 37.8 75.4 1 0 0 1 0 2.786 188.556 185.778 178 0 0 0 0 0.85917 -0.228834 0.457669 -0 0.894427 0.447214 -0.511689 -0.384233 0.768465 0 0 0 212.274 
254 40.94 37.75 75.5 1 0 0 1 0 2.795 187.222 183.111 199 0 0 0 0 0.858804 -0.22911 0.458219 -0 0.894427 0.447214 -0.512305 -0.384069 0.768137 0 0 0 210.808 
255 41.1272 37.7 75.6 1 0 0 1 0 2.804 185.889 180.444 199 0 0 0 0 0.858362 -0.229441 0.458881 -0 0.894427 0.447214 -0.513045 -0.383871 0.767742 0 0 0 209.312 
256 41.3141 37.65 75.7 1 0 0 1 0 2.813 188.111 184.111 199 0 0 0 0 0.857838 -0.229832 0.459664 -0 0.894427 0.447214 -0.51392 -0.383637 0.767274 0 0 0 211.368 
257 41.5005 37.6 75.8 1 0 0 1 0 2.822 191.556 190.222 177 0 0 0 0 0.857229 -0.230286 0.460572 -0 0.894427 0.447214 -0.514936 -0.383364 0.766729 0 0 0 215.041 
258 41.6863 37.55 75.9 1 0 0 1 0 2.831 195 196.333 177 0 0 0 0 0.856534 -0.230803 0.461606 -0 0.894427 0.447214 -0.516091 -0.383053 0.766107 0 0 0 218.893 
259 41.8716 37.5 76 1 0 0 1 0 2.84 195.444 195.889 177 0 0 0 0 0.855752 -0.231382 0.462764 -0 0.894427 0.447214 -0.517386 -0.382704 0.765408 0 0 0 219.766 
260 42.0562 37.45 76.1 1 0 0 1 0 2.849 198.222 200.778 209 0 0 0 0 0.854888 -0.23202 0.464039 -0 0.894427 0.447214 -0.518812 -0.382318 0.764635 0 0 0 222.641 
261 42.24 37.4 76.2 1 0 0 1 0 2.858 201 205.667 209 0 0 0 0 0.853934 -0.232721 0.465443 -0 0.894427 0.447214 -0.520381 -0.381891 0.763782 0 0 0 225.738 
262 42.4231 37.35 76.3 1 0 0 1 0 2.867 206.222 216 209 0 0 0 0 0.852886 -0.233489 0.466978 -0 0.894427 0.447214 -0.522098 -0.381422 0.762844 0 0 0 231.304 
263 42.6053 37.3 76.4 1 0 0 1 0 2.876 211.444 226.333 203 0 0 0 0 0.85174 -0.234324 0.468648 -0 0.894427 0.447214 -0.523964 -0.38091 0.76182 0 0 0 237.145 
264 42.7866 37.25 76.5 1 0 0 1 0 2.885 212.667 228.778 224 0 0 0 0 0.850496 -0.235226 0.470452 -0 0.894427 0.447214 -0.525981 -0.380353 0.760707 0 0 0 239.016 
265 42.9669 37.2 76.6 1 0 0 1 0 2.894 210.333 224.889 224 0 0 0 0 0.849158 -0.236191 0.472382 -0 0.894427 0.447214 -0.528139 -0.379755 0.75951 0 0 0 236.891 
266 43.1461 37.15 76.7 1 0 0 1 0 2.903 208 221 224 0 0 0 0 0.847722 -0.23722 0.47444 -0 0.894427 0.447214 -0.530441 -0.379113 0.758226 0 0 0 234.321 
267 43.3242 37.1 76.8 1 0 0 1 0 2.912 205.667 217.111 224 0 0 0 0 0.846184 -0.238316 0.476632 -0 0.894427 0.447214 -0.532891 -0.378425 0.75685 0 0 0 231.702 
268 43.5012 37.05 76.9 1 0 0 1 0 2.921 204 214.556 188 0 0 0 0 0.844531 -0.239486 0.478971 -0 0.894427 0.447214 -0.535506 -0.377686 0.755372 0 0 0 229.745 
269 43.6769 37 77 1 0 0 1 0 2.93 200 206.667 188 0 0 0 0 0.842762 -0.240729 0.481457 -0 0.894427 0.447214 -0.538286 -0.376895 0.75379 0 0 0 225.527 
270 43.8513 36.95 77.1 1 0 0 1 0 2.939 197.889 202.444 188 0 0 0 0 0.840872 -0.242047 0.484095 -0 0.894427 0.447214 -0.541234 -0.376049 0.752099 0 0 0 222.947 
271 44.0243 36.9 77.2 1 0 0 1 0 2.948 195.778 198.222 188 0 0 0 0 0.83887 -0.243432 0.486865 -0 0.894427 0.447214 -0.544331 -0.375154 0.750309 0 0 0 220.55 
272 44.1959 36.85 77.3 1 0 0 1 0 2.957 193.667 194 188 0 0 0 0 0.836752 -0.244886 0.489772 -0 0.894427 0.447214 -0.547582 -0.374207 0.748414 0 0 0 218.172 
273 44.366 36.8 77.4 1 0 0 1 0 2.966 195.556 197.667 188 0 0 0 0 0.834503 -0.246416 0.492833 -0 0.894427 0.447214 -0.551004 -0.373201 0.746402 0 0 0 219.797 
274 44.5345 36.75 77.5 1 0 0 1 0 2.975 197.444 201.333 205 0 0 0 0 0.832118 -0.248024 0.496047 -0 0.894427 0.447214 -0.554598 -0.372135 0.744269 0 0 0 221.866 
275 44.7015 36.7 77.6 1 0 0 1 0 2.984 199.333 205 205 0 0 0 0 0.829584 -0.249716 0.499433 -0 0.894427 0.447214 -0.558383 -0.371001 0.742002 0 0 0 223.985 
276 44.8667 36.65 77.7 1 0 0 1 0 2.993 200.111 205.778 205 0 0 0 0 0.8269 -0.25149 0.50298 -0 0.894427 0.447214 -0.562348 -0.369801 0.739602 0 0 0 224.998 
277 45.0303 36.6 77.8 1 0 0 1 0 3.002 200.889 206.556 205 0 0 0 0 0.824068 -0.253342 0.506685 -0 0.894427 0.447214 -0.566491 -0.368534 0.737069 0 0 0 225.889 
278 45.192 36.55 77.9 1 0 0 1 0 3.011 201.667 207.333 205 0 0 0 0 0.821079 -0.255276 0.510552 -0 0.894427 0.447214 -0.570814 -0.367198 0.734396 0 0 0 226.765 
279 45.3519 36.5 78 1 0 0 1 0 3.02 200.556 204.444 205 0 0 0 0 0.817937 -0.257285 0.514571 -0 0.894427 0.447214 -0.575308 -0.365793 0.731585 0 0 0 225.752 
280 45.5099 36.45 78.1 1 0 0 1 0 3.029 198.889 201.222 195 0 0 0 0 0.814614 -0.259386 0.518771 -0 0.894427 0.447214 -0.580004 -0.364306 0.728613 0 0 0 223.972 
281 45.666 36.4 78.2 1 0 0 1 0 3.038 197.222 198 195 0 0 0 0 0.8111 -0.261579 0.523158 -0 0.894427 0.447214 -0.584908 -0.362735 0.72547 0 0 0 222.108 
282 45.82 36.35 78.3 1 0 0 1 0 3.047 195.556 194.778 195 0 0 0 0 0.807402 -0.263857 0.527713 -0 0.894427 0.447214 -0.590001 -0.361081 0.722163 0 0 0 220.234 
283 45.972 36.3 78.4 1 0 0 1 0 3.056 194.556 192.778 195 0 0 0 0 0.803502 -0.266227 0.532454 -0 0.894427 0.447214 -0.595302 -0.359337 0.718674 0 0 0 219.026 
284 46.1218 36.25 78.5 1 0 0 1 0 3.065 193.556 190.778 190 0 0 0 0 0.799389 -0.268692 0.537384 -0 0.894427 0.447214 -0.600814 -0.357498 0.714995 0 0 0 217.892 
285 46.2695 36.2 78.6 1 0 0 1 0 3.074 193.667 191.667 190 0 0 0 0 0.79506 -0.271249 0.542497 -0 0.894427 0.447214 -0.606531 -0.355562 0.711123 0 0 0 217.877 
286 46.4149 36.15 78.7 1 0 0 1 0 3.083 193.778 192.556 190 0 0 0 0 0.790504 -0.273899 0.547798 -0 0.894427 0.447214 -0.612456 -0.353524 0.707049 0 0 0 217.986 
287 46.5581 36.1 78.8 1 0 0 1 0 3.092 193.889 193.444 196 0 0 0 0 0.785695 -0.276653 0.553306 -0 0.894427 0.447214 -0.618614 -0.351373 0.702747 0 0 0 218.11 
288 46.6989 36.05 78.9 1 0 0 1 0 3.101 194 194.333 196 0 0 0 0 0.780616 -0.279513 0.559027 -0 0.894427 0.447214 -0.625011 -0.349102 0.698204 0 0 0 218.234 
289 46.8374 36 79 1 0 0 1 0 3.11 194.667 195.556 196 0 0 0 0 0.775279 -0.282468 0.564937 -0 0.894427 0.447214 -0.631619 -0.346715 0.693431 0 0 0 218.915 
290 46.9734 35.95 79.1 1 0 0 1 0 3.119 195.222 196.556 196 0 0 0 0 0.769668 -0.285521 0.571042 -0 0.894427 0.447214 -0.638445 -0.344206 0.688412 0 0 0 219.546 
291 47.1069 35.9 79.2 1 0 0 1 0 3.128 195.778 197.556 196 0 0 0 0 0.76374 -0.288687 0.577374 -0 0.894427 0.447214 -0.645524 -0.341555 0.68311 0 0 0 220.172 
292 47.238 35.85 79.3 1 0 0 1 0 3.137 195.667 197.333 196 0 0 0 0 0.7575 -0.291957 0.583914 -0 0.894427 0.447214 -0.652835 -0.338764 0.677528 0 0 0 220.13 
293 47.3664 35.8 79.4 1 0 0 1 0 3.146 195.556 197.111 196 0 0 0 0 0.750929 -0.295332 0.590664 -0 0.894427 0.447214 -0.660383 -0.335826 0.671652 0 0 0 220.014 
294 47.4922 35.75 79.5 1 0 0 1 0 3.155 195.444 196.889 195 0 0 0 0 0.744011 -0.298814 0.597627 -0 0.894427 0.447214 -0.668168 -0.332732 0.665464 0 0 0 219.891 
295 47.6154 35.7 79.6 1 0 0 1 0 3.164 195.333 196.667 195 0 0 0 0 0.736722 -0.302404 0.604808 -0 0.894427 0.447214 -0.676196 -0.329472 0.658944 0 0 0 219.766 
296 47.7358 35.65 79.7 1 0 0 1 0 3.173 197.222 199.778 195 0 0 0 0 0.729057 -0.306097 0.612193 -0 0.894427 0.447214 -0.684453 -0.326044 0.652089 0 0 0 221.641 
297 47.8536 35.6 79.8 1 0 0 1 0 3.182 199.111 202.889 195 0 0 0 0 0.720973 -0.309902 0.619805 -0 0.894427 0.447214 -0.692963 -0.322429 0.644858 0 0 0 223.738 
298 47.9685 35.55 79.9 1 0 0 1 0 3.191 201 206 195 0 0 0 0 0.712428 -0.31383 0.62766 -0 0.894427 0.447214 -0.701745 -0.318608 0.637215 0 0 0 225.86 
299 48.0806 35.5 80 1 0 0 1 0 3.2 201.111 205.556 195 0 0 0 0 0.703448 -0.317856 0.635711 -0 0.894427 0.447214 -0.710747 -0.314591 0.629183 0 0 0 226.207 
300 48.1898 35.45 80.1 1 0 0 1 0 3.209 199.556 202.333 213 0 0 0 0 0.693989 -0.321987 0.643975 -0 0.894427 0.447214 -0.719986 -0.310361 0.620723 0 0 0 224.69 
301 48.2961 35.4 80.2 1 0 0 1 0 3.218 198 199.111 213 0 0 0 0 0.684023 -0.326224 0.652449 -0 0.894427 0.447214 -0.72946 -0.305905 0.611809 0 0 0 222.966 
302 48.3995 35.35 80.3 1 0 0 1 0 3.227 196.444 195.889 213 0 0 0 0 0.673536 -0.33056 0.66112 -0 0.894427 0.447214 -0.739154 -0.301215 0.602429 0 0 0 221.218 
303 48.4999 35.3 80.4 1 0 0 1 0 3.236 194.889 192.667 196 0 0 0 0 0.662458 -0.335007 0.670015 -0 0.894427 0.447214 -0.749099 -0.29626 0.59252 0 0 0 219.469 
304 48.5972 35.25 80.5 1 0 0 1 0 3.245 193.333 189.444 181 0 0 0 0 0.650798 -0.339547 0.679094 -0 0.894427 0.447214 -0.759251 -0.291046 0.582092 0 0 0 217.719 
305 48.6915 35.2 80.6 1 0 0 1 0 3.254 189.778 182.889 181 0 0 0 0 0.638523 -0.344177 0.688353 -0 0.894427 0.447214 -0.769602 -0.285556 0.571113 0 0 0 213.969 
306 48.7827 35.15 80.7 1 0 0 1 0 3.263 186.222 176.333 181 0 0 0 0 0.625601 -0.348891 0.697781 -0 0.894427 0.447214 -0.780143 -0.279777 0.559555 0 0 0 209.997 
307 48.8708 35.1 80.8 1 0 0 1 0 3.272 182.667 169.778 181 0 0 0 0 0.612043 -0.353667 0.707335 -0 0.894427 0.447214 -0.790824 -0.273714 0.547428 0 0 0 206 
308 48.9558 35.05 80.9 1 0 0 1 0 3.281 181 167 181 0 0 0 0 0.597743 -0.358526 0.717052 -0 0.894427 0.447214 -0.801688 -0.267319 0.534637 0 0 0 203.889 
309 49.0376 35 81 1 0 0 1 0 3.29 181 167 181 0 0 0 0 0.582687 -0.363449 0.726898 -0 0.894427 0.447214 -0.812696 -0.260586 0.521171 0 0 0 203.654 
310 49.1161 34.95 81.1 1 0 0 1 0 3.299 181.889 168.889 181 0 0 0 0 0.56687 -0.368418 0.736836 -0 0.894427 0.447214 -0.823807 -0.253512 0.507024 0 0 0 204.517 
311 49.1914 34.9 81.2 1 0 0 1 0 3.308 182.778 170.778 181 0 0 0 0 0.550258 -0.373421 0.746842 -0 0.894427 0.447214 -0.834995 -0.246083 0.492165 0 0 0 205.502 
312 49.2635 34.85 81.3 1 0 0 1 0 3.317 184.444 174.556 181 0 0 0 0 0.532843 -0.378438 0.756877 -0 0.894427 0.447214 -0.846214 -0.238295 0.476589 0 0 0 207.278 
313 49.3322 34.8 81.4 1 0 0 1 0 3.326 186.111 178.333 181 0 0 0 0 0.514565 -0.383464 0.766928 -0 0.894427 0.447214 -0.857452 -0.23012 0.460241 0 0 0 209.142 
314 49.3977 34.75 81.5 1 0 0 1 0 3.335 187.778 182.111 189 0 0 0 0 0.495428 -0.388472 0.776943 -0 0.894427 0.447214 -0.868649 -0.221562 0.443125 0 0 0 211.016 
315 49.4598 34.7 81.6 1 0 0 1 0 3.344 189.444 185.889 189 0 0 0 0 0.475442 -0.393435 0.78687 -0 0.894427 0.447214 -0.879747 -0.212624 0.425248 0 0 0 212.891 
316 49.5185 34.65 81.7 1 0 0 1 0 3.353 191.667 190.333 196 0 0 0 0 0.454517 -0.39835 0.7967 -0 0.894427 0.447214 -0.890738 -0.203266 0.406533 0 0 0 215.321 
317 49.5739 34.6 81.8 1 0 0 1 0 3.362 193.889 194.778 196 0 0 0 0 0.432666 -0.403187 0.806374 -0 0.894427 0.447214 -0.901554 -0.193494 0.386989 0 0 0 217.813 
318 49.6258 34.55 81.9 1 0 0 1 0 3.371 196.111 199.222 196 0 0 0 0 0.40991 -0.407915 0.81583 -0 0.894427 0.447214 -0.912126 -0.183317 0.366635 0 0 0 220.313 
319 49.6744 34.5 82 1 0 0 1 0 3.38 197.444 201.778 196 0 0 0 0 0.386245 -0.412508 0.825016 -0 0.894427 0.447214 -0.922396 -0.172734 0.345468 0 0 0 221.924 
320 49.7195 34.45 82.1 1 0 0 1 0 3.389 197.667 202.556 201 0 0 0 0 0.36167 -0.41694 0.83388 -0 0.894427 0.447214 -0.932306 -0.161744 0.323488 0 0 0 222.325 
321 49.7611 34.4 82.2 1 0 0 1 0 3.398 197.111 201.444 201 0 0 0 0 0.336196 -0.421182 0.842364 -0 0.894427 0.447214 -0.941792 -0.150351 0.300703 0 0 0 221.814 
322 49.7993 34.35 82.3 1 0 0 1 0 3.407 196.556 200.333 201 0 0 0 0 0.309877 -0.4252 0.850401 -0 0.894427 0.447214 -0.950777 -0.138581 0.277162 0 0 0 221.202 
323 49.834 34.3 82.4 1 0 0 1 0 3.416 196 199.222 201 0 0 0 0 0.282738 -0.428966 0.857932 -0 0.894427 0.447214 -0.959197 -0.126444 0.252889 0 0 0 220.578 
324 49.8652 34.25 82.5 1 0 0 1 0 3.425 195.444 198.111 191 0 0 0 0 0.254767 -0.432457 0.864913 -0 0.894427 0.447214 -0.967003 -0.113935 0.22787 0 0 0 219.953 
325 49.8929 34.2 82.6 1 0 0 1 0 3.434 194.333 196.333 191 0 0 0 0 0.226001 -0.435643 0.871286 -0 0.894427 0.447214 -0.974127 -0.101071 0.202142 0 0 0 218.773 
326 49.9171 34.15 82.7 1 0 0 1 0 3.443 193.222 194.556 191 0 0 0 0 0.196587 -0.438487 0.876974 -0 0.894427 0.447214 -0.980486 -0.0879163 0.175833 0 0 0 217.53 
327 49.9377 34.1 82.8 1 0 0 1 0 3.452 192.111 192.778 191 0 0 0 0 0.166634 -0.440961 0.881922 -0 0.894427 0.447214 -0.986019 -0.0745211 0.149042 0 0 0 216.281 
328 49.9549 34.05 82.9 1 0 0 1 0 3.461 191 191 191 0 0 0 0 0.136115 -0.443051 0.886103 -0 0.894427 0.447214 -0.990693 -0.0608726 0.121745 0 0 0 215.031 
329 49.9684 34 83 1 0 0 1 0 3.47 191 191 191 0 0 0 0 0.105154 -0.444734 0.889468 -0 0.894427 0.447214 -0.994456 -0.0470264 0.0940529 0 0 0 214.892 
330 49.9785 33.95 83.1 1 0 0 1 0 3.479 189.667 188.333 191 0 0 0 0 0.0738864 -0.445991 0.891982 -0 0.894427 0.447214 -0.997267 -0.033043 0.066086 0 0 0 213.544 
331 49.985 33.9 83.2 1 0 0 1 0 3.488 188.333 185.667 191 0 0 0 0 0.0422991 -0.446813 0.893627 -0 0.894427 0.447214 -0.999105 -0.0189167 0.0378334 0 0 0 212.06 
332 49.988 33.85 83.3 1 0 0 1 0 3.497 187 183 191 0 0 0 0 0.0105329 -0.447189 0.894378 -0 0.894427 0.447214 -0.999945 -0.00471048 0.00942096 0 0 0 210.562 
333 49.9874 33.8 83.4 1 0 0 1 0 3.506 185.667 180.333 191 0 0 0 0 -0.0212138 -0.447113 0.894226 -0 0.894427 0.447214 -0.999775 0.00948712 -0.0189742 0 0 0 209.062 
334 49.9832 33.75 83.5 1 0 0 1 0 3.515 184.333 177.667 179 0 0 0 0 -0.0528456 -0.446589 0.893177 -0 0.894427 0.447214 -0.998603 0.0236333 -0.0472665 0 0 0 207.562 
335 49.9755 33.7 83.6 1 0 0 1 0 3.524 183 175 179 0 0 0 0 -0.0842704 -0.445623 0.891246 -0 0.894427 0.447214 -0.996443 0.0376869 -0.0753737 0 0 0 206.062 
336 49.9643 33.65 83.7 1 0 0 1 0 3.533 185 178.444 179 0 0 0 0 -0.115448 -0.444223 0.888447 -0 0.894427 0.447214 -0.993313 0.05163 -0.10326 0 0 0 207.896 
337 49.9495 33.6 83.8 1 0 0 1 0 3.542 187 181.889 179 0 0 0 0 -0.146288 -0.442402 0.884805 -0 0.894427 0.447214 -0.989242 0.065422 -0.130844 0 0 0 210.1 
338 49.9312 33.55 83.9 1 0 0 1 0 3.551 189 185.333 179 0 0 0 0 -0.176705 -0.440176 0.880352 -0 0.894427 0.447214 -0.984264 0.0790248 -0.15805 0 0 0 212.344 
339 49.9094 33.5 84 1 0 0 1 0 3.56 192.333 191.444 179 0 0 0 0 -0.206532 -0.437572 0.875143 -0 0.894427 0.447214 -0.97844 0.0923639 -0.184728 0 0 0 215.927 
340 49.884 33.45 84.1 1 0 0 1 0 3.569 194.111 195 209 0 0 0 0 -0.235659 -0.434618 0.869236 -0 0.894427 0.447214 -0.971836 0.10539 -0.21078 0 0 0 218.103 
341 49.8552 33.4 84.2 1 0 0 1 0 3.578 195.889 198.556 209 0 0 0 0 -0.264121 -0.431333 0.862666 -0 0.894427 0.447214 -0.96449 0.118118 -0.236237 0 0 0 220.123 
342 49.8228 33.35 84.3 1 0 0 1 0 3.587 197.667 202.111 209 0 0 0 0 -0.291821 -0.427748 0.855495 -0 0.894427 0.447214 -0.956473 0.130506 -0.261012 0 0 0 222.125 
343 49.787 33.3 84.4 1 0 0 1 0 3.596 199.444 205.667 209 0 0 0 0 -0.318719 -0.423891 0.847782 -0 0.894427 0.447214 -0.947849 0.142535 -0.285071 0 0 0 224.125 
344 49.7476 33.25 84.5 1 0 0 1 0 3.605 201.222 209.222 195 0 0 0 0 -0.344788 -0.419791 0.839581 -0 0.894427 0.447214 -0.938681 0.154194 -0.308388 0 0 0 226.125 
345 49.7048 33.2 84.6 1 0 0 1 0 3.614 199.667 206.667 195 0 0 0 0 -0.370004 -0.415475 0.83095 -0 0.894427 0.447214 -0.92903 0.165471 -0.330942 0 0 0 224.792 
346 49.6586 33.15 84.7 1 0 0 1 0 3.623 200 207.333 195 0 0 0 0 -0.394313 -0.410979 0.821957 -0 0.894427 0.447214 -0.918976 0.176342 -0.352685 0 0 0 224.977 
347 49.6089 33.1 84.8 1 0 0 1 0 3.632 200.333 208 195 0 0 0 0 -0.417633 -0.406345 0.812691 -0 0.894427 0.447214 -0.908616 0.186771 -0.373543 0 0 0 225.331 
348 49.5558 33.05 84.9 1 0 0 1 0 3.641 200.667 208.667 195 0 0 0 0 -0.440048 -0.401586 0.803173 -0 0.894427 0.447214 -0.897974 0.196795 -0.393591 0 0 0 225.703 
349 49.4993 33 85 1 0 0 1 0 3.65 202.556 211.889 195 0 0 0 0 -0.461602 -0.396717 0.793435 -0 0.894427 0.447214 -0.887087 0.206435 -0.412869 0 0 0 227.634 
350 49.4394 32.95 85.1 1 0 0 1 0 3.659 202 210.556 212 0 0 0 0 -0.4822 -0.391787 0.783573 -0 0.894427 0.447214 -0.876061 0.215646 -0.431293 0 0 0 227.293 
351 49.3762 32.9 85.2 1 0 0 1 0 3.668 201.444 209.222 212 0 0 0 0 -0.501934 -0.386798 0.773595 -0 0.894427 0.447214 -0.864906 0.224472 -0.448944 0 0 0 226.699 
352 49.3097 32.85 85.3 1 0 0 1 0 3.677 200.889 207.889 212 0 0 0 0 -0.52079 -0.381779 0.763559 -0 0.894427 0.447214 -0.853685 0.232905 -0.465809 0 0 0 226.078 
353 49.2398 32.8 85.4 1 0 0 1 0 3.686 200.333 206.556 212 0 0 0 0 -0.538764 -0.376758 0.753516 -0 0.894427 0.447214 -0.842457 0.240943 -0.481885 0 0 0 225.453 
354 49.1667 32.75 85.5 1 0 0 1 0 3.695 199.778 205.222 190 0 0 0 0 -0.555889 -0.371749 0.743498 -0 0.894427 0.447214 -0.831257 0.248601 -0.497202 0 0 0 224.828 
355 49.0903 32.7 85.6 1 0 0 1 0 3.704 197.333 200.667 190 0 0 0 0 -0.572196 -0.366767 0.733535 -0 0.894427 0.447214 -0.820117 0.255894 -0.511788 0 0 0 222.314 
356 49.0107 32.65 85.7 1 0 0 1 0 3.713 195.111 196.222 190 0 0 0 0 -0.58775 -0.361815 0.72363 -0 0.894427 0.447214 -0.809042 0.26285 -0.5257 0 0 0 219.813 
357 48.9278 32.6 85.8 1 0 0 1 0 3.722 192.889 191.778 190 0 0 0 0 -0.602551 -0.356912 0.713825 -0 0.894427 0.447214 -0.79808 0.269469 -0.538938 0 0 0 217.313 
358 48.8418 32.55 85.9 1 0 0 1 0 3.731 191.333 188.222 190 0 0 0 0 -0.616607 -0.352078 0.704157 -0 0.894427 0.447214 -0.787271 0.275755 -0.55151 0 0 0 215.479 
359 48.7527 32.5 86 1 0 0 1 0 3.74 192.222 189.222 190 0 0 0 0 -0.629982 -0.347311 0.694621 -0 0.894427 0.447214 -0.77661 0.281736 -0.563473 0 0 0 216.164 
360 48.6604 32.45 86.1 1 0 0 1 0 3.749 193.111 190.778 192 0 0 0 0 -0.642686 -0.342624 0.685247 -0 0.894427 0.447214 -0.76613 0.287418 -0.574836 0 0 0 217.129 
361 48.5651 32.4 86.2 1 0 0 1 0 3.758 194 192.333 192 0 0 0 0 -0.654732 -0.338031 0.676063 -0 0.894427 0.447214 -0.755861 0.292805 -0.58561 0 0 0 218.125 
362 48.4668 32.35 86.3 1 0 0 1 0 3.767 194.889 193.889 198 0 0 0 0 -0.666194 -0.333522 0.667045 -0 0.894427 0.447214 -0.745779 0.297931 -0.595862 0 0 0 219.125 
363 48.3654 32.3 86.4 1 0 0 1 0 3.776 195.778 195.444 198 0 0 0 0 -0.677083 -0.329107 0.658215 -0 0.894427 0.447214 -0.735907 0.302801 -0.605601 0 0 0 220.125 
364 48.261 32.25 86.5 1 0 0 1 0 3.785 196.667 197 198 0 0 0 0 -0.687413 -0.324796 0.649593 -0 0.894427 0.447214 -0.726267 0.30742 -0.614841 0 0 0 221.125 
365 48.1537 32.2 86.6 1 0 0 1 0 3.794 197.333 198.444 198 0 0 0 0 -0.697213 -0.320591 0.641183 -3.29295e-05 0.894441 0.447185 -0.716864 0.311762 -0.623627 0 0 0 221.903 
366 48.0435 32.15 86.7 1 0 0 1 0 3.803 198 199.889 198 0 0 0 0 -0.706516 -0.316492 0.632983 3.34485e-05 0.894412 0.447244 -0.707697 0.316006 -0.631906 0 0 0 222.656 
367 47.9305 32.1 86.8 1 0 0 1 0 3.812 199.556 203.556 198 0 0 0 0 -0.71533 -0.312507 0.625014 3.39185e-05 0.894412 0.447245 -0.698787 0.319949 -0.639789 0 0 0 224.295 
368 47.8146 32.05 86.9 1 0 0 1 0 3.821 201.111 207.222 198 0 0 0 0 -0.7237 -0.308628 0.617257 -3.43964e-05 0.894444 0.447181 -0.690114 0.323604 -0.64732 0 0 0 226.033 
369 47.696 32 87 1 0 0 1 0 3.83 202.667 210.333 198 0 0 0 0 -0.731653 -0.304855 0.609711 -0 0.894427 0.447214 -0.681677 0.327205 -0.65441 0 0 0 227.781 
370 47.5746 31.95 87.1 1 0 0 1 0 3.839 202.222 209.778 198 0 0 0 0 -0.739211 -0.301187 0.602373 -3.54616e-05 0.894445 0.447179 -0.673474 0.330538 -0.661194 0 0 0 227.531 
371 47.4506 31.9 87.2 1 0 0 1 0 3.848 201.778 209.222 212 0 0 0 0 -0.746385 -0.297628 0.595254 3.61436e-05 0.894409 0.447251 -0.665515 0.333842 -0.667562 0 0 0 227.059 
372 47.3239 31.85 87.3 1 0 0 1 0 3.857 201.333 208.667 212 0 0 0 0 -0.753179 -0.294184 0.588368 3.67723e-05 0.894408 0.447251 -0.657816 0.336882 -0.673639 0 0 0 226.562 
373 47.1946 31.8 87.4 1 0 0 1 0 3.866 200.889 208.111 212 0 0 0 0 -0.75963 -0.290847 0.581696 -3.7412e-05 0.894447 0.447174 -0.650356 0.339665 -0.679459 0 0 0 226.062 
374 47.0627 31.75 87.5 1 0 0 1 0 3.875 200.444 207.556 194 0 0 0 0 -0.765759 -0.287615 0.575231 3.81671e-05 0.894407 0.447254 -0.643127 0.342511 -0.684889 0 0 0 225.562 
375 46.9283 31.7 87.6 1 0 0 1 0 3.884 199.889 206.333 194 0 0 0 0 -0.771572 -0.284491 0.568983 -7.77074e-05 0.89447 0.447129 -0.636143 0.344947 -0.690169 0 0 0 224.951 
376 46.7915 31.65 87.7 1 0 0 1 0 3.893 198.889 203.778 194 0 0 0 0 -0.777099 -0.281467 0.562933 3.31377e-15 0.894427 0.447214 -0.629378 0.34753 -0.695058 0 0 0 223.883 
377 46.6522 31.6 87.8 1 0 0 1 0 3.902 197.889 201.222 194 0 0 0 0 -0.782343 -0.278546 0.557091 8.1063e-05 0.894381 0.447305 -0.622847 0.349992 -0.699691 0 0 0 222.765 
378 46.5106 31.55 87.9 1 0 0 1 0 3.911 196.889 198.667 194 0 0 0 0 -0.787321 -0.275726 0.551454 -4.14059e-05 0.894451 0.447166 -0.616544 0.35204 -0.704231 0 0 0 221.641 
379 46.3667 31.5 88 1 0 0 1 0 3.92 197.889 199.778 193 0 0 0 0 -0.792048 -0.273005 0.546011 4.2437e-05 0.894403 0.447263 -0.610459 0.354277 -0.708398 0 0 0 222.516 
380 46.2205 31.45 88.1 1 0 0 1 0 3.929 197.222 198 203 0 0 0 0 -0.796527 -0.270386 0.540773 -8.68007e-05 0.894479 0.447111 -0.604603 0.356089 -0.7125 0 0 0 221.946 
381 46.0721 31.4 88.2 1 0 0 1 0 3.938 195.111 193.444 203 0 0 0 0 -0.800784 -0.267861 0.53572 -4.10254e-15 0.894427 0.447214 -0.598954 0.358122 -0.716242 0 0 0 219.772 
382 45.9215 31.35 88.3 1 0 0 1 0 3.947 193 188.889 203 0 0 0 0 -0.804818 -0.265432 0.530862 9.12536e-05 0.894371 0.447325 -0.593522 0.360064 -0.719782 0 0 0 217.419 
383 45.7689 31.3 88.4 1 0 0 1 0 3.956 190.889 184.333 203 0 0 0 0 -0.808651 -0.26309 0.526182 -4.67372e-05 0.894456 0.447155 -0.588289 0.361568 -0.723315 0 0 0 215.047 
384 45.6142 31.25 88.5 1 0 0 1 0 3.965 188.889 180.444 188 0 0 0 0 -0.812297 -0.260835 0.52167 4.81895e-05 0.894397 0.447274 -0.583245 0.363344 -0.726503 0 0 0 212.783 
385 45.4575 31.2 88.6 1 0 0 1 0 3.974 185.778 174.778 175 0 0 0 0 -0.815743 -0.258674 0.517349 -9.91545e-05 0.89449 0.447088 -0.578414 0.364658 -0.7297 0 0 0 209.42 
386 45.2988 31.15 88.7 1 0 0 1 0 3.983 182.667 169.111 175 0 0 0 0 -0.819013 -0.256601 0.5132 -0 0.894427 0.447214 -0.573775 0.366274 -0.732547 0 0 0 205.936 
387 45.1383 31.1 88.8 1 0 0 1 0 3.992 180.222 164.667 175 0 0 0 0 -0.822102 -0.254617 0.509233 0.000105995 0.894358 0.447351 -0.56934 0.367822 -0.735227 0 0 0 203.104 
388 44.9759 31.05 88.9 1 0 0 1 0 4.001 177.778 160.222 175 0 0 0 0 -0.825021 -0.252721 0.505443 -5.45006e-05 0.894463 0.447142 -0.565102 0.368874 -0.737965 0 0 0 200.345 
389 44.8118 31 89 1 0 0 1 0 4.01 177 158.667 175 0 0 0 0 -0.827798 -0.250899 0.501797 5.63005e-05 0.89439 0.447288 -0.561027 0.370292 -0.74036 0 0 0 199.261 
390 44.646 30.95 89.1 1 0 0 1 0 4.019 176.889 158.667 175 0 0 0 0 -0.830429 -0.249153 0.498308 -0.000116801 0.894505 0.447057 -0.557125 0.371191 -0.742852 0 0 0 199.029 
391 44.4785 30.9 89.2 1 0 0 1 0 4.028 176.778 158.667 181 0 0 0 0 -0.832914 -0.24749 0.494978 3.26635e-15 0.894427 0.447214 -0.553403 0.372491 -0.744981 0 0 0 198.892 
392 44.3095 30.85 89.3 1 0 0 1 0 4.037 176.667 158.667 181 0 0 0 0 -0.835258 -0.245905 0.491808 0.000126434 0.894341 0.447386 -0.549859 0.373745 -0.746974 0 0 0 198.766 
393 44.1389 30.8 89.4 1 0 0 1 0 4.046 179 163.444 181 0 0 0 0 -0.837466 -0.244397 0.488795 -6.58669e-05 0.894473 0.447123 -0.546489 0.374418 -0.749107 0 0 0 201.085 
394 43.9668 30.75 89.5 1 0 0 1 0 4.055 181.333 168.222 174 0 0 0 0 -0.839549 -0.242964 0.485929 6.87878e-05 0.89438 0.447309 -0.543285 0.375571 -0.750858 0 0 0 203.676 
395 43.7933 30.7 89.6 1 0 0 1 0 4.064 183.667 173 174 0 0 0 0 -0.841508 -0.241604 0.48321 -0.000143296 0.894527 0.447013 -0.540244 0.376096 -0.752787 0 0 0 206.297 
396 43.6185 30.65 89.7 1 0 0 1 0 4.073 182.889 171.444 174 0 0 0 0 -0.843359 -0.240311 0.480621 -4.2825e-15 0.894427 0.447214 -0.537351 0.377162 -0.754323 0 0 0 205.811 
397 43.4424 30.6 89.8 1 0 0 1 0 4.082 182.111 169.889 196 0 0 0 0 -0.845096 -0.239088 0.478174 0.000159544 0.894314 0.44744 -0.534615 0.378206 -0.755743 0 0 0 204.979 
398 43.265 30.55 89.9 1 0 0 1 0 4.091 181.333 168.333 196 0 0 0 0 -0.846708 -0.237943 0.475888 -8.40526e-05 0.894487 0.447093 -0.532058 0.378517 -0.757389 0 0 0 204.109 
399 43.0865 30.5 90 1 0 0 1 0 4.1 183.111 171.222 196 0 0 0 0 -0.848217 -0.236866 0.473733 8.88499e-05 0.894364 0.447341 -0.52965 0.379484 -0.758593 0 0 0 205.79 
400 42.9069 30.45 90.1 1 0 0 1 0 4.109 183.444 171.556 174 0 0 0 0 -0.849625 -0.235854 0.47171 -0.00019047 0.894565 0.446938 -0.527387 0.37964 -0.76009 0 0 0 206.31 
401 42.7263 30.4 90.2 1 0 0 1 0 4.118 183.778 171.889 174 0 0 0 0 -0.850923 -0.234917 0.469834 -0 0.894427 0.447214 -0.52529 0.380545 -0.761088 0 0 0 206.701 
402 42.5447 30.35 90.3 1 0 0 1 0 4.127 181.667 167.444 174 0 0 0 0 -0.852127 -0.234043 0.468086 0.000216145 0.894269 0.447529 -0.523336 0.381453 -0.76198 0 0 0 204.633 
403 42.3622 30.3 90.4 1 0 0 1 0 4.136 179.556 163 190 0 0 0 0 -0.853245 -0.233226 0.466453 -0.000116869 0.894513 0.447042 -0.52151 0.381382 -0.763266 0 0 0 202.293 
404 42.1789 30.25 90.5 1 0 0 1 0 4.145 180.889 165.333 177 0 0 0 0 -0.854269 -0.232476 0.464951 0.000128238 0.894333 0.447402 -0.519832 0.382261 -0.763971 0 0 0 203.366 
405 41.9947 30.2 90.6 1 0 0 1 0 4.154 184.667 172.778 177 0 0 0 0 -0.855193 -0.231795 0.46359 -0.000281802 0.894635 0.446797 -0.518309 0.381967 -0.765152 0 0 0 207.263 
406 41.8099 30.15 90.7 1 0 0 1 0 4.163 188.444 180.222 177 0 0 0 0 -0.856028 -0.231179 0.462356 -0 0.894427 0.447214 -0.51693 0.382828 -0.765654 0 0 0 211.474 
407 41.6244 30.1 90.8 1 0 0 1 0 4.172 192.222 187.667 177 0 0 0 0 -0.85678 -0.23062 0.46124 0.00034843 0.894168 0.447732 -0.515682 0.383769 -0.766025 0 0 0 215.719 
408 41.4384 30.05 90.9 1 0 0 1 0 4.181 194.222 191.889 208 0 0 0 0 -0.857445 -0.230125 0.46025 -0.000198354 0.894575 0.446917 -0.514575 0.383116 -0.767095 0 0 0 218.191 
409 41.2518 30 91 1 0 0 1 0 4.19 197.667 198.667 208 0 0 0 0 -0.858026 -0.229692 0.459384 0.000230597 0.894255 0.447558 -0.513606 0.384122 -0.767241 0 0 0 221.91 
410 41.0648 29.95 91.1 1 0 0 1 0 4.199 200.333 204.333 208 0 0 0 0 -0.858523 -0.22932 0.458641 -0.000549403 0.894838 0.44639 -0.512775 0.382984 -0.768365 0 0 0 224.99 
411 40.8775 29.9 91.2 1 0 0 1 0 4.208 203 210 208 0 0 0 0 -0.858938 -0.229009 0.458018 -0 0.894427 0.447214 -0.51208 0.384129 -0.768257 0 0 0 227.999 
412 40.6898 29.85 91.3 1 0 0 1 0 4.217 205.667 215.667 208 0 0 0 0 -0.859271 -0.228759 0.457517 0.000900737 0.893749 0.448567 -0.511519 0.385853 -0.767767 0 0 0 231 
413 40.5018 29.8 91.4 1 0 0 1 0 4.226 204.889 214.556 208 0 0 0 0 -0.859523 -0.228569 0.457139 -0.000657064 0.894921 0.446224 -0.511097 0.38324 -0.769355 0 0 0 230.556 
414 40.3137 29.75 91.5 1 0 0 1 0 4.235 204.111 213.444 201 0 0 0 0 -0.859695 -0.22844 0.45688 0.00121731 0.893508 0.449045 -0.510806 0.386598 -0.767867 0 0 0 229.728 
415 40.1255 29.7 91.6 1 0 0 1 0 4.244 202.111 209.444 201 0 0 0 0 -0.859788 -0.22837 0.456741 -0.0159607 0.906009 0.422958 -0.510402 0.356364 -0.78262 0 0 0 227.636 
416 39.9372 29.65 91.7 1 0 0 1 0 4.253 200.667 206.333 201 0 0 0 0 -0.859802 -0.22836 0.456719 0 0.894427 0.447214 -0.510628 0.384516 -0.76903 0 0 0 225.96 
417 39.749 29.6 91.8 1 0 0 1 0 4.262 199.222 203.222 201 0 0 0 0 -0.859736 -0.22841 0.456819 -0.00153943 0.895582 0.444895 -0.510737 0.381789 -0.770315 0 0 0 224.329 
418 39.5608 29.55 91.9 1 0 0 1 0 4.271 197.778 200.111 201 0 0 0 0 -0.859589 -0.22852 0.45704 0.000501711 0.89405 0.447967 -0.510986 0.385297 -0.768401 0 0 0 222.703 
419 39.3728 29.5 92 1 0 0 1 0 4.28 197.111 198.111 190 0 0 0 0 -0.859363 -0.22869 0.457379 -0.000370939 0.894706 0.446656 -0.511365 0.38367 -0.768962 0 0 0 221.856 
420 39.1851 29.45 92.1 1 0 0 1 0 4.289 195.333 194.111 195 0 0 0 0 -0.859057 -0.228919 0.457839 0.000589214 0.893985 0.448097 -0.511879 0.385211 -0.767849 0 0 0 219.984 
421 38.9976 29.4 92.2 1 0 0 1 0 4.298 193.556 190.111 195 0 0 0 0 -0.858671 -0.22921 0.458419 1.51653e-14 0.894427 0.447214 -0.512528 0.38401 -0.768018 0 0 0 217.998 
422 38.8104 29.35 92.3 1 0 0 1 0 4.307 191.778 186.111 195 0 0 0 0 -0.858201 -0.229561 0.459121 -0.000415628 0.894737 0.446593 -0.513313 0.383076 -0.76796 0 0 0 216 
423 38.6237 29.3 92.4 1 0 0 1 0 4.316 190 182.111 195 0 0 0 0 -0.857648 -0.229973 0.459948 0.000181545 0.894292 0.447484 -0.514237 0.383867 -0.766946 0 0 0 214 
424 38.4375 29.25 92.5 1 0 0 1 0 4.325 189.444 181 185 0 0 0 0 -0.857011 -0.230448 0.460897 -0.00016089 0.894547 0.446974 -0.515298 0.382988 -0.766674 0 0 0 213.222 
425 38.2518 29.2 92.6 1 0 0 1 0 4.334 188.333 179 185 0 0 0 0 -0.856288 -0.230985 0.461971 0.000289361 0.894213 0.447642 -0.516499 0.383444 -0.765637 0 0 0 212.025 
426 38.0668 29.15 92.7 1 0 0 1 0 4.343 188.778 180.111 185 0 0 0 0 -0.855477 -0.231586 0.46317 -8.05221e-15 0.894427 0.447214 -0.517841 0.382582 -0.765162 0 0 0 212.336 
427 37.8824 29.1 92.8 1 0 0 1 0 4.352 189.222 181.222 185 0 0 0 0 -0.854583 -0.232245 0.464489 -0.000241806 0.894605 0.446858 -0.519314 0.381765 -0.76457 0 0 0 212.815 
428 37.6988 29.05 92.9 1 0 0 1 0 4.361 189.667 182.333 185 0 0 0 0 -0.853597 -0.232968 0.465938 0.000111514 0.894346 0.447376 -0.520934 0.381931 -0.763385 0 0 0 213.313 
429 37.516 29 93 1 0 0 1 0 4.37 191.222 185.444 185 0 0 0 0 -0.852517 -0.233759 0.467517 -0.000103387 0.894503 0.447063 -0.5227 0.38108 -0.762603 0 0 0 214.924 
430 37.3341 28.95 93.1 1 0 0 1 0 4.379 190.222 183.889 199 0 0 0 0 -0.851339 -0.234615 0.469231 0.000192885 0.894288 0.447493 -0.524615 0.381059 -0.761297 0 0 0 214.103 
431 37.1532 28.9 93.2 1 0 0 1 0 4.388 190.889 185.444 199 0 0 0 0 -0.850063 -0.23554 0.471078 0 0.894427 0.447214 -0.526682 0.38016 -0.760319 0 0 0 214.678 
432 36.9732 28.85 93.3 1 0 0 1 0 4.397 191.556 187 199 0 0 0 0 -0.848689 -0.236528 0.473055 -0.000171318 0.89455 0.446968 -0.528892 0.379256 -0.759235 0 0 0 215.409 
433 36.7944 28.8 93.4 1 0 0 1 0 4.406 192.222 188.556 199 0 0 0 0 -0.847215 -0.237582 0.475164 8.12472e-05 0.89437 0.447329 -0.53125 0.379022 -0.757704 0 0 0 216.157 
434 36.6166 28.75 93.5 1 0 0 1 0 4.415 192.889 190.111 176 0 0 0 0 -0.84564 -0.238702 0.477404 -7.68587e-05 0.894482 0.447105 -0.533754 0.378053 -0.756428 0 0 0 216.906 
435 36.4401 28.7 93.6 1 0 0 1 0 4.424 192 188.556 191 0 0 0 0 -0.84395 -0.239895 0.47979 0.000145858 0.894325 0.447418 -0.536421 0.377669 -0.754731 0 0 0 216.101 
436 36.2648 28.65 93.7 1 0 0 1 0 4.433 190.778 186.222 191 0 0 0 0 -0.842142 -0.241163 0.482325 3.91465e-15 0.894427 0.447214 -0.539256 0.376618 -0.753234 0 0 0 214.789 
437 36.0909 28.6 93.8 1 0 0 1 0 4.442 191.889 188.222 191 0 0 0 0 -0.840225 -0.242497 0.484992 -0.000133741 0.894519 0.447029 -0.542238 0.37554 -0.75163 0 0 0 215.754 
438 35.9183 28.55 93.9 1 0 0 1 0 4.451 193 190.222 191 0 0 0 0 -0.838186 -0.243903 0.487807 6.38937e-05 0.894384 0.447301 -0.545384 0.374952 -0.749644 0 0 0 216.973 
439 35.7472 28.5 94 1 0 0 1 0 4.46 196.667 196.889 191 0 0 0 0 -0.836014 -0.24539 0.490779 -6.13743e-05 0.894469 0.44713 -0.548708 0.373777 -0.747804 0 0 0 220.775 
440 35.5777 28.45 94.1 1 0 0 1 0 4.469 197.111 197.556 188 0 0 0 0 -0.83371 -0.246952 0.493905 0.000118509 0.894348 0.447373 -0.552202 0.373038 -0.745598 0 0 0 221.642 
441 35.4096 28.4 94.2 1 0 0 1 0 4.478 197.556 198.222 209 0 0 0 0 -0.831277 -0.248588 0.497174 0 0.894427 0.447214 -0.555858 0.371759 -0.743517 0 0 0 222.182 
442 35.2433 28.35 94.3 1 0 0 1 0 4.487 198 198.889 209 0 0 0 0 -0.828708 -0.250297 0.500594 -0.000110021 0.8945 0.447069 -0.559681 0.370434 -0.741307 0 0 0 222.687 
443 35.0786 28.3 94.4 1 0 0 1 0 4.496 199.778 202.222 209 0 0 0 0 -0.825977 -0.252095 0.504192 5.33011e-05 0.894393 0.447283 -0.563703 0.369472 -0.738735 0 0 0 224.521 
444 34.9156 28.25 94.5 1 0 0 1 0 4.505 201.556 205.556 195 0 0 0 0 -0.823097 -0.253973 0.507946 -5.17029e-05 0.894461 0.447147 -0.567901 0.368019 -0.736241 0 0 0 226.502 
445 34.7545 28.2 94.6 1 0 0 1 0 4.514 203.667 209.667 195 0 0 0 0 -0.820059 -0.255931 0.511862 0.000100088 0.894363 0.447341 -0.572279 0.366897 -0.733405 0 0 0 228.834 
446 34.5952 28.15 94.7 1 0 0 1 0 4.523 203.444 209.444 195 0 0 0 0 -0.816846 -0.257978 0.515955 0 0.894427 0.447214 -0.576856 0.365305 -0.730609 0 0 0 228.87 
447 34.4378 28.1 94.8 1 0 0 1 0 4.532 203.222 209.222 207 0 0 0 0 -0.813456 -0.260112 0.520222 -9.47538e-05 0.894486 0.447096 -0.581627 0.363643 -0.72765 0 0 0 228.652 
448 34.2825 28.05 94.9 1 0 0 1 0 4.541 203 209 207 0 0 0 0 -0.80989 -0.262327 0.524655 4.6103e-05 0.894399 0.44727 -0.586582 0.362264 -0.724353 0 0 0 228.406 
449 34.1291 28 95 1 0 0 1 0 4.55 204.333 211.667 207 0 0 0 0 -0.80613 -0.264634 0.529267 -4.47765e-05 0.894454 0.447159 -0.591739 0.360445 -0.721058 0 0 0 229.712 
450 33.9778 27.95 95.1 1 0 0 1 0 4.559 203.556 210.444 207 0 0 0 0 -0.802154 -0.267039 0.534079 8.729e-05 0.894375 0.447318 -0.597118 0.358864 -0.717403 0 0 0 229.079 
451 33.8287 27.9 95.2 1 0 0 1 0 4.568 202.778 209.222 207 0 0 0 0 -0.79796 -0.269541 0.53908 3.81733e-15 0.894427 0.447214 -0.60271 0.356859 -0.713717 0 0 0 228.231 
452 33.6818 27.85 95.3 1 0 0 1 0 4.577 200.667 205.333 207 0 0 0 0 -0.793557 -0.272128 0.544255 -8.36123e-05 0.894476 0.447117 -0.608496 0.354767 -0.70984 0 0 0 226.026 
453 33.5371 27.8 95.4 1 0 0 1 0 4.586 198.556 201.444 207 0 0 0 0 -0.78892 -0.27481 0.549622 4.08106e-05 0.894404 0.44726 -0.614496 0.352875 -0.705602 0 0 0 223.67 
454 33.3947 27.75 95.5 1 0 0 1 0 4.595 196.444 197.556 188 0 0 0 0 -0.784027 -0.277598 0.555195 -3.99522e-05 0.89445 0.447168 -0.620727 0.35057 -0.701284 0 0 0 221.297 
455 33.2547 27.7 95.6 1 0 0 1 0 4.604 194.333 193.667 188 0 0 0 0 -0.778873 -0.280484 0.560969 7.82745e-05 0.894384 0.4473 -0.627182 0.348433 -0.696589 0 0 0 218.922 
456 33.117 27.65 95.7 1 0 0 1 0 4.613 191.333 187.778 188 0 0 0 0 -0.773443 -0.283474 0.566946 -3.09045e-15 0.894427 0.447214 -0.633866 0.345895 -0.691788 0 0 0 215.658 
457 32.9818 27.6 95.8 1 0 0 1 0 4.622 188.111 181.111 188 0 0 0 0 -0.767719 -0.286569 0.573137 -7.53067e-05 0.894467 0.447134 -0.640786 0.34323 -0.686721 0 0 0 212.073 
458 32.8491 27.55 95.9 1 0 0 1 0 4.631 184.889 174.444 188 0 0 0 0 -0.761696 -0.289765 0.579531 3.70847e-05 0.894408 0.447252 -0.647935 0.340691 -0.681256 0 0 0 208.453 
459 32.719 27.5 96 1 0 0 1 0 4.64 183.778 171.667 188 0 0 0 0 -0.755372 -0.293058 0.586115 -3.63729e-05 0.894446 0.447176 -0.655297 0.337763 -0.67565 0 0 0 206.939 
460 32.5914 27.45 96.1 1 0 0 1 0 4.649 183.556 171 180 0 0 0 0 -0.748698 -0.296462 0.592926 7.12407e-05 0.894392 0.447285 -0.662911 0.334924 -0.669608 0 0 0 206.549 
461 32.4664 27.4 96.2 1 0 0 1 0 4.658 183.333 170.333 178 0 0 0 0 -0.741641 -0.29999 0.599979 0 0.894427 0.447214 -0.670797 0.331673 -0.663344 0 0 0 206.283 
462 32.3441 27.35 96.3 1 0 0 1 0 4.667 183.111 169.667 178 0 0 0 0 -0.734204 -0.303627 0.607253 -6.91991e-05 0.89446 0.447147 -0.678929 0.328255 -0.656737 0 0 0 206.031 
463 32.2246 27.3 96.4 1 0 0 1 0 4.676 182.889 169 178 0 0 0 0 -0.726394 -0.30736 0.614721 3.41196e-05 0.894411 0.447245 -0.687279 0.324897 -0.649684 0 0 0 205.781 
464 32.1078 27.25 96.5 1 0 0 1 0 4.685 182.667 168.333 186 0 0 0 0 -0.718176 -0.311199 0.622397 -3.3584e-05 0.894443 0.447183 -0.695861 0.321135 -0.642378 0 0 0 205.531 
465 31.9938 27.2 96.6 1 0 0 1 0 4.694 183.333 169.667 186 0 0 0 0 -0.709508 -0.31515 0.630301 6.61303e-05 0.894398 0.447272 -0.704697 0.317385 -0.634561 0 0 0 206.17 
466 31.8827 27.15 96.7 1 0 0 1 0 4.703 184.222 171.778 186 0 0 0 0 -0.700361 -0.319216 0.638432 0 0.894427 0.447214 -0.713789 0.313212 -0.626422 0 0 0 207.13 
467 31.7744 27.1 96.8 1 0 0 1 0 4.712 185.111 173.889 186 0 0 0 0 -0.690723 -0.323389 0.646777 -6.43719e-05 0.894454 0.447159 -0.723119 0.308822 -0.617841 0 0 0 208.126 
468 31.6691 27.05 96.9 1 0 0 1 0 4.721 186 176 186 0 0 0 0 -0.680565 -0.327667 0.655336 3.18286e-05 0.894414 0.447239 -0.732687 0.304396 -0.608697 0 0 0 209.125 
469 31.5667 27 97 1 0 0 1 0 4.73 186 176 186 0 0 0 0 -0.669878 -0.332043 0.664086 -3.15343e-05 0.89444 0.447188 -0.742471 0.299541 -0.599176 0 0 0 209.236 
470 31.4673 26.95 97.1 1 0 0 1 0 4.739 186.111 176.444 186 0 0 0 0 -0.658652 -0.336504 0.67301 6.21542e-05 0.894403 0.447262 -0.752448 0.294632 -0.58908 0 0 0 209.36 
471 31.371 26.9 97.2 1 0 0 1 0 4.748 186.222 176.889 186 0 0 0 0 -0.646793 -0.341075 0.682149 1.70382e-15 0.894427 0.447214 -0.762666 0.289255 -0.578509 0 0 0 209.484 
472 31.2777 26.85 97.3 1 0 0 1 0 4.757 186.333 177.333 186 0 0 0 0 -0.634283 -0.345742 0.691482 -6.08125e-05 0.894449 0.44717 -0.773101 0.28359 -0.567355 0 0 0 209.609 
473 31.1875 26.8 97.4 1 0 0 1 0 4.766 186.444 177.778 186 0 0 0 0 -0.621134 -0.350483 0.700967 3.01404e-05 0.894417 0.447234 -0.783705 0.277813 -0.555542 0 0 0 209.734 
474 31.1005 26.75 97.5 1 0 0 1 0 4.775 186.556 178.222 187 0 0 0 0 -0.607314 -0.355294 0.710588 -2.98773e-05 0.894437 0.447193 -0.794462 0.271566 -0.543215 0 0 0 209.859 
475 31.0166 26.7 97.6 1 0 0 1 0 4.784 186.667 178.667 187 0 0 0 0 -0.592792 -0.360165 0.720332 5.91388e-05 0.894408 0.447252 -0.805356 0.26517 -0.530177 0 0 0 209.984 
476 30.9359 26.65 97.7 1 0 0 1 0 4.793 186.222 177.778 187 0 0 0 0 -0.577506 -0.3651 0.730198 -2.84123e-15 0.894427 0.447214 -0.816386 0.258269 -0.516537 0 0 0 209.554 
477 30.8584 26.6 97.8 1 0 0 1 0 4.802 185.778 176.889 187 0 0 0 0 -0.561446 -0.370076 0.74015 -5.80206e-05 0.894444 0.447179 -0.827513 0.251024 -0.502204 0 0 0 209.062 
478 30.7842 26.55 97.9 1 0 0 1 0 4.811 185.333 176 187 0 0 0 0 -0.544547 -0.375091 0.750183 2.87687e-05 0.894419 0.44723 -0.83873 0.243559 -0.487043 0 0 0 208.562 
479 30.7132 26.5 98 1 0 0 1 0 4.82 185.333 175.444 187 0 0 0 0 -0.526808 -0.380124 0.760249 -2.86724e-05 0.894435 0.447198 -0.849984 0.235566 -0.471207 0 0 0 208.507 
480 30.6456 26.45 98.1 1 0 0 1 0 4.829 185.333 175.222 182 0 0 0 0 -0.50829 -0.385133 0.770269 5.69664e-05 0.894413 0.447243 -0.861186 0.227373 -0.454599 0 0 0 208.501 
481 30.5813 26.4 98.2 1 0 0 1 0 4.838 185.333 175 182 0 0 0 0 -0.488908 -0.390121 0.78024 0 0.894427 0.447214 -0.872335 0.218647 -0.437292 0 0 0 208.5 
482 30.5203 26.35 98.3 1 0 0 1 0 4.847 185.333 174.778 182 0 0 0 0 -0.468602 -0.395073 0.790145 -5.60228e-05 0.89444 0.447188 -0.88341 0.209509 -0.419158 0 0 0 208.5 
483 30.4627 26.3 98.4 1 0 0 1 0 4.856 185.333 174.556 187 0 0 0 0 -0.447345 -0.39997 0.799942 2.78758e-05 0.894421 0.447225 -0.894361 0.200086 -0.400104 0 0 0 208.5 
484 30.4084 26.25 98.5 1 0 0 1 0 4.865 185.333 174.333 187 0 0 0 0 -0.425193 -0.404774 0.809548 -2.77395e-05 0.894433 0.447202 -0.905103 0.190125 -0.380318 0 0 0 208.5 
485 30.3576 26.2 98.6 1 0 0 1 0 4.874 185.889 175.444 187 0 0 0 0 -0.402135 -0.409459 0.81892 5.51223e-05 0.894417 0.447234 -0.91558 0.179894 -0.359654 0 0 0 209.056 
486 30.3102 26.15 98.7 1 0 0 1 0 4.883 186.444 176.556 187 0 0 0 0 -0.378129 -0.41401 0.828018 2.0805e-15 0.894427 0.447214 -0.925753 0.169105 -0.338209 0 0 0 209.673 
487 30.2663 26.1 98.8 1 0 0 1 0 4.892 187 177.667 187 0 0 0 0 -0.353294 -0.418375 0.836747 -5.47648e-05 0.894436 0.447196 -0.935512 0.157946 -0.316022 0 0 0 210.297 
488 30.2258 26.05 98.9 1 0 0 1 0 4.901 187 178 187 0 0 0 0 -0.327563 -0.42254 0.845082 2.72093e-05 0.894423 0.447221 -0.944829 0.146516 -0.292968 0 0 0 210.366 
489 30.1888 26 99 1 0 0 1 0 4.91 187 178 187 0 0 0 0 -0.30091 -0.426486 0.852973 -2.71221e-05 0.894431 0.447206 -0.953652 0.134546 -0.269155 0 0 0 210.374 
490 30.1552 25.95 99.1 1 0 0 1 0 4.919 166.222 158.222 187 0 0 0 0 -0.273445 -0.430169 0.860339 5.40716e-05 0.894421 0.447227 -0.961888 0.122338 -0.244551 0 0 0 189.597 
491 30.1252 25.9 99.2 1 0 0 1 0 4.928 145.444 138.444 187 0 0 0 0 -0.245203 -0.433562 0.867122 1.86748e-15 0.894427 0.447214 -0.969472 0.109658 -0.219316 0 0 0 166.511 
492 30.0987 25.85 99.3 1 0 0 1 0 4.937 124.667 118.667 187 0 0 0 0 -0.216277 -0.43663 0.873258 -5.38151e-05 0.894432 0.447204 -0.976332 0.0966728 -0.193468 0 0 0 143.168 
493 30.0757 25.8 99.4 1 0 0 1 0 4.946 103.889 98.8889 187 0 0 0 0 -0.186675 -0.439352 0.878705 2.68661e-05 0.894425 0.447217 -0.982422 0.0835079 -0.166955 0 0 0 119.796 
494 30.0562 25.75 99.5 1 0 0 1 0 4.955 83.1111 79.1111 0 0 0 0 0 -0.156509 -0.441702 0.883405 -0.000146102 0.894438 0.447193 -0.987677 0.0698607 -0.140052 0 0 0 96.4218 
495 30.0402 25.7 99.6 1 0 0 1 0 4.964 62.3333 59.3333 0 0 0 0 0 -0.148107 -0.44228 0.884563 -0.000361646 0.894452 0.447164 -0.988971 0.0659083 -0.132635 0 0 0 73.0469 
496 30.0311 25.675 99.65 1 0 0 1 0 4.9685 46.75 44.5 0 0 0 0 0 -0.151505 -0.442051 0.884102 9.04625e-05 0.894421 0.447226 -0.988456 0.0678371 -0.13547 0 0 0 55.8809 
497 30.0231 25.65 99.7 1 0 0 1 0 4.973 26.7143 25.4286 0 0 0 0 0 -0.13105 -0.443358 0.886713 -9.06003e-05 0.894432 0.447205 -0.991376 0.0585259 -0.117256 0 0 0 34.6973 
498 30.0163 25.625 99.75 1 0 0 1 0 4.9775 0 0 0 0 0 0 0 -0.110458 -0.444477 0.888954 -9.06003e-05 0.894432 0.447205 -0.993881 0.0493167 -0.0988372 0 0 0 5.78288 
499 30.0107 25.6 99.8 1 0 0 1 0 4.982 0 0 0 0 0 0 0 -0.110458 -0.444477 0.888954 -9.06003e-05 0.894432 0.447205 -0.993881 0.0493167 -0.0988372 0 0 0 1.15658 
