ObjectType = Scene
NDims = 3
NObjects = 43
ObjectType = Group
NDims = 3
ID = 50
Color = 1 0 0 1
BinaryData = False
TransformMatrix = 1 0 0 0 1 0 0 0 1
Offset = 0 0 0
CenterOfRotation = 0 0 0
ElementSpacing = 1 1 1
EndGroup = 
ObjectType = Tube
ObjectSubType = Vessel
NDims = 3
ID = 1
ParentID = 50
BinaryData = False
TransformMatrix = 1 0 0 0 1 0 0 0 1
Offset = 0 0 0
CenterOfRotation = 0 0 0
ElementSpacing = 1 1 1
Root = False
Artery = True
PointDim = x y z r rn mn bn mk v1x v1y v1z v2x v2y v2z tx ty tz a1 a2 a3 red green blue alpha id
NPoints = 11
Points = 
352.769 -93.3319 166.767 3.98476 0.182598 0.111155 1.11436 0 0.107371 0.719074 0 0.493708 -0.0737197 0.528597 0.719074 -0.107371 -0.686588 0 0 0 1 0 0 1 -1 
353.272 -93.4558 166.355 3.98454 0.250243 0.108999 1.07782 0 0.283748 0.743811 0 0.450133 -0.171716 0.633768 0.743811 -0.283748 -0.605171 0 0 0 1 0 0 1 -1 
353.84 -93.6931 165.758 3.98331 0.265896 0.117047 0 0 0.22175 0.581931 0 0.455315 -0.173502 0.387817 0.581931 -0.22175 -0.782421 0 0 0 1 0 0 1 -1 
354.261 -93.9082 164.975 3.98051 0.288425 0.123387 0 0 0.252977 0.387086 0 0.343214 -0.224304 0.213833 0.387086 -0.252977 -0.886661 0 0 0 1 0 0 1 -1 
354.618 -94.187 164.16 3.96686 0.326637 0.122433 0.953107 0 0.356187 0.355556 0 0.307245 -0.30779 0.253289 0.355556 -0.356187 -0.864124 0 0 0 1 0 0 1 -1 
354.974 -94.5617 163.392 3.92418 0.377346 0.12264 0.869795 0 0.453327 0.48953 0 0.364644 -0.337677 0.445145 0.48953 -0.453327 -0.744886 0 0 0 1 0 0 1 -1 
355.531 -95.0158 162.828 3.82359 0.322757 0.137193 0 0 0.519724 0.689408 0 0.347864 -0.262244 0.745396 0.689408 -0.519724 -0.504583 0 0 0 1 0 0 1 -1 
356.207 -95.4731 162.386 3.68177 0.377218 0.13029 0 0 0.442941 0.705292 0 0.390382 -0.24517 0.693633 0.705292 -0.442941 -0.553505 0 0 0 1 0 0 1 -1 
356.84 -95.8474 161.812 3.54447 0.353182 0.102029 0 0 0.362575 0.779801 0 0.397966 -0.185037 0.73955 0.779801 -0.362575 -0.510343 0 0 0 1 0 0 1 -1 
357.387 -96.0487 161.587 3.48495 0.22628 0.0916331 0 0 0.269533 0.945124 0 0.174512 -0.0497677 0.965906 0.945124 -0.269533 -0.184644 0 0 0 1 0 0 1 -1 
357.394 -96.0513 161.584 3.48495 0.186172 0.0916331 0 0 0.35332 0.870198 0 0.298822 -0.121328 0.88208 0.870198 -0.35332 -0.343395 0 0 0 1 0 0 1 -1 
ObjectType = Tube
ObjectSubType = Vessel
NDims = 3
ID = 3
ParentID = 50
Color = 0.9 0.1 0.1 1
BinaryData = False
TransformMatrix = 1 0 0 0 1 0 0 0 1
Offset = 0 0 0
CenterOfRotation = 0 0 0
ElementSpacing = 1 1 1
Root = False
Artery = True
PointDim = x y z r rn mn bn mk v1x v1y v1z v2x v2y v2z tx ty tz a1 a2 a3 red green blue alpha id
NPoints = 30
Points = 
383.932 -105.609 161.896 3.64332 0.233089 0.0340021 0 0 -0.17226 -0.978928 0 -0.107355 0.018891 0.987973 -0.978928 0.17226 -0.109666 0 0 0 1 0 0 1 -1 
383.259 -105.433 161.857 3.64245 0.72086 0.0404527 0 0 -0.392089 -0.919927 0 0.000325888 -0.000138899 1 -0.919927 0.392089 0.000354254 0 0 0 1 0 0 1 -1 
382.502 -105.015 161.801 3.63937 0.660837 0.0510055 0 0 -0.453804 -0.828431 0 -0.271953 0.148972 0.892236 -0.828431 0.453804 -0.328274 0 0 0 1 0 0 1 -1 
381.669 -104.627 161.661 3.64873 0.529864 0.070081 0 0 -0.333467 -0.906164 0 0.235718 -0.0867437 0.932334 -0.906164 0.333467 0.260127 0 0 0 1 0 0 1 -1 
380.794 -104.367 161.829 3.69974 0.655272 0.0817408 0.213051 0 -0.274078 -0.958402 0 0.0763533 -0.0218351 0.993653 -0.958402 0.274078 0.0796673 0 0 0 1 0 0 1 -1 
379.941 -103.949 161.74 3.80899 0.606102 0.0878686 0 0 -0.516506 -0.813018 0 -0.218495 0.138809 0.927776 -0.813018 0.516506 -0.268746 0 0 0 1 0 0 1 -1 
379.089 -103.574 161.691 3.98769 0.42769 0.0839919 0 0 -0.202894 -0.940713 0 0.255716 -0.0551532 0.926107 -0.940713 0.202894 0.271832 0 0 0 1 0 0 1 -1 
378.221 -103.478 161.972 4.19776 0.549819 0.0738461 0 0 -0.0930517 -0.959526 0 0.255044 -0.0247334 0.929349 -0.959526 0.0930517 0.265802 0 0 0 1 0 0 1 -1 
377.32 -103.361 162.232 4.39542 0.356119 0.0809771 0 0 -0.113727 -0.91335 0 0.357092 -0.044464 0.847143 -0.91335 0.113727 0.39097 0 0 0 1 0 0 1 -1 
376.376 -103.2 162.655 4.53361 0.31177 0.0811063 0 0 -0.249836 -0.930717 0 0.248604 -0.0667338 0.928652 -0.930717 0.249836 0.26711 0 0 0 1 0 0 1 -1 
375.536 -102.827 162.635 4.60092 0.437156 0.0942299 0 0 -0.541496 -0.799568 0 -0.207691 0.140656 0.932528 -0.799568 0.541496 -0.259754 0 0 0 1 0 0 1 -1 
374.744 -102.412 162.454 4.60056 0.607351 0.11243 0 0 -0.25341 -0.964337 0 -0.0736799 0.0193617 0.994162 -0.964337 0.25341 -0.0764047 0 0 0 1 0 0 1 -1 
373.83 -102.194 162.284 4.57995 0.707264 0.111194 0 0 -0.281788 -0.880684 0 -0.335344 0.107299 0.855009 -0.880684 0.281788 -0.380777 0 0 0 1 0 0 1 -1 
373.104 -101.916 161.793 4.58783 0.448597 0.114136 0.115374 0 -0.274796 -0.772458 0 -0.442259 0.15733 0.672205 -0.772458 0.274796 -0.572534 0 0 0 1 0 0 1 -1 
372.29 -101.757 161.365 4.67891 0.287148 0.100377 0 0 -0.0754009 -0.946777 0 -0.29628 0.0235957 0.902071 -0.946777 0.0754009 -0.312936 0 0 0 1 0 0 1 -1 
371.367 -101.615 161.151 4.86944 0.292973 0.0926035 0 0 -0.267003 -0.94385 0 -0.183642 0.05195 0.962144 -0.94385 0.267003 -0.194567 0 0 0 1 0 0 1 -1 
370.473 -101.347 160.981 5.15175 0.405329 0.0744763 0 0 -0.26712 -0.954152 0 -0.128869 0.0360774 0.981759 -0.954152 0.26712 -0.135061 0 0 0 1 0 0 1 -1 
369.529 -101.11 160.901 5.4432 0.463671 0.0582471 0 0 -0.207419 -0.977584 0 -0.0353327 0.00749671 0.998694 -0.977584 0.207419 -0.0361428 0 0 0 1 0 0 1 -1 
368.538 -100.932 160.89 5.65241 0.409074 0.0534984 0 0 -0.203389 -0.979009 0 -0.012903 0.00268059 0.999826 -0.979009 0.203389 -0.0131796 0 0 0 1 0 0 1 -1 
367.629 -100.614 160.826 5.68904 0.716758 0.0503953 0.26114 0 -0.425643 -0.896403 0 -0.110839 0.0526302 0.984711 -0.896403 0.425643 -0.123649 0 0 0 1 0 0 1 -1 
366.778 -100.232 160.693 5.53563 0.728402 0.0463589 0 0 -0.373823 -0.915052 0 -0.138581 0.0566142 0.977064 -0.915052 0.373823 -0.151446 0 0 0 1 0 0 1 -1 
365.91 -99.8718 160.59 5.20195 0.605381 0.0551924 0 0 -0.404335 -0.913758 0 -0.036083 0.0159666 0.998441 -0.913758 0.404335 -0.0394886 0 0 0 1 0 0 1 -1 
365.078 -99.433 160.545 4.81187 0.528531 0.0768716 0 0 -0.552947 -0.825401 0 -0.0939721 0.0629532 0.987038 -0.825401 0.552947 -0.11385 0 0 0 1 0 0 1 -1 
364.294 -98.9112 160.423 4.47846 0.559349 0.0988396 0.247384 0 -0.461147 -0.885819 0 -0.0457573 0.0238207 0.997332 -0.885819 0.461147 -0.0516554 0 0 0 1 0 0 1 -1 
363.436 -98.5263 160.504 4.30206 0.423693 0.115224 0.20473 0 -0.410867 -0.882674 0 0.201425 -0.0937592 0.947926 -0.882674 0.410867 0.228198 0 0 0 1 0 0 1 -1 
362.659 -98.1302 160.837 4.28986 0.431422 0.112367 0.384255 0 -0.428084 -0.796445 0 0.340166 -0.182837 0.817581 -0.796445 0.428084 0.427105 0 0 0 1 0 0 1 -1 
361.884 -97.7326 161.192 4.40629 0.388015 0.101099 0.364969 0 -0.408612 -0.868257 0 0.244297 -0.114969 0.920834 -0.868257 0.408612 0.281365 0 0 0 1 0 0 1 -1 
361.007 -97.3742 161.38 4.54241 0.451988 0.0915676 0.357125 0 -0.33269 -0.932064 0 0.133689 -0.0477187 0.979427 -0.932064 0.33269 0.143433 0 0 0 1 0 0 1 -1 
360.257 -97.0974 161.499 4.62684 0.285109 0.0922718 0.383539 0 -0.375413 -0.912116 0 0.150182 -0.0618127 0.972889 -0.912116 0.375413 0.164653 0 0 0 1 0 0 1 -1 
360.173 -97.0633 161.515 4.63426 0.19985 0.0930776 0.386458 0 -0.307884 -0.929877 0 0.187217 -0.0619877 0.959464 -0.929877 0.307884 0.201335 0 0 0 1 0 0 1 -1 
ObjectType = Tube
ObjectSubType = Vessel
NDims = 3
ID = 5
ParentID = 50
Color = 0.9 0.1 0.1 1
BinaryData = False
TransformMatrix = 1 0 0 0 1 0 0 0 1
Offset = 0 0 0
CenterOfRotation = 0 0 0
ElementSpacing = 1 1 1
Root = False
Artery = True
PointDim = x y z r rn mn bn mk v1x v1y v1z v2x v2y v2z tx ty tz a1 a2 a3 red green blue alpha id
NPoints = 25
Points = 
393.384 -82.0145 160.05 2.92338 0.231517 0.0388216 0 0 -0.0901485 -0.960511 0 -0.25284 0.0237302 0.930707 -0.960511 0.0901485 -0.263235 0 0 0 1 0 0 1 -1 
393.091 -82.0065 160.012 2.92451 0.280574 0.0426193 0 0 0.0893639 -0.990781 0 0.100878 0.00909876 0.989633 -0.990781 -0.0893639 0.101817 0 0 0 1 0 0 1 -1 
392.866 -82.0614 160.097 2.9346 0.340661 0.0614267 0 0 0.312784 -0.803009 0 0.407358 0.158672 0.742657 -0.803009 -0.312784 0.50729 0 0 0 1 0 0 1 -1 
392.689 -82.1437 160.234 2.96496 0.322949 0.096636 0 0 0.369 -0.687953 0 0.429934 0.230606 0.609441 -0.687953 -0.369 0.624947 0 0 0 1 0 0 1 -1 
392.534 -82.2323 160.389 3.02534 0.307487 0.0693697 0 0 0.369528 -0.640011 0 0.431158 0.248941 0.546165 -0.640011 -0.369528 0.673672 0 0 0 1 0 0 1 -1 
392.38 -82.316 160.551 3.1086 0.292602 0.0705895 1.24303 0 0.337069 -0.640175 0 0.441934 0.23269 0.52344 -0.640175 -0.337069 0.690333 0 0 0 1 0 0 1 -1 
392.23 -82.3971 160.721 3.18426 0.295822 0.0699098 0.494279 0 0.349372 -0.597415 0 0.43123 0.252186 0.478965 -0.597415 -0.349372 0.721827 0 0 0 1 0 0 1 -1 
392.104 -82.5002 160.892 3.21148 0.304913 0.0676744 0 0 0.539054 -0.477338 0 0.33125 0.374078 0.518431 -0.477338 -0.539054 0.693951 0 0 0 1 0 0 1 -1 
391.997 -82.6403 161.042 3.16235 0.306087 0.0568723 0 0 0.656044 -0.468282 0 0.277165 0.388297 0.649682 -0.468282 -0.656044 0.591877 0 0 0 1 0 0 1 -1 
391.894 -82.8058 161.167 3.05361 0.278177 0.0190419 0 0 0.68436 -0.591611 0 0.252146 0.291675 0.818352 -0.591611 -0.68436 0.426202 0 0 0 1 0 0 1 -1 
391.681 -82.9506 161.219 2.93168 0.33729 -0.0116089 0 0 0.483248 -0.872418 0 0.0638583 0.0353722 0.994642 -0.872418 -0.483248 0.0731969 0 0 0 1 0 0 1 -1 
391.313 -83.3848 161.46 2.84523 0.553705 0.0100889 0 0 0.770921 -0.0781727 0 0.0494141 0.487311 0.600431 -0.0781727 -0.770921 0.632115 0 0 0 1 0 0 1 -1 
391.551 -83.8961 162.011 2.80271 0.618231 0.0733973 0 0 0.497618 0.52159 0 -0.361489 0.344875 0.51968 0.52159 -0.497618 0.693051 0 0 0 1 0 0 1 -1 
392.057 -84.3271 162.613 2.79753 0.558542 0.130619 0.374871 0 0.503281 0.581228 0 -0.37166 0.321818 0.591117 0.581228 -0.503281 0.639439 0 0 0 1 0 0 1 -1 
392.475 -84.8036 163.111 2.82272 0.646738 0.130337 0.250394 0 0.823878 0.471483 0 -0.148295 0.259134 0.901071 0.471483 -0.823878 0.31453 0 0 0 1 0 0 1 -1 
392.537 -85.4595 162.967 2.88756 0.44523 0.10175 0 0 0.862323 -0.363891 0 -0.12813 -0.303634 0.876017 -0.363891 -0.862323 -0.352112 0 0 0 1 0 0 1 -1 
392.397 -86.1642 162.753 3.0196 0.605685 0.129099 0.786595 0 0.984413 0.0568187 0 0.00945708 -0.163849 0.972297 0.0568187 -0.984413 -0.166443 0 0 0 1 0 0 1 -1 
392.474 -87.0547 162.758 3.20363 0.706576 0.0786463 1.03753 0 0.988685 0.0935916 0 -0.0109718 0.115904 0.986257 0.0935916 -0.988685 0.117231 0 0 0 1 0 0 1 -1 
392.484 -87.9747 162.854 3.40987 0.774884 0.10404 1.22019 0 0.984131 -0.160246 0 0.0122111 0.0749926 0.994193 -0.160246 -0.984131 0.0762018 0 0 0 1 0 0 1 -1 
392.265 -88.8765 162.915 3.5935 0.706048 0.114311 1.15247 0 0.985156 -0.164662 0 0.00798959 0.0478008 0.997646 -0.164662 -0.985156 0.048521 0 0 0 1 0 0 1 -1 
392.125 -89.8044 163.013 3.73498 0.490631 0.102227 0.81244 0 0.952364 -0.233099 0 0.0458373 0.187275 0.961332 -0.233099 -0.952364 0.196643 0 0 0 1 0 0 1 -1 
391.848 -90.6703 163.221 3.82333 0.363783 0.107192 0.241929 0 0.86223 -0.43757 0 0.111638 0.219982 0.934908 -0.43757 -0.86223 0.255132 0 0 0 1 0 0 1 -1 
391.208 -91.1836 163.461 3.87202 0.434366 0.112183 0.414816 0 0.257283 -0.934446 0 0.230063 0.0633437 0.939384 -0.934446 -0.257283 0.246203 0 0 0 1 0 0 1 -1 
390.748 -91.2792 163.57 3.88303 0.599706 0.119039 0.378574 0 0.961976 -0.258994 0 0.0224657 0.083444 0.992476 -0.258994 -0.961976 0.0867423 0 0 0 1 0 0 1 -1 
390.759 -91.2864 163.569 3.88303 0.533882 0.119039 0.378574 0 0.961976 -0.258994 0 0.0224657 0.083444 0.992476 -0.258994 -0.961976 0.0867423 0 0 0 1 0 0 1 -1 
ObjectType = Tube
ObjectSubType = Vessel
NDims = 3
ID = 6
ParentID = 50
Color = 0.9 0.1 0.1 1
BinaryData = False
TransformMatrix = 1 0 0 0 1 0 0 0 1
Offset = 0 0 0
CenterOfRotation = 0 0 0
ElementSpacing = 1 1 1
Root = False
Artery = True
PointDim = x y z r rn mn bn mk v1x v1y v1z v2x v2y v2z tx ty tz a1 a2 a3 red green blue alpha id
NPoints = 125
Points = 
377.248 -61.896 174.638 0.726405 0.792638 0 0 0 0.606821 -0.794567 0 -0.0165039 -0.0126042 0.999569 -0.794567 -0.606821 -0.0207709 0 0 0 1 0 0 1 -1 
376.702 -62.3984 174.565 0.726265 0.899026 0 0 0 0.656847 -0.69382 0 -0.204843 -0.193927 0.912834 -0.69382 -0.656847 -0.29524 0 0 0 1 0 0 1 -1 
376.046 -62.7166 174.089 0.725615 0.788612 0 0 0 0.23304 -0.743465 0 -0.466048 -0.146083 0.607048 -0.743465 -0.23304 -0.626859 0 0 0 1 0 0 1 -1 
375.401 -63.0496 173.479 0.726683 0.631085 0 0 0 0.421804 -0.517336 0 -0.385214 -0.31408 0.445555 -0.517336 -0.421804 -0.744611 0 0 0 1 0 0 1 -1 
375.18 -63.3858 172.663 0.737511 0.697755 0.0194139 0.104776 0 0.354494 -0.0245137 0 -0.0229138 -0.331359 0.126267 -0.0245137 -0.354494 -0.934737 0 0 0 1 0 0 1 -1 
375.186 -63.7612 171.746 0.768611 0.571695 0.0852413 0 0 0.351101 -0.068477 0 -0.0639459 -0.327869 0.127961 -0.068477 -0.351101 -0.93383 0 0 0 1 0 0 1 -1 
374.996 -64.0002 170.846 0.83853 0.497068 0.203739 0.523493 0 0.172237 -0.304784 0 -0.285497 -0.161337 0.122559 -0.304784 -0.172237 -0.936718 0 0 0 1 0 0 1 -1 
374.695 -64.1797 169.95 0.944827 0.384889 0.303827 0.571177 0 0.261017 -0.370492 0 -0.330259 -0.232672 0.205394 -0.370492 -0.261017 -0.891407 0 0 0 1 0 0 1 -1 
374.19 -64.4575 169.205 1.07726 0.460493 0.195405 0 0 0.248709 -0.628764 0 -0.463242 -0.183236 0.4572 -0.628764 -0.248709 -0.736749 0 0 0 1 0 0 1 -1 
373.495 -64.5969 168.603 1.20807 0.488091 0.124584 0 0 0.0622088 -0.875605 0 -0.419419 -0.0297983 0.770554 -0.875605 -0.0622088 -0.479005 0 0 0 1 0 0 1 -1 
372.632 -64.5963 168.33 1.31658 0.646005 0.215513 0 0 -0.0577891 -0.985972 0 -0.154391 0.00904905 0.97548 -0.985972 0.0577891 -0.156587 0 0 0 1 0 0 1 -1 
371.721 -64.5171 168.216 1.38846 0.730938 0.420991 0 0 -0.0995424 -0.988045 0 -0.116316 0.0117184 0.986141 -0.988045 0.0995424 -0.117723 0 0 0 1 0 0 1 -1 
370.803 -64.4364 168.124 1.43394 0.660643 0.449565 0 0 -0.0577025 -0.995293 0 -0.0774988 0.00449303 0.993937 -0.995293 0.0577025 -0.0778654 0 0 0 1 0 0 1 -1 
369.873 -64.428 168.069 1.46163 0.480915 0.341967 0 0 0.0154298 -0.998731 0 -0.0478818 -0.000739748 0.997702 -0.998731 -0.0154298 -0.0479427 0 0 0 1 0 0 1 -1 
368.936 -64.4172 167.992 1.48419 0.471565 0.268622 0 0 -0.0317984 -0.991276 0 -0.126794 0.00406731 0.983639 -0.991276 0.0317984 -0.127909 0 0 0 1 0 0 1 -1 
368.006 -64.3956 167.874 1.51171 0.363521 0.190152 0 0 0.00609583 -0.990296 0 -0.137496 -0.000846369 0.980722 -0.990296 -0.00609583 -0.138844 0 0 0 1 0 0 1 -1 
367.088 -64.4551 167.623 1.55582 0.286842 0.227522 0 0 0.0712622 -0.943832 0 -0.304527 -0.0229927 0.895897 -0.943832 -0.0712622 -0.32265 0 0 0 1 0 0 1 -1 
366.133 -64.4341 167.452 1.61829 0.348932 0.253571 0 0 -0.122016 -0.992509 0 0.00611649 -0.00075194 0.999962 -0.992509 0.122016 0.00616265 0 0 0 1 0 0 1 -1 
365.23 -64.2815 167.611 1.69678 0.462643 0.214109 0 0 -0.167547 -0.943019 0 0.271097 -0.0481661 0.917356 -0.943019 0.167547 0.287478 0 0 0 1 0 0 1 -1 
364.342 -64.1734 167.812 1.78023 0.394278 0.298022 0 0 -0.0522404 -0.992722 0 0.107715 -0.00566831 0.988227 -0.992722 0.0522404 0.108504 0 0 0 1 0 0 1 -1 
363.424 -64.155 167.865 1.85904 0.40814 0.389847 0 0 -0.0206156 -0.999447 0 0.0260612 -0.000537565 0.99932 -0.999447 0.0206156 0.0260756 0 0 0 1 0 0 1 -1 
362.5 -64.1243 167.844 1.92674 0.423211 0.319625 0.409897 0 -0.0314783 -0.998303 0 -0.0489014 0.00154195 0.9976 -0.998303 0.0314783 -0.0489845 0 0 0 1 0 0 1 -1 
361.573 -64.1172 167.819 1.98686 0.448832 0.224981 0.314282 0 0.0180938 -0.999822 0 -0.00530809 -9.60607e-05 0.999972 -0.999822 -0.0180938 -0.00530904 0 0 0 1 0 0 1 -1 
360.639 -64.1499 167.843 2.04496 0.457525 0.278989 0.335353 0 0.0452138 -0.996558 0 0.0692482 0.00314179 0.995171 -0.996558 -0.0452138 0.0694874 0 0 0 1 0 0 1 -1 
359.709 -64.202 167.957 2.10835 0.443077 0.274824 0 0 0.0728915 -0.983457 0 0.163086 0.0120876 0.972501 -0.983457 -0.0728915 0.165829 0 0 0 1 0 0 1 -1 
358.798 -64.2736 168.142 2.17986 0.395989 0.269105 0 0 0.0596168 -0.971308 0 0.223624 0.0137256 0.946994 -0.971308 -0.0596168 0.23023 0 0 0 1 0 0 1 -1 
357.889 -64.3174 168.309 2.26006 0.337179 0.2739 0.293386 0 0.0466251 -0.995094 0 0.0868282 0.00406833 0.992386 -0.995094 -0.0466251 0.0872563 0 0 0 1 0 0 1 -1 
356.967 -64.3659 168.334 2.34359 0.31029 0.299285 0.216162 0 0.0635696 -0.997977 0 -0.000673014 -4.28699e-05 1 -0.997977 -0.0635696 -0.000674378 0 0 0 1 0 0 1 -1 
356.043 -64.4481 168.351 2.42448 0.298233 0.316035 0 0 0.114698 -0.99251 0 0.0417392 0.00482353 0.998231 -0.99251 -0.114698 0.0420542 0 0 0 1 0 0 1 -1 
355.121 -64.5576 168.386 2.49601 0.288521 0.287009 0.0928429 0 0.107917 -0.993796 0 0.0267363 0.0029033 0.999276 -0.993796 -0.107917 0.0269032 0 0 0 1 0 0 1 -1 
354.197 -64.6354 168.424 2.55824 0.319586 0.268881 0.274134 0 0.0637499 -0.995895 0 0.0639941 0.00409643 0.995871 -0.995895 -0.0637499 0.0642578 0 0 0 1 0 0 1 -1 
353.272 -64.698 168.49 2.61948 0.388577 0.230078 0.151013 0 0.0679683 -0.995932 0 0.0589155 0.00402074 0.996501 -0.995932 -0.0679683 0.0591561 0 0 0 1 0 0 1 -1 
352.343 -64.7281 168.511 2.6924 0.41947 0.19715 0 0 -0.00816081 -0.999876 0 -0.0134561 0.000109826 0.999819 -0.999876 0.00816081 -0.0134577 0 0 0 1 0 0 1 -1 
351.414 -64.7044 168.495 2.7833 0.364052 0.212215 0 0 -0.0295662 -0.999393 0 0.018436 -0.000545412 0.99966 -0.999393 0.0295662 0.0184472 0 0 0 1 0 0 1 -1 
350.484 -64.679 168.533 2.88381 0.273327 0.198616 0 0 -0.0239521 -0.998852 0 0.0414273 -0.000993411 0.99828 -0.998852 0.0239521 0.0414749 0 0 0 1 0 0 1 -1 
349.554 -64.6736 168.498 2.9797 0.201534 0.155618 0 0 0.0206476 -0.987751 0 -0.152773 -0.0031935 0.976078 -0.987751 -0.0206476 -0.154667 0 0 0 1 0 0 1 -1 
348.628 -64.7227 168.42 3.05891 0.293345 0.167962 0 0 0.0914557 -0.994763 0 0.0454011 0.00417405 0.997917 -0.994763 -0.0914557 0.0456402 0 0 0 1 0 0 1 -1 
347.697 -64.8416 168.447 3.12675 0.280783 0.183573 0 0 0.137327 -0.98657 0 -0.087245 -0.0121442 0.99218 -0.98657 -0.137327 -0.0884326 0 0 0 1 0 0 1 -1 
346.793 -64.9798 168.333 3.19288 0.399362 0.203415 0 0 0.20841 -0.974496 0 -0.0810762 -0.0173393 0.993078 -0.974496 -0.20841 -0.0831981 0 0 0 1 0 0 1 -1 
345.906 -65.2281 168.233 3.2673 0.437588 0.208294 0 0 0.264232 -0.950752 0 -0.154046 -0.0428123 0.973748 -0.950752 -0.264232 -0.162026 0 0 0 1 0 0 1 -1 
345.03 -65.3931 167.994 3.35101 0.566889 0.205287 0 0 0.10977 -0.933911 0 -0.317749 -0.0373477 0.88424 -0.933911 -0.10977 -0.340235 0 0 0 1 0 0 1 -1 
344.154 -65.4943 167.667 3.43855 0.805874 0.206846 0 0 0.120169 -0.940033 0 -0.300071 -0.0383595 0.898103 -0.940033 -0.120169 -0.319213 0 0 0 1 0 0 1 -1 
343.202 -65.6282 167.483 3.51586 0.33318 0.198359 0 0 0.177004 -0.984067 0 -0.0165182 -0.00297114 0.999718 -0.984067 -0.177004 -0.0167857 0 0 0 1 0 0 1 -1 
342.211 -65.8877 167.437 3.56153 0.487602 0.168285 0 0 0.306975 -0.917155 0 -0.233097 -0.0780183 0.935407 -0.917155 -0.306975 -0.254152 0 0 0 1 0 0 1 -1 
341.452 -66.1659 167.023 3.54854 0.533817 0.168945 0 0 0.253583 -0.912872 0 -0.292061 -0.0811306 0.897641 -0.912872 -0.253583 -0.319936 0 0 0 1 0 0 1 -1 
340.599 -66.3802 166.99 3.46858 0.32969 0.1816 0.191983 0 0.309872 -0.95062 0 0.0165173 0.0053841 0.999698 -0.95062 -0.309872 0.0173753 0 0 0 1 0 0 1 -1 
339.729 -66.7034 167.039 3.32912 0.33816 0.168463 0.32144 0 0.369453 -0.926602 0 0.0649459 0.0258951 0.995087 -0.926602 -0.369453 0.0700904 0 0 0 1 0 0 1 -1 
338.861 -67.0527 167.111 3.18845 0.33759 0.167904 0.387899 0 0.376094 -0.922896 0 0.0761907 0.0310489 0.993185 -0.922896 -0.376094 0.082556 0 0 0 1 0 0 1 -1 
337.993 -67.4008 167.197 3.10062 0.365491 0.196522 0.428937 0 0.357627 -0.928907 0 0.089267 0.0343676 0.990765 -0.928907 -0.357627 0.096099 0 0 0 1 0 0 1 -1 
337.116 -67.7263 167.284 3.0916 0.409325 0.172948 0.174164 0 0.301658 -0.953112 0 0.0229764 0.00727198 0.999419 -0.953112 -0.301658 0.0241068 0 0 0 1 0 0 1 -1 
336.198 -67.9979 167.228 3.13875 0.574107 0.177364 0 0 0.347602 -0.937632 0 0.00415981 0.00154214 0.99998 -0.937632 -0.347602 0.00443651 0 0 0 1 0 0 1 -1 
335.353 -68.3495 167.374 3.20844 0.814722 0.22664 0 0 0.355839 -0.905579 0 0.209078 0.0821553 0.946696 -0.905579 -0.355839 0.230878 0 0 0 1 0 0 1 -1 
334.499 -68.6926 167.524 3.26725 0.748377 0.260276 0.219508 0 0.431558 -0.90063 0 0.0461264 0.0221026 0.997377 -0.90063 -0.431558 0.0512157 0 0 0 1 0 0 1 -1 
333.683 -69.1438 167.564 3.2916 0.681861 0.217999 0.235588 0 0.479344 -0.874818 0 0.061374 0.033629 0.995078 -0.874818 -0.479344 0.0701562 0 0 0 1 0 0 1 -1 
332.838 -69.5531 167.619 3.25384 0.647484 0.134335 0.277881 0 0.414649 -0.909181 0 0.0346787 0.0158159 0.998545 -0.909181 -0.414649 0.0381428 0 0 0 1 0 0 1 -1 
332.02 -70 167.645 3.14402 0.683741 0.116153 0.23142 0 0.566726 -0.823556 0 0.0197861 0.0136157 0.999423 -0.823556 -0.566726 0.0240253 0 0 0 1 0 0 1 -1 
331.294 -70.5713 167.66 2.96947 0.65629 0.142503 0.267592 0 0.626351 -0.779539 0 0.00143888 0.00115612 0.999997 -0.779539 -0.626351 0.0018458 0 0 0 1 0 0 1 -1 
330.545 -71.1175 167.634 2.79044 0.5457 0.216591 0.185181 0 0.556875 -0.827986 0 -0.0544768 -0.0366392 0.995671 -0.827986 -0.556875 -0.0657943 0 0 0 1 0 0 1 -1 
329.776 -71.6298 167.533 2.65724 0.499644 0.27686 0.172063 0 0.553782 -0.820547 0 -0.116125 -0.0783719 0.979972 -0.820547 -0.553782 -0.141521 0 0 0 1 0 0 1 -1 
329.005 -72.1357 167.398 2.59074 0.457185 0.288621 0 0 0.511744 -0.847195 0 -0.120938 -0.0730522 0.979622 -0.847195 -0.511744 -0.142751 0 0 0 1 0 0 1 -1 
328.187 -72.5685 167.26 2.57006 0.412604 0.257253 0 0 0.424691 -0.892377 0 -0.136217 -0.064827 0.976699 -0.892377 -0.424691 -0.152645 0 0 0 1 0 0 1 -1 
327.346 -72.9647 167.119 2.56594 0.372289 0.243258 0 0 0.423211 -0.893696 0 -0.13316 -0.0630581 0.977799 -0.893696 -0.423211 -0.148999 0 0 0 1 0 0 1 -1 
326.502 -73.3588 166.976 2.55314 0.361199 0.231937 0 0 0.407398 -0.902513 0 -0.126021 -0.0568862 0.980503 -0.902513 -0.407398 -0.139633 0 0 0 1 0 0 1 -1 
325.646 -73.7438 166.889 2.52564 0.359674 0.216991 0 0 0.424916 -0.904544 0 -0.0319427 -0.0150053 0.998753 -0.904544 -0.424916 -0.0353136 0 0 0 1 0 0 1 -1 
324.814 -74.1732 166.896 2.49273 0.374864 0.233881 0.144102 0 0.48692 -0.873 0 0.0243926 0.0136051 0.999219 -0.873 -0.48692 0.0279411 0 0 0 1 0 0 1 -1 
324 -74.6292 166.928 2.46674 0.388065 0.275246 0 0 0.484855 -0.873481 0 0.0385461 0.0213963 0.998053 -0.873481 -0.484855 0.0441293 0 0 0 1 0 0 1 -1 
323.186 -75.0845 166.966 2.45605 0.376967 0.217781 0.147803 0 0.496512 -0.867496 0 0.0264029 0.0151117 0.999074 -0.867496 -0.496512 0.0304358 0 0 0 1 0 0 1 -1 
322.385 -75.5623 166.977 2.45269 0.389697 0.198396 0.259608 0 0.519501 -0.854372 0 -0.0110389 -0.00671222 0.999833 -0.854372 -0.519501 -0.0129205 0 0 0 1 0 0 1 -1 
321.576 -76.0249 166.944 2.4468 0.36745 0.23452 0.202001 0 0.464219 -0.883894 0 -0.0502533 -0.026393 0.996768 -0.883894 -0.464219 -0.0568545 0 0 0 1 0 0 1 -1 
320.738 -76.4335 166.874 2.43248 0.369074 0.258072 0.225828 0 0.414996 -0.90579 0 -0.0775109 -0.0355123 0.992677 -0.90579 -0.414996 -0.0855727 0 0 0 1 0 0 1 -1 
319.888 -76.8174 166.789 2.41303 0.412323 0.212512 0.253822 0 0.410778 -0.906413 0 -0.0891639 -0.0404083 0.990323 -0.906413 -0.410778 -0.0983701 0 0 0 1 0 0 1 -1 
319.041 -77.2054 166.691 2.39611 0.472239 0.264085 0.103472 0 0.424024 -0.900459 0 -0.0872028 -0.0410636 0.990622 -0.900459 -0.424024 -0.0968427 0 0 0 1 0 0 1 -1 
318.209 -77.6259 166.633 2.38828 0.513435 0.213876 0.178767 0 0.47456 -0.879708 0 -0.0264806 -0.014285 0.999094 -0.879708 -0.47456 -0.0301016 0 0 0 1 0 0 1 -1 
317.397 -78.084 166.621 2.39377 0.538011 0.188996 0.1934 0 0.510689 -0.859759 0 0.00298812 0.00177492 0.999988 -0.859759 -0.510689 0.00347553 0 0 0 1 0 0 1 -1 
316.606 -78.5755 166.63 2.40909 0.531709 0.175928 0.252299 0 0.511784 -0.859076 0 -0.00695297 -0.00414215 0.999934 -0.859076 -0.511784 -0.00809355 0 0 0 1 0 0 1 -1 
315.775 -79.0167 166.583 2.4223 0.538862 0.224302 0.28465 0 0.47104 -0.878848 0 -0.0666295 -0.0357117 0.994252 -0.878848 -0.47104 -0.0758146 0 0 0 1 0 0 1 -1 
314.976 -79.4944 166.509 2.41095 0.532114 0.236751 0.1541 0 0.544493 -0.835095 0 -0.0654523 -0.0426758 0.993857 -0.835095 -0.544493 -0.0783771 0 0 0 1 0 0 1 -1 
314.216 -80.0272 166.445 2.36434 0.528822 0.191867 0.165249 0 0.585547 -0.808201 0 -0.0507672 -0.0367811 0.996054 -0.808201 -0.585547 -0.062815 0 0 0 1 0 0 1 -1 
313.455 -80.555 166.37 2.2823 0.523267 0.191271 0.0427643 0 0.540227 -0.83483 0 -0.0884046 -0.0572076 0.988786 -0.83483 -0.540227 -0.105895 0 0 0 1 0 0 1 -1 
312.656 -81.0197 166.252 2.18866 0.504578 0.255455 0 0 0.458522 -0.877717 0 -0.122162 -0.0638178 0.980628 -0.877717 -0.458522 -0.139182 0 0 0 1 0 0 1 -1 
311.827 -81.4374 166.132 2.11013 0.447603 0.29211 0 0 0.456049 -0.882823 0 -0.0992626 -0.0512771 0.987358 -0.882823 -0.456049 -0.112438 0 0 0 1 0 0 1 -1 
311.018 -81.8935 166.043 2.07007 0.340005 0.260531 0 0 0.518296 -0.851168 0 -0.0706173 -0.0430005 0.993117 -0.851168 -0.518296 -0.0829652 0 0 0 1 0 0 1 -1 
310.23 -82.3833 165.956 2.06163 0.271849 0.270097 0 0 0.523812 -0.845308 0 -0.088958 -0.0551245 0.988925 -0.845308 -0.523812 -0.105237 0 0 0 1 0 0 1 -1 
309.443 -82.874 165.856 2.07426 0.281884 0.247189 0 0 0.536749 -0.836358 0 -0.093154 -0.0597834 0.987594 -0.836358 -0.536749 -0.11138 0 0 0 1 0 0 1 -1 
308.69 -83.4039 165.733 2.09297 0.336118 0.275026 0 0 0.6057 -0.781348 0 -0.117522 -0.0911026 0.977377 -0.781348 -0.6057 -0.150409 0 0 0 1 0 0 1 -1 
307.977 -83.9789 165.593 2.11055 0.388379 0.333025 0.207082 0 0.61559 -0.772969 0 -0.118663 -0.0945033 0.976433 -0.772969 -0.61559 -0.153516 0 0 0 1 0 0 1 -1 
307.231 -84.5113 165.45 2.12372 0.42943 0.29432 0.25683 0 0.513424 -0.844851 0 -0.127072 -0.077223 0.977377 -0.844851 -0.513424 -0.150408 0 0 0 1 0 0 1 -1 
306.406 -84.9192 165.306 2.13078 0.459042 0.232213 0.280009 0 0.377455 -0.90892 0 -0.161039 -0.066876 0.968609 -0.90892 -0.377455 -0.177176 0 0 0 1 0 0 1 -1 
305.578 -85.2694 165.066 2.12645 0.406111 0.182822 0.220779 0 0.396946 -0.849287 0 -0.295603 -0.138161 0.878854 -0.849287 -0.396946 -0.348061 0 0 0 1 0 0 1 -1 
304.838 -85.664 164.673 2.10239 0.391763 0.258181 0.0749043 0 0.448031 -0.747314 0 -0.36671 -0.21985 0.75921 -0.747314 -0.448031 -0.490704 0 0 0 1 0 0 1 -1 
304.167 -86.0869 164.19 2.05182 0.48331 0.222325 0.194835 0 0.457954 -0.717248 0 -0.376698 -0.240517 0.724166 -0.717248 -0.457954 -0.525199 0 0 0 1 0 0 1 -1 
303.484 -86.5224 163.735 1.95883 0.658624 0.229527 0.0681484 0 0.492503 -0.751719 0 -0.329696 -0.216006 0.80764 -0.751719 -0.492503 -0.438589 0 0 0 1 0 0 1 -1 
302.787 -87.0262 163.389 1.82268 0.599536 0.222016 0.223212 0 0.612284 -0.738039 0 -0.209279 -0.173619 0.919594 -0.738039 -0.612284 -0.28356 0 0 0 1 0 0 1 -1 
302.164 -87.6862 163.196 1.64378 0.43106 0.197238 0.299028 0 0.839381 -0.540678 0 -0.0301428 -0.0467955 0.996892 -0.540678 -0.839381 -0.05575 0 0 0 1 0 0 1 -1 
301.639 -88.5011 163.177 1.44872 0.435784 0.125468 0.398072 0 0.763747 -0.633699 0 -0.0779116 -0.0939008 0.984884 -0.633699 -0.763747 -0.122947 0 0 0 1 0 0 1 -1 
301.016 -89.1645 163 1.27753 0.415607 0.160106 0 0 0.674672 -0.692343 0 -0.177163 -0.172642 0.93452 -0.692343 -0.674672 -0.25589 0 0 0 1 0 0 1 -1 
300.377 -89.7677 162.709 1.18465 0.44672 0.179611 0 0 0.629565 -0.681922 0 -0.253901 -0.234407 0.861369 -0.681922 -0.629565 -0.372331 0 0 0 1 0 0 1 -1 
299.743 -90.3378 162.347 1.17463 0.522468 0.20847 0 0 0.610652 -0.694759 0 -0.264021 -0.232059 0.855586 -0.694759 -0.610652 -0.380019 0 0 0 1 0 0 1 -1 
299.101 -90.9157 162.009 1.23291 0.549602 0.323309 0 0 0.639528 -0.676683 0 -0.246877 -0.233322 0.866896 -0.676683 -0.639528 -0.364835 0 0 0 1 0 0 1 -1 
298.488 -91.5139 161.655 1.31259 0.556016 0.355054 0.0519357 0 0.650093 -0.647601 0 -0.257409 -0.2584 0.842009 -0.647601 -0.650093 -0.397481 0 0 0 1 0 0 1 -1 
297.905 -92.1323 161.287 1.37849 0.573655 0.257371 0.137436 0 0.681881 -0.621531 0 -0.239703 -0.262978 0.851263 -0.621531 -0.681881 -0.385665 0 0 0 1 0 0 1 -1 
297.332 -92.7739 160.943 1.41063 0.653193 0.143133 0 0 0.70135 -0.616746 0 -0.220423 -0.25066 0.872268 -0.616746 -0.70135 -0.357397 0 0 0 1 0 0 1 -1 
296.743 -93.4135 160.622 1.41911 0.644372 0.118565 0.26896 0 0.672858 -0.657365 0 -0.223053 -0.22831 0.884866 -0.657365 -0.672858 -0.339314 0 0 0 1 0 0 1 -1 
296.116 -94.0306 160.333 1.41608 0.622012 0.200753 0.0591483 0 0.665899 -0.700636 0 -0.17957 -0.170667 0.934313 -0.700636 -0.665899 -0.256295 0 0 0 1 0 0 1 -1 
295.452 -94.6547 160.199 1.41884 0.602125 0.206982 0.470403 0 0.695141 -0.717892 0 -0.0269554 -0.0261011 0.99859 -0.717892 -0.695141 -0.0375479 0 0 0 1 0 0 1 -1 
294.793 -95.302 160.202 1.43879 0.548675 0.157757 0 0 0.687283 -0.726147 0 0.0136253 0.012896 0.999648 -0.726147 -0.687283 0.0187638 0 0 0 1 0 0 1 -1 
294.094 -95.9082 160.228 1.4854 0.580581 0.175759 0 0 0.620498 -0.783175 0 0.0315152 0.0249691 0.998381 -0.783175 -0.620498 0.0402403 0 0 0 1 0 0 1 -1 
293.351 -96.4626 160.282 1.54633 0.597691 0.162676 0 0 0.58483 -0.807457 0 0.0624733 0.0452486 0.994014 -0.807457 -0.58483 0.0773704 0 0 0 1 0 0 1 -1 
292.608 -97.0161 160.341 1.59931 0.68082 0.199299 0.27486 0 0.615004 -0.788321 0 0.0141268 0.0110209 0.999679 -0.788321 -0.615004 0.0179201 0 0 0 1 0 0 1 -1 
291.9 -97.6055 160.286 1.60948 0.669928 0.17539 0.296867 0 0.663284 -0.735854 0 -0.100283 -0.0903934 0.981427 -0.735854 -0.663284 -0.136282 0 0 0 1 0 0 1 -1 
291.262 -98.2458 160.104 1.55852 0.547697 0.179164 0 0 0.719152 -0.647681 0 -0.162992 -0.180978 0.93667 -0.647681 -0.719152 -0.251655 0 0 0 1 0 0 1 -1 
290.692 -98.915 159.822 1.43825 0.411352 0.198388 0.106861 0 0.719884 -0.600909 0 -0.208746 -0.250076 0.879325 -0.600909 -0.719884 -0.347383 0 0 0 1 0 0 1 -1 
290.129 -99.5803 159.511 1.29352 0.414842 0.148917 0 0 0.720561 -0.622646 0 -0.189987 -0.219864 0.906896 -0.622646 -0.720561 -0.305129 0 0 0 1 0 0 1 -1 
289.513 -100.219 159.256 1.17274 0.222632 0.245408 0 0 0.651907 -0.71747 0 -0.176116 -0.160023 0.939745 -0.71747 -0.651907 -0.245469 0 0 0 1 0 0 1 -1 
288.819 -100.8 159.066 1.11311 0.25896 0.229525 0.417738 0 0.617106 -0.767874 0 -0.131997 -0.10608 0.970451 -0.767874 -0.617106 -0.171899 0 0 0 1 0 0 1 -1 
288.11 -101.382 158.93 1.10102 0.348188 0.188058 0.314494 0 0.639015 -0.760896 0 -0.0857372 -0.0720037 0.987303 -0.760896 -0.639015 -0.112679 0 0 0 1 0 0 1 -1 
287.388 -101.961 158.887 1.08747 0.466797 0.063317 0.348676 0 0.587981 -0.80829 0 0.0248423 0.0180712 0.999055 -0.80829 -0.587981 0.0307343 0 0 0 1 0 0 1 -1 
286.611 -102.464 158.982 1.02304 0.502987 -0.000212881 0.464424 0 0.505529 -0.846709 0 0.140473 0.0838697 0.972476 -0.846709 -0.505529 0.165905 0 0 0 1 0 0 1 -1 
285.832 -102.937 159.173 0.89069 0.544413 0.285446 0.353291 0 0.5332 -0.824616 0 0.155819 0.100753 0.964294 -0.824616 -0.5332 0.18896 0 0 0 1 0 0 1 -1 
285.071 -103.459 159.303 0.721119 0.470004 0.336344 0.609905 0 0.624316 -0.780988 0 -0.0132244 -0.0105715 0.999713 -0.780988 -0.624316 -0.0169329 0 0 0 1 0 0 1 -1 
284.491 -104.065 158.969 0.557849 0.514646 0.665136 0.43922 0 0.636226 -0.512913 0 -0.295598 -0.366665 0.667863 -0.512913 -0.636226 -0.576313 0 0 0 1 0 0 1 -1 
284.011 -104.637 158.401 0.43937 0.82921 0.215711 0 0 0.592562 -0.528524 0 -0.321286 -0.360213 0.630467 -0.528524 -0.592562 -0.607892 0 0 0 1 0 0 1 -1 
283.524 -105.22 157.864 0.365938 0.95301 0 0 0 0.667177 -0.519986 0 -0.277348 -0.355856 0.715511 -0.519986 -0.667177 -0.533375 0 0 0 1 0 0 1 -1 
283.013 -105.838 157.397 0.331165 0.934472 0 0 0 0.635429 -0.561611 0 -0.297613 -0.336732 0.719177 -0.561611 -0.635429 -0.529928 0 0 0 1 0 0 1 -1 
282.886 -105.979 157.242 0.320949 0.996252 0 0 0 0.727759 -0.648417 0 0.144879 0.162607 0.950077 -0.648417 -0.727759 0.223435 0 0 0 1 0 0 1 -1 
ObjectType = Tube
ObjectSubType = Vessel
NDims = 3
ID = 7
ParentID = 50
Color = 0.9 0.1 0.1 1
BinaryData = False
TransformMatrix = 1 0 0 0 1 0 0 0 1
Offset = 0 0 0
CenterOfRotation = 0 0 0
ElementSpacing = 1 1 1
Root = False
Artery = True
PointDim = x y z r rn mn bn mk v1x v1y v1z v2x v2y v2z tx ty tz a1 a2 a3 red green blue alpha id
NPoints = 26
Points = 
420.193 -86.8929 155.147 1.13376 0.485196 0.0017303 2 0 0.308391 0.810045 0 0.403986 -0.153801 0.751278 0.810045 -0.308391 -0.498721 0 0 0 1 0 0 1 -1 
420.695 -87.418 154.815 1.14141 0.8352 0.00167976 2 0 0.9041 0.314874 0 0.0909635 -0.261185 0.916543 0.314874 -0.9041 -0.288889 0 0 0 1 0 0 1 -1 
420.561 -87.9534 154.432 1.19277 0.369639 -0.00509245 2 0 0.808385 -0.00984961 0 -0.00579721 -0.475793 0.653583 -0.00984961 -0.808385 -0.588572 0 0 0 1 0 0 1 -1 
420.55 -88.9647 154.143 1.28436 0.648457 -0.0314286 0.4 0 0.982886 -0.16954 0 -0.0122147 -0.0708132 0.994809 -0.16954 -0.982886 -0.0720462 0 0 0 1 0 0 1 -1 
420.31 -90.0789 154.252 1.39051 0.833411 0.0135503 1.57802 0 0.813052 -0.473338 0 0.160445 0.275596 0.885103 -0.473338 -0.813052 0.338964 0 0 0 1 0 0 1 -1 
419.636 -90.3821 154.738 1.50369 0.738847 0.155246 1.22771 0 0.0645072 -0.662633 0 0.494431 0.0481327 0.443244 -0.662633 -0.0645072 0.746161 0 0 0 1 0 0 1 -1 
419.181 -90.5763 155.532 1.63164 0.92192 0.199542 0.512086 0 0.433763 -0.490135 0 0.370569 0.327948 0.428383 -0.490135 -0.433763 0.756054 0 0 0 1 0 0 1 -1 
418.738 -91.0814 156.14 1.77503 0.903716 0.164102 0 0 0.612971 -0.403254 0 0.273991 0.416484 0.538347 -0.403254 -0.612971 0.67945 0 0 0 1 0 0 1 -1 
418.394 -91.5237 156.869 1.92653 0.704737 0.141859 0 0 0.345501 -0.353472 0 0.307274 0.300345 0.244313 -0.353472 -0.345501 0.869302 0 0 0 1 0 0 1 -1 
418.117 -91.916 157.675 2.06527 0.747273 0.0808153 0 0 0.501936 -0.237471 0 0.197496 0.417443 0.308332 -0.237471 -0.501936 0.831666 0 0 0 1 0 0 1 -1 
417.876 -92.474 158.371 2.17174 0.79096 0.0881365 0 0 0.682196 -0.311956 0 0.206291 0.451123 0.562707 -0.311956 -0.682196 0.661281 0 0 0 1 0 0 1 -1 
417.727 -93.1661 158.934 2.21987 0.757712 0.0807058 0.113297 0 0.861906 0.0748951 0 -0.0375604 0.432252 0.748491 0.0748951 -0.861906 0.501507 0 0 0 1 0 0 1 -1 
417.894 -93.9973 159.191 2.21293 0.601594 0.127723 0.309317 0 0.96428 0.236196 0 -0.0283198 0.115617 0.985624 0.236196 -0.96428 0.1199 0 0 0 1 0 0 1 -1 
418.072 -94.8983 159.236 2.15448 0.5568 0.190546 0 0 0.992614 0.103486 0 -0.00655104 0.0628361 0.995993 0.103486 -0.992614 0.0633036 0 0 0 1 0 0 1 -1 
418.076 -95.8172 159.417 2.06307 0.261251 0.0571918 0.470804 0 0.95562 -0.0611488 0 0.0176222 0.275396 0.916949 -0.0611488 -0.95562 0.288185 0 0 0 1 0 0 1 -1 
417.903 -96.702 159.726 1.95984 0.466841 0.123625 0 0 0.886603 -0.315694 0 0.106717 0.299709 0.885728 -0.315694 -0.886603 0.338041 0 0 0 1 0 0 1 -1 
417.544 -97.5201 160.022 1.86883 0.525987 0.0682921 0 0 0.843479 -0.375254 0 0.144231 0.324195 0.852272 -0.375254 -0.843479 0.384354 0 0 0 1 0 0 1 -1 
417.35 -98.2487 160.512 1.80901 0.779089 0.14197 0.142012 0 0.774572 -0.079139 0 0.0496609 0.486056 0.606225 -0.079139 -0.774572 0.627515 0 0 0 1 0 0 1 -1 
417.298 -98.9426 161.11 1.79511 0.533678 0.203959 0.659256 0 0.742203 -0.051841 0 0.0346384 0.495916 0.553553 -0.051841 -0.742203 0.668167 0 0 0 1 0 0 1 -1 
417.262 -99.6143 161.745 1.82243 0.464345 0.256445 0.413458 0 0.725339 -0.0332442 0 0.0228583 0.498735 0.527221 -0.0332442 -0.725339 0.687589 0 0 0 1 0 0 1 -1 
417.199 -100.289 162.348 1.86609 0.608558 0.141796 0.652224 0 0.740992 -0.156094 0 0.101948 0.483957 0.573435 -0.156094 -0.740992 0.65312 0 0 0 1 0 0 1 -1 
417.062 -100.794 162.797 1.8885 0.740762 0.0958718 0.291715 0 0.737399 -0.161486 0 0.105914 0.483638 0.569835 -0.161486 -0.737399 0.65587 0 0 0 1 0 0 1 -1 
416.974 -101.365 163.316 1.8703 0.48761 0.18433 0.198031 0 0.797548 -0.0157944 0 0.00952479 0.48096 0.636332 -0.0157944 -0.797548 0.603049 0 0 0 1 0 0 1 -1 
417.116 -101.976 163.492 1.81661 0.290884 0.309482 0.95295 0 0.939393 0.342842 0 -0.000303736 0.000832242 0.999999 0.342842 -0.939393 0.000885936 0 0 0 1 0 0 1 -1 
417.406 -102.717 163.48 1.76702 0.426092 0.26193 1.22255 0 0.92767 0.372909 0 0.00713751 -0.0177557 0.999634 0.372909 -0.92767 -0.0191401 0 0 0 1 0 0 1 -1 
417.471 -102.876 163.465 1.7549 0.407274 0.208195 1.4486 0 0.768549 0.0931575 0 0.0589661 -0.48647 0.599347 0.0931575 -0.768549 -0.632972 0 0 0 1 0 0 1 -1 
ObjectType = Tube
ObjectSubType = Vessel
NDims = 3
ID = 9
ParentID = 50
Color = 0.9 0.1 0.1 1
BinaryData = False
TransformMatrix = 1 0 0 0 1 0 0 0 1
Offset = 0 0 0
CenterOfRotation = 0 0 0
ElementSpacing = 1 1 1
Root = False
Artery = True
PointDim = x y z r rn mn bn mk v1x v1y v1z v2x v2y v2z tx ty tz a1 a2 a3 red green blue alpha id
NPoints = 20
Points = 
392.586 -116.798 166.298 3.91667 0.188817 0.120945 0 0 0.512701 -0.516985 0 0.354376 0.351439 0.530136 -0.516985 -0.512701 0.685467 0 0 0 1 0 0 1 -1 
392.343 -117.145 166.792 3.92421 0.319717 0.12679 0 0 0.519195 -0.212267 0 0.175731 0.429829 0.31462 -0.212267 -0.519195 0.827877 0 0 0 1 0 0 1 -1 
392.384 -117.549 167.289 3.97308 0.273831 0.13684 0.043943 0 0.735549 0.0477255 0 -0.0322524 0.497075 0.54331 0.0477255 -0.735549 0.675788 0 0 0 1 0 0 1 -1 
392.16 -118.077 167.821 4.04699 0.243923 0.112991 0.043943 0 0.646745 -0.348091 0 0.236229 0.438908 0.539447 -0.348091 -0.646745 0.678641 0 0 0 1 0 0 1 -1 
391.853 -118.682 168.413 4.08162 0.25943 0.0993284 0 0 0.654793 -0.386953 0 0.251226 0.425118 0.578487 -0.386953 -0.654793 0.649241 0 0 0 1 0 0 1 -1 
391.433 -119.248 169.011 4.03153 0.28793 0.0923687 0 0 0.611135 -0.486179 0 0.303675 0.381724 0.609856 -0.486179 -0.611135 0.624615 0 0 0 1 0 0 1 -1 
391.105 -119.818 169.666 3.86547 0.401005 0.0778031 0.338586 0 0.586791 -0.273633 0 0.208537 0.447195 0.419199 -0.273633 -0.586791 0.762103 0 0 0 1 0 0 1 -1 
390.735 -120.385 170.29 3.63527 0.453489 0.0844732 0 0 0.638603 -0.492757 0 0.291259 0.377466 0.650623 -0.492757 -0.638603 0.591081 0 0 0 1 0 0 1 -1 
390.223 -120.961 170.803 3.39206 0.40839 0.0979711 0 0 0.603453 -0.618041 0 0.311403 0.304053 0.74613 -0.618041 -0.603453 0.503855 0 0 0 1 0 0 1 -1 
389.627 -121.52 171.258 3.18088 0.368047 0.106306 0.120056 0 0.598352 -0.613245 0 0.316226 0.308546 0.734095 -0.613245 -0.598352 0.51566 0 0 0 1 0 0 1 -1 
389.053 -122.056 171.765 3.0037 0.302946 0.119715 0 0 0.527383 -0.662623 0 0.352374 0.280456 0.717202 -0.662623 -0.527383 0.531787 0 0 0 1 0 0 1 -1 
388.403 -122.534 172.258 2.84015 0.360868 0.107832 0 0 0.528182 -0.651436 0 0.354811 0.28768 0.703345 -0.651436 -0.528182 0.54466 0 0 0 1 0 0 1 -1 
387.778 -123.017 172.706 2.66415 0.277982 0.108596 0.787237 0 0.492189 -0.78409 0 0.296458 0.186093 0.857047 -0.78409 -0.492189 0.378092 0 0 0 1 0 0 1 -1 
387.346 -123.419 173.073 2.46985 0.298615 0.181909 0.148391 0 0.614182 -0.252688 0 0.188914 0.459172 0.44107 -0.252688 -0.614182 0.747616 0 0 0 1 0 0 1 -1 
387.337 -123.857 173.774 2.27567 0.26733 0.141499 0.625401 0 0.442093 0.147913 0 -0.130857 0.391115 0.217324 0.147913 -0.442093 0.88469 0 0 0 1 0 0 1 -1 
387.443 -124.242 174.58 2.10549 0.235378 0.140327 0.808088 0 0.47584 -0.0857093 0 0.0750253 0.416524 0.23377 -0.0857093 -0.47584 0.875346 0 0 0 1 0 0 1 -1 
387.068 -124.736 175.162 1.98702 0.230355 0.147687 0.367218 0 0.642433 -0.626309 0 0.276583 0.283703 0.804983 -0.626309 -0.642433 0.441607 0 0 0 1 0 0 1 -1 
386.503 -125.292 175.528 1.91922 0.203766 0.0425716 0 0 0.450916 -0.705424 0 0.385765 0.246586 0.700948 -0.705424 -0.450916 0.546856 0 0 0 1 0 0 1 -1 
386.268 -125.391 175.719 1.90373 0.188569 0.0610175 0 0 0.0665878 -0.82709 0 -0.461608 -0.0371634 0.688512 -0.82709 -0.0665878 -0.558111 0 0 0 1 0 0 1 -1 
386.268 -125.391 175.719 1.90373 0.188569 0.0610175 0 0 0.0665878 -0.82709 0 -0.461608 -0.0371634 0.688512 -0.82709 -0.0665878 -0.558111 0 0 0 1 0 0 1 -1 
ObjectType = Tube
ObjectSubType = Vessel
NDims = 3
ID = 10
ParentID = 50
Color = 0.9 0.1 0.1 1
BinaryData = False
TransformMatrix = 1 0 0 0 1 0 0 0 1
Offset = 0 0 0
CenterOfRotation = 0 0 0
ElementSpacing = 1 1 1
Root = False
Artery = True
PointDim = x y z r rn mn bn mk v1x v1y v1z v2x v2y v2z tx ty tz a1 a2 a3 red green blue alpha id
NPoints = 7
Points = 
388.494 -105.107 166.976 3.7538 0.331642 0.116145 0 0 0.173438 -0.761299 0 0.47564 0.108359 0.609657 -0.761299 -0.173438 0.624775 0 0 0 1 0 0 1 -1 
387.979 -105.087 167.369 3.74682 0.699724 0.122824 0 0 -0.251949 -0.795895 0 0.438157 -0.138703 0.696927 -0.795895 0.251949 0.550521 0 0 0 1 0 0 1 -1 
387.343 -104.703 167.743 3.69808 0.697065 0.143661 0.162097 0 -0.61608 -0.69924 0 0.253573 -0.223416 0.868492 -0.69924 0.61608 0.362641 0 0 0 1 0 0 1 -1 
386.753 -104.063 168.002 3.60541 0.5569 0.116754 0 0 -0.754409 -0.626144 0 0.123354 -0.148623 0.961189 -0.626144 0.754409 0.197006 0 0 0 1 0 0 1 -1 
386.146 -103.4 168.217 3.50056 0.508959 0.113362 0.259716 0 -0.650069 -0.702394 0 0.203636 -0.188466 0.915948 -0.702394 0.650069 0.289917 0 0 0 1 0 0 1 -1 
385.499 -102.755 168.356 3.41675 0.631131 0.107552 0 0 -0.788378 -0.611156 0 -0.0429952 0.0554628 0.995051 -0.611156 0.788378 -0.0703506 0 0 0 1 0 0 1 -1 
385.353 -102.53 168.312 3.39147 0.292639 0.0977616 0.363313 0 -0.639742 0.255974 0 0.185508 0.463629 0.474792 0.255974 0.639742 -0.724712 0 0 0 1 0 0 1 -1 
ObjectType = Tube
ObjectSubType = Vessel
NDims = 3
ID = 11
ParentID = 50
Color = 0.9 0.1 0.1 1
BinaryData = False
TransformMatrix = 1 0 0 0 1 0 0 0 1
Offset = 0 0 0
CenterOfRotation = 0 0 0
ElementSpacing = 1 1 1
Root = False
Artery = True
PointDim = x y z r rn mn bn mk v1x v1y v1z v2x v2y v2z tx ty tz a1 a2 a3 red green blue alpha id
NPoints = 7
Points = 
391.197 -92.1365 163.658 2.32307 0.436634 0.135018 0 0 0.942131 0.142938 0 -0.0433456 0.285698 0.908041 0.142938 -0.942131 0.303247 0 0 0 1 0 0 1 -1 
391.259 -92.8235 163.891 2.33795 0.29588 0.152934 0.277215 0 0.943709 -0.085402 0 0.0272912 0.301573 0.89788 -0.085402 -0.943709 0.319562 0 0 0 1 0 0 1 -1 
391.1 -93.6641 164.127 2.43974 0.440839 0.079629 0.565884 0 0.962921 -0.158968 0 0.0346509 0.209891 0.952488 -0.158968 -0.962921 0.217973 0 0 0 1 0 0 1 -1 
390.944 -94.5824 164.368 2.62557 0.546516 0.0566344 0.103638 0 0.924191 -0.19662 0 0.0643795 0.30261 0.892788 -0.19662 -0.924191 0.327432 0 0 0 1 0 0 1 -1 
390.703 -95.4123 164.73 2.82554 0.487819 0.142 0.407663 0 0.888788 -0.267261 0 0.0995085 0.33092 0.861372 -0.267261 -0.888788 0.372327 0 0 0 1 0 0 1 -1 
390.502 -96.2152 165 2.97958 0.355789 0.115619 0 0 0.928653 -0.234705 0 0.0674206 0.266761 0.917484 -0.234705 -0.928653 0.287256 0 0 0 1 0 0 1 -1 
390.443 -96.3935 165.061 3.02506 0.232854 0.0974776 0.321897 0 0.870787 0.456303 0 0.0835395 -0.159423 0.966482 0.456303 -0.870787 -0.183079 0 0 0 1 0 0 1 -1 
ObjectType = Tube
ObjectSubType = Vessel
NDims = 3
ID = 12
ParentID = 50
Color = 0.9 0.1 0.1 1
BinaryData = False
TransformMatrix = 1 0 0 0 1 0 0 0 1
Offset = 0 0 0
CenterOfRotation = 0 0 0
ElementSpacing = 1 1 1
Root = False
Artery = True
PointDim = x y z r rn mn bn mk v1x v1y v1z v2x v2y v2z tx ty tz a1 a2 a3 red green blue alpha id
NPoints = 29
Points = 
402.184 -107.936 169.685 1.05915 0.183557 0.074218 1.79139 0 -0.985703 0.165935 0 -0.00485479 -0.0288389 0.999144 0.165935 0.985703 0.0292572 0 0 0 1 0 0 1 -1 
402.413 -107.246 169.66 1.05459 0.450439 0.0857934 0.716554 0 -0.86321 0.494642 0 0.0499504 0.0871694 0.989802 0.494642 0.86321 -0.100983 0 0 0 1 0 0 1 -1 
402.948 -106.59 169.509 1.02566 0.564892 0.114839 1.52612 0 -0.706801 0.67484 0 0.143191 0.149973 0.954977 0.67484 0.706801 -0.212186 0 0 0 1 0 0 1 -1 
403.606 -105.998 169.262 0.984218 0.557307 0.159438 1.31392 0 -0.536367 0.760181 0 0.278724 0.196662 0.865564 0.760181 0.536367 -0.366655 0 0 0 1 0 0 1 -1 
404.293 -105.677 168.769 0.966463 0.443069 0.115538 0.85845 0 -0.221317 0.726901 0 0.47256 0.143879 0.577366 0.726901 0.221317 -0.650103 0 0 0 1 0 0 1 -1 
404.964 -105.514 168.16 0.990729 0.606188 0.147326 0.949267 0 -0.115606 0.728962 0 0.491847 0.0780017 0.54475 0.728962 0.115606 -0.674722 0 0 0 1 0 0 1 -1 
405.649 -105.341 167.57 1.0603 0.545038 0.201322 0.814324 0 -0.343662 0.72492 0 0.432764 0.20516 0.643614 0.72492 0.343662 -0.596981 0 0 0 1 0 0 1 -1 
406.257 -104.94 167.035 1.14253 0.714405 0.0173016 0 0 -0.376369 0.673499 0 0.428477 0.239444 0.595255 0.673499 0.376369 -0.636196 0 0 0 1 0 0 1 -1 
406.814 -104.501 166.477 1.21016 0.82844 0.0714635 0 0 -0.73181 0.470319 0 0.231965 0.360935 0.756746 0.470319 0.73181 -0.493208 0 0 0 1 0 0 1 -1 
407.07 -103.611 166.218 1.25156 0.798089 0.117805 0.150579 0 -0.996902 0.0570113 0 -0.00308906 -0.0540156 0.997064 0.0570113 0.996902 0.0541834 0 0 0 1 0 0 1 -1 
407.028 -102.6 166.499 1.28121 0.66149 0.111622 2 0 -0.962538 -0.0401771 0 0.0107736 -0.258107 0.928094 -0.0401771 0.962538 0.268152 0 0 0 1 0 0 1 -1 
407.174 -101.617 166.558 1.32798 0.703316 0.00304571 0.705476 0 -0.967262 0.252195 0 0.00713807 0.0273772 0.999199 0.252195 0.967262 -0.0283038 0 0 0 1 0 0 1 -1 
407.471 -100.708 166.619 1.41009 0.582422 0.00289679 1.24918 0 -0.89169 0.424288 0 -0.0669078 -0.140614 0.975133 0.424288 0.89169 0.157694 0 0 0 1 0 0 1 -1 
407.859 -99.8155 166.81 1.53384 0.686144 0.0599709 0.334138 0 -0.940789 0.292424 0 -0.0501443 -0.161324 0.970595 0.292424 0.940789 0.171478 0 0 0 1 0 0 1 -1 
408.306 -98.9328 166.854 1.68274 0.724801 0.0815133 0.904138 0 -0.71178 0.675192 0 0.130724 0.137808 0.962515 0.675192 0.71178 -0.19361 0 0 0 1 0 0 1 -1 
408.908 -98.4228 166.457 1.82893 0.561783 -0.0141673 0 0 -0.433956 0.646359 0 0.405666 0.272358 0.606098 0.646359 0.433956 -0.627616 0 0 0 1 0 0 1 -1 
409.489 -98.0253 165.885 1.92845 0.60402 0.0632156 0.566077 0 -0.529384 0.618492 0 0.359162 0.307417 0.66278 0.618492 0.529384 -0.580706 0 0 0 1 0 0 1 -1 
410.048 -97.5143 165.362 1.94691 0.580692 0.106769 0 0 -0.541748 0.602344 0 0.353125 0.317601 0.656309 0.602344 0.541748 -0.586252 0 0 0 1 0 0 1 -1 
410.624 -97.0175 164.856 1.84382 0.586871 0.0489249 1.09866 0 -0.421271 0.7681 0 0.370407 0.203153 0.767446 0.7681 0.421271 -0.482238 0 0 0 1 0 0 1 -1 
411.294 -96.6184 164.559 1.61076 0.655594 0.0308498 1.02149 0 -0.682153 0.693088 0 0.161501 0.158953 0.945703 0.693088 0.682153 -0.233016 0 0 0 1 0 0 1 -1 
411.89 -95.9737 164.405 1.28951 0.726318 0.213747 0.970992 0 -0.712894 0.686993 0 0.0967235 0.10037 0.980177 0.686993 0.712894 -0.140793 0 0 0 1 0 0 1 -1 
412.566 -95.3673 164.273 0.946293 0.734812 0.377548 0 0 -0.608846 0.780028 0 0.112667 0.0879415 0.979137 0.780028 0.608846 -0.14444 0 0 0 1 0 0 1 -1 
413.33 -94.858 164.135 0.650512 0.739092 -0.000233301 0 0 -0.411024 0.892784 0 0.164612 0.0757851 0.966004 0.892784 0.411024 -0.184381 0 0 0 1 0 0 1 -1 
414.211 -94.8239 163.926 0.436334 0.380628 0.0182409 1.6 0 0.241159 0.938946 0 0.230421 -0.0591815 0.939777 0.938946 -0.241159 -0.245404 0 0 0 1 0 0 1 -1 
415.043 -95.1338 163.657 0.298911 0.36323 0.14785 0.786 0 0.484048 0.824744 0 0.241151 -0.141533 0.914505 0.824744 -0.484048 -0.292395 0 0 0 1 0 0 1 -1 
415.741 -95.6842 163.381 0.213833 0.686499 0.115601 0 0 0.637136 0.661229 0 0.261862 -0.25232 0.843166 0.661229 -0.637136 -0.396022 0 0 0 1 0 0 1 -1 
416.234 -96.2321 162.883 0.169445 0.542731 0.0321032 0.547446 0 0.414053 0.454904 0 0.35866 -0.326452 0.378377 0.454904 -0.414053 -0.788431 0 0 0 1 0 0 1 -1 
416.402 -96.3226 162.521 0.151334 0.193654 -0.0434098 0 0 0.886129 0.435555 0 -0.06896 0.140298 0.974933 0.435555 -0.886129 0.158327 0 0 0 1 0 0 1 -1 
416.399 -96.3247 162.529 0.151334 0.180285 -0.0434098 0 0 0.886129 0.435555 0 -0.06896 0.140298 0.974933 0.435555 -0.886129 0.158327 0 0 0 1 0 0 1 -1 
ObjectType = Tube
ObjectSubType = Vessel
NDims = 3
ID = 13
ParentID = 50
Color = 0.9 0.1 0.1 1
BinaryData = False
TransformMatrix = 1 0 0 0 1 0 0 0 1
Offset = 0 0 0
CenterOfRotation = 0 0 0
ElementSpacing = 1 1 1
Root = False
Artery = True
PointDim = x y z r rn mn bn mk v1x v1y v1z v2x v2y v2z tx ty tz a1 a2 a3 red green blue alpha id
NPoints = 25
Points = 
376.46 -123.062 173.87 2.70763 0.184633 0.109713 0 0 -0.936318 0.282952 0 -0.058842 -0.194714 0.956754 0.282952 0.936318 0.207957 0 0 0 1 0 0 1 -1 
376.66 -122.444 174.035 2.70443 0.322728 0.1055 0 0 -0.906269 0.338849 0 -0.0856272 -0.229015 0.936143 0.338849 0.906269 0.2527 0 0 0 1 0 0 1 -1 
377.013 -121.672 174.134 2.68281 0.375196 0.0640102 1.76257 0 -0.885528 0.464585 0 -0.000396002 -0.000754804 0.999999 0.464585 0.885528 0.000852377 0 0 0 1 0 0 1 -1 
377.405 -120.838 174.068 2.64497 0.548657 0.0990773 1.94935 0 -0.928268 0.348597 0 0.0451809 0.120311 0.983202 0.348597 0.928268 -0.129608 0 0 0 1 0 0 1 -1 
377.78 -119.999 174.05 2.60988 0.627437 0.144165 1.47185 0 -0.841299 0.536362 0 -0.0361064 -0.0566339 0.995468 0.536362 0.841299 0.0673172 0 0 0 1 0 0 1 -1 
378.29 -119.284 173.944 2.59493 0.686036 0.147895 0.874154 0 -0.811153 0.483124 0 0.159227 0.267338 0.891379 0.483124 0.811153 -0.329577 0 0 0 1 0 0 1 -1 
378.615 -118.465 173.661 2.6241 0.95191 0.0662937 0.70023 0 -0.939457 0.267825 0 0.0572483 0.200811 0.95431 0.267825 0.939457 -0.213753 0 0 0 1 0 0 1 -1 
378.831 -117.554 173.461 2.70262 0.797095 0.0615439 0 0 -0.950107 0.230658 0 0.0484346 0.199508 0.955907 0.230658 0.950107 -0.209984 0 0 0 1 0 0 1 -1 
379.087 -116.644 173.297 2.83256 0.794662 0.0767357 0 0 -0.943196 0.303062 0 0.041259 0.128407 0.981466 0.303062 0.943196 -0.136141 0 0 0 1 0 0 1 -1 
379.443 -115.794 173.108 2.98655 0.633562 0.0812004 0 0 -0.835033 0.44301 0 0.144548 0.272459 0.893537 0.44301 0.835033 -0.326286 0 0 0 1 0 0 1 -1 
379.909 -115.128 172.701 3.12037 0.649034 0.0568538 0 0 -0.577408 0.610711 0 0.330931 0.312885 0.706369 0.610711 0.577408 -0.541877 0 0 0 1 0 0 1 -1 
380.582 -114.744 172.234 3.16803 0.625906 0.0680652 0.606414 0 -0.285873 0.836963 0 0.390575 0.133405 0.782231 0.836963 0.285873 -0.466657 0 0 0 1 0 0 1 -1 
381.374 -114.623 171.783 3.10884 0.534753 0.0495358 1.29265 0 -0.0627325 0.883958 0 0.409572 0.0290664 0.785317 0.883958 0.0627325 -0.463339 0 0 0 1 0 0 1 -1 
382.204 -114.471 171.407 2.94106 0.468101 0.0603374 0.261028 0 -0.204132 0.894338 0 0.356042 0.0812665 0.841511 0.894338 0.204132 -0.398107 0 0 0 1 0 0 1 -1 
383.061 -114.38 171.056 2.71382 0.617218 0.0827646 0 0 -0.00558026 0.947193 0 0.303684 0.00178911 0.897206 0.947193 0.00558026 -0.320615 0 0 0 1 0 0 1 -1 
383.939 -114.433 170.737 2.48365 0.700948 0.0859756 1.39848 0 0.145604 0.905695 0 0.360594 -0.0579711 0.841484 0.905695 -0.145604 -0.398141 0 0 0 1 0 0 1 -1 
384.732 -114.687 170.347 2.29698 0.490054 0.0922973 1.7773 0 0.390068 0.810446 0 0.354216 -0.170484 0.808976 0.810446 -0.390068 -0.437063 0 0 0 1 0 0 1 -1 
385.457 -115.081 169.926 2.15611 0.391568 0.0976322 2 0 0.417338 0.78154 0 0.362405 -0.193523 0.784976 0.78154 -0.417338 -0.463707 0 0 0 1 0 0 1 -1 
386.203 -115.383 169.496 2.05025 0.41467 0.0745282 0.4 0 0.123711 0.846073 0 0.4387 -0.0641455 0.731145 0.846073 -0.123711 -0.518513 0 0 0 1 0 0 1 -1 
386.79 -115.473 169.115 1.95443 0.633357 0.0813046 0 0 0.367121 0.789598 0 0.388236 -0.180509 0.758243 0.789598 -0.367121 -0.491688 0 0 0 1 0 0 1 -1 
387.417 -115.835 168.725 1.85142 0.556266 0.0762288 2 0 0.44434 0.760751 0 0.359908 -0.210216 0.77618 0.760751 -0.44434 -0.473096 0 0 0 1 0 0 1 -1 
388.147 -116.169 168.26 1.73641 0.290045 0.103899 2 0 0.201502 0.783796 0 0.460416 -0.118366 0.65494 0.783796 -0.201502 -0.587418 0 0 0 1 0 0 1 -1 
388.761 -116.151 167.603 1.63004 0.314663 0.192019 1.62516 0 -0.114586 0.599299 0 0.474814 0.0907847 0.372289 0.599299 0.114586 -0.792282 0 0 0 1 0 0 1 -1 
389.363 -116.182 167.065 1.56563 0.606855 0.114064 1.93617 0 0.18522 0.864467 0 0.403984 -0.0865573 0.78161 0.864467 -0.18522 -0.467322 0 0 0 1 0 0 1 -1 
389.525 -116.216 167.01 1.55992 0.200965 0.0939502 2 0 0.0764485 0.954448 0 0.275281 -0.0220492 0.916814 0.954448 -0.0764485 -0.288419 0 0 0 1 0 0 1 -1 
ObjectType = Tube
ObjectSubType = Vessel
NDims = 3
ID = 14
ParentID = 50
Color = 0.9 0.1 0.1 1
BinaryData = False
TransformMatrix = 1 0 0 0 1 0 0 0 1
Offset = 0 0 0
CenterOfRotation = 0 0 0
ElementSpacing = 1 1 1
Root = False
Artery = True
PointDim = x y z r rn mn bn mk v1x v1y v1z v2x v2y v2z tx ty tz a1 a2 a3 red green blue alpha id
NPoints = 8
Points = 
374.984 -124.483 169.759 3.26108 0.378759 0.0848701 0.294216 0 0.280795 -0.477303 0 0.397435 0.233809 0.306664 -0.477303 -0.280795 0.832668 0 0 0 1 0 0 1 -1 
374.983 -124.529 170.329 3.26449 0.646603 0.0859559 0.307217 0 0.0485839 0.513822 0 -0.440099 0.041613 0.266373 0.513822 -0.0485839 0.85652 0 0 0 1 0 0 1 -1 
375.484 -124.361 170.728 3.28709 0.258678 0.0916224 0.344385 0 -0.501503 0.743881 0 -0.328603 -0.221535 0.804864 0.743881 0.501503 0.441742 0 0 0 1 0 0 1 -1 
375.879 -124.07 171.183 3.3253 0.390511 0.0897945 0.43033 0 -0.465204 0.487627 0 -0.360252 -0.343687 0.454195 0.487627 0.465204 0.738786 0 0 0 1 0 0 1 -1 
376.289 -123.606 171.776 3.36169 0.866046 0.0875067 0.52227 0 -0.569766 0.480784 0 -0.320439 -0.379745 0.555787 0.480784 0.569766 0.666493 0 0 0 1 0 0 1 -1 
376.733 -123.09 172.387 3.38647 0.647115 0.080839 0 0 -0.60869 0.497208 0 -0.307418 -0.376346 0.617719 0.497208 0.60869 0.618289 0 0 0 1 0 0 1 -1 
376.974 -122.765 172.656 3.39313 0.537925 0.0748345 0 0 -0.937572 0.323507 0 -0.0413056 -0.11971 0.983698 0.323507 0.937572 0.12768 0 0 0 1 0 0 1 -1 
376.969 -122.771 172.651 3.39313 0.550632 0.0748345 0 0 -0.937572 0.323507 0 -0.0413056 -0.11971 0.983698 0.323507 0.937572 0.12768 0 0 0 1 0 0 1 -1 
ObjectType = Tube
ObjectSubType = Vessel
NDims = 3
ID = 15
ParentID = 50
Color = 0.9 0.1 0.1 1
BinaryData = False
TransformMatrix = 1 0 0 0 1 0 0 0 1
Offset = 0 0 0
CenterOfRotation = 0 0 0
ElementSpacing = 1 1 1
Root = False
Artery = True
PointDim = x y z r rn mn bn mk v1x v1y v1z v2x v2y v2z tx ty tz a1 a2 a3 red green blue alpha id
NPoints = 6
Points = 
400.911 -83.4184 169.944 3.80012 0.238337 0.200841 0 0 0.360149 -0.904396 0 0.206947 0.0824106 0.94764 -0.904396 -0.360149 0.228824 0 0 0 1 0 0 1 -1 
400.328 -83.619 170.03 3.80605 0.270373 0.196665 0 0 0.282294 -0.940273 0 0.178893 0.0537083 0.963802 -0.940273 -0.282294 0.190257 0 0 0 1 0 0 1 -1 
399.553 -83.817 170.314 3.84446 0.316462 0.181764 0 0 0.17929 -0.85182 0 0.419264 0.088246 0.757742 -0.85182 -0.17929 0.492198 0 0 0 1 0 0 1 -1 
398.746 -83.9593 170.753 3.90482 0.399001 0.161737 0 0 0.143229 -0.914117 0 0.346733 0.0543282 0.856124 -0.914117 -0.143229 0.379309 0 0 0 1 0 0 1 -1 
397.886 -84.0784 171.085 3.9501 0.398618 0.116712 0.113487 0 0.108262 -0.926013 0 0.334878 0.0391511 0.869221 -0.926013 -0.108262 0.361634 0 0 0 1 0 0 1 -1 
397.658 -84.1029 171.176 3.96033 0.193766 0.112939 0.283718 0 -0.0349163 -0.897082 0 0.395149 -0.0153801 0.805975 -0.897082 0.0349163 0.440483 0 0 0 1 0 0 1 -1 
ObjectType = Tube
ObjectSubType = Vessel
NDims = 3
ID = 16
ParentID = 50
Color = 0.9 0.1 0.1 1
BinaryData = False
TransformMatrix = 1 0 0 0 1 0 0 0 1
Offset = 0 0 0
CenterOfRotation = 0 0 0
ElementSpacing = 1 1 1
Root = False
Artery = True
PointDim = x y z r rn mn bn mk v1x v1y v1z v2x v2y v2z tx ty tz a1 a2 a3 red green blue alpha id
NPoints = 22
Points = 
406.659 -82.9512 167.863 2.73311 0.201611 0.187568 0 0 0.129834 -0.964499 0 0.221803 0.0298574 0.947115 -0.964499 -0.129834 0.229967 0 0 0 1 0 0 1 -1 
406.024 -83.0534 168.014 2.72585 0.26533 0.186637 0 0 0.171509 -0.964074 0 0.195559 0.0347901 0.958853 -0.964074 -0.171509 0.202847 0 0 0 1 0 0 1 -1 
405.256 -83.1077 168.242 2.67689 0.237215 0.179189 0.249185 0 -0.122817 -0.851867 0 0.433732 -0.0625327 0.740762 -0.851867 0.122817 0.509154 0 0 0 1 0 0 1 -1 
404.888 -83.0226 168.543 2.59056 0.320798 0.160431 0 0 -0.0956049 -0.809702 0 0.468819 -0.0553554 0.664757 -0.809702 0.0956049 0.579001 0 0 0 1 0 0 1 -1 
404.656 -83.012 168.688 2.5024 0.303048 0.165374 0 0 0.0206733 -0.884665 0 0.412049 0.00962898 0.78306 -0.884665 -0.0206733 0.465769 0 0 0 1 0 0 1 -1 
404.44 -83.0271 168.789 2.43666 0.283517 0.16498 0 0 0.106093 -0.92108 0 0.345074 0.0397468 0.859644 -0.92108 -0.106093 0.374641 0 0 0 1 0 0 1 -1 
404.222 -83.06 168.865 2.41273 0.298791 0.168175 0.122738 0 0.166332 -0.944202 0 0.268419 0.0472853 0.919184 -0.944202 -0.166332 0.284282 0 0 0 1 0 0 1 -1 
404 -83.1006 168.923 2.42883 0.351018 0.181785 0.29186 0 0.176067 -0.959835 0 0.209669 0.0384606 0.952283 -0.959835 -0.176067 0.218443 0 0 0 1 0 0 1 -1 
403.774 -83.1405 168.967 2.49052 0.432392 0.216716 0.286546 0 0.163231 -0.973763 0 0.154402 0.0258823 0.974858 -0.973763 -0.163231 0.158563 0 0 0 1 0 0 1 -1 
403.544 -83.1775 169.004 2.59764 0.532023 0.188515 0.277494 0 0.151385 -0.973105 0 0.168963 0.0262855 0.969852 -0.973105 -0.151385 0.173633 0 0 0 1 0 0 1 -1 
403.317 -83.2087 169.056 2.73904 0.673531 0.217974 0.283258 0 0.122936 -0.956188 0 0.254051 0.0326629 0.929408 -0.956188 -0.122936 0.265691 0 0 0 1 0 0 1 -1 
403.094 -83.2399 169.12 2.89711 0.811278 0.212897 0 0 0.140269 -0.95013 0 0.264638 0.0390688 0.922422 -0.95013 -0.140269 0.278528 0 0 0 1 0 0 1 -1 
402.871 -83.2738 169.184 3.04493 0.935699 0.21546 0 0 0.143281 -0.955408 0 0.246684 0.0369949 0.933334 -0.955408 -0.143281 0.258198 0 0 0 1 0 0 1 -1 
402.648 -83.3054 169.243 3.16364 0.837202 0.217298 0 0 0.122729 -0.962808 0 0.23175 0.0295411 0.942062 -0.962808 -0.122729 0.240702 0 0 0 1 0 0 1 -1 
402.423 -83.3307 169.297 3.24466 0.751653 0.213955 0 0 0.0951839 -0.966249 0 0.231301 0.0227852 0.942697 -0.966249 -0.0951839 0.239381 0 0 0 1 0 0 1 -1 
402.198 -83.3457 169.354 3.29214 0.705315 0.216742 0 0 0.0468746 -0.965112 0 0.248621 0.0120753 0.933638 -0.965112 -0.0468746 0.257608 0 0 0 1 0 0 1 -1 
401.973 -83.366 169.418 3.30879 0.783406 0.219766 0 0 0.141465 -0.958026 0 0.23888 0.0352737 0.937827 -0.958026 -0.141465 0.249346 0 0 0 1 0 0 1 -1 
401.746 -83.4058 169.453 3.30944 0.86076 0.226892 0 0 0.130595 -0.989127 0 0.0668891 0.00883144 0.995427 -0.989127 -0.130595 0.0676244 0 0 0 1 0 0 1 -1 
401.359 -83.4191 169.556 3.30307 0.775404 0.234795 0 0 -0.093627 -0.960725 0 0.25097 -0.0244582 0.931759 -0.960725 0.093627 0.26123 0 0 0 1 0 0 1 -1 
400.544 -83.3371 169.709 3.2979 0.360777 0.242971 0 0 0.00899853 -0.985272 0 0.168242 0.00153656 0.970842 -0.985272 -0.00899853 0.170757 0 0 0 1 0 0 1 -1 
400.205 -83.3527 169.769 3.29674 0.201072 0.235834 0 0 0.468007 -0.822708 0 0.26547 0.151016 0.895878 -0.822708 -0.468007 0.322679 0 0 0 1 0 0 1 -1 
400.205 -83.3527 169.769 3.29674 0.201072 0.235834 0 0 0.468007 -0.822708 0 0.26547 0.151016 0.895878 -0.822708 -0.468007 0.322679 0 0 0 1 0 0 1 -1 
ObjectType = Tube
ObjectSubType = Vessel
NDims = 3
ID = 18
ParentID = 50
Color = 0.9 0.1 0.1 1
BinaryData = False
TransformMatrix = 1 0 0 0 1 0 0 0 1
Offset = 0 0 0
CenterOfRotation = 0 0 0
ElementSpacing = 1 1 1
Root = False
Artery = True
PointDim = x y z r rn mn bn mk v1x v1y v1z v2x v2y v2z tx ty tz a1 a2 a3 red green blue alpha id
NPoints = 95
Points = 
395.01 -83.9678 172.845 3.52637 0.220178 0.129715 0.30701 0 -0.0933663 -0.405218 0 0.368521 -0.084911 0.172919 -0.405218 0.0933663 0.90944 0 0 0 1 0 0 1 -1 
394.67 -83.8487 173.392 3.52616 0.239134 0.126437 0.122804 0 -0.174439 -0.566871 0 0.456403 -0.140446 0.351772 -0.566871 0.174439 0.805126 0 0 0 1 0 0 1 -1 
394.154 -83.7169 174.064 3.52356 0.35343 0.114185 0.42753 0 -0.126091 -0.646976 0 0.486534 -0.0948223 0.434477 -0.646976 0.126091 0.752013 0 0 0 1 0 0 1 -1 
393.521 -83.6372 174.722 3.51165 0.421813 0.108558 0.0935588 0 -0.0518218 -0.71816 0 0.498364 -0.0359615 0.51844 -0.71816 0.0518218 0.693945 0 0 0 1 0 0 1 -1 
392.808 -83.6201 175.311 3.47203 0.370397 0.122084 0 0 0.0167631 -0.837748 0 0.457243 0.00914927 0.702103 -0.837748 -0.0167631 0.5458 0 0 0 1 0 0 1 -1 
391.982 -83.6505 175.751 3.38323 0.244915 0.13266 0.652902 0 0.0262679 -0.895362 0 0.398045 0.0116777 0.802363 -0.895362 -0.0262679 0.444563 0 0 0 1 0 0 1 -1 
391.163 -83.6526 176.206 3.20761 0.311189 0.110638 0.601564 0 -0.014374 -0.84746 0 0.449717 -0.00762777 0.718395 -0.84746 0.014374 0.530665 0 0 0 1 0 0 1 -1 
390.409 -83.6219 176.748 2.95176 0.328202 0.0989713 0.76411 0 -0.0560418 -0.767737 0 0.490054 -0.035772 0.592561 -0.767737 0.0560418 0.638309 0 0 0 1 0 0 1 -1 
389.708 -83.5597 177.352 2.6332 0.353015 0.132414 0.927515 0 -0.0796483 -0.766204 0 0.488564 -0.0507872 0.593412 -0.766204 0.0796483 0.637642 0 0 0 1 0 0 1 -1 
388.982 -83.4584 177.927 2.30666 0.333277 0.0714239 0.992615 0 -0.143311 -0.787261 0 0.472148 -0.0859485 0.640317 -0.787261 0.143311 0.599736 0 0 0 1 0 0 1 -1 
388.247 -83.3016 178.478 2.02229 0.466759 0.00522004 0.978472 0 -0.194347 -0.780524 0 0.463747 -0.115471 0.646989 -0.780524 0.194347 0.594148 0 0 0 1 0 0 1 -1 
387.502 -83.1183 179.012 1.83153 0.657111 -0.0209149 0.466464 0 -0.156313 -0.837827 0 0.438251 -0.0817641 0.726387 -0.837827 0.156313 0.52308 0 0 0 1 0 0 1 -1 
386.71 -82.9732 179.5 1.73146 0.329141 -0.00612975 1.26671 0 -0.201781 -0.815409 0 0.442424 -0.109482 0.705608 -0.815409 0.201781 0.542579 0 0 0 1 0 0 1 -1 
385.993 -82.7366 180.039 1.71888 0.372652 0.118745 1.32076 0 -0.281194 -0.745524 0 0.450486 -0.169913 0.634876 -0.745524 0.281194 0.604255 0 0 0 1 0 0 1 -1 
385.26 -82.4775 180.56 1.7692 0.678409 0.185132 1.32503 0 -0.27596 -0.819605 0 0.411515 -0.138557 0.747906 -0.819605 0.27596 0.502089 0 0 0 1 0 0 1 -1 
384.477 -82.2407 181.028 1.85174 0.958514 0.141053 1.53935 0 -0.2043 -0.83397 0 0.42749 -0.104723 0.737245 -0.83397 0.2043 0.512596 0 0 0 1 0 0 1 -1 
383.691 -82.0823 181.524 1.93622 0.761724 0.145048 1.51292 0 -0.16228 -0.84047 0 0.434512 -0.0838968 0.732725 -0.84047 0.16228 0.516987 0 0 0 1 0 0 1 -1 
382.885 -81.9184 181.977 2.00139 0.736432 0.108202 1.72353 0 -0.175846 -0.870754 0 0.399851 -0.0807487 0.789134 -0.870754 0.175846 0.459201 0 0 0 1 0 0 1 -1 
382.079 -81.7707 182.431 2.04324 0.740693 0.109082 1.61906 0 -0.119307 -0.842208 0 0.442822 -0.06273 0.723548 -0.842208 0.119307 0.525787 0 0 0 1 0 0 1 -1 
381.299 -81.7166 182.938 2.07441 0.708481 0.0847119 0 0 -0.0130823 -0.845096 0 0.451665 -0.00699189 0.714358 -0.845096 0.0130823 0.534455 0 0 0 1 0 0 1 -1 
380.495 -81.6873 183.411 2.10689 0.764909 0.0813998 0 0 -0.0808563 -0.872915 0 0.419982 -0.038902 0.768518 -0.872915 0.0808563 0.481125 0 0 0 1 0 0 1 -1 
379.673 -81.5591 183.836 2.14492 0.708408 0.0719938 0 0 -0.171293 -0.880379 0 0.389355 -0.0757556 0.804408 -0.880379 0.171293 0.442258 0 0 0 1 0 0 1 -1 
378.87 -81.3875 184.275 2.18472 0.635464 0.123017 1.18572 0 -0.202996 -0.838295 0 0.424193 -0.10272 0.743945 -0.838295 0.202996 0.506019 0 0 0 1 0 0 1 -1 
378.098 -81.2118 184.763 2.22532 0.560826 0.0825739 0.937474 0 -0.139952 -0.844504 0 0.436558 -0.0723468 0.732773 -0.844504 0.139952 0.51694 0 0 0 1 0 0 1 -1 
377.263 -81.144 185.187 2.27024 0.61571 0.0826948 0.47562 0 -0.0182745 -0.921196 0 0.358041 -0.00710276 0.848936 -0.921196 0.0182745 0.38867 0 0 0 1 0 0 1 -1 
376.39 -81.1045 185.543 2.32177 0.685019 0.0720514 1.41145 0 -0.0943746 -0.91789 0 0.353801 -0.0363768 0.851428 -0.91789 0.0943746 0.385451 0 0 0 1 0 0 1 -1 
375.544 -80.9905 185.938 2.37742 0.531656 0.0782472 1.32628 0 -0.133037 -0.876176 0 0.405904 -0.0616319 0.785383 -0.876176 0.133037 0.463268 0 0 0 1 0 0 1 -1 
374.753 -80.8672 186.417 2.42784 0.601493 0.0649024 0 0 -0.126275 -0.815776 0 0.460436 -0.0712716 0.681435 -0.815776 0.126275 0.564415 0 0 0 1 0 0 1 -1 
374.032 -80.7541 186.989 2.46397 0.589782 0.0814033 0 0 -0.125087 -0.736164 0 0.489655 -0.0832007 0.557584 -0.736164 0.125087 0.665144 0 0 0 1 0 0 1 -1 
373.371 -80.6418 187.627 2.48132 0.545772 0.116485 0 0 -0.110451 -0.719993 0 0.493293 -0.0756738 0.530589 -0.719993 0.110451 0.685136 0 0 0 1 0 0 1 -1 
372.646 -80.5688 188.19 2.48206 0.554793 0.14188 0.788064 0 -0.0483034 -0.855021 0 0.44148 -0.0249409 0.733395 -0.855021 0.0483034 0.516338 0 0 0 1 0 0 1 -1 
371.841 -80.5141 188.654 2.4651 0.543278 0.167139 0.613274 0 -0.0752538 -0.831348 0 0.457768 -0.0414372 0.696803 -0.831348 0.0752538 0.550633 0 0 0 1 0 0 1 -1 
371.14 -80.4689 189.248 2.43135 0.613588 0.177659 0.510182 0 -0.00987059 -0.700147 0 0.499856 -0.00704692 0.490304 -0.700147 0.00987059 0.71393 0 0 0 1 0 0 1 -1 
370.507 -80.4615 189.921 2.37634 0.575135 0.16046 0.470251 0 -0.0258754 -0.690487 0 0.499141 -0.0187049 0.477442 -0.690487 0.0258754 0.722882 0 0 0 1 0 0 1 -1 
369.854 -80.4072 190.573 2.30318 0.516971 0.132137 0.450623 0 -0.0904062 -0.717447 0 0.495556 -0.0624456 0.522903 -0.717447 0.0904062 0.690722 0 0 0 1 0 0 1 -1 
369.187 -80.3135 191.209 2.22653 0.524551 0.0983793 0.645779 0 -0.10115 -0.724576 0 0.493967 -0.068957 0.535242 -0.724576 0.10115 0.681731 0 0 0 1 0 0 1 -1 
368.503 -80.207 191.824 2.17423 0.5998 0.0574139 0.310785 0 -0.149651 -0.757014 0 0.481484 -0.0951827 0.595466 -0.757014 0.149651 0.63603 0 0 0 1 0 0 1 -1 
367.796 -80.0468 192.4 2.16404 0.606895 0.0748075 0 0 -0.160028 -0.749362 0 0.481489 -0.102823 0.587152 -0.749362 0.160028 0.642532 0 0 0 1 0 0 1 -1 
367.144 -79.9337 193.044 2.20413 0.56689 0.0870478 0.462177 0 -0.103326 -0.675007 0 0.49312 -0.075484 0.466311 -0.675007 0.103326 0.73054 0 0 0 1 0 0 1 -1 
366.487 -79.8309 193.684 2.27476 0.698121 0.165762 0.517394 0 -0.117695 -0.773819 0 0.481606 -0.0732507 0.612648 -0.773819 0.117695 0.622376 0 0 0 1 0 0 1 -1 
365.716 -79.7325 194.188 2.33931 0.759638 0.13246 0.493024 0 -0.092199 -0.85279 0 0.438377 -0.047395 0.735752 -0.85279 0.092199 0.51405 0 0 0 1 0 0 1 -1 
364.962 -79.6411 194.714 2.3462 0.750738 0.0803748 0.373927 0 -0.12716 -0.760302 0 0.484314 -0.0810012 0.594228 -0.760302 0.12716 0.637002 0 0 0 1 0 0 1 -1 
364.311 -79.4666 195.343 2.28177 0.64155 0.0859558 0.87187 0 -0.221057 -0.679271 0 0.475356 -0.154697 0.510276 -0.679271 0.221057 0.699803 0 0 0 1 0 0 1 -1 
363.676 -79.3857 196.01 2.15447 0.4918 0.162349 0.651029 0 0.137728 -0.70094 0 0.490515 0.0963816 0.510287 -0.70094 -0.137728 0.699795 0 0 0 1 0 0 1 -1 
362.952 -79.6609 196.584 2.00447 0.48289 0.15926 1.02744 0 0.255671 -0.81381 0 0.424701 0.133427 0.727654 -0.81381 -0.255671 0.521868 0 0 0 1 0 0 1 -1 
362.167 -79.6398 197.079 1.86164 0.587436 0.0824371 2 0 -0.183198 -0.824091 0 0.441726 -0.0981969 0.712687 -0.824091 0.183198 0.536016 0 0 0 1 0 0 1 -1 
361.407 -79.5401 197.609 1.74593 0.51311 0.0674303 2 0 -0.0718634 -0.792783 0 0.479834 -0.0434955 0.633669 -0.792783 0.0718634 0.605253 0 0 0 1 0 0 1 -1 
360.687 -79.4889 198.19 1.66628 0.539701 0.0568184 2 0 -0.0228094 -0.775928 0 0.489152 -0.0143793 0.602584 -0.775928 0.0228094 0.630409 0 0 0 1 0 0 1 -1 
359.962 -79.4873 198.77 1.63948 0.500056 0.100691 2 0 0.0109642 -0.774297 0 0.489919 0.00693736 0.599657 -0.774297 -0.0109642 0.632727 0 0 0 1 0 0 1 -1 
359.266 -79.4937 199.382 1.66519 0.500985 0.0850083 0 0 -0.00254412 -0.721308 0 0.499585 -0.00176208 0.520291 -0.721308 0.00254412 0.69261 0 0 0 1 0 0 1 -1 
358.617 -79.4747 200.042 1.71718 0.513676 0.0581303 0 0 -0.0291713 -0.706628 0 0.499574 -0.0206236 0.500174 -0.706628 0.0291713 0.706984 0 0 0 1 0 0 1 -1 
357.928 -79.4663 200.66 1.75938 0.524891 0.0866435 0 0 -0.0188848 -0.757122 0 0.494401 -0.0123318 0.57359 -0.757122 0.0188848 0.653001 0 0 0 1 0 0 1 -1 
357.274 -79.3616 201.298 1.77255 0.543762 0.158879 0 0 -0.18484 -0.670337 0 0.481749 -0.132838 0.483517 -0.670337 0.18484 0.718667 0 0 0 1 0 0 1 -1 
356.638 -79.2608 201.954 1.75199 0.519776 0.1998 0 0 0.0122975 -0.717971 0 0.499682 0.00855864 0.515634 -0.717971 -0.0122975 0.695964 0 0 0 1 0 0 1 -1 
355.945 -79.3988 202.529 1.69722 0.612657 0.195513 0.55939 0 0.229497 -0.845575 0 0.407576 0.11062 0.767666 -0.845575 -0.229497 0.482011 0 0 0 1 0 0 1 -1 
355.083 -79.4399 202.846 1.60173 0.710151 0.152525 0.810405 0 -0.113497 -0.946054 0 0.287109 -0.0344439 0.9079 -0.946054 0.113497 0.30348 0 0 0 1 0 0 1 -1 
354.24 -79.3749 203.219 1.44271 0.656994 0.105043 0.822247 0 0.023773 -0.837363 0 0.457309 0.0129831 0.701741 -0.837363 -0.023773 0.546131 0 0 0 1 0 0 1 -1 
353.572 -79.5143 203.817 1.23147 0.604997 0.124623 1.08657 0 0.239996 -0.663541 0 0.470186 0.170061 0.497885 -0.663541 -0.239996 0.708601 0 0 0 1 0 0 1 -1 
352.926 -79.7902 204.408 0.992161 0.734736 0.113879 0.191385 0 0.320479 -0.782742 0 0.417582 0.170971 0.715392 -0.782742 -0.320479 0.533487 0 0 0 1 0 0 1 -1 
352.117 -79.9469 204.846 0.776288 0.649299 0.226503 0 0 -0.0132457 -0.916492 0 0.366445 -0.0052961 0.840133 -0.916492 0.0132457 0.399834 0 0 0 1 0 0 1 -1 
351.223 -80.0085 205.147 0.620923 0.612179 0.300865 0 0 0.199575 -0.932703 0 0.280175 0.0599503 0.909766 -0.932703 -0.199575 0.30039 0 0 0 1 0 0 1 -1 
350.427 -80.2096 205.557 0.563521 0.542418 0.212625 1.22443 0 0.248022 -0.756412 0 0.457817 0.150115 0.633674 -0.756412 -0.248022 0.605249 0 0 0 1 0 0 1 -1 
349.797 -80.4636 206.169 0.592506 0.58792 0.0658301 1.50277 0 0.287609 -0.68284 0 0.458577 0.19315 0.548989 -0.68284 -0.287609 0.671573 0 0 0 1 0 0 1 -1 
349.11 -80.688 206.741 0.703496 0.812898 0.103256 0 0 0.186641 -0.800069 0 0.456148 0.10641 0.674946 -0.800069 -0.186641 0.570135 0 0 0 1 0 0 1 -1 
348.357 -80.8191 207.273 0.869694 0.647019 0.143043 1.18347 0 0.113786 -0.788226 0 0.476699 0.0688151 0.634248 -0.788226 -0.113786 0.604774 0 0 0 1 0 0 1 -1 
347.668 -80.9508 207.881 1.05296 0.528224 0.0606342 0.969352 0 0.171119 -0.736226 0 0.482039 0.112039 0.571311 -0.736226 -0.171119 0.654743 0 0 0 1 0 0 1 -1 
346.895 -81.1043 208.371 1.20361 0.607211 0.0863574 0 0 0.19275 -0.876636 0 0.386472 0.0849756 0.805644 -0.876636 -0.19275 0.440858 0 0 0 1 0 0 1 -1 
346.142 -81.3865 208.831 1.29381 0.646763 0.13026 0.448408 0 0.398013 -0.735575 0 0.403237 0.218188 0.699484 -0.735575 -0.398013 0.548193 0 0 0 1 0 0 1 -1 
345.491 -81.7411 209.378 1.31841 0.607877 0.173927 0 0 0.302801 -0.716996 0 0.450185 0.190121 0.605772 -0.716996 -0.302801 0.627876 0 0 0 1 0 0 1 -1 
344.82 -81.9609 209.977 1.31278 0.600972 0.115828 1.09579 0 0.241469 -0.666659 0 0.470105 0.170276 0.502741 -0.666659 -0.241469 0.705166 0 0 0 1 0 0 1 -1 
344.262 -82.1847 210.678 1.31678 0.575708 0.0888203 1.19224 0 0.199903 -0.647846 0 0.476215 0.146944 0.459666 -0.647846 -0.199903 0.735074 0 0 0 1 0 0 1 -1 
343.536 -82.4251 211.183 1.35611 0.595215 0.124975 1.64534 0 0.331107 -0.871058 0 0.316022 0.120126 0.868375 -0.871058 -0.331107 0.362802 0 0 0 1 0 0 1 -1 
342.718 -82.6365 211.574 1.41467 0.672602 0.0593159 1.6 0 0.086334 -0.827041 0 0.459399 0.0479562 0.69145 -0.827041 -0.086334 0.555473 0 0 0 1 0 0 1 -1 
341.992 -82.6391 212.153 1.46806 0.537771 0.0804295 1.19552 0 -0.0549131 -0.790572 0 0.482171 -0.0334916 0.62802 -0.790572 0.0549131 0.609902 0 0 0 1 0 0 1 -1 
341.184 -82.5611 212.618 1.49383 0.447025 0.139511 1.11337 0 -0.0973898 -0.923225 0 0.343176 -0.0362012 0.861829 -0.923225 0.0973898 0.371714 0 0 0 1 0 0 1 -1 
340.287 -82.4823 212.922 1.48878 0.456381 0.0701499 1.43465 0 -0.00426839 -0.940074 0 0.320512 -0.00145528 0.883758 -0.940074 0.00426839 0.340944 0 0 0 1 0 0 1 -1 
339.466 -82.6415 213.298 1.45264 0.783221 0.0462743 0.529605 0 0.287051 -0.849109 0 0.376506 0.127282 0.803385 -0.849109 -0.287051 0.443413 0 0 0 1 0 0 1 -1 
338.69 -82.8781 213.749 1.39676 0.621033 0.0936958 0 0 0.181934 -0.81049 0 0.451266 0.101298 0.689995 -0.81049 -0.181934 0.556781 0 0 0 1 0 0 1 -1 
337.966 -82.9633 214.32 1.32551 0.48733 0.109538 0.511328 0 0.00950663 -0.77746 0 0.488914 0.00597835 0.604534 -0.77746 -0.00950663 0.628861 0 0 0 1 0 0 1 -1 
337.194 -82.8952 214.849 1.24627 0.538063 0.116899 0.922881 0 -0.170801 -0.83994 0 0.432653 -0.0879795 0.734672 -0.83994 0.170801 0.5151 0 0 0 1 0 0 1 -1 
336.371 -82.7192 215.384 1.16928 0.515271 0.0478401 0 0 -0.188765 -0.797987 0 0.456728 -0.108039 0.672415 -0.797987 0.188765 0.57235 0 0 0 1 0 0 1 -1 
335.604 -82.5805 215.888 1.11328 0.58976 0.0716883 0 0 -0.0554043 -0.886143 0 0.407704 -0.0254909 0.788318 -0.886143 0.0554043 0.460089 0 0 0 1 0 0 1 -1 
334.748 -82.5147 216.28 1.08863 0.506853 0.240477 0 0 -0.0906037 -0.901487 0 0.381525 -0.038345 0.820887 -0.901487 0.0906037 0.423217 0 0 0 1 0 0 1 -1 
333.92 -82.3723 216.692 1.1002 0.629104 0.168511 0.641972 0 -0.237935 -0.875275 0 0.368532 -0.100182 0.822719 -0.875275 0.237935 0.421047 0 0 0 1 0 0 1 -1 
333.155 -82.112 217.117 1.14173 0.782439 0.0602441 0.967768 0 -0.206682 -0.753108 0 0.470383 -0.129091 0.60989 -0.753108 0.206682 0.624588 0 0 0 1 0 0 1 -1 
332.557 -82.3631 217.51 1.20886 0.48904 0.0559583 0.864667 0 0.653831 -0.689153 0 0.215269 0.204236 0.902426 -0.689153 -0.653831 0.312368 0 0 0 1 0 0 1 -1 
331.983 -82.3024 217.994 1.31396 0.427548 0.0419671 0 0 -0.698324 -0.564177 0 0.248525 -0.307618 0.805952 -0.564177 0.698324 0.440509 0 0 0 1 0 0 1 -1 
331.234 -81.6601 218.266 1.45626 0.894985 0.124104 0.0787271 0 -0.368939 -0.902717 0 0.199798 -0.0816572 0.951013 -0.902717 0.368939 0.22133 0 0 0 1 0 0 1 -1 
330.375 -81.2946 218.538 1.62485 0.586878 0.125056 0.739778 0 -0.473418 -0.819909 0 0.263935 -0.152397 0.896376 -0.819909 0.473418 0.321907 0 0 0 1 0 0 1 -1 
329.588 -80.8477 218.765 1.78012 0.657436 0.0226131 1.72639 0 -0.455959 -0.884129 0 0.0902375 -0.0465369 0.989583 -0.884129 0.455959 0.102064 0 0 0 1 0 0 1 -1 
328.817 -80.3577 218.716 1.88687 0.640746 0.0375 1.62042 0 -0.603494 -0.793091 0 -0.0654076 0.0497711 0.993198 -0.793091 0.603494 -0.0824717 0 0 0 1 0 0 1 -1 
328.062 -79.8275 218.75 1.91709 0.488709 0.0559186 0.486609 0 -0.476911 -0.863636 0 0.141091 -0.0779124 0.973311 -0.863636 0.476911 0.163369 0 0 0 1 0 0 1 -1 
327.313 -79.5139 219.096 1.90168 0.894672 0.107832 1.06057 0 -0.347815 -0.729192 0 0.429731 -0.204976 0.652697 -0.729192 0.347815 0.589324 0 0 0 1 0 0 1 -1 
326.897 -79.2744 219.544 1.87775 0.924143 0.114529 1.83594 0 -0.261599 -0.539954 0 0.431969 -0.209282 0.359985 -0.539954 0.261599 0.800009 0 0 0 1 0 0 1 -1 
326.87 -79.2763 219.576 1.87534 0.637342 0.110798 1.92959 0 0.598431 -0.712439 0 0.261098 0.219316 0.865689 -0.712439 -0.598431 0.366485 0 0 0 1 0 0 1 -1 
ObjectType = Tube
ObjectSubType = Vessel
NDims = 3
ID = 19
ParentID = 50
Color = 0.9 0.1 0.1 1
BinaryData = False
TransformMatrix = 1 0 0 0 1 0 0 0 1
Offset = 0 0 0
CenterOfRotation = 0 0 0
ElementSpacing = 1 1 1
Root = False
Artery = True
PointDim = x y z r rn mn bn mk v1x v1y v1z v2x v2y v2z tx ty tz a1 a2 a3 red green blue alpha id
NPoints = 28
Points = 
415.906 -82.4479 153.464 2.83019 0.200892 0.186233 0.374185 0 -0.125712 -0.829278 0 -0.451553 0.0684518 0.703505 -0.829278 0.125712 -0.544514 0 0 0 1 0 0 1 -1 
415.328 -82.2654 153.246 2.83192 0.422738 0.187071 0.381119 0 -0.383044 -0.906359 0 -0.161606 0.0682976 0.968208 -0.906359 0.383044 -0.178302 0 0 0 1 0 0 1 -1 
414.542 -82.0062 153.033 2.84725 0.565207 0.206998 0.521194 0 -0.243002 -0.923334 0 -0.274534 0.0722516 0.911595 -0.923334 0.243002 -0.297329 0 0 0 1 0 0 1 -1 
413.689 -81.7956 152.748 2.89246 0.542641 0.206976 0.574176 0 -0.189866 -0.91602 0 -0.323677 0.0670894 0.875143 -0.91602 0.189866 -0.353352 0 0 0 1 0 0 1 -1 
412.829 -81.5609 152.486 2.9826 0.295968 0.206315 0.503778 0 -0.334085 -0.931707 0 -0.132779 0.0476109 0.979691 -0.931707 0.334085 -0.142511 0 0 0 1 0 0 1 -1 
411.97 -81.2863 152.311 3.11621 0.307973 0.209242 0.394029 0 -0.237399 -0.925444 0 -0.273272 0.0701007 0.912806 -0.925444 0.237399 -0.295287 0 0 0 1 0 0 1 -1 
411.094 -81.1114 152.055 3.2845 0.471082 0.207283 0.325885 0 -0.167048 -0.964916 0 -0.195456 0.0338377 0.958968 -0.964916 0.167048 -0.202563 0 0 0 1 0 0 1 -1 
410.187 -80.8976 151.94 3.45862 0.492799 0.196473 0.333001 0 -0.307908 -0.95003 0 -0.0487795 0.0158096 0.997364 -0.95003 0.307908 -0.0513453 0 0 0 1 0 0 1 -1 
409.302 -80.6171 151.898 3.6166 0.488185 0.219713 0.277673 0 -0.273128 -0.958918 0 -0.0735137 0.0209388 0.994123 -0.958918 0.273128 -0.0766632 0 0 0 1 0 0 1 -1 
408.409 -80.3755 151.82 3.74494 0.549396 0.238393 0.145619 0 -0.286635 -0.953583 0 -0.0880207 0.0264579 0.99148 -0.953583 0.286635 -0.0923052 0 0 0 1 0 0 1 -1 
407.585 -80.0329 151.635 3.84723 0.588414 0.224457 0 0 -0.387822 -0.863749 0 -0.277923 0.124787 0.896468 -0.863749 0.387822 -0.321764 0 0 0 1 0 0 1 -1 
406.745 -79.7532 151.346 3.92751 0.923491 0.174561 0 0 -0.251914 -0.935012 0 -0.233362 0.0628733 0.937709 -0.935012 0.251914 -0.249582 0 0 0 1 0 0 1 -1 
405.853 -79.5123 151.161 3.98948 0.692976 0.124798 0 0 -0.232427 -0.959889 0 -0.150526 0.0364483 0.975409 -0.959889 0.232427 -0.156816 0 0 0 1 0 0 1 -1 
404.94 -79.3273 151.038 4.02255 0.488163 0.101465 0.3103 0 -0.176767 -0.978896 0 -0.100379 0.0181263 0.989485 -0.978896 0.176767 -0.102543 0 0 0 1 0 0 1 -1 
404.022 -79.1506 150.963 4.01741 0.913257 0.12646 0.336472 0 -0.214088 -0.974576 0 -0.0644136 0.0141499 0.995632 -0.974576 0.214088 -0.066094 0 0 0 1 0 0 1 -1 
403.104 -78.9525 150.92 3.98089 0.739021 0.188639 0.286696 0 -0.195896 -0.980586 0 -0.00852324 0.00170273 0.999924 -0.980586 0.195896 -0.00869198 0 0 0 1 0 0 1 -1 
402.189 -78.7671 150.959 3.92832 0.671448 0.190074 0.273358 0 -0.217893 -0.9723 0 0.0822488 -0.018432 0.992844 -0.9723 0.217893 0.0845921 0 0 0 1 0 0 1 -1 
401.299 -78.515 151.066 3.88125 0.861717 0.151092 0 0 -0.317888 -0.93663 0 0.137886 -0.0467977 0.978328 -0.93663 0.317888 0.147215 0 0 0 1 0 0 1 -1 
400.432 -78.2092 151.245 3.85391 0.861592 0.0930077 0.232985 0 -0.325088 -0.908864 0 0.237497 -0.0849493 0.931716 -0.908864 0.325088 0.261312 0 0 0 1 0 0 1 -1 
399.619 -77.8584 151.519 3.86417 0.655241 0.0988002 0.279675 0 -0.44096 -0.859603 0 0.221898 -0.113829 0.933364 -0.859603 0.44096 0.25814 0 0 0 1 0 0 1 -1 
398.8 -77.4603 151.731 3.93003 0.666027 0.0933876 0.291038 0 -0.391687 -0.898842 0 0.176743 -0.077019 0.961335 -0.898842 0.391687 0.196634 0 0 0 1 0 0 1 -1 
397.946 -77.1057 151.866 4.07717 0.72316 0.0751492 0.113763 0 -0.282007 -0.958028 0 0.049359 -0.0145294 0.997346 -0.958028 0.282007 0.0515214 0 0 0 1 0 0 1 -1 
397.025 -76.9457 151.695 4.26705 0.655527 0.0809105 0 0 -0.176586 -0.926157 0 -0.308635 0.058846 0.88895 -0.926157 0.176586 -0.333242 0 0 0 1 0 0 1 -1 
396.132 -76.7864 151.418 4.43351 0.800306 0.0652371 0 0 -0.090009 -0.947342 0 -0.291132 0.027661 0.905558 -0.947342 0.090009 -0.307314 0 0 0 1 0 0 1 -1 
395.312 -76.8106 151 4.50304 0.817792 0.0605128 0.40001 0 -0.0656664 -0.787098 0 -0.482745 0.0402747 0.623835 -0.787098 0.0656664 -0.613323 0 0 0 1 0 0 1 -1 
394.676 -76.4834 150.442 4.47991 0.589951 0.0749084 0.354511 0 -0.364919 -0.716887 0 -0.425874 0.216783 0.647093 -0.716887 0.364919 -0.594059 0 0 0 1 0 0 1 -1 
394.114 -76.3814 149.965 4.42757 0.437586 0.0750709 0 0 0.0416704 -0.758234 0 -0.493345 -0.0271129 0.576655 -0.758234 -0.0416704 -0.65065 0 0 0 1 0 0 1 -1 
394.041 -76.388 149.916 4.41737 0.182959 0.0745482 0 0 -0.0185833 -0.946317 0 -0.305382 0.00599692 0.895861 -0.946317 0.0185833 -0.322706 0 0 0 1 0 0 1 -1 
ObjectType = Tube
ObjectSubType = Vessel
NDims = 3
ID = 22
ParentID = 50
Color = 0.8 0.1 0.8 1
BinaryData = False
TransformMatrix = 1 0 0 0 1 0 0 0 1
Offset = 0 0 0
CenterOfRotation = 0 0 0
ElementSpacing = 1 1 1
Root = False
Artery = True
PointDim = x y z r rn mn bn mk v1x v1y v1z v2x v2y v2z tx ty tz a1 a2 a3 red green blue alpha id
NPoints = 7
Points = 
343.459 -81.389 157.021 1.96549 0.18101 0.105307 1.14702 0 -0.3025 0.811139 0 -0.406013 -0.151415 0.749454 0.811139 0.3025 0.500546 0 0 0 1 0 0 1 -1 
344.032 -81.1792 157.298 1.9621 0.726685 0.0924219 0.714915 0 -0.305248 0.896253 0 -0.288413 -0.0982287 0.896445 0.896253 0.305248 0.321799 0 0 0 1 0 0 1 -1 
344.781 -80.9297 157.648 1.94103 0.253431 0.0883658 0 0 -0.284816 0.74299 0 -0.450013 -0.172507 0.633154 0.74299 0.284816 0.605678 0 0 0 1 0 0 1 -1 
345.226 -80.6765 158.351 1.91139 0.352727 0.14773 0.475368 0 -0.272869 0.301197 0 -0.275199 -0.249317 0.165177 0.301197 0.272869 0.913687 0 0 0 1 0 0 1 -1 
345.396 -80.4464 159.221 1.89342 0.494157 0.18631 0.811084 0 -0.241689 0.0934823 0 -0.090289 -0.233433 0.0671523 0.0934823 0.241689 0.96584 0 0 0 1 0 0 1 -1 
345.404 -80.2246 160.059 1.88923 0.711719 0.170355 0.955026 0 -0.2722 -0.0611617 0 0.0587333 -0.261392 0.0778336 -0.0611617 0.2722 0.960295 0 0 0 1 0 0 1 -1 
345.379 -80.168 160.224 1.88995 0.186251 0.147994 0.985106 0 -0.52139 -0.659186 0 -0.357195 0.282527 0.706374 -0.659186 0.52139 -0.541873 0 0 0 1 0 0 1 -1 
ObjectType = Tube
ObjectSubType = Vessel
NDims = 3
ID = 23
ParentID = 50
Color = 0.8 0.1 0.8 1
BinaryData = False
TransformMatrix = 1 0 0 0 1 0 0 0 1
Offset = 0 0 0
CenterOfRotation = 0 0 0
ElementSpacing = 1 1 1
Root = False
Artery = True
PointDim = x y z r rn mn bn mk v1x v1y v1z v2x v2y v2z tx ty tz a1 a2 a3 red green blue alpha id
NPoints = 119
Points = 
387.259 -85.427 178.204 1.27805 0.183191 0.205403 0.600685 0 0.62081 -0.782263 0 -0.0403433 -0.0320168 0.99734 -0.782263 -0.62081 -0.0515725 0 0 0 1 0 0 1 -1 
386.808 -85.8652 178.147 1.27998 0.319986 0.244065 0.736199 0 0.761602 -0.635836 0 -0.0796046 -0.0953502 0.984326 -0.635836 -0.761602 -0.125197 0 0 0 1 0 0 1 -1 
386.408 -86.3548 178.103 1.29396 0.42003 0.230321 0 0 0.752082 -0.657915 0 0.025649 0.0293202 0.99848 -0.657915 -0.752082 0.0389853 0 0 0 1 0 0 1 -1 
385.877 -86.9696 178.219 1.32407 0.333868 0.207779 0.871024 0 0.755834 -0.621039 0 0.12882 0.15678 0.956974 -0.621039 -0.755834 0.207427 0 0 0 1 0 0 1 -1 
385.323 -87.6666 178.423 1.37216 0.606581 0.112634 0.803867 0 0.740883 -0.623165 0 0.156113 0.185603 0.937241 -0.623165 -0.740883 0.250516 0 0 0 1 0 0 1 -1 
384.682 -88.2698 178.692 1.44319 0.748203 0.103681 0 0 0.56772 -0.755382 0 0.247199 0.185787 0.892907 -0.755382 -0.56772 0.327251 0 0 0 1 0 0 1 -1 
383.997 -88.7958 179.026 1.55801 0.687274 0.146281 0 0 0.5717 -0.720821 0 0.282482 0.224043 0.846423 -0.720821 -0.5717 0.391889 0 0 0 1 0 0 1 -1 
383.302 -89.2567 179.42 1.72649 0.648217 0.182088 0.14339 0 0.409996 -0.787744 0 0.362159 0.188492 0.788637 -0.787744 -0.409996 0.459742 0 0 0 1 0 0 1 -1 
382.551 -89.5817 179.859 1.95371 0.790908 0.200127 0.693871 0 0.315159 -0.824343 0 0.387646 0.148203 0.778867 -0.824343 -0.315159 0.470248 0 0 0 1 0 0 1 -1 
381.769 -89.8828 180.271 2.20645 0.820309 0.136291 0.658598 0 0.34022 -0.846095 0 0.347181 0.139604 0.831626 -0.846095 -0.34022 0.410334 0 0 0 1 0 0 1 -1 
380.978 -90.215 180.644 2.43637 0.724967 0.161665 0.614763 0 0.368882 -0.840206 0 0.333954 0.146618 0.84202 -0.840206 -0.368882 0.397467 0 0 0 1 0 0 1 -1 
380.204 -90.5805 181.015 2.59595 0.719644 0.153146 0.806105 0 0.442432 -0.811563 0 0.309693 0.168832 0.854381 -0.811563 -0.442432 0.381601 0 0 0 1 0 0 1 -1 
379.452 -91.0094 181.361 2.69803 0.744266 0.160676 0 0 0.443524 -0.816324 0 0.302042 0.164105 0.863098 -0.816324 -0.443524 0.370002 0 0 0 1 0 0 1 -1 
378.694 -91.4351 181.704 2.76616 0.781733 0.202219 0 0 0.471868 -0.798876 0 0.297991 0.176013 0.860862 -0.798876 -0.471868 0.373012 0 0 0 1 0 0 1 -1 
377.957 -91.8824 182.056 2.82299 0.764944 0.207554 0.176584 0 0.485173 -0.788229 0 0.298387 0.183664 0.856697 -0.788229 -0.485173 0.378554 0 0 0 1 0 0 1 -1 
377.22 -92.3313 182.406 2.86716 0.802455 0.186791 0.469459 0 0.481963 -0.795294 0 0.292446 0.177228 0.864782 -0.795294 -0.481963 0.367721 0 0 0 1 0 0 1 -1 
376.477 -92.7881 182.733 2.88315 0.829571 0.189439 0.286953 0 0.488154 -0.802589 0 0.275181 0.167371 0.882443 -0.802589 -0.488154 0.342866 0 0 0 1 0 0 1 -1 
375.72 -93.2223 183.067 2.87482 0.868985 0.157054 0.202491 0 0.447029 -0.812056 0 0.304634 0.167698 0.859271 -0.812056 -0.447029 0.375139 0 0 0 1 0 0 1 -1 
374.961 -93.6392 183.419 2.85429 0.934803 0.172259 0.0369342 0 0.438719 -0.827664 0 0.28968 0.153551 0.877502 -0.827664 -0.438719 0.349998 0 0 0 1 0 0 1 -1 
374.181 -94.0455 183.752 2.84083 0.825285 0.218321 0 0 0.440217 -0.81022 0 0.313538 0.170354 0.850248 -0.81022 -0.440217 0.386978 0 0 0 1 0 0 1 -1 
373.442 -94.4792 184.129 2.84347 0.68513 0.199739 0 0 0.48986 -0.765242 0 0.319612 0.204596 0.825559 -0.765242 -0.48986 0.417662 0 0 0 1 0 0 1 -1 
372.744 -94.9397 184.541 2.86748 0.618863 0.191487 0 0 0.474931 -0.746002 0 0.348249 0.221707 0.782079 -0.746002 -0.474931 0.46682 0 0 0 1 0 0 1 -1 
372.053 -95.3848 184.982 2.90684 0.512889 0.194174 0.169752 0 0.506293 -0.725044 0 0.33851 0.236379 0.782021 -0.725044 -0.506293 0.466883 0 0 0 1 0 0 1 -1 
371.377 -95.8666 185.408 2.95653 0.558699 0.187034 0.219484 0 0.508712 -0.731494 0 0.332108 0.230962 0.793872 -0.731494 -0.508712 0.454013 0 0 0 1 0 0 1 -1 
370.688 -96.335 185.831 3.00553 0.564377 0.177637 0.219877 0 0.501269 -0.745264 0 0.327671 0.220393 0.806689 -0.745264 -0.501269 0.439671 0 0 0 1 0 0 1 -1 
369.98 -96.8156 186.21 3.04409 0.587716 0.175847 0.147127 0 0.521405 -0.766196 0 0.287788 0.195843 0.85892 -0.766196 -0.521405 0.375607 0 0 0 1 0 0 1 -1 
369.251 -97.2853 186.569 3.06323 0.565043 0.172806 0.173352 0 0.473535 -0.787398 0 0.310766 0.186892 0.844232 -0.787398 -0.473535 0.394675 0 0 0 1 0 0 1 -1 
368.521 -97.7413 186.946 3.06729 0.617139 0.163668 0.166674 0 0.526911 -0.745781 0 0.304015 0.214793 0.833824 -0.745781 -0.526911 0.407647 0 0 0 1 0 0 1 -1 
367.868 -98.2906 187.315 3.06155 0.803169 0.170281 0 0 0.633228 -0.677281 0 0.253698 0.237196 0.859687 -0.677281 -0.633228 0.374583 0 0 0 1 0 0 1 -1 
367.22 -98.8716 187.645 3.05241 0.903072 0.170483 0 0 0.604358 -0.718372 0 0.247493 0.208213 0.881306 -0.718372 -0.604358 0.34452 0 0 0 1 0 0 1 -1 
366.543 -99.4206 187.976 3.04088 0.697534 0.167241 0 0 0.579789 -0.72722 0 0.267194 0.213025 0.865004 -0.72722 -0.579789 0.367418 0 0 0 1 0 0 1 -1 
365.871 -99.9606 188.334 3.02251 0.583224 0.192673 0.164746 0 0.598195 -0.704982 0 0.2686 0.227914 0.854837 -0.704982 -0.598195 0.381003 0 0 0 1 0 0 1 -1 
365.253 -100.574 188.659 2.99556 0.533068 0.181318 0.146302 0 0.711255 -0.619839 0 0.205498 0.235806 0.890085 -0.619839 -0.711255 0.331535 0 0 0 1 0 0 1 -1 
364.679 -101.23 188.99 2.96117 0.467055 0.182486 0 0 0.676352 -0.621856 0 0.24549 0.267004 0.844156 -0.621856 -0.676352 0.39477 0 0 0 1 0 0 1 -1 
364.093 -101.84 189.379 2.92622 0.546468 0.213823 0 0 0.628611 -0.647386 0 0.279007 0.270916 0.814261 -0.647386 -0.628611 0.430975 0 0 0 1 0 0 1 -1 
363.448 -102.378 189.782 2.89853 0.52333 0.211928 0.170766 0 0.525293 -0.740132 0 0.310742 0.220543 0.823728 -0.740132 -0.525293 0.419847 0 0 0 1 0 0 1 -1 
362.723 -102.854 190.15 2.89058 0.435439 0.225732 0.168272 0 0.497264 -0.788005 0 0.286053 0.180512 0.868224 -0.788005 -0.497264 0.363009 0 0 0 1 0 0 1 -1 
361.977 -103.33 190.486 2.90592 0.431885 0.241444 0.157117 0 0.510412 -0.785107 0 0.275445 0.179072 0.876913 -0.785107 -0.510412 0.350838 0 0 0 1 0 0 1 -1 
361.232 -103.806 190.826 2.93975 0.432218 0.243638 0.15188 0 0.492683 -0.782521 0 0.297897 0.187559 0.855077 -0.782521 -0.492683 0.380688 0 0 0 1 0 0 1 -1 
360.479 -104.264 191.185 2.96069 0.413645 0.195244 0.173953 0 0.464535 -0.81436 0 0.283304 0.161605 0.878976 -0.81436 -0.464535 0.347886 0 0 0 1 0 0 1 -1 
359.654 -104.686 191.468 2.93332 0.383249 0.12858 0 0 0.402083 -0.885917 0 0.204876 0.0929851 0.946519 -0.885917 -0.402083 0.231259 0 0 0 1 0 0 1 -1 
358.782 -105.071 191.659 2.82391 0.433976 0.156299 0.207623 0 0.399243 -0.899044 0 0.161639 0.0717796 0.967676 -0.899044 -0.399243 0.179789 0 0 0 1 0 0 1 -1 
357.913 -105.419 191.821 2.66361 0.598758 0.189337 0.0447619 0 0.316624 -0.934459 0 0.15222 0.0515767 0.973465 -0.934459 -0.316624 0.162896 0 0 0 1 0 0 1 -1 
357.024 -105.688 191.973 2.4937 0.737933 0.279463 0.245691 0 0.267191 -0.949653 0 0.155374 0.0437156 0.973231 -0.949653 -0.267191 0.163612 0 0 0 1 0 0 1 -1 
356.135 -105.927 192.161 2.35437 0.729119 0.283045 0.417716 0 0.234905 -0.935543 0 0.246775 0.0619627 0.930421 -0.935543 -0.234905 0.263778 0 0 0 1 0 0 1 -1 
355.279 -106.15 192.458 2.24714 0.697008 0.272002 0.56359 0 0.248218 -0.908444 0 0.305536 0.083483 0.886883 -0.908444 -0.248218 0.336329 0 0 0 1 0 0 1 -1 
354.417 -106.329 192.779 2.15317 0.827206 0.258422 0.531685 0 0.10911 -0.928508 0 0.329545 0.0387251 0.874032 -0.928508 -0.10911 0.354919 0 0 0 1 0 0 1 -1 
353.54 -106.427 193.105 2.04867 0.726205 0.224856 0.326873 0 0.165103 -0.931553 0 0.301785 0.0534866 0.895051 -0.931553 -0.165103 0.323959 0 0 0 1 0 0 1 -1 
352.659 -106.616 193.385 1.92761 0.824536 0.202442 0.438533 0 0.177464 -0.945854 0 0.257068 0.0482318 0.926133 -0.945854 -0.177464 0.271784 0 0 0 1 0 0 1 -1 
351.736 -106.762 193.609 1.80328 0.786701 0.216202 0.742893 0 0.154087 -0.968107 0 0.191248 0.0304397 0.960975 -0.968107 -0.154087 0.197548 0 0 0 1 0 0 1 -1 
350.811 -106.943 193.804 1.69282 0.760538 0.288938 0.722031 0 0.235427 -0.944145 0 0.217694 0.0542829 0.946836 -0.944145 -0.235427 0.230573 0 0 0 1 0 0 1 -1 
349.933 -107.206 194.051 1.6123 0.707318 0.349575 0.338641 0 0.306048 -0.911949 0 0.249219 0.0836373 0.925317 -0.911949 -0.306048 0.273281 0 0 0 1 0 0 1 -1 
349.076 -107.512 194.313 1.55694 0.684293 0.274259 0.0434336 0 0.339013 -0.895788 0 0.257504 0.097453 0.917366 -0.895788 -0.339013 0.287461 0 0 0 1 0 0 1 -1 
348.232 -107.843 194.589 1.52143 0.591567 0.271797 0.0434336 0 0.351646 -0.890418 0 0.2573 0.101614 0.916499 -0.890418 -0.351646 0.288966 0 0 0 1 0 0 1 -1 
347.389 -108.175 194.878 1.49721 0.576246 0.282647 0.105877 0 0.357378 -0.873759 0 0.288244 0.117895 0.891173 -0.873759 -0.357378 0.329889 0 0 0 1 0 0 1 -1 
346.584 -108.54 195.216 1.47834 0.59861 0.256284 0.299082 0 0.413132 -0.830797 0 0.309853 0.154081 0.860901 -0.830797 -0.413132 0.372959 0 0 0 1 0 0 1 -1 
345.777 -108.923 195.551 1.4618 0.476009 0.150594 0.159292 0 0.387188 -0.860178 0 0.28552 0.12852 0.889821 -0.860178 -0.387188 0.331932 0 0 0 1 0 0 1 -1 
344.962 -109.305 195.875 1.44839 0.50217 0.16114 0.218496 0 0.40727 -0.847884 0 0.28781 0.138246 0.884777 -0.847884 -0.40727 0.339445 0 0 0 1 0 0 1 -1 
344.15 -109.699 196.185 1.44683 0.440983 0.201449 0 0 0.424045 -0.850686 0 0.264287 0.13174 0.903481 -0.850686 -0.424045 0.310675 0 0 0 1 0 0 1 -1 
343.345 -110.113 196.473 1.47497 0.449263 0.208749 0.086668 0 0.438545 -0.848979 0 0.250289 0.129288 0.913086 -0.848979 -0.438545 0.294811 0 0 0 1 0 0 1 -1 
342.534 -110.524 196.752 1.54558 0.469062 0.210721 0.247298 0 0.425139 -0.854338 0 0.255393 0.12709 0.910637 -0.854338 -0.425139 0.298937 0 0 0 1 0 0 1 -1 
341.714 -110.919 197.036 1.67089 0.478499 0.231885 0.276914 0 0.406457 -0.86366 0 0.257486 0.121178 0.911117 -0.86366 -0.406457 0.298133 0 0 0 1 0 0 1 -1 
340.913 -111.311 197.355 1.82655 0.472381 0.210489 0.302569 0 0.429844 -0.81936 0 0.3108 0.163049 0.856116 -0.81936 -0.429844 0.379321 0 0 0 1 0 0 1 -1 
340.156 -111.743 197.692 1.98472 0.771291 0.218435 0.220215 0 0.491182 -0.805747 0 0.266642 0.162545 0.890488 -0.805747 -0.491182 0.330925 0 0 0 1 0 0 1 -1 
339.399 -112.193 198.005 2.112 0.764771 0.200963 0.131508 0 0.449779 -0.823228 0 0.285169 0.155805 0.880005 -0.823228 -0.449779 0.346404 0 0 0 1 0 0 1 -1 
338.632 -112.614 198.336 2.19303 0.730521 0.120859 0 0 0.491206 -0.795133 0 0.282782 0.174693 0.87352 -0.795133 -0.491206 0.35564 0 0 0 1 0 0 1 -1 
337.936 -113.132 198.664 2.20839 0.732863 0.109525 0 0 0.616959 -0.707011 0 0.244402 0.213273 0.880503 -0.707011 -0.616959 0.345684 0 0 0 1 0 0 1 -1 
337.312 -113.741 198.98 2.16502 0.711357 0.11231 0.0750546 0 0.689261 -0.643195 0 0.214502 0.229865 0.888781 -0.643195 -0.689261 0.333495 0 0 0 1 0 0 1 -1 
336.771 -114.456 199.213 2.06705 0.709564 0.0757715 0.426419 0 0.892935 -0.43346 0 0.0526962 0.108555 0.98522 -0.43346 -0.892935 0.121571 0 0 0 1 0 0 1 -1 
336.342 -115.288 199.319 1.94199 0.622738 0.105625 0.112879 0 0.78051 -0.603555 0 0.0982993 0.12712 0.973474 -0.603555 -0.78051 0.162867 0 0 0 1 0 0 1 -1 
335.706 -115.934 199.48 1.82162 0.549235 0.204997 0.221475 0 0.635532 -0.747874 0 0.143437 0.121891 0.963215 -0.747874 -0.635532 0.191793 0 0 0 1 0 0 1 -1 
335.005 -116.502 199.711 1.73399 0.631605 0.156578 0.310935 0 0.592238 -0.747701 0 0.224557 0.177867 0.909802 -0.747701 -0.592238 0.30033 0 0 0 1 0 0 1 -1 
334.308 -117.052 199.992 1.67758 0.637159 0.167344 0.259225 0 0.598929 -0.745337 0 0.218267 0.175392 0.914243 -0.745337 -0.598929 0.292843 0 0 0 1 0 0 1 -1 
333.619 -117.618 200.263 1.64547 0.659135 0.232746 0 0 0.609633 -0.734083 0 0.219575 0.18235 0.91053 -0.734083 -0.609633 0.299115 0 0 0 1 0 0 1 -1 
332.94 -118.184 200.554 1.62814 0.603642 0.263426 0 0 0.607115 -0.730008 0 0.22911 0.19054 0.901501 -0.730008 -0.607115 0.313845 0 0 0 1 0 0 1 -1 
332.255 -118.751 200.824 1.62234 0.515479 0.254378 0.185669 0 0.61958 -0.741199 0 0.191488 0.160068 0.933256 -0.741199 -0.61958 0.258349 0 0 0 1 0 0 1 -1 
331.577 -119.351 201.029 1.62882 0.488279 0.272867 0.0813502 0 0.671093 -0.716161 0 0.137286 0.128647 0.963252 -0.716161 -0.671093 0.191697 0 0 0 1 0 0 1 -1 
330.911 -119.976 201.192 1.64024 0.456411 0.228473 0.290934 0 0.667607 -0.729647 0 0.108018 0.0988335 0.978084 -0.729647 -0.667607 0.148041 0 0 0 1 0 0 1 -1 
330.228 -120.594 201.293 1.64805 0.413209 0.201022 0.0436547 0 0.672371 -0.736134 0 0.057134 0.0521851 0.993976 -0.736134 -0.672371 0.0776135 0 0 0 1 0 0 1 -1 
329.543 -121.217 201.341 1.64515 0.398782 0.204605 0 0 0.667359 -0.744349 0 0.0178661 0.0160181 0.999424 -0.744349 -0.667359 0.0240022 0 0 0 1 0 0 1 -1 
328.846 -121.826 201.335 1.63272 0.438614 0.288147 0 0 0.63604 -0.77066 0 -0.0302078 -0.0249311 0.998464 -0.77066 -0.63604 -0.0391973 0 0 0 1 0 0 1 -1 
328.1 -122.371 201.277 1.61481 0.497584 0.357901 0 0 0.536397 -0.840115 0 -0.0676519 -0.0431944 0.993515 -0.840115 -0.536397 -0.0805269 0 0 0 1 0 0 1 -1 
327.301 -122.828 201.171 1.59488 0.497453 0.377048 0 0 0.46126 -0.874171 0 -0.132759 -0.070051 0.976936 -0.874171 -0.46126 -0.151869 0 0 0 1 0 0 1 -1 
326.488 -123.249 201.006 1.56959 0.545275 0.33786 0 0 0.453525 -0.86689 0 -0.17938 -0.0938448 0.957183 -0.86689 -0.453525 -0.206923 0 0 0 1 0 0 1 -1 
325.707 -123.689 200.768 1.53181 0.598819 0.348065 0.0924653 0 0.505519 -0.806998 0 -0.246373 -0.154333 0.906795 -0.806998 -0.505519 -0.305296 0 0 0 1 0 0 1 -1 
324.995 -124.192 200.459 1.4787 0.665577 0.382301 0.200877 0 0.574934 -0.737073 0 -0.261816 -0.204222 0.873826 -0.737073 -0.574934 -0.35521 0 0 0 1 0 0 1 -1 
324.326 -124.74 200.124 1.41001 0.702016 0.323083 0.20892 0 0.606878 -0.714088 0 -0.249192 -0.211779 0.878223 -0.714088 -0.606878 -0.348965 0 0 0 1 0 0 1 -1 
323.67 -125.324 199.828 1.33609 0.603338 0.292841 0.0358032 0 0.650512 -0.700967 0 -0.204941 -0.190189 0.914521 -0.700967 -0.650512 -0.292368 0 0 0 1 0 0 1 -1 
323.013 -125.932 199.591 1.26779 0.473677 0.37251 0.206497 0 0.660389 -0.720924 0 -0.151488 -0.138767 0.955846 -0.720924 -0.660389 -0.21013 0 0 0 1 0 0 1 -1 
322.34 -126.549 199.442 1.21742 0.395829 0.374564 0.245244 0 0.670411 -0.732287 0 -0.0875847 -0.080184 0.985695 -0.732287 -0.670411 -0.119604 0 0 0 1 0 0 1 -1 
321.653 -127.161 199.343 1.1886 0.372084 0.46733 0.256971 0 0.647107 -0.753755 0 -0.0862896 -0.0740806 0.986894 -0.753755 -0.647107 -0.11448 0 0 0 1 0 0 1 -1 
320.948 -127.743 199.196 1.17905 0.405021 0.330074 0.123324 0 0.606167 -0.765956 0 -0.164052 -0.129829 0.954127 -0.765956 -0.606167 -0.214179 0 0 0 1 0 0 1 -1 
320.24 -128.282 198.944 1.17179 0.436541 0.418996 0 0 0.562409 -0.760596 0 -0.246684 -0.182406 0.89481 -0.760596 -0.562409 -0.32433 0 0 0 1 0 0 1 -1 
319.545 -128.796 198.613 1.15345 0.462309 0.465614 0 0 0.553093 -0.74078 0 -0.282404 -0.210853 0.854667 -0.74078 -0.553093 -0.381226 0 0 0 1 0 0 1 -1 
318.868 -129.317 198.255 1.11995 0.403067 0.450758 0.271102 0 0.573408 -0.72027 0 -0.281195 -0.22386 0.847586 -0.72027 -0.573408 -0.390403 0 0 0 1 0 0 1 -1 
318.207 -129.846 197.878 1.07905 0.412155 0.592403 0 0 0.561209 -0.707704 0 -0.303736 -0.240862 0.8158 -0.707704 -0.561209 -0.429185 0 0 0 1 0 0 1 -1 
317.558 -130.352 197.454 1.04019 0.45281 0.503202 0 0 0.531034 -0.695961 0 -0.336403 -0.256683 0.766359 -0.695961 -0.531034 -0.483364 0 0 0 1 0 0 1 -1 
316.911 -130.835 196.999 1.00595 0.470921 0.50811 0.200145 0 0.512063 -0.702496 0 -0.347214 -0.253091 0.75571 -0.702496 -0.512063 -0.494257 0 0 0 1 0 0 1 -1 
316.257 -131.298 196.531 0.975592 0.467882 0.609168 0 0 0.484925 -0.704009 0 -0.365284 -0.25161 0.730782 -0.704009 -0.484925 -0.518863 0 0 0 1 0 0 1 -1 
315.609 -131.729 196.026 0.950694 0.50222 0.545489 0.252232 0 0.442003 -0.690854 0 -0.395271 -0.252891 0.672646 -0.690854 -0.442003 -0.572148 0 0 0 1 0 0 1 -1 
314.976 -132.124 195.471 0.934343 0.565305 0.542481 0.248211 0 0.413605 -0.669648 0 -0.413071 -0.255132 0.619498 -0.669648 -0.413605 -0.616848 0 0 0 1 0 0 1 -1 
314.358 -132.51 194.894 0.92899 0.625556 0.531457 0.209609 0 0.423993 -0.665713 0 -0.40878 -0.260352 0.622945 -0.665713 -0.423993 -0.614048 0 0 0 1 0 0 1 -1 
313.727 -132.918 194.349 0.928912 0.63651 0.522139 0 0 0.451121 -0.698301 0 -0.388086 -0.250714 0.691134 -0.698301 -0.451121 -0.555757 0 0 0 1 0 0 1 -1 
313.059 -133.34 193.862 0.92854 0.634109 0.550732 0.264239 0 0.455802 -0.740632 0 -0.365627 -0.225015 0.75629 -0.740632 -0.455802 -0.49367 0 0 0 1 0 0 1 -1 
312.364 -133.761 193.411 0.92059 0.658391 0.488462 0.217185 0 0.449338 -0.743349 0 -0.368335 -0.22265 0.754473 -0.743349 -0.449338 -0.495507 0 0 0 1 0 0 1 -1 
311.696 -134.174 192.917 0.898466 0.697418 0.441464 0.223508 0 0.435524 -0.686331 0 -0.399766 -0.253679 0.660731 -0.686331 -0.435524 -0.582468 0 0 0 1 0 0 1 -1 
311.095 -134.57 192.333 0.850572 0.788687 0.400931 0 0 0.415165 -0.593431 0 -0.4092 -0.286277 0.524523 -0.593431 -0.415165 -0.689548 0 0 0 1 0 0 1 -1 
310.601 -134.92 191.624 0.779037 0.862542 0.423168 0.0731696 0 0.328938 -0.484969 0 -0.392976 -0.266543 0.343395 -0.484969 -0.328938 -0.810311 0 0 0 1 0 0 1 -1 
310.166 -135.195 190.831 0.690527 0.75318 0.354649 0.0731696 0 0.26188 -0.441438 0 -0.378853 -0.224752 0.263448 -0.441438 -0.26188 -0.858226 0 0 0 1 0 0 1 -1 
309.75 -135.437 190.006 0.601528 0.432862 0.446426 0 0 0.261994 -0.45807 0 -0.389098 -0.222546 0.278469 -0.45807 -0.261994 -0.84943 0 0 0 1 0 0 1 -1 
309.261 -135.701 189.235 0.523043 0.287755 0.343691 0 0 0.269252 -0.540745 0 -0.430936 -0.214575 0.364902 -0.540745 -0.269252 -0.79693 0 0 0 1 0 0 1 -1 
308.774 -135.921 188.433 0.460614 0.440039 0.395248 0 0 0.193696 -0.461459 0 -0.399512 -0.167694 0.250462 -0.461459 -0.193696 -0.865759 0 0 0 1 0 0 1 -1 
308.389 -136.083 187.569 0.408165 0.720178 0.58313 0 0 0.12964 -0.296669 0 -0.28069 -0.122657 0.104819 -0.296669 -0.12964 -0.94614 0 0 0 1 0 0 1 -1 
308.246 -136.181 186.638 0.362445 0.819173 0.474447 0 0 0.129242 0.000501182 0 0.000496978 -0.128158 0.0167038 0.000501182 -0.129242 -0.991613 0 0 0 1 0 0 1 -1 
308.379 -136.427 185.763 0.323099 0.754946 0.593781 0.0829019 0 0.408613 0.221062 0 0.195758 -0.36184 0.215833 0.221062 -0.408613 -0.885532 0 0 0 1 0 0 1 -1 
308.553 -136.829 184.936 0.292191 0.677141 0.0353069 0 0 0.343841 0.0747342 0 0.0699549 -0.321852 0.123811 0.0747342 -0.343841 -0.936049 0 0 0 1 0 0 1 -1 
308.706 -137.053 184.21 0.273892 0.468962 -0.0136623 0 0 0.32317 0.612981 0 0.441949 -0.233 0.480185 0.612981 -0.32317 -0.720982 0 0 0 1 0 0 1 -1 
309.136 -137.299 183.833 0.266348 0.813602 0 0 0 0.464649 0.687813 0 0.383585 -0.259129 0.688984 0.687813 -0.464649 -0.557688 0 0 0 1 0 0 1 -1 
309.184 -137.333 183.792 0.266348 0.765447 0 0 0 0.660458 0.455489 0 0.271895 -0.394247 0.643675 0.455489 -0.660458 -0.59693 0 0 0 1 0 0 1 -1 
ObjectType = Tube
ObjectSubType = Vessel
NDims = 3
ID = 24
ParentID = 50
Color = 0.8 0.1 0.8 1
BinaryData = False
TransformMatrix = 1 0 0 0 1 0 0 0 1
Offset = 0 0 0
CenterOfRotation = 0 0 0
ElementSpacing = 1 1 1
Root = False
Artery = True
PointDim = x y z r rn mn bn mk v1x v1y v1z v2x v2y v2z tx ty tz a1 a2 a3 red green blue alpha id
NPoints = 31
Points = 
347.199 -92.7887 171.031 2.75224 0.1808 0.0882377 1.28618 0 -0.46851 0.0848563 0 -0.0746204 -0.411995 0.226702 0.0848563 0.46851 0.879374 0 0 0 1 0 0 1 -1 
347.32 -92.6633 171.449 2.75639 0.432673 0.0888274 1.24806 0 0.0930559 0.370457 0 -0.342368 0.0860001 0.145898 0.370457 -0.0930559 0.924176 0 0 0 1 0 0 1 -1 
347.463 -92.7368 172.312 2.78272 0.375061 0.0961023 1.11775 0 -0.0791561 -0.0569513 0 0.0566799 -0.0787789 0.00950914 -0.0569513 0.0791561 0.995234 0 0 0 1 0 0 1 -1 
347.339 -92.6167 173.228 2.82116 0.423216 0.0948135 1.24273 0 -0.156773 -0.17568 0 0.170741 -0.152365 0.0554415 -0.17568 0.156773 0.971884 0 0 0 1 0 0 1 -1 
346.908 -92.3924 173.988 2.8418 0.412286 0.0871279 1.4479 0 -0.343696 -0.737126 0 0.428877 -0.19997 0.661482 -0.737126 0.343696 0.581823 0 0 0 1 0 0 1 -1 
346.246 -91.9586 174.498 2.82919 0.381132 0.0859398 1.20674 0 -0.582404 -0.634555 0 0.322405 -0.295908 0.741854 -0.634555 0.582404 0.508081 0 0 0 1 0 0 1 -1 
345.697 -91.3525 174.932 2.77205 0.571455 0.0604183 1.00815 0 -0.664879 -0.560478 0 0.276742 -0.328291 0.7562 -0.560478 0.664879 0.493761 0 0 0 1 0 0 1 -1 
345.177 -90.7832 175.444 2.68377 0.436352 0.0323523 1.08255 0 -0.572618 -0.582781 0 0.336035 -0.330175 0.667525 -0.582781 0.572618 0.576607 0 0 0 1 0 0 1 -1 
344.596 -90.2952 175.979 2.57955 0.430492 0.0701935 1.12565 0 -0.471698 -0.65919 0 0.386045 -0.276244 0.65703 -0.65919 0.471698 0.585636 0 0 0 1 0 0 1 -1 
343.96 -89.8788 176.531 2.48986 0.409959 0.0926251 0.833446 0 -0.448579 -0.665678 0 0.396986 -0.267516 0.64435 -0.665678 0.448579 0.596364 0 0 0 1 0 0 1 -1 
343.411 -89.4345 177.136 2.43574 0.441615 0.127923 0 0 -0.486983 -0.507665 0 0.360808 -0.346109 0.494876 -0.507665 0.486983 0.710721 0 0 0 1 0 0 1 -1 
343.014 -89.0076 177.853 2.42699 0.471828 0.151458 0 0 -0.430718 -0.365503 0 0.301598 -0.355412 0.31911 -0.365503 0.430718 0.82516 0 0 0 1 0 0 1 -1 
342.665 -88.6236 178.624 2.4383 0.47444 0.149962 0.885999 0 -0.405893 -0.415341 0 0.338125 -0.330433 0.337257 -0.415341 0.405893 0.81409 0 0 0 1 0 0 1 -1 
342.24 -88.2323 179.351 2.45291 0.489425 0.167999 0.721744 0 -0.446572 -0.494498 0 0.368739 -0.333002 0.443955 -0.494498 0.446572 0.745684 0 0 0 1 0 0 1 -1 
341.801 -87.7777 180.028 2.47007 0.480399 0.147442 0.368184 0 -0.524788 -0.432695 0 0.31719 -0.384699 0.462628 -0.432695 0.524788 0.733057 0 0 0 1 0 0 1 -1 
341.425 -87.274 180.709 2.50136 0.550755 0.137614 0.910313 0 -0.567735 -0.365831 0 0.269785 -0.418681 0.456156 -0.365831 0.567735 0.737458 0 0 0 1 0 0 1 -1 
341.14 -86.7382 181.411 2.56063 0.498644 0.129929 0.835463 0 -0.593805 -0.238242 0 0.183096 -0.456356 0.409363 -0.238242 0.593805 0.768529 0 0 0 1 0 0 1 -1 
340.999 -86.1424 182.107 2.64294 0.39087 0.117179 0.671703 0 -0.692032 -0.0923622 0 0.0661252 -0.495449 0.487439 -0.0923622 0.692032 0.715934 0 0 0 1 0 0 1 -1 
340.901 -85.4597 182.729 2.74249 0.372627 0.0985217 0.436943 0 -0.772764 -0.104933 0 0.0656836 -0.483719 0.608175 -0.104933 0.772764 0.625959 0 0 0 1 0 0 1 -1 
340.771 -84.7279 183.292 2.8452 0.542045 0.0830254 0 0 -0.797262 -0.19597 0 0.111887 -0.455186 0.674031 -0.19597 0.797262 0.570937 0 0 0 1 0 0 1 -1 
340.577 -83.9545 183.778 2.93332 0.515464 0.0520908 0 0 -0.842371 -0.217612 0 0.107284 -0.415295 0.756944 -0.217612 0.842371 0.493007 0 0 0 1 0 0 1 -1 
340.376 -83.1715 184.256 2.97686 0.488103 0.0627692 0 0 -0.823888 -0.223784 0 0.116525 -0.428999 0.728871 -0.223784 0.823888 0.5207 0 0 0 1 0 0 1 -1 
340.087 -82.4304 184.738 2.96404 0.571612 0.0916003 0 0 -0.755838 -0.394754 0 0.206211 -0.394833 0.727122 -0.394754 0.755838 0.522378 0 0 0 1 0 0 1 -1 
339.684 -81.763 185.251 2.88429 0.564811 0.124132 0 0 -0.683783 -0.40471 0 0.245726 -0.41517 0.63135 -0.40471 0.683783 0.607166 0 0 0 1 0 0 1 -1 
339.382 -81.141 185.861 2.74495 0.638923 0.11301 0 0 -0.684581 -0.343547 0 0.220868 -0.440119 0.586675 -0.343547 0.684581 0.642904 0 0 0 1 0 0 1 -1 
339.373 -80.5319 186.396 2.56914 0.513119 0.143575 0.318595 0 -0.653815 0.34904 0 -0.234324 -0.438932 0.549304 0.34904 0.653815 0.671339 0 0 0 1 0 0 1 -1 
339.73 -79.9454 186.954 2.39091 0.386061 0.222464 0.267446 0 -0.782413 0.331734 0 -0.174841 -0.412371 0.722218 0.331734 0.782413 0.52705 0 0 0 1 0 0 1 -1 
339.75 -79.1188 187.392 2.24648 0.403287 0.174819 0.321057 0 -0.939975 0.0175471 0 -0.00597992 -0.320336 0.88386 0.0175471 0.939975 0.340792 0 0 0 1 0 0 1 -1 
339.948 -78.1945 187.606 2.15818 0.358886 0.0595671 0.405221 0 -0.940407 0.24903 0 -0.0576651 -0.217759 0.946381 0.24903 0.940407 0.231558 0 0 0 1 0 0 1 -1 
340.062 -77.7278 187.743 2.12826 0.197397 0.0555785 0 0 -0.991442 -0.0170938 0 0.00221236 -0.128317 0.983249 -0.0170938 0.991442 0.129425 0 0 0 1 0 0 1 -1 
340.059 -77.7396 187.739 2.12826 0.187643 0.0555785 0 0 -0.991442 -0.0170938 0 0.00221236 -0.128317 0.983249 -0.0170938 0.991442 0.129425 0 0 0 1 0 0 1 -1 
ObjectType = Tube
ObjectSubType = Vessel
NDims = 3
ID = 25
ParentID = 50
Color = 0.8 0.1 0.8 1
BinaryData = False
TransformMatrix = 1 0 0 0 1 0 0 0 1
Offset = 0 0 0
CenterOfRotation = 0 0 0
ElementSpacing = 1 1 1
Root = False
Artery = True
PointDim = x y z r rn mn bn mk v1x v1y v1z v2x v2y v2z tx ty tz a1 a2 a3 red green blue alpha id
NPoints = 14
Points = 
349.687 -93.2341 169.559 3.13998 0.180852 0.154974 1.00998 0 -0.0578216 -0.650675 0 0.49266 -0.0437797 0.426722 -0.650675 0.0578216 0.757151 0 0 0 1 0 0 1 -1 
349.284 -93.1991 170.076 3.14152 0.255838 0.147838 1.02449 0 -0.00593454 -0.510427 0 0.438916 -0.00510311 0.260571 -0.510427 0.00593454 0.859901 0 0 0 1 0 0 1 -1 
348.9 -93.1783 170.875 3.15101 0.450548 0.119638 1.17784 0 -0.0888525 -0.422241 0 0.380911 -0.0801554 0.186182 -0.422241 0.0888525 0.902119 0 0 0 1 0 0 1 -1 
348.462 -93.1162 171.689 3.16462 0.42846 0.107502 1.55046 0 -0.0297001 -0.578095 0 0.471395 -0.0242183 0.335076 -0.578095 0.0297001 0.815429 0 0 0 1 0 0 1 -1 
347.812 -93.1202 172.351 3.17833 0.374413 0.113203 1.50288 0 0.00645029 -0.756272 0 0.494773 0.00421995 0.571988 -0.756272 -0.00645029 0.654226 0 0 0 1 0 0 1 -1 
347.189 -93.0515 173.031 3.20354 0.394521 0.0973433 1.32258 0 -0.149635 -0.575756 0 0.4628 -0.120279 0.353886 -0.575756 0.149635 0.803813 0 0 0 1 0 0 1 -1 
346.711 -92.8781 173.814 3.27807 0.457203 0.0795197 1.26263 0 -0.225831 -0.457123 0 0.393243 -0.194272 0.259961 -0.457123 0.225831 0.860255 0 0 0 1 0 0 1 -1 
346.305 -92.6026 174.607 3.42883 0.579263 0.0620803 1.03867 0 -0.363786 -0.429081 0 0.354752 -0.300768 0.316451 -0.429081 0.363786 0.82677 0 0 0 1 0 0 1 -1 
345.85 -92.1988 175.296 3.67632 0.707222 0.0554564 0.622482 0 -0.531037 -0.557374 0 0.355731 -0.338922 0.592666 -0.557374 0.531037 0.638227 0 0 0 1 0 0 1 -1 
345.352 -91.6598 175.857 3.99575 0.844046 0.0634532 0 0 -0.605971 -0.493193 0 0.307825 -0.378215 0.61044 -0.493193 0.605971 0.624148 0 0 0 1 0 0 1 -1 
344.927 -91.0522 176.411 4.32734 0.936751 0.0509965 0 0 -0.718976 -0.442376 0 0.237147 -0.385425 0.712623 -0.442376 0.718976 0.536076 0 0 0 1 0 0 1 -1 
344.502 -90.3605 176.866 4.58076 0.853801 0.0323498 0.407815 0 -0.727766 -0.50275 0 0.23452 -0.339485 0.782401 -0.50275 0.727766 0.466475 0 0 0 1 0 0 1 -1 
344.129 -89.8959 177.186 4.70053 0.778559 0.0221127 0.864373 0 -0.635877 -0.598809 0 0.291571 -0.30962 0.762911 -0.598809 0.635877 0.486918 0 0 0 1 0 0 1 -1 
344.104 -89.871 177.206 4.70053 0.760134 0.0221127 0.864373 0 -0.526758 -0.667122 0 0.351412 -0.277474 0.722526 -0.667122 0.526758 0.526758 0 0 0 1 0 0 1 -1 
ObjectType = Tube
ObjectSubType = Vessel
NDims = 3
ID = 26
ParentID = 50
Color = 0.8 0.1 0.8 1
BinaryData = False
TransformMatrix = 1 0 0 0 1 0 0 0 1
Offset = 0 0 0
CenterOfRotation = 0 0 0
ElementSpacing = 1 1 1
Root = False
Artery = True
PointDim = x y z r rn mn bn mk v1x v1y v1z v2x v2y v2z tx ty tz a1 a2 a3 red green blue alpha id
NPoints = 58
Points = 
355.347 -108.281 191.027 1.13797 0.184756 0.313379 0 0 0.843584 -0.309161 0 -0.135745 -0.370396 0.807214 -0.309161 -0.843584 -0.439074 0 0 0 1 0 0 1 -1 
355.133 -108.851 190.761 1.14172 0.360384 0.321472 0 0 0.87291 -0.325897 0 -0.118323 -0.316926 0.868181 -0.325897 -0.87291 -0.363068 0 0 0 1 0 0 1 -1 
354.859 -109.626 190.483 1.16721 0.403004 0.277864 0.232633 0 0.918196 -0.3074 0 -0.0768021 -0.229405 0.937578 -0.3074 -0.918196 -0.249844 0 0 0 1 0 0 1 -1 
354.447 -110.439 190.433 1.21398 0.484428 0.153293 0.0503874 0 0.829537 -0.558361 0 0.00560742 0.00833075 0.999899 -0.558361 -0.829537 0.0100426 0 0 0 1 0 0 1 -1 
353.936 -111.215 190.379 1.27108 0.584786 0.216362 0.2433 0 0.816987 -0.576096 0 -0.014638 -0.0207588 0.999354 -0.576096 -0.816987 -0.0254089 0 0 0 1 0 0 1 -1 
353.343 -111.927 190.378 1.33497 0.615094 0.250772 0 0 0.719237 -0.694755 0 0.00254333 0.00263295 0.999987 -0.694755 -0.719237 0.00366076 0 0 0 1 0 0 1 -1 
352.69 -112.586 190.354 1.40563 0.629554 0.226981 0.108968 0 0.705945 -0.704144 0 -0.0537352 -0.0538727 0.994176 -0.704144 -0.705945 -0.0763129 0 0 0 1 0 0 1 -1 
352.034 -113.227 190.22 1.47161 0.611448 0.189269 0.214572 0 0.671818 -0.711008 0 -0.147656 -0.139518 0.956872 -0.711008 -0.671818 -0.207672 0 0 0 1 0 0 1 -1 
351.378 -113.832 189.975 1.51174 0.636887 0.277648 0.0360312 0 0.650572 -0.690611 0 -0.218186 -0.205536 0.900187 -0.690611 -0.650572 -0.315932 0 0 0 1 0 0 1 -1 
350.778 -114.454 189.647 1.50556 0.664845 0.238374 0.109852 0 0.684704 -0.611876 0 -0.242282 -0.271119 0.843211 -0.611876 -0.684704 -0.395966 0 0 0 1 0 0 1 -1 
350.224 -115.088 189.263 1.45579 0.582334 0.317374 0.235792 0 0.687796 -0.597757 0 -0.246188 -0.283271 0.830377 -0.597757 -0.687796 -0.411853 0 0 0 1 0 0 1 -1 
349.651 -115.716 188.897 1.37858 0.551032 0.339601 0.281768 0 0.664079 -0.643904 0 -0.244672 -0.252338 0.855613 -0.643904 -0.664079 -0.379982 0 0 0 1 0 0 1 -1 
349.044 -116.323 188.548 1.3056 0.496346 0.213886 0.249064 0 0.652971 -0.651979 0 -0.251288 -0.251671 0.851449 -0.651979 -0.652971 -0.385424 0 0 0 1 0 0 1 -1 
348.465 -116.926 188.154 1.25513 0.55166 0.330411 0.242435 0 0.647397 -0.59664 0 -0.282947 -0.307018 0.775102 -0.59664 -0.647397 -0.474234 0 0 0 1 0 0 1 -1 
347.934 -117.519 187.683 1.23068 0.636568 0.334191 0.266866 0 0.633931 -0.557028 0 -0.298855 -0.340115 0.712149 -0.557028 -0.633931 -0.536517 0 0 0 1 0 0 1 -1 
347.432 -118.1 187.161 1.22405 0.610724 0.263304 0.392594 0 0.625036 -0.521171 0 -0.302868 -0.363227 0.662289 -0.521171 -0.625036 -0.581129 0 0 0 1 0 0 1 -1 
346.945 -118.718 186.671 1.22856 0.46948 0.304679 0.28181 0 0.708864 -0.54208 0 -0.244634 -0.319902 0.796339 -0.54208 -0.708864 -0.451288 0 0 0 1 0 0 1 -1 
346.421 -119.371 186.278 1.23748 0.547254 0.342786 0.260845 0 0.684523 -0.589087 0 -0.252968 -0.293951 0.815595 -0.589087 -0.684523 -0.429424 0 0 0 1 0 0 1 -1 
345.882 -119.986 185.845 1.24893 0.594603 0.388767 0.243146 0 0.657367 -0.56093 0 -0.282269 -0.330797 0.746774 -0.56093 -0.657367 -0.503215 0 0 0 1 0 0 1 -1 
345.385 -120.591 185.353 1.26005 0.615598 0.483555 0.125486 0 0.648923 -0.515898 0 -0.28851 -0.362903 0.687252 -0.515898 -0.648923 -0.559239 0 0 0 1 0 0 1 -1 
344.918 -121.207 184.842 1.26573 0.599599 0.437735 0.225547 0 0.692117 -0.497979 0 -0.260187 -0.361621 0.727009 -0.497979 -0.692117 -0.522485 0 0 0 1 0 0 1 -1 
344.467 -121.873 184.382 1.25491 0.555558 0.325361 0.225919 0 0.739251 -0.467031 0 -0.226589 -0.358663 0.76461 -0.467031 -0.739251 -0.48517 0 0 0 1 0 0 1 -1 
344.062 -122.569 183.923 1.22415 0.622101 0.289307 0.0503907 0 0.752726 -0.406993 0 -0.210601 -0.389502 0.732239 -0.406993 -0.752726 -0.517456 0 0 0 1 0 0 1 -1 
343.722 -123.252 183.4 1.17543 0.645294 0.359329 0.244137 0 0.717242 -0.304641 0 -0.19092 -0.449498 0.607242 -0.304641 -0.717242 -0.626704 0 0 0 1 0 0 1 -1 
343.528 -123.889 182.77 1.12309 0.529518 0.415628 0.114713 0 0.679141 -0.140031 0 -0.100896 -0.489339 0.480841 -0.140031 -0.679141 -0.720527 0 0 0 1 0 0 1 -1 
343.394 -124.514 182.102 1.08098 0.500034 0.255329 0 0 0.673746 -0.168653 0 -0.121339 -0.484733 0.482377 -0.168653 -0.673746 -0.71946 0 0 0 1 0 0 1 -1 
343.205 -125.156 181.465 1.06153 0.534835 0.256839 0 0 0.733503 -0.24759 0 -0.156721 -0.464298 0.599328 -0.24759 -0.733503 -0.632987 0 0 0 1 0 0 1 -1 
342.928 -125.861 180.936 1.0621 0.596489 0.357711 0.208273 0 0.769316 -0.353905 0 -0.188238 -0.409189 0.717096 -0.353905 -0.769316 -0.531887 0 0 0 1 0 0 1 -1 
342.548 -126.537 180.433 1.07773 0.563186 0.368498 0.239685 0 0.696141 -0.442107 0 -0.250066 -0.393753 0.680071 -0.442107 -0.696141 -0.565623 0 0 0 1 0 0 1 -1 
342.148 -127.166 179.884 1.09503 0.711027 0.352123 0 0 0.647586 -0.42483 0 -0.268737 -0.409647 0.599848 -0.42483 -0.647586 -0.632576 0 0 0 1 0 0 1 -1 
341.759 -127.735 179.265 1.10189 0.813614 0.232687 0.23215 0 0.584875 -0.418185 0 -0.290644 -0.406496 0.516958 -0.418185 -0.584875 -0.695012 0 0 0 1 0 0 1 -1 
341.377 -128.251 178.591 1.0882 0.83883 0.380028 0.20131 0 0.539047 -0.408636 0 -0.300964 -0.397013 0.457555 -0.408636 -0.539047 -0.736509 0 0 0 1 0 0 1 -1 
340.969 -128.777 177.944 1.06025 0.717315 0.458598 0.162309 0 0.597513 -0.482277 0 -0.308954 -0.382776 0.589613 -0.482277 -0.597513 -0.640615 0 0 0 1 0 0 1 -1 
340.469 -129.353 177.433 1.02693 0.58377 0.441207 0.275586 0 0.649185 -0.601883 0 -0.279921 -0.30192 0.783705 -0.601883 -0.649185 -0.465075 0 0 0 1 0 0 1 -1 
339.885 -129.963 177.062 0.998525 0.552376 0.39281 0.281948 0 0.66952 -0.648115 0 -0.235196 -0.242963 0.868309 -0.648115 -0.66952 -0.362892 0 0 0 1 0 0 1 -1 
339.289 -130.583 176.721 0.977441 0.597947 0.439453 0 0 0.666341 -0.633628 0 -0.249061 -0.261919 0.845495 -0.633628 -0.666341 -0.393071 0 0 0 1 0 0 1 -1 
338.725 -131.192 176.313 0.96025 0.651184 0.416331 0.110937 0 0.651733 -0.58008 0 -0.28344 -0.318451 0.761249 -0.58008 -0.651733 -0.488622 0 0 0 1 0 0 1 -1 
338.216 -131.801 175.839 0.938994 0.630026 0.390765 0 0 0.672045 -0.52404 0 -0.274178 -0.351614 0.726261 -0.52404 -0.672045 -0.5232 0 0 0 1 0 0 1 -1 
337.748 -132.441 175.359 0.908545 0.540568 0.245361 0 0 0.705017 -0.493333 0 -0.251345 -0.359195 0.740427 -0.493333 -0.705017 -0.509483 0 0 0 1 0 0 1 -1 
337.287 -133.094 174.89 0.870525 0.464953 0.359607 0 0 0.698267 -0.502832 0 -0.256189 -0.355762 0.740417 -0.502832 -0.698267 -0.509493 0 0 0 1 0 0 1 -1 
336.821 -133.725 174.397 0.832058 0.422002 0.34586 0 0 0.660035 -0.506233 0 -0.280985 -0.366353 0.691918 -0.506233 -0.660035 -0.555051 0 0 0 1 0 0 1 -1 
336.327 -134.319 173.887 0.803964 0.4463 0.421167 0.469227 0 0.627512 -0.572775 0 -0.302086 -0.330954 0.721842 -0.572775 -0.627512 -0.527407 0 0 0 1 0 0 1 -1 
335.751 -134.898 173.457 0.791923 0.51751 0.485357 0.517364 0 0.630122 -0.676946 0 -0.257499 -0.239688 0.855309 -0.676946 -0.630122 -0.380383 0 0 0 1 0 0 1 -1 
335.082 -135.481 173.208 0.797598 0.581567 0.467787 0.288426 0 0.628271 -0.76111 0 -0.122695 -0.101281 0.974013 -0.76111 -0.628271 -0.161205 0 0 0 1 0 0 1 -1 
334.327 -136.011 173.144 0.806811 0.646582 0.324262 0 0 0.471074 -0.881802 0 0.0200164 0.0106931 0.999485 -0.881802 -0.471074 0.0226995 0 0 0 1 0 0 1 -1 
333.457 -136.068 173.175 0.794404 0.836483 0.242211 0 0 -0.429168 -0.897819 0 -0.0885876 0.0423459 0.990264 -0.897819 0.429168 -0.0986698 0 0 0 1 0 0 1 -1 
332.591 -135.639 173.036 0.72291 0.656515 -0.037163 0.417567 0 -0.281873 -0.957713 0 -0.0552963 0.0162748 0.996666 -0.957713 0.281873 -0.0577379 0 0 0 1 0 0 1 -1 
331.672 -135.552 173.083 0.596114 0.748239 0.283292 0.428921 0 0.128257 -0.979941 0 0.149475 0.0195636 0.976733 -0.979941 -0.128257 0.152535 0 0 0 1 0 0 1 -1 
330.842 -135.888 173.195 0.438771 0.788926 0.178159 0.903221 0 0.544848 -0.830266 0 0.0975304 0.0640027 0.986201 -0.830266 -0.544848 0.117469 0 0 0 1 0 0 1 -1 
330.15 -136.397 173.492 0.300479 0.541994 -0.0315551 1.2 0 0.556075 -0.677331 0 0.326248 0.267843 0.767997 -0.677331 -0.556075 0.481667 0 0 0 1 0 0 1 -1 
329.604 -136.813 173.985 0.208224 0.670946 0.00255618 0 0 0.178102 -0.5788 0 0.460599 0.141731 0.36673 -0.5788 -0.178102 0.795783 0 0 0 1 0 0 1 -1 
329.139 -136.62 174.579 0.176224 0.702018 0.149835 1.33901 0 -0.438128 -0.662262 0 0.40254 -0.266306 0.630547 -0.662262 0.438128 0.607826 0 0 0 1 0 0 1 -1 
328.644 -136.268 175.253 0.184162 0.931459 -3.63935e-12 0 0 -0.16579 -0.345335 0 0.318993 -0.153144 0.146743 -0.345335 0.16579 0.923719 0 0 0 1 0 0 1 -1 
328.242 -136.187 176.237 0.219597 0.543388 0 0 0 -0.198249 -0.506491 0 0.425019 -0.166359 0.295835 -0.506491 0.198249 0.839145 0 0 0 1 0 0 1 -1 
327.728 -135.871 176.953 0.26492 0.826679 0.029702 0.219499 0 -0.253696 -0.578534 0 0.44848 -0.196665 0.399063 -0.578534 0.253696 0.775201 0 0 0 1 0 0 1 -1 
327.182 -135.95 177.592 0.306197 0.789291 0.0739249 0.469455 0 0.409093 -0.620408 0 0.415134 0.273737 0.552264 -0.620408 -0.409093 0.669131 0 0 0 1 0 0 1 -1 
326.86 -136.342 178.092 0.329473 0.705846 0.00299254 2 0 0.5919 -0.263343 0 0.200609 0.450896 0.419695 -0.263343 -0.5919 0.761777 0 0 0 1 0 0 1 -1 
326.809 -136.409 178.169 0.333189 0.679747 -0.00121624 2 0 0.841445 -0.0526182 0 0.0282967 0.452508 0.710798 -0.0526182 -0.841445 0.537775 0 0 0 1 0 0 1 -1 
ObjectType = Tube
ObjectSubType = Vessel
NDims = 3
ID = 27
ParentID = 50
Color = 0.8 0.1 0.8 1
BinaryData = False
TransformMatrix = 1 0 0 0 1 0 0 0 1
Offset = 0 0 0
CenterOfRotation = 0 0 0
ElementSpacing = 1 1 1
Root = False
Artery = True
PointDim = x y z r rn mn bn mk v1x v1y v1z v2x v2y v2z tx ty tz a1 a2 a3 red green blue alpha id
NPoints = 47
Points = 
386.875 -124.187 173.899 1.92677 0.21431 0.038687 0.820864 0 0.782784 -0.293421 0 0.161022 0.429572 0.698846 -0.293421 -0.782784 0.548775 0 0 0 1 0 0 1 -1 
386.715 -124.695 174.282 1.92685 0.249356 0.0313932 0.328346 0 0.778882 -0.230696 0 0.134542 0.454244 0.659877 -0.230696 -0.778882 0.5832 0 0 0 1 0 0 1 -1 
386.479 -125.379 174.741 1.92803 0.284344 -0.00422017 0 0 0.798541 -0.345833 0 0.170384 0.393424 0.757268 -0.345833 -0.798541 0.492678 0 0 0 1 0 0 1 -1 
386.068 -126.08 175.166 1.93326 0.373127 0.0574608 0 0 0.711527 -0.523178 0 0.2454 0.333747 0.779986 -0.523178 -0.711527 0.469057 0 0 0 1 0 0 1 -1 
385.575 -126.651 175.698 1.94849 0.377519 0.183377 0.286643 0 0.512975 -0.46597 0 0.335928 0.369815 0.480271 -0.46597 -0.512975 0.720922 0 0 0 1 0 0 1 -1 
385.18 -127.03 176.428 1.98029 0.374526 0.278194 0.762228 0 0.330251 -0.475742 0 0.38784 0.269231 0.335396 -0.475742 -0.330251 0.815233 0 0 0 1 0 0 1 -1 
384.698 -127.3 177.17 2.0438 0.354095 0.220142 0.470541 0 0.273761 -0.551829 0 0.434699 0.215654 0.37946 -0.551829 -0.273761 0.787744 0 0 0 1 0 0 1 -1 
384.139 -127.539 177.878 2.14036 0.376427 0.154345 0.745912 0 0.225592 -0.660482 0 0.473005 0.161558 0.487128 -0.660482 -0.225592 0.716151 0 0 0 1 0 0 1 -1 
383.434 -127.758 178.45 2.26094 0.376499 0.169068 0.373479 0 0.274618 -0.830176 0 0.402779 0.133237 0.764607 -0.830176 -0.274618 0.485173 0 0 0 1 0 0 1 -1 
382.608 -128.085 178.787 2.36816 0.315882 0.152228 0.547916 0 0.411316 -0.883224 0 0.198942 0.092647 0.949264 -0.883224 -0.411316 0.225245 0 0 0 1 0 0 1 -1 
381.792 -128.557 178.95 2.42891 0.245137 0.118446 0.784548 0 0.576404 -0.805046 0 0.112879 0.0808201 0.98034 -0.805046 -0.576404 0.140214 0 0 0 1 0 0 1 -1 
381.03 -129.071 179.004 2.41972 0.366587 0.213101 0.871108 0 0.444556 -0.891893 0 -0.0740725 -0.0369208 0.993103 -0.891893 -0.444556 -0.0830509 0 0 0 1 0 0 1 -1 
380.193 -129.295 178.799 2.36789 0.527767 0.218274 0.658509 0 0.0970829 -0.946261 0 -0.29191 -0.0299488 0.904836 -0.946261 -0.0970829 -0.308487 0 0 0 1 0 0 1 -1 
379.318 -129.319 178.495 2.29492 0.572564 0.193391 0 0 -0.0209574 -0.940109 0 -0.319853 0.00713031 0.884244 -0.940109 0.0209574 -0.34023 0 0 0 1 0 0 1 -1 
378.438 -129.28 178.176 2.21495 0.570224 0.182132 0 0 -0.0652301 -0.93664 0 -0.32236 0.02245 0.881549 -0.93664 0.0652301 -0.344167 0 0 0 1 0 0 1 -1 
377.548 -129.231 177.885 2.12808 0.510078 0.202891 0 0 -0.0218848 -0.971062 0 -0.230939 0.00520467 0.943441 -0.971062 0.0218848 -0.237821 0 0 0 1 0 0 1 -1 
376.628 -129.18 177.902 2.02902 0.573807 0.262855 0 0 -0.132783 -0.914766 0 0.349019 -0.0506619 0.854428 -0.914766 0.132783 0.381539 0 0 0 1 0 0 1 -1 
375.841 -128.969 178.43 1.91708 0.582434 0.178557 0.183656 0 -0.261249 -0.805807 0 0.428235 -0.138837 0.717576 -0.805807 0.261249 0.531436 0 0 0 1 0 0 1 -1 
374.939 -128.816 178.673 1.78883 0.649739 0.122461 1.42747 0 -0.0795414 -0.996515 0 0.0250382 -0.00199854 0.999369 -0.996515 0.0795414 0.0251258 0 0 0 1 0 0 1 -1 
373.978 -128.745 178.769 1.64419 0.746042 0.194005 1.70738 0 -0.0440941 -0.980308 0 0.188698 -0.0084876 0.962948 -0.980308 0.0440941 0.192488 0 0 0 1 0 0 1 -1 
373.043 -128.716 178.985 1.48922 0.777075 0.185711 1.72989 0 -0.0187729 -0.972389 0 0.226189 -0.0043668 0.945892 -0.972389 0.0187729 0.232611 0 0 0 1 0 0 1 -1 
372.119 -128.7 179.196 1.33009 0.905118 0.208762 1.36438 0 -0.028015 -0.975803 0 0.211601 -0.00607501 0.952977 -0.975803 0.028015 0.216848 0 0 0 1 0 0 1 -1 
371.207 -128.643 179.409 1.16774 0.954756 0.123366 0 0 -0.102474 -0.962298 0 0.242456 -0.0258188 0.936519 -0.962298 0.102474 0.251955 0 0 0 1 0 0 1 -1 
370.328 -128.48 179.667 0.998169 0.885532 0.15491 0 0 -0.258617 -0.925347 0 0.256523 -0.0716934 0.92315 -0.925347 0.258617 0.277218 0 0 0 1 0 0 1 -1 
369.499 -128.171 179.935 0.825193 0.708271 0.357227 0.398357 0 -0.360297 -0.837883 0 0.343571 -0.147739 0.831861 -0.837883 0.360297 0.410047 0 0 0 1 0 0 1 -1 
368.717 -127.891 180.347 0.661924 0.428938 0.201539 1.9348 0 -0.258123 -0.922449 0 0.264889 -0.0741222 0.91754 -0.922449 0.258123 0.287159 0 0 0 1 0 0 1 -1 
367.773 -127.699 180.475 0.528085 0.433817 0.332834 1.63511 0 -0.119125 -0.991994 0 0.0415836 -0.00499364 0.998243 -0.991994 0.119125 0.0419192 0 0 0 1 0 0 1 -1 
366.775 -127.642 180.406 0.426065 0.577029 0.309131 1.27938 0 -0.0203531 -0.986582 0 -0.159821 0.0032971 0.973758 -0.986582 0.0203531 -0.161995 0 0 0 1 0 0 1 -1 
365.827 -127.617 180.351 0.35703 0.689511 0.330647 0.510783 0 -0.0265417 -0.986935 0 0.156843 -0.00421799 0.974745 -0.986935 0.0265417 0.158919 0 0 0 1 0 0 1 -1 
364.949 -127.605 180.64 0.317301 0.944326 0.195827 1.2 0 -0.00683864 -0.913022 0 0.372378 -0.00278916 0.833656 -0.913022 0.00683864 0.407853 0 0 0 1 0 0 1 -1 
364.156 -127.605 181.109 0.301848 0.728672 0.443461 0 0 0.0118711 -0.805908 0 0.477034 0.00702677 0.649629 -0.805908 -0.0118711 0.591922 0 0 0 1 0 0 1 -1 
363.463 -127.622 181.706 0.30909 0.704386 0.508819 0.484111 0 0.0319427 -0.800113 0 0.479266 0.0191336 0.641202 -0.800113 -0.0319427 0.598998 0 0 0 1 0 0 1 -1 
362.669 -127.693 182.148 0.328361 0.635644 0.183179 0 0 0.0894519 -0.786404 0 0.480651 0.0546731 0.626433 -0.786404 -0.0894519 0.611201 0 0 0 1 0 0 1 -1 
362.247 -127.727 182.881 0.353235 0.698822 0.46854 0 0 -0.00899891 -0.334954 0 0.31559 -0.0084787 0.112275 -0.334954 0.00899891 0.942192 0 0 0 1 0 0 1 -1 
361.581 -127.667 183.232 0.377354 0.49294 0.26117 1.13035 0 -0.0608396 -0.994209 0 -0.0880731 0.00538955 0.992153 -0.994209 0.0608396 -0.0885861 0 0 0 1 0 0 1 -1 
360.62 -127.697 183.233 0.396118 0.409977 0.377189 0 0 0.110854 -0.980674 0 0.158097 0.0178711 0.97401 -0.980674 -0.110854 0.161213 0 0 0 1 0 0 1 -1 
359.76 -127.788 183.542 0.400001 0.458932 0.387343 0.517639 0 0.0157296 -0.919213 0 0.36166 0.00618875 0.845201 -0.919213 -0.0157296 0.393445 0 0 0 1 0 0 1 -1 
358.86 -127.75 183.745 0.383499 0.330784 0.145636 1.20542 0 0.00814839 -0.995892 0 0.0898084 0.000734812 0.991868 -0.995892 -0.00814839 0.0901788 0 0 0 1 0 0 1 -1 
357.969 -127.853 183.982 0.343769 0.915274 -0.0660955 0.373053 0 0.168141 -0.860576 0 0.413737 0.0808368 0.768863 -0.860576 -0.168141 0.480767 0 0 0 1 0 0 1 -1 
357.31 -127.992 184.576 0.291311 0.784024 0.431557 0 0 0.142121 -0.6441 0 0.48412 0.106822 0.435063 -0.6441 -0.142121 0.751623 0 0 0 1 0 0 1 -1 
356.625 -128.096 185.145 0.241949 0.799684 0.507333 1.4818 0 0.0448941 -0.904574 0 0.38349 0.0190326 0.82027 -0.904574 -0.0448941 0.423945 0 0 0 1 0 0 1 -1 
355.758 -128.136 185.477 0.212293 0.919687 0.0587044 0.644209 0 0.106879 -0.942905 0 0.297436 0.0337146 0.900493 -0.942905 -0.106879 0.315447 0 0 0 1 0 0 1 -1 
354.867 -128.266 185.588 0.203028 0.399992 0.0142942 1.25962 0 0.125126 -0.986425 0 -0.104903 -0.0133068 0.98869 -0.986425 -0.125126 -0.106347 0 0 0 1 0 0 1 -1 
353.994 -128.311 185.399 0.209609 0.446547 0.267249 0.474433 0 -0.000860266 -0.99436 0 -0.105457 9.12352e-05 0.988752 -0.99436 0.000860266 -0.106055 0 0 0 1 0 0 1 -1 
353.096 -128.329 185.418 0.220641 0.494384 0.408922 0.831965 0 0.0356925 -0.999339 0 -0.00687317 -0.000245483 0.999953 -0.999339 -0.0356925 -0.00687771 0 0 0 1 0 0 1 -1 
352.347 -128.352 185.393 0.227891 0.338701 0.430928 0.76285 0 0.0256434 -0.998747 0 -0.0429097 -0.00110173 0.998154 -0.998747 -0.0256434 -0.0429635 0 0 0 1 0 0 1 -1 
352.264 -128.354 185.383 0.227891 0.184777 0.430928 0.76285 0 -0.0165919 -0.723407 0 -0.499312 0.0114521 0.523592 -0.723407 0.0165919 -0.690223 0 0 0 1 0 0 1 -1 
ObjectType = Tube
ObjectSubType = Vessel
NDims = 3
ID = 28
ParentID = 50
Color = 0.8 0.1 0.8 1
BinaryData = False
TransformMatrix = 1 0 0 0 1 0 0 0 1
Offset = 0 0 0
CenterOfRotation = 0 0 0
ElementSpacing = 1 1 1
Root = False
Artery = True
PointDim = x y z r rn mn bn mk v1x v1y v1z v2x v2y v2z tx ty tz a1 a2 a3 red green blue alpha id
NPoints = 22
Points = 
386.137 -127.446 175.748 1.82992 0.205546 0.151192 0 0 0.191849 0.445046 0 0.389289 -0.167813 0.234872 0.445046 -0.191849 -0.874716 0 0 0 1 0 0 1 -1 
386.433 -127.49 175.53 1.82791 0.240387 0.112111 0 0 0.115334 0.951164 0 0.272346 -0.0330234 0.918015 0.951164 -0.115334 -0.28633 0 0 0 1 0 0 1 -1 
387.233 -127.605 175.28 1.8092 0.318315 0.145673 1.13061 0 0.18507 0.860285 0 0.408666 -0.0879149 0.774341 0.860285 -0.18507 -0.475036 0 0 0 1 0 0 1 -1 
387.77 -127.897 174.986 1.75241 0.605661 0.156453 0.187511 0 0.552886 0.754326 0 0.267025 -0.195717 0.87469 0.754326 -0.552886 -0.353991 0 0 0 1 0 0 1 -1 
388.335 -128.233 174.594 1.64439 0.698113 0.33856 0 0 0.433097 0.725122 0 0.388211 -0.231869 0.713375 0.725122 -0.433097 -0.535374 0 0 0 1 0 0 1 -1 
388.978 -128.622 174.097 1.50141 0.696142 0.393577 0 0 0.437567 0.69389 0 0.396825 -0.250238 0.672948 0.69389 -0.437567 -0.571885 0 0 0 1 0 0 1 -1 
389.605 -129.042 173.567 1.35639 0.727432 0.265101 1.19604 0 0.466188 0.683325 0 0.383963 -0.261953 0.684264 0.683325 -0.466188 -0.561904 0 0 0 1 0 0 1 -1 
390.257 -129.462 173.057 1.23427 0.695936 0.298672 0.259209 0 0.433139 0.714623 0 0.392526 -0.237913 0.698295 0.714623 -0.433139 -0.549277 0 0 0 1 0 0 1 -1 
390.926 -129.846 172.538 1.13699 0.738564 0.250865 1.13395 0 0.396861 0.723733 0 0.40858 -0.224046 0.681289 0.723733 -0.396861 -0.564545 0 0 0 1 0 0 1 -1 
391.605 -130.215 172.024 1.04967 0.715433 0.441194 0.468638 0 0.413252 0.744321 0 0.390473 -0.216793 0.724791 0.744321 -0.413252 -0.524603 0 0 0 1 0 0 1 -1 
392.315 -130.636 171.607 0.963142 0.640592 0.463258 0 0 0.494251 0.791848 0 0.284065 -0.177306 0.871308 0.791848 -0.494251 -0.358737 0 0 0 1 0 0 1 -1 
393.082 -131.118 171.399 0.880789 0.552785 0.377617 0.159954 0 0.522993 0.849716 0 0.0567512 -0.0349298 0.995539 0.849716 -0.522993 -0.0667884 0 0 0 1 0 0 1 -1 
393.904 -131.594 171.415 0.809608 0.48678 0.223571 0 0 0.490216 0.870617 0 -0.0360368 0.0202912 0.998287 0.870617 -0.490216 0.0413922 0 0 0 1 0 0 1 -1 
394.71 -132.074 171.455 0.751115 0.473188 0.228477 0.380414 0 0.526678 0.8484 0 -0.0451227 0.0280117 0.997171 0.8484 -0.526678 0.0531856 0 0 0 1 0 0 1 -1 
395.503 -132.562 171.525 0.693396 0.572711 0.307325 0.485173 0 0.517785 0.8503 0 -0.0801649 0.0488159 0.991112 0.8503 -0.517785 0.0942783 0 0 0 1 0 0 1 -1 
396.303 -133.031 171.575 0.622102 0.515012 0.311575 0.624455 0 0.478479 0.877492 0 0.0286533 -0.0156241 0.998934 0.877492 -0.478479 -0.0326536 0 0 0 1 0 0 1 -1 
397.108 -133.448 171.418 0.525959 0.597944 0.114371 0.342831 0 0.433298 0.845129 0 0.264581 -0.135651 0.90199 0.845129 -0.433298 -0.313066 0 0 0 1 0 0 1 -1 
397.794 -133.887 171.011 0.417504 0.683888 0.872145 0.247826 0 0.538498 0.643003 0 0.350167 -0.293255 0.703433 0.643003 -0.538498 -0.54458 0 0 0 1 0 0 1 -1 
398.37 -134.39 170.496 0.31602 0.893255 0.0119823 0 0 0.536407 0.64757 0 0.350479 -0.290315 0.70708 0.64757 -0.536407 -0.541221 0 0 0 1 0 0 1 -1 
399.036 -134.881 170.058 0.243398 0.957687 0 0 0 0.585978 0.728818 0 0.258143 -0.20755 0.874547 0.728818 -0.585978 -0.354194 0 0 0 1 0 0 1 -1 
399.673 -135.331 169.878 0.207203 0.730661 0 0 0 0.407923 0.906484 0 0.0988246 -0.0444716 0.988115 0.906484 -0.407923 -0.10902 0 0 0 1 0 0 1 -1 
399.743 -135.365 169.851 0.207203 0.791949 0 0 0 0.484586 -0.557555 0 -0.375805 -0.326623 0.545691 -0.557555 -0.484586 -0.674024 0 0 0 1 0 0 1 -1 
ObjectType = Tube
ObjectSubType = Vessel
NDims = 3
ID = 29
ParentID = 50
Color = 0.8 0.1 0.8 1
BinaryData = False
TransformMatrix = 1 0 0 0 1 0 0 0 1
Offset = 0 0 0
CenterOfRotation = 0 0 0
ElementSpacing = 1 1 1
Root = False
Artery = True
PointDim = x y z r rn mn bn mk v1x v1y v1z v2x v2y v2z tx ty tz a1 a2 a3 red green blue alpha id
NPoints = 20
Points = 
397.437 -115.42 173.692 1.32741 0.264094 0.0253412 2 0 -0.0504659 0.345914 0 0.32409 0.0472819 0.122204 0.345914 0.0504659 -0.936908 0 0 0 1 0 0 1 -1 
397.679 -115.316 172.982 1.33436 0.633915 0.0151772 0.8 0 -0.298982 0.310194 0 0.27993 0.269812 0.18561 0.310194 0.298982 -0.902435 0 0 0 1 0 0 1 -1 
398.059 -114.816 172.446 1.38104 0.513909 0.0464447 0 0 -0.748865 0.594377 0 0.174221 0.219504 0.914083 0.594377 0.748865 -0.293115 0 0 0 1 0 0 1 -1 
398.647 -114.191 172.165 1.46172 0.688944 0.115656 0 0 -0.643139 0.630866 0 0.273814 0.279141 0.811619 0.630866 0.643139 -0.434029 0 0 0 1 0 0 1 -1 
399.076 -113.501 171.767 1.53843 0.7084 0.011169 0.8 0 -0.85766 0.338173 0 0.130999 0.332235 0.849941 0.338173 0.85766 -0.387374 0 0 0 1 0 0 1 -1 
399.42 -112.755 171.333 1.58878 0.781537 0.0310702 1.15181 0 -0.739694 0.445278 0 0.224669 0.37322 0.745419 0.445278 0.739694 -0.50456 0 0 0 1 0 0 1 -1 
399.859 -112.059 170.923 1.61201 0.802743 0.176386 0.378849 0 -0.824018 0.444696 0 0.156112 0.289275 0.876761 0.444696 0.824018 -0.351054 0 0 0 1 0 0 1 -1 
400.242 -111.243 170.695 1.638 0.615105 0.156717 0 0 -0.829716 0.473985 0 0.139733 0.244604 0.91309 0.473985 0.829716 -0.294804 0 0 0 1 0 0 1 -1 
400.785 -110.714 170.257 1.68852 0.534321 0.0669383 0 0 -0.372936 0.692988 0 0.427572 0.230101 0.619313 0.692988 0.372936 -0.616998 0 0 0 1 0 0 1 -1 
401.419 -110.383 169.697 1.76443 0.490894 0.110602 0.636053 0 -0.431021 0.681822 0 0.402991 0.254755 0.65066 0.681822 0.431021 -0.59105 0 0 0 1 0 0 1 -1 
402.091 -110.255 169.116 1.85157 0.318208 0.0405282 0 0 0.33932 0.739291 0 0.430005 -0.197364 0.66169 0.739291 -0.33932 -0.581645 0 0 0 1 0 0 1 -1 
402.859 -110.673 168.59 1.93648 0.313303 0.0193737 1.03241 0 0.328092 0.790061 0 0.409125 -0.169899 0.731842 0.790061 -0.328092 -0.51784 0 0 0 1 0 0 1 -1 
403.592 -111.014 168.101 2.00589 0.556792 0.0226987 1.52034 0 0.410402 0.742153 0 0.393257 -0.217467 0.71922 0.742153 -0.410402 -0.529886 0 0 0 1 0 0 1 -1 
404.228 -111.394 167.551 2.03545 0.790099 0.0406198 0.265732 0 0.421485 0.628729 0 0.410869 -0.275437 0.572949 0.628729 -0.421485 -0.653491 0 0 0 1 0 0 1 -1 
404.753 -111.823 166.925 1.99302 0.850153 0.070288 0 0 0.50246 0.510961 0 0.356376 -0.350446 0.513547 0.510961 -0.50246 -0.697462 0 0 0 1 0 0 1 -1 
405.074 -112.305 166.226 1.87234 0.731801 0.0741618 0 0 0.458997 0.050158 0 0.0444912 -0.40714 0.213194 0.050158 -0.458997 -0.887021 0 0 0 1 0 0 1 -1 
404.92 -112.567 165.331 1.68949 0.383599 0.0727056 0.524704 0 0.152393 -0.258282 0 -0.246394 -0.145379 0.0899329 -0.258282 -0.152393 -0.953974 0 0 0 1 0 0 1 -1 
404.471 -112.426 164.562 1.51319 0.508075 0.0398315 0.780248 0 -0.495339 -0.671369 0 -0.370108 0.273067 0.696097 -0.671369 0.495339 -0.551274 0 0 0 1 0 0 1 -1 
404.017 -112.076 164.295 1.40775 0.207036 0.0900085 0.173788 0 -0.48151 -0.808315 0 -0.273844 0.163128 0.885225 -0.808315 0.48151 -0.338784 0 0 0 1 0 0 1 -1 
404.015 -112.077 164.294 1.39849 0.180768 0.0962323 0.217235 0 0.273811 -0.895688 0 -0.313836 -0.0959396 0.87723 -0.895688 -0.273811 -0.350386 0 0 0 1 0 0 1 -1 
ObjectType = Tube
ObjectSubType = Vessel
NDims = 3
ID = 30
ParentID = 50
Color = 0.8 0.1 0.8 1
BinaryData = False
TransformMatrix = 1 0 0 0 1 0 0 0 1
Offset = 0 0 0
CenterOfRotation = 0 0 0
ElementSpacing = 1 1 1
Root = False
Artery = True
PointDim = x y z r rn mn bn mk v1x v1y v1z v2x v2y v2z tx ty tz a1 a2 a3 red green blue alpha id
NPoints = 24
Points = 
350.907 -93.432 156.512 1.22347 0.182755 0.115511 2 0 0.102292 -0.784027 0 -0.480013 -0.062627 0.625162 -0.784027 -0.102292 -0.61224 0 0 0 1 0 0 1 -1 
350.34 -93.4736 156.144 1.23013 0.342288 0.142205 0.8 0 0.0124131 -0.886705 0 -0.409808 -0.00573697 0.786399 -0.886705 -0.0124131 -0.46217 0 0 0 1 0 0 1 -1 
349.517 -93.4484 155.828 1.27774 0.366756 0.147461 0.334876 0 -0.0421617 -0.960744 0 -0.26345 0.0115614 0.924806 -0.960744 0.0421617 -0.274215 0 0 0 1 0 0 1 -1 
348.594 -93.3987 155.628 1.3759 0.616577 0.0919262 1.93488 0 -0.0609324 -0.985659 0 -0.155108 0.00958862 0.975236 -0.985659 0.0609324 -0.157365 0 0 0 1 0 0 1 -1 
347.642 -93.3347 155.52 1.51455 0.604609 0.0690222 1.03055 0 -0.122441 -0.9896 0 -0.0747151 0.00924437 0.9943 -0.9896 0.122441 -0.0755003 0 0 0 1 0 0 1 -1 
346.788 -93.0049 155.438 1.67906 0.794281 0.134747 0 0 -0.586307 -0.798432 0 -0.10933 0.0802837 0.98125 -0.798432 0.586307 -0.136931 0 0 0 1 0 0 1 -1 
346.127 -92.3975 155.354 1.84588 0.731272 0.115128 0.203959 0 -0.77103 -0.636075 0 -0.0193172 0.0234157 0.999078 -0.636075 0.77103 -0.0303693 0 0 0 1 0 0 1 -1 
345.596 -91.6468 155.276 1.98184 0.712909 0.0755007 0 0 -0.788254 -0.597273 0 -0.0884313 0.116708 0.978079 -0.597273 0.788254 -0.148058 0 0 0 1 0 0 1 -1 
345.036 -90.9247 155.11 2.06311 0.618042 0.0180374 0 0 -0.800252 -0.570775 0 -0.104955 0.147151 0.966188 -0.570775 0.800252 -0.183881 0 0 0 1 0 0 1 -1 
344.55 -90.1513 154.903 2.09729 0.558192 0.0548619 0 0 -0.835844 -0.468481 0 -0.134062 0.239188 0.91811 -0.468481 0.835844 -0.286163 0 0 0 1 0 0 1 -1 
344.186 -89.3405 154.62 2.11277 0.779612 0.0580114 0.594553 0 -0.91126 -0.284926 0 -0.0847252 0.270971 0.911578 -0.284926 0.91126 -0.297359 0 0 0 1 0 0 1 -1 
343.922 -88.4997 154.286 2.12872 0.774633 0.0588723 0.339271 0 -0.84026 -0.319384 0 -0.139931 0.368142 0.808043 -0.319384 0.84026 -0.438129 0 0 0 1 0 0 1 -1 
343.566 -87.7368 153.893 2.13761 0.742706 0.156869 0 0 -0.83361 -0.439866 0 -0.146952 0.278496 0.888387 -0.439866 0.83361 -0.334085 0 0 0 1 0 0 1 -1 
343.149 -86.9298 153.708 2.11763 0.878779 0.121048 0 0 -0.888456 -0.450596 0 -0.0393069 0.0775028 0.99239 -0.450596 0.888456 -0.0872331 0 0 0 1 0 0 1 -1 
342.736 -86.0966 153.664 2.06123 0.717013 0.0974573 0.27149 0 -0.899338 -0.437084 0 -0.00533601 0.0109793 0.999851 -0.437084 0.899338 -0.0122082 0 0 0 1 0 0 1 -1 
342.361 -85.2319 153.71 1.99112 0.991961 0.126248 0.565525 0 -0.931405 -0.343523 0 0.0413335 -0.112069 0.985523 -0.343523 0.931405 0.120322 0 0 0 1 0 0 1 -1 
342.059 -84.3261 153.837 1.94511 0.804235 0.082102 0.177397 0 -0.932066 -0.347589 0 0.0355069 -0.0952124 0.989565 -0.347589 0.932066 0.102152 0 0 0 1 0 0 1 -1 
341.652 -83.4909 154.035 1.93333 0.762739 0.098557 1.04525 0 -0.80512 -0.446018 0 0.174375 -0.314769 0.847151 -0.446018 0.80512 0.390959 0 0 0 1 0 0 1 -1 
341.292 -82.7711 154.496 1.94158 0.758635 0.0986148 0 0 -0.742444 -0.407775 0 0.216734 -0.394612 0.717504 -0.407775 0.742444 0.531504 0 0 0 1 0 0 1 -1 
341.11 -82.0437 154.956 1.94145 0.724787 0.159875 0.572848 0 -0.85555 0.185081 0 -0.0894881 -0.413665 0.76622 0.185081 0.85555 0.483508 0 0 0 1 0 0 1 -1 
341.458 -81.4508 155.448 1.92467 0.656855 0.225655 0.422618 0 -0.372654 0.616115 0 -0.427537 -0.258594 0.518469 0.616115 0.372654 0.693924 0 0 0 1 0 0 1 -1 
342.123 -81.3935 156.093 1.90068 0.497727 0.146517 0.922519 0 0.147393 0.761934 0 -0.480521 0.0929551 0.602268 0.761934 -0.147393 0.63066 0 0 0 1 0 0 1 -1 
342.751 -81.4854 156.55 1.8872 0.296599 0.119843 2 0 -0.0608549 0.835941 0 -0.455951 -0.0331924 0.702501 0.835941 0.0608549 0.545435 0 0 0 1 0 0 1 -1 
342.823 -81.4717 156.595 1.8872 0.437717 0.119843 2 0 -0.491034 0.773706 0 -0.309738 -0.196576 0.839735 0.773706 0.491034 0.400331 0 0 0 1 0 0 1 -1 
ObjectType = Tube
ObjectSubType = Vessel
NDims = 3
ID = 31
ParentID = 50
Color = 0.8 0.1 0.8 1
BinaryData = False
TransformMatrix = 1 0 0 0 1 0 0 0 1
Offset = 0 0 0
CenterOfRotation = 0 0 0
ElementSpacing = 1 1 1
Root = False
Artery = True
PointDim = x y z r rn mn bn mk v1x v1y v1z v2x v2y v2z tx ty tz a1 a2 a3 red green blue alpha id
NPoints = 20
Points = 
346.677 -74.3991 148.213 0.771405 0.474145 0.183174 0.635377 0 0.84147 -0.46673 0 -0.127043 -0.229047 0.925908 -0.46673 -0.84147 -0.272198 0 0 0 1 0 0 1 -1 
346.351 -74.9554 148.04 0.770167 0.407708 0.295579 0.254151 0 0.950008 -0.267657 0 -0.0430287 -0.152724 0.974156 -0.267657 -0.950008 -0.160761 0 0 0 1 0 0 1 -1 
346.261 -75.8033 147.944 0.760473 0.344301 0.176136 0 0 0.982842 -0.170253 0 -0.0120826 -0.0697512 0.994963 -0.170253 -0.982842 -0.0709689 0 0 0 1 0 0 1 -1 
345.931 -76.6779 148.03 0.737819 0.183674 0.0332658 0 0 0.833439 -0.500431 0 0.117307 0.195367 0.945051 -0.500431 -0.833439 0.234411 0 0 0 1 0 0 1 -1 
345.47 -77.4486 148.297 0.706642 0.205812 0.157706 0.97117 0 0.818096 -0.49141 0 0.146795 0.244383 0.910765 -0.49141 -0.818096 0.298722 0 0 0 1 0 0 1 -1 
344.876 -78.1179 148.557 0.681035 0.221907 -0.11386 0.904765 0 0.565603 -0.787073 0 0.19377 0.139246 0.93939 -0.787073 -0.565603 0.246191 0 0 0 1 0 0 1 -1 
344.06 -78.5522 148.765 0.689547 0.561667 0.268717 0.423027 0 0.381756 -0.902454 0 0.180126 0.076197 0.960161 -0.902454 -0.381756 0.199596 0 0 0 1 0 0 1 -1 
343.189 -78.8708 148.951 0.751788 0.842357 0.085178 1.22948 0 0.263655 -0.936874 0 0.215181 0.0605562 0.947247 -0.936874 -0.263655 0.22968 0 0 0 1 0 0 1 -1 
342.557 -78.8769 149.291 0.886792 0.71479 0.254766 1.08257 0 -0.457305 -0.310724 0 0.258914 -0.381054 0.305677 -0.310724 0.457305 0.83326 0 0 0 1 0 0 1 -1 
342.527 -78.457 150.11 1.0878 0.377569 0.148508 1.2 0 -0.360915 -0.0406006 0 0.0378281 -0.33627 0.131908 -0.0406006 0.360915 0.931714 0 0 0 1 0 0 1 -1 
342.399 -78.1359 150.823 1.3227 0.397624 0.0937574 0 0 -0.522991 -0.455414 0 0.328113 -0.3768 0.480921 -0.455414 0.522991 0.720471 0 0 0 1 0 0 1 -1 
342.069 -77.7765 151.402 1.55314 0.434326 0.0958115 0 0 -0.438467 -0.287751 0 0.245002 -0.373327 0.275054 -0.287751 0.438467 0.851438 0 0 0 1 0 0 1 -1 
341.857 -77.3333 152.177 1.7586 0.547261 0.147459 0 0 -0.470567 -0.211951 0 0.181543 -0.403055 0.266357 -0.211951 0.470567 0.85653 0 0 0 1 0 0 1 -1 
341.595 -77.0254 153.011 1.93615 0.718576 0.190945 0 0 -0.174824 -0.344774 0 0.317972 -0.161233 0.149433 -0.344774 0.174824 0.922262 0 0 0 1 0 0 1 -1 
341.303 -76.9266 153.871 2.08699 0.75124 0.252826 0 0 -0.105609 -0.334255 0 0.313045 -0.0989076 0.122879 -0.334255 0.105609 0.936547 0 0 0 1 0 0 1 -1 
341.049 -76.7927 154.528 2.20743 0.780699 0.252772 0 0 -0.270032 -0.222818 0 0.208717 -0.252943 0.122565 -0.222818 0.270032 0.936715 0 0 0 1 0 0 1 -1 
341.032 -76.546 155.288 2.28794 0.801963 0.210206 0.452907 0 -0.345413 0.162454 0 -0.150154 -0.319259 0.145702 0.162454 0.345413 0.924283 0 0 0 1 0 0 1 -1 
341.373 -76.1985 156.042 2.34145 0.971731 0.182085 0.620785 0 -0.44502 0.581876 0 -0.396094 -0.302933 0.536622 0.581876 0.44502 0.680718 0 0 0 1 0 0 1 -1 
341.951 -75.5845 156.452 2.37425 0.565976 0.106359 1.79458 0 -0.746514 0.640339 0 -0.115762 -0.134956 0.967318 0.640339 0.746514 0.180782 0 0 0 1 0 0 1 -1 
342.142 -75.4029 156.486 2.38662 0.54688 0.0504622 2 0 -0.0360188 0.743084 0 0.49655 0.0240688 0.553472 0.743084 0.0360188 -0.668228 0 0 0 1 0 0 1 -1 
ObjectType = Tube
ObjectSubType = Vessel
NDims = 3
ID = 32
ParentID = 50
Color = 0.8 0.1 0.8 1
BinaryData = False
TransformMatrix = 1 0 0 0 1 0 0 0 1
Offset = 0 0 0
CenterOfRotation = 0 0 0
ElementSpacing = 1 1 1
Root = False
Artery = True
PointDim = x y z r rn mn bn mk v1x v1y v1z v2x v2y v2z tx ty tz a1 a2 a3 red green blue alpha id
NPoints = 37
Points = 
328.976 -89.0394 157.16 0.31665 0.764225 0 0 0 0.595869 -0.561288 0 -0.322384 -0.342247 0.670104 -0.561288 -0.595869 -0.574366 0 0 0 1 0 0 1 -1 
328.588 -89.3998 156.775 0.318592 0.899748 0 0 0 0.544723 -0.60465 0 -0.351361 -0.316538 0.662324 -0.60465 -0.544723 -0.581099 0 0 0 1 0 0 1 -1 
328.067 -89.8394 156.255 0.333833 0.637214 0.0224087 0 0 0.498074 -0.572609 0 -0.372874 -0.324338 0.575959 -0.572609 -0.498074 -0.651184 0 0 0 1 0 0 1 -1 
327.635 -90.2946 155.597 0.371099 0.468297 0.199531 0.307062 0 0.48768 -0.384147 0 -0.301157 -0.382324 0.385401 -0.384147 -0.48768 -0.783964 0 0 0 1 0 0 1 -1 
327.242 -90.7186 154.885 0.433371 0.404889 0.252925 0.482208 0 0.412902 -0.602303 0 -0.411485 -0.282089 0.533257 -0.602303 -0.412902 -0.683186 0 0 0 1 0 0 1 -1 
326.516 -90.9904 154.502 0.515033 0.343457 0.211295 0.392511 0 0.172176 -0.973392 0 -0.147182 -0.026034 0.977137 -0.973392 -0.172176 -0.151205 0 0 0 1 0 0 1 -1 
325.618 -91.0276 154.514 0.609291 0.267331 0.243724 0.500908 0 -0.019742 -0.999218 0 0.034227 -0.00067624 0.998827 -0.999218 0.019742 0.0342538 0 0 0 1 0 0 1 -1 
324.675 -91.0091 154.528 0.709362 0.581425 0.15154 0.829965 0 -0.0303663 -0.998336 0 0.0489301 -0.0014883 0.997598 -0.998336 0.0303663 0.0490116 0 0 0 1 0 0 1 -1 
323.742 -90.9805 154.593 0.817276 0.625449 0.12184 0.233934 0 -0.00131226 -0.999111 0 0.0421063 -5.53037e-05 0.998224 -0.999111 0.00131226 0.0421438 0 0 0 1 0 0 1 -1 
322.807 -90.9891 154.605 0.934656 0.727493 0.135523 0 0 0.00869234 -0.999944 0 -0.00597408 -5.19316e-05 0.999964 -0.999944 -0.00869234 -0.00597442 0 0 0 1 0 0 1 -1 
321.867 -91.029 154.576 1.05524 0.752285 0.211816 0.175237 0 0.0940625 -0.994357 0 -0.0487834 -0.00461473 0.997593 -0.994357 -0.0940625 -0.0490603 0 0 0 1 0 0 1 -1 
320.945 -91.1781 154.528 1.16226 0.860573 0.182366 0 0 0.202541 -0.977784 0 -0.0528029 -0.0109378 0.997084 -0.977784 -0.202541 -0.0540026 0 0 0 1 0 0 1 -1 
320.033 -91.3557 154.46 1.24123 0.933584 0.260806 0 0 0.176605 -0.980488 0 -0.084657 -0.0152484 0.992545 -0.980488 -0.176605 -0.0863417 0 0 0 1 0 0 1 -1 
319.121 -91.5147 154.363 1.28049 0.855532 0.262315 0 0 0.148249 -0.981168 0 -0.121488 -0.0183561 0.984669 -0.981168 -0.148249 -0.123819 0 0 0 1 0 0 1 -1 
318.201 -91.5909 154.246 1.28021 0.83666 0.229533 0 0 0.0203545 -0.992852 0 -0.116766 -0.00239383 0.986169 -0.992852 -0.0203545 -0.117607 0 0 0 1 0 0 1 -1 
317.273 -91.576 154.158 1.24927 0.87035 0.272257 0 0 -0.0541756 -0.99589 0 -0.0722813 0.00393204 0.994732 -0.99589 0.0541756 -0.0725796 0 0 0 1 0 0 1 -1 
316.346 -91.4998 154.104 1.18774 0.910742 0.243722 0 0 -0.0993363 -0.99407 0 -0.0439742 0.00439429 0.998043 -0.99407 0.0993363 -0.0442365 0 0 0 1 0 0 1 -1 
315.418 -91.4056 154.08 1.09806 0.945297 0.100035 0 0 -0.0765622 -0.997053 0 -0.00484036 0.000371684 0.999976 -0.997053 0.0765622 -0.00485467 0 0 0 1 0 0 1 -1 
314.489 -91.3707 154.063 0.975739 0.960084 0.0558992 0 0 -0.0433064 -0.994351 0 -0.0963602 0.00419672 0.990609 -0.994351 0.0433064 -0.0969076 0 0 0 1 0 0 1 -1 
313.572 -91.3979 153.951 0.829879 0.868979 0.221841 0.527503 0 0.127182 -0.989906 0 -0.0619069 -0.0079537 0.996089 -0.989906 -0.127182 -0.0625381 0 0 0 1 0 0 1 -1 
312.64 -91.5054 153.93 0.680063 0.84194 0.312512 0.760342 0 0.106175 -0.994343 0 -0.00293817 -0.000313736 0.999991 -0.994343 -0.106175 -0.00295488 0 0 0 1 0 0 1 -1 
311.705 -91.6055 153.962 0.548557 0.627661 0.159303 0.980909 0 0.0621295 -0.994398 0 0.0850335 0.00531286 0.992688 -0.994398 -0.0621295 0.0855126 0 0 0 1 0 0 1 -1 
310.779 -91.5545 154.046 0.440184 0.652338 0.265289 0.610915 0 -0.144112 -0.987557 0 0.0621704 -0.00907237 0.996037 -0.987557 0.144112 0.0629537 0 0 0 1 0 0 1 -1 
309.861 -91.4307 154.096 0.353031 0.759743 0.0112117 0 0 -0.100856 -0.992536 0 0.0680506 -0.00691494 0.995299 -0.992536 0.100856 0.0685624 0 0 0 1 0 0 1 -1 
308.946 -91.3523 154.211 0.28123 0.824403 -0.105181 0 0 -0.085252 -0.968135 0 0.227968 -0.0200744 0.944553 -0.968135 0.085252 0.235471 0 0 0 1 0 0 1 -1 
308.147 -91.2513 154.606 0.222753 0.828401 -0.0941543 0 0 -0.148477 -0.76789 0 0.4785 -0.0925216 0.611701 -0.76789 0.148477 0.623137 0 0 0 1 0 0 1 -1 
307.576 -91.0632 155.279 0.181893 0.799174 -0.0578988 1.2 0 -0.289843 -0.450784 0 0.380582 -0.244705 0.287215 -0.450784 0.289843 0.844266 0 0 0 1 0 0 1 -1 
307.464 -90.5692 156.031 0.156653 0.655133 0.0610995 1.90934 0 -0.784395 0.216926 0 -0.126054 -0.455806 0.662332 0.216926 0.784395 0.581092 0 0 0 1 0 0 1 -1 
307.744 -89.6476 156.424 0.147239 0.577017 -0.0218829 0.30934 0 -0.935073 0.209753 0 -0.0599328 -0.267179 0.918358 0.209753 0.935073 0.285731 0 0 0 1 0 0 1 -1 
307.941 -88.7257 156.681 0.153297 0.572673 -0.0654963 0.47706 0 -0.944632 0.271783 0 -0.0499693 -0.173677 0.966197 0.271783 0.944632 0.183857 0 0 0 1 0 0 1 -1 
308.339 -87.9571 156.628 0.174896 0.476947 -0.0468641 1.89552 0 -0.748384 0.61379 0 0.154283 0.188115 0.936817 0.61379 0.748384 -0.251362 0 0 0 1 0 0 1 -1 
309.007 -87.4125 156.367 0.215297 0.390674 0.269352 0.637706 0 -0.507841 0.807039 0 0.243166 0.153015 0.909215 0.807039 0.507841 -0.301306 0 0 0 1 0 0 1 -1 
309.677 -86.9266 156.263 0.267302 0.496457 -0.011185 1.75459 0 -0.588465 0.697478 0 -0.285228 -0.240648 0.832767 0.697478 0.588465 0.408941 0 0 0 1 0 0 1 -1 
309.972 -86.6511 156.882 0.321414 0.743562 0.0994203 0.154587 0 -0.264771 0.229527 0 -0.214974 -0.247983 0.122786 0.229527 0.264771 0.936597 0 0 0 1 0 0 1 -1 
310.131 -86.3952 157.723 0.363394 0.892034 0.152233 0.34484 0 -0.362687 0.169908 0 -0.155685 -0.332327 0.160411 0.169908 0.362687 0.916291 0 0 0 1 0 0 1 -1 
310.265 -86.0885 158.183 0.385424 0.827326 0.153266 0 0 -0.877686 0.362723 0 -0.113607 -0.274898 0.901901 0.362723 0.877686 0.313207 0 0 0 1 0 0 1 -1 
310.275 -86.0666 158.169 0.385424 0.531344 0.153266 0 0 -0.775661 0.368866 0 0.188911 0.397247 0.737712 0.368866 0.775661 -0.51214 0 0 0 1 0 0 1 -1 
ObjectType = Tube
ObjectSubType = Vessel
NDims = 3
ID = 34
ParentID = 50
Color = 0.1 0.8 0.8 1
BinaryData = False
TransformMatrix = 1 0 0 0 1 0 0 0 1
Offset = 0 0 0
CenterOfRotation = 0 0 0
ElementSpacing = 1 1 1
Root = False
Artery = True
PointDim = x y z r rn mn bn mk v1x v1y v1z v2x v2y v2z tx ty tz a1 a2 a3 red green blue alpha id
NPoints = 35
Points = 
336.422 -97.8474 172.393 0.407012 0.284478 0.162305 0 0 0.265374 -0.727614 0 -0.460272 -0.16787 0.599845 -0.727614 -0.265374 -0.632578 0 0 0 1 0 0 1 -1 
336.05 -97.9944 171.902 0.40807 0.594968 0.227671 0 0 0.10577 -0.332479 0 -0.311586 -0.0991233 0.121729 -0.332479 -0.10577 -0.937161 0 0 0 1 0 0 1 -1 
335.665 -98.0566 171.136 0.415368 0.494819 0.28175 0.492838 0 0.126509 -0.732851 0 -0.489929 -0.0845744 0.553075 -0.732851 -0.126509 -0.668524 0 0 0 1 0 0 1 -1 
334.908 -98.2426 170.775 0.430192 0.404725 0.201812 0.949966 0 0.279266 -0.939666 0 -0.185661 -0.0551779 0.960961 -0.939666 -0.279266 -0.197582 0 0 0 1 0 0 1 -1 
334.026 -98.5122 170.669 0.454654 0.380982 -0.0223664 1.15248 0 0.314084 -0.948454 0 -0.0400925 -0.0132768 0.998213 -0.948454 -0.314084 -0.0422715 0 0 0 1 0 0 1 -1 
333.137 -98.8561 170.634 0.492087 0.503226 0.142152 0 0 0.392782 -0.914659 0 -0.0873587 -0.0375144 0.990878 -0.914659 -0.392782 -0.0955096 0 0 0 1 0 0 1 -1 
332.286 -99.2186 170.475 0.543114 0.639879 0.18553 0 0 0.361173 -0.907377 0 -0.195079 -0.0776493 0.953779 -0.907377 -0.361173 -0.214992 0 0 0 1 0 0 1 -1 
331.431 -99.5222 170.252 0.593928 0.646692 0.1742 0 0 0.300814 -0.918902 0 -0.23451 -0.0767699 0.934869 -0.918902 -0.300814 -0.255207 0 0 0 1 0 0 1 -1 
330.572 -99.8056 170.016 0.629164 0.596981 0.244596 0.21716 0 0.310459 -0.922643 0 -0.211093 -0.0710305 0.947654 -0.922643 -0.310459 -0.228792 0 0 0 1 0 0 1 -1 
329.675 -100.062 169.901 0.637822 0.506005 0.262173 0.457704 0 0.190231 -0.981688 0 0.00985754 0.00191019 0.999899 -0.981688 -0.190231 0.0100414 0 0 0 1 0 0 1 -1 
328.727 -100.161 169.962 0.621188 0.587812 0.17708 0.812577 0 0.0637639 -0.997185 0 0.0393464 0.00251596 0.998443 -0.997185 -0.0637639 0.0394575 0 0 0 1 0 0 1 -1 
327.799 -100.242 169.893 0.582453 0.63415 0.0835635 0.276439 0 0.109335 -0.978536 0 -0.170929 -0.0190984 0.969487 -0.978536 -0.109335 -0.174678 0 0 0 1 0 0 1 -1 
326.886 -100.346 169.691 0.535391 0.682194 0.142857 0.401791 0 0.0949078 -0.962888 0 -0.243289 -0.02398 0.93616 -0.962888 -0.0949078 -0.252666 0 0 0 1 0 0 1 -1 
325.986 -100.475 169.44 0.491353 0.468891 0.130868 0 0 0.238487 -0.963968 0 -0.113612 -0.0281078 0.986109 -0.963968 -0.238487 -0.117859 0 0 0 1 0 0 1 -1 
325.176 -100.739 169.616 0.462829 0.538814 0.26449 0.313273 0 0.300544 -0.896482 0 0.291864 0.0978469 0.894007 -0.896482 -0.300544 0.325566 0 0 0 1 0 0 1 -1 
324.306 -100.969 169.796 0.454664 0.400468 0.184523 1.59302 0 0.208529 -0.975504 0 0.0683357 0.0146078 0.995093 -0.975504 -0.208529 0.0700517 0 0 0 1 0 0 1 -1 
323.395 -101.175 169.829 0.469603 0.419882 0.304352 0 0 0.241397 -0.964903 0 0.0997585 0.0249574 0.989311 -0.964903 -0.241397 0.103387 0 0 0 1 0 0 1 -1 
322.509 -101.393 170.009 0.497724 0.510875 0.233648 0.112218 0 0.210432 -0.963046 0 0.161896 0.0353752 0.97174 -0.963046 -0.210432 0.168108 0 0 0 1 0 0 1 -1 
321.591 -101.565 170.098 0.532063 0.442209 0.252972 0.692 0 0.177657 -0.98158 0 0.0689805 0.0124849 0.995061 -0.98158 -0.177657 0.0702749 0 0 0 1 0 0 1 -1 
320.675 -101.742 170.075 0.56529 0.392279 0.248779 0 0 0.185013 -0.961407 0 -0.195773 -0.0376746 0.958534 -0.961407 -0.185013 -0.203632 0 0 0 1 0 0 1 -1 
319.821 -101.921 169.781 0.593472 0.427106 0.289884 0 0 0.217539 -0.90561 0 -0.329706 -0.0791997 0.867452 -0.90561 -0.217539 -0.364071 0 0 0 1 0 0 1 -1 
318.974 -102.112 169.443 0.611403 0.463464 0.298548 0.113655 0 0.168021 -0.936085 0 -0.289299 -0.0519271 0.904487 -0.936085 -0.168021 -0.309052 0 0 0 1 0 0 1 -1 
318.068 -102.243 169.279 0.615561 0.434675 0.259357 0.576255 0 0.146327 -0.986642 0 -0.0706396 -0.0104765 0.994874 -0.986642 -0.146327 -0.071596 0 0 0 1 0 0 1 -1 
317.156 -102.425 169.278 0.598806 0.452979 0.200711 0.106053 0 0.222163 -0.973128 0 0.0589114 0.0134493 0.996335 -0.973128 -0.222163 0.0605382 0 0 0 1 0 0 1 -1 
316.276 -102.602 169.165 0.558557 0.580291 0.088474 0.459976 0 0.159392 -0.878382 0 -0.395798 -0.0718218 0.796961 -0.878382 -0.159392 -0.450598 0 0 0 1 0 0 1 -1 
315.58 -102.752 168.58 0.503186 0.588623 0.297058 0.545521 0 0.194644 -0.689163 0 -0.481018 -0.135857 0.512832 -0.689163 -0.194644 -0.697974 0 0 0 1 0 0 1 -1 
314.884 -103.009 168.104 0.448703 0.672177 0.247632 0.283118 0 0.343309 -0.915071 0 -0.193652 -0.0726527 0.955215 -0.915071 -0.343309 -0.211625 0 0 0 1 0 0 1 -1 
314.006 -103.279 168.082 0.408029 0.633522 0.0944712 1.33474 0 0.300575 -0.952924 0 0.038011 0.0119896 0.998409 -0.952924 -0.300575 0.0398888 0 0 0 1 0 0 1 -1 
313.172 -103.645 168.168 0.382139 0.664482 0.175701 0.114034 0 0.344431 -0.923392 0 0.156474 0.0583657 0.971285 -0.923392 -0.344431 0.169456 0 0 0 1 0 0 1 -1 
312.381 -103.712 168.24 0.358382 0.592875 0.0691669 1.0719 0 -0.00175327 -0.998436 0 -0.0557915 9.79711e-05 0.996878 -0.998436 0.00175327 -0.0558789 0 0 0 1 0 0 1 -1 
311.507 -103.812 168.06 0.325858 0.731425 0.280324 1.03038 0 0.256041 -0.916259 0 -0.28228 -0.0788806 0.905088 -0.916259 -0.256041 -0.308079 0 0 0 1 0 0 1 -1 
310.692 -104.098 167.741 0.2816 0.450919 0.364483 0 0 0.350669 -0.835178 0 -0.353852 -0.148573 0.820491 -0.835178 -0.350669 -0.423684 0 0 0 1 0 0 1 -1 
309.917 -104.451 167.378 0.238455 0.557289 0.140465 0.133412 0 0.367678 -0.908784 0 -0.179298 -0.0725409 0.961075 -0.908784 -0.367678 -0.197295 0 0 0 1 0 0 1 -1 
309.017 -104.809 167.33 0.212123 0.423953 0.236163 0.244644 0 0.395855 -0.918208 0 -0.0127672 -0.00550418 0.999807 -0.918208 -0.395855 -0.0139045 0 0 0 1 0 0 1 -1 
308.838 -104.907 167.291 0.209793 0.234846 0.252621 0.13904 0 0.414858 0.035694 0 0.0324524 -0.377183 0.173381 0.035694 -0.414858 -0.909186 0 0 0 1 0 0 1 -1 
ObjectType = Tube
ObjectSubType = Vessel
NDims = 3
ID = 35
ParentID = 50
Color = 0.1 0.8 0.8 1
BinaryData = False
TransformMatrix = 1 0 0 0 1 0 0 0 1
Offset = 0 0 0
CenterOfRotation = 0 0 0
ElementSpacing = 1 1 1
Root = False
Artery = True
PointDim = x y z r rn mn bn mk v1x v1y v1z v2x v2y v2z tx ty tz a1 a2 a3 red green blue alpha id
NPoints = 3
Points = 
382.588 -128.197 178.571 3.03209 0.304125 0.184324 0.867579 0 -0.276907 0.946888 0 0.154796 0.0452686 0.973275 0.946888 0.276907 -0.163479 0 0 0 1 0 0 1 -1 
382.808 -128.132 178.532 3.03209 0.310685 0.184324 0.867579 0 -0.48855 0.769123 0 0.316902 0.201297 0.830231 0.769123 0.48855 -0.41203 0 0 0 1 0 0 1 -1 
382.808 -128.132 178.532 3.03209 0.310685 0.184324 0.867579 0 -0.48855 0.769123 0 0.316902 0.201297 0.830231 0.769123 0.48855 -0.41203 0 0 0 1 0 0 1 -1 
ObjectType = Tube
ObjectSubType = Vessel
NDims = 3
ID = 36
ParentID = 50
Color = 0.1 0.8 0.8 1
BinaryData = False
TransformMatrix = 1 0 0 0 1 0 0 0 1
Offset = 0 0 0
CenterOfRotation = 0 0 0
ElementSpacing = 1 1 1
Root = False
Artery = True
PointDim = x y z r rn mn bn mk v1x v1y v1z v2x v2y v2z tx ty tz a1 a2 a3 red green blue alpha id
NPoints = 8
Points = 
384.242 -123.016 172.45 1.50546 0.194457 0.15529 0 0 -0.255131 -0.934525 0 -0.231889 0.0633072 0.938429 -0.934525 0.255131 -0.248136 0 0 0 1 0 0 1 -1 
383.639 -122.787 172.275 1.5087 0.580343 0.146921 0.612366 0 -0.435187 -0.859855 0 -0.229536 0.116172 0.928739 -0.859855 0.435187 -0.266947 0 0 0 1 0 0 1 -1 
382.913 -122.369 172.064 1.52929 0.79328 0.111489 0.11757 0 -0.506615 -0.834691 0 -0.180246 0.1094 0.953369 -0.834691 0.506615 -0.215943 0 0 0 1 0 0 1 -1 
382.118 -121.916 171.957 1.56017 0.610093 0.102376 0.11757 0 -0.429554 -0.902638 0 0.0243656 -0.0115953 0.999271 -0.902638 0.429554 0.0269938 0 0 0 1 0 0 1 -1 
381.256 -121.53 172.085 1.58274 0.452359 0.162139 0 0 -0.408644 -0.889265 0 0.182717 -0.0839639 0.957782 -0.889265 0.408644 0.205469 0 0 0 1 0 0 1 -1 
380.376 -121.181 172.321 1.59267 0.58958 0.134541 1.00792 0 -0.285719 -0.922007 0 0.240904 -0.0746533 0.931731 -0.922007 0.285719 0.261283 0 0 0 1 0 0 1 -1 
379.858 -121.046 172.466 1.59408 0.300768 0.0735458 1.19109 0 0.0255284 -0.982287 0 0.182347 0.00473897 0.965539 -0.982287 -0.0255284 0.185636 0 0 0 1 0 0 1 -1 
379.867 -121.049 172.463 1.59408 0.238768 0.0735458 1.19109 0 0.0255284 -0.982287 0 0.182347 0.00473897 0.965539 -0.982287 -0.0255284 0.185636 0 0 0 1 0 0 1 -1 
ObjectType = Tube
ObjectSubType = Vessel
NDims = 3
ID = 37
ParentID = 50
Color = 0.1 0.8 0.8 1
BinaryData = False
TransformMatrix = 1 0 0 0 1 0 0 0 1
Offset = 0 0 0
CenterOfRotation = 0 0 0
ElementSpacing = 1 1 1
Root = False
Artery = True
PointDim = x y z r rn mn bn mk v1x v1y v1z v2x v2y v2z tx ty tz a1 a2 a3 red green blue alpha id
NPoints = 18
Points = 
315.646 -152.716 177.225 1.13774 0.997985 0 0 0 -0.678148 0.531145 0 -0.269789 -0.344457 0.742 0.531145 0.678148 0.507937 0 0 0 1 0 0 1 -1 
316.015 -152.281 177.557 1.1372 0.790067 0 0 0 -0.531262 0.634658 0 -0.356184 -0.298156 0.68503 0.634658 0.531262 0.561222 0 0 0 1 0 0 1 -1 
316.621 -152.027 178.125 1.13258 0.563868 0 0 0 -0.195193 0.710353 0 -0.480368 -0.131997 0.542701 0.710353 0.195193 0.676239 0 0 0 1 0 0 1 -1 
317.288 -151.766 178.751 1.12003 0.745344 0 0 0 -0.397587 0.641038 0 -0.420843 -0.261017 0.569005 0.641038 0.397587 0.656502 0 0 0 1 0 0 1 -1 
317.785 -151.36 179.416 1.09934 0.76501 0.180035 0.111888 0 -0.423674 0.437792 0 -0.347166 -0.335971 0.371161 0.437792 0.423674 0.792994 0 0 0 1 0 0 1 -1 
318.118 -151.002 180.204 1.07705 0.618584 0.383878 0 0 -0.362283 0.314542 0 -0.275976 -0.317864 0.230186 0.314542 0.362283 0.877391 0 0 0 1 0 0 1 -1 
318.381 -150.659 181.031 1.0661 0.501916 0.485038 0 0 -0.356546 0.229563 0 -0.207901 -0.322901 0.179824 0.229563 0.356546 0.905635 0 0 0 1 0 0 1 -1 
318.553 -150.348 181.897 1.07314 0.405881 0.462466 0 0 -0.310287 0.160624 0 -0.1505 -0.290731 0.122078 0.160624 0.310287 0.936975 0 0 0 1 0 0 1 -1 
318.708 -150.074 182.78 1.09949 0.32872 0.428494 0 0 -0.269264 0.162128 0 -0.153912 -0.255618 0.0987889 0.162128 0.269264 0.949321 0 0 0 1 0 0 1 -1 
318.796 -149.858 183.677 1.13674 0.251413 0.411663 0 0 -0.19348 -0.0168955 0 0.0165737 -0.189796 0.0377199 -0.0168955 0.19348 0.980959 0 0 0 1 0 0 1 -1 
318.703 -149.703 184.583 1.1735 0.288986 0.406587 0.512498 0 -0.153214 -0.126989 0 0.124449 -0.150149 0.0396007 -0.126989 0.153214 0.98 0 0 0 1 0 0 1 -1 
318.617 -149.559 185.499 1.19461 0.316853 0.405702 0.643315 0 -0.164446 -0.0269455 0 0.0265687 -0.162146 0.0277684 -0.0269455 0.164446 0.986018 0 0 0 1 0 0 1 -1 
318.584 -149.408 186.427 1.19257 0.324664 0.352182 0.964756 0 -0.148593 -0.0839683 0 0.0827362 -0.146412 0.0291305 -0.0839683 0.148593 0.985327 0 0 0 1 0 0 1 -1 
318.576 -149.258 187.352 1.16507 0.347436 0.319409 0.884436 0 -0.181874 0.119748 0 -0.116875 -0.17751 0.0474179 0.119748 0.181874 0.976003 0 0 0 1 0 0 1 -1 
318.823 -149.061 188.216 1.12491 0.343832 0.344864 0 0 -0.24874 0.427335 0 -0.37144 -0.216206 0.244487 0.427335 0.24874 0.869203 0 0 0 1 0 0 1 -1 
319.401 -148.809 188.857 1.08972 0.259408 0.423462 0 0 -0.277283 0.840545 0 -0.39119 -0.129048 0.783402 0.840545 0.277283 0.465401 0 0 0 1 0 0 1 -1 
319.849 -148.68 189.031 1.07872 0.183738 0.424318 0.629246 0 -0.0372016 0.930904 0 0.338257 0.0135177 0.867967 0.930904 0.0372016 -0.363364 0 0 0 1 0 0 1 -1 
319.837 -148.683 189.028 1.07872 0.180885 0.424318 0.629246 0 -0.0372016 0.930904 0 0.338257 0.0135177 0.867967 0.930904 0.0372016 -0.363364 0 0 0 1 0 0 1 -1 
ObjectType = Tube
ObjectSubType = Vessel
NDims = 3
ID = 38
ParentID = 50
Color = 0.1 0.8 0.8 1
BinaryData = False
TransformMatrix = 1 0 0 0 1 0 0 0 1
Offset = 0 0 0
CenterOfRotation = 0 0 0
ElementSpacing = 1 1 1
Root = False
Artery = True
PointDim = x y z r rn mn bn mk v1x v1y v1z v2x v2y v2z tx ty tz a1 a2 a3 red green blue alpha id
NPoints = 35
Points = 
352.76 -148.353 182.265 0.364934 0.180955 0.346036 0 0 0.227003 -0.0797126 0 -0.0773712 -0.220335 0.0578847 -0.0797126 -0.227003 -0.970626 0 0 0 1 0 0 1 -1 
352.619 -148.456 181.852 0.367039 0.218287 0.323974 0 0 0.163584 -0.596841 0 -0.468823 -0.128496 0.382979 -0.596841 -0.163584 -0.785507 0 0 0 1 0 0 1 -1 
352.02 -148.561 181.315 0.381564 0.313778 0.443494 0.579684 0 0.135227 -0.737482 0 -0.487985 -0.0894785 0.562165 -0.737482 -0.135227 -0.661691 0 0 0 1 0 0 1 -1 
351.38 -148.697 180.687 0.409867 0.32714 0.290836 0.367923 0 0.134552 -0.761899 0 -0.482713 -0.0852478 0.598594 -0.761899 -0.134552 -0.633566 0 0 0 1 0 0 1 -1 
350.56 -148.763 180.308 0.450385 0.262649 0.284786 0.593741 0 0.0314256 -0.947139 0 -0.302403 -0.0100336 0.89806 -0.947139 -0.0314256 -0.31928 0 0 0 1 0 0 1 -1 
349.466 -148.832 179.866 0.505618 0.285245 0.119808 0.576518 0 0.0670109 -0.961817 0 -0.255232 -0.0177823 0.929582 -0.961817 -0.0670109 -0.265364 0 0 0 1 0 0 1 -1 
348.462 -148.829 179.983 0.580165 0.507565 0.264792 0.476542 0 -0.100293 -0.828696 0 0.456313 -0.0552253 0.696795 -0.828696 0.100293 0.55064 0 0 0 1 0 0 1 -1 
347.978 -148.707 180.676 0.660297 0.4481 0.398344 0.0530252 0 -0.151086 -0.289918 0 0.273987 -0.142784 0.106879 -0.289918 0.151086 0.945051 0 0 0 1 0 0 1 -1 
347.715 -148.592 181.54 0.724106 0.516062 0.276968 0.0530252 0 -0.102649 -0.394009 0 0.359871 -0.0937548 0.16578 -0.394009 0.102649 0.913357 0 0 0 1 0 0 1 -1 
347.299 -148.491 182.36 0.750011 0.562473 0.304508 0.103497 0 -0.129109 -0.468405 0 0.4094 -0.112845 0.236072 -0.468405 0.129109 0.87403 0 0 0 1 0 0 1 -1 
346.829 -148.347 183.148 0.739888 0.449511 0.312534 0.584507 0 -0.177737 -0.563282 0 0.454525 -0.14342 0.348877 -0.563282 0.177737 0.806922 0 0 0 1 0 0 1 -1 
346.269 -148.172 183.87 0.709388 0.431992 0.28896 0.710784 0 -0.181883 -0.606789 0 0.469517 -0.140736 0.401274 -0.606789 0.181883 0.773774 0 0 0 1 0 0 1 -1 
345.687 -148.037 184.554 0.684007 0.210243 0.345113 0.799342 0 -0.119951 -0.736234 0 0.49034 -0.0798887 0.556429 -0.736234 0.119951 0.666012 0 0 0 1 0 0 1 -1 
345.083 -148.003 184.856 0.674173 0.204869 0.262262 0.83687 0 0.00680537 -0.984393 0 0.173108 0.00119674 0.969076 -0.984393 -0.00680537 0.175852 0 0 0 1 0 0 1 -1 
344.325 -148.003 184.852 0.675347 0.224673 0.191918 0.894035 0 -0.00665569 -0.999092 0 -0.0420353 0.000280028 0.99823 -0.999092 0.00665569 -0.0420734 0 0 0 1 0 0 1 -1 
343.374 -147.971 185.05 0.676873 0.31961 0.297796 0 0 -0.0336092 -0.960247 0 0.266105 -0.00931384 0.923204 -0.960247 0.0336092 0.277121 0 0 0 1 0 0 1 -1 
342.389 -147.954 185.172 0.667283 0.487638 0.108559 0.487219 0 -0.0254759 -0.989022 0 0.143958 -0.00370817 0.978813 -0.989022 0.0254759 0.145556 0 0 0 1 0 0 1 -1 
341.463 -147.935 185.409 0.64258 0.566218 0.133652 0.214394 0 -0.00391665 -0.954422 0 0.284832 -0.00116886 0.910937 -0.954422 0.00391665 0.298434 0 0 0 1 0 0 1 -1 
340.596 -147.909 185.776 0.602547 0.560554 0.0254887 0.214394 0 -0.0748832 -0.842757 0 0.44924 -0.0399172 0.715847 -0.842757 0.0748832 0.53306 0 0 0 1 0 0 1 -1 
339.974 -147.791 186.42 0.56018 0.684308 0.239329 0 0 -0.163384 -0.55404 0 0.452263 -0.13337 0.333655 -0.55404 0.163384 0.8163 0 0 0 1 0 0 1 -1 
339.501 -147.633 187.193 0.535994 0.586104 0.0766634 0.948246 0 -0.172077 -0.504904 0 0.427073 -0.145551 0.284538 -0.504904 0.172077 0.84585 0 0 0 1 0 0 1 -1 
339.131 -147.487 188.045 0.560463 0.397546 0.141592 0.267334 0 -0.122317 -0.259018 0 0.248164 -0.117192 0.0820518 -0.259018 0.122317 0.958096 0 0 0 1 0 0 1 -1 
338.843 -147.393 188.948 0.63649 0.304241 0.160949 0.114631 0 -0.086302 -0.377823 0 0.348295 -0.0795572 0.150198 -0.377823 0.086302 0.921847 0 0 0 1 0 0 1 -1 
338.459 -147.317 189.802 0.762471 0.331982 0.138109 0.608668 0 -0.0801484 -0.382113 0 0.351786 -0.0737873 0.152434 -0.382113 0.0801484 0.920633 0 0 0 1 0 0 1 -1 
338.089 -147.244 190.659 0.928549 0.610489 0.154782 0.197946 0 -0.0713415 -0.519517 0 0.442357 -0.0607456 0.274987 -0.519517 0.0713415 0.851477 0 0 0 1 0 0 1 -1 
337.466 -147.202 191.313 1.12933 0.813444 0.128901 0.387106 0 -0.0104412 -0.784887 0 0.486278 -0.00646883 0.616156 -0.784887 0.0104412 0.619551 0 0 0 1 0 0 1 -1 
336.687 -147.206 191.779 1.36745 0.947505 0.100961 0.530128 0 0.0199705 -0.927479 0 0.346267 0.00745584 0.860615 -0.927479 -0.0199705 0.373342 0 0 0 1 0 0 1 -1 
335.802 -147.243 191.975 1.62277 0.695913 0.0625234 0 0 0.0484601 -0.998339 0 0.0311114 0.00151017 0.999029 -0.998339 -0.0484601 0.0311632 0 0 0 1 0 0 1 -1 
334.894 -147.289 191.885 1.87254 0.686402 0.0908868 0.203963 0 0.0442819 -0.988688 0 -0.141679 -0.00634559 0.979465 -0.988688 -0.0442819 -0.1433 0 0 0 1 0 0 1 -1 
333.951 -147.344 191.779 2.09238 0.759187 0.0511086 0.428058 0 0.0917034 -0.988465 0 -0.119143 -0.0110534 0.985472 -0.988465 -0.0917034 -0.120534 0 0 0 1 0 0 1 -1 
333.001 -147.426 191.638 2.27338 0.949087 0.00980547 1.04093 0 0.062577 -0.993257 0 -0.0969357 -0.00610713 0.990475 -0.993257 -0.062577 -0.0975937 0 0 0 1 0 0 1 -1 
332.011 -147.463 191.5 2.40342 0.913869 0.020083 0.727147 0 0.0224649 -0.946387 0 -0.304975 -0.00723937 0.896154 -0.946387 -0.0224649 -0.322252 0 0 0 1 0 0 1 -1 
331.207 -147.524 191.031 2.48932 0.576822 0.0464961 0.465343 0 0.0974232 -0.791262 0 -0.477658 -0.0588111 0.635587 -0.791262 -0.0974232 -0.603666 0 0 0 1 0 0 1 -1 
330.598 -147.605 190.568 2.52944 0.358733 0.0519087 0 0 0.119577 -0.80048 0 -0.47013 -0.0702288 0.655067 -0.80048 -0.119577 -0.58731 0 0 0 1 0 0 1 -1 
330.532 -147.617 190.505 2.53275 0.220459 0.0532731 0 0 -0.0221407 -0.995999 0 0.0862334 -0.00191693 0.992504 -0.995999 0.0221407 0.0865799 0 0 0 1 0 0 1 -1 
ObjectType = Tube
ObjectSubType = Vessel
NDims = 3
ID = 39
ParentID = 50
Color = 0.1 0.8 0.8 1
BinaryData = False
TransformMatrix = 1 0 0 0 1 0 0 0 1
Offset = 0 0 0
CenterOfRotation = 0 0 0
ElementSpacing = 1 1 1
Root = False
Artery = True
PointDim = x y z r rn mn bn mk v1x v1y v1z v2x v2y v2z tx ty tz a1 a2 a3 red green blue alpha id
NPoints = 58
Points = 
345.262 -94.06 173.583 0.801241 0.18329 -0.0509558 2 0 0.0956049 -0.761287 0 0.488235 0.0613141 0.588698 -0.761287 -0.0956049 0.641328 0 0 0 1 0 0 1 -1 
344.78 -94.1671 174.044 0.811692 0.367837 0.00204606 2 0 0.18497 -0.618152 0 0.472259 0.141314 0.416326 -0.618152 -0.18497 0.763985 0 0 0 1 0 0 1 -1 
344.427 -94.311 174.855 0.88293 0.512071 0.0431121 0 0 0.126104 -0.201058 0 0.195313 0.122501 0.0563265 -0.201058 -0.126104 0.971429 0 0 0 1 0 0 1 -1 
344.285 -94.4398 175.846 1.01242 0.539384 0.141287 0 0 0.13434 -0.121479 0 0.119469 0.132119 0.0328044 -0.121479 -0.13434 0.983461 0 0 0 1 0 0 1 -1 
344.157 -94.5696 176.803 1.15493 0.511208 0.176257 0 0 0.125047 -0.143165 0 0.140555 0.122767 0.0361331 -0.143165 -0.125047 0.981767 0 0 0 1 0 0 1 -1 
344.021 -94.6632 177.73 1.27881 0.508907 0.192481 0 0 0.0684601 -0.131495 0 0.130042 0.0677037 0.0219777 -0.131495 -0.0684601 0.98895 0 0 0 1 0 0 1 -1 
343.912 -94.7019 178.653 1.36347 0.523856 0.200463 0.833549 0 0.0222623 -0.119806 0 0.118913 0.0220964 0.014849 -0.119806 -0.0222623 0.992548 0 0 0 1 0 0 1 -1 
343.772 -94.7231 179.571 1.41542 0.567578 0.222423 0.724304 0 0.0305609 -0.189148 0 0.185643 0.0299947 0.0367108 -0.189148 -0.0305609 0.981473 0 0 0 1 0 0 1 -1 
343.547 -94.768 180.471 1.4375 0.651842 0.214273 0.823148 0 0.0709403 -0.295521 0 0.281543 0.0675847 0.0923653 -0.295521 -0.0709403 0.952699 0 0 0 1 0 0 1 -1 
343.245 -94.8594 181.356 1.4351 0.637012 0.162293 1.05601 0 0.122763 -0.342276 0 0.318846 0.11436 0.132224 -0.342276 -0.122763 0.931545 0 0 0 1 0 0 1 -1 
342.884 -95.0014 182.221 1.41709 0.812068 0.140603 0 0 0.180656 -0.421929 0 0.374862 0.160503 0.21066 -0.421929 -0.180656 0.888448 0 0 0 1 0 0 1 -1 
342.448 -95.2025 183.027 1.40189 0.90277 0.178468 0 0 0.241765 -0.518476 0 0.425255 0.198296 0.327268 -0.518476 -0.241765 0.820202 0 0 0 1 0 0 1 -1 
341.909 -95.4433 183.744 1.41488 0.922303 0.149837 0 0 0.280007 -0.629438 0 0.456247 0.202962 0.474596 -0.629438 -0.280007 0.724848 0 0 0 1 0 0 1 -1 
341.317 -95.72 184.403 1.4758 0.825518 0.179446 0 0 0.311553 -0.622269 0 0.446872 0.223737 0.484284 -0.622269 -0.311553 0.718134 0 0 0 1 0 0 1 -1 
340.778 -96.0274 185.094 1.57832 0.863125 0.182752 0.466588 0 0.353287 -0.522879 0 0.405623 0.274062 0.398215 -0.522879 -0.353287 0.775748 0 0 0 1 0 0 1 -1 
340.324 -96.3511 185.843 1.69391 0.773749 0.105724 1.15191 0 0.335175 -0.466026 0 0.381595 0.27445 0.329522 -0.466026 -0.335175 0.818827 0 0 0 1 0 0 1 -1 
339.898 -96.6866 186.607 1.78805 0.849336 0.133041 0.99735 0 0.382522 -0.457611 0 0.367308 0.307036 0.355731 -0.457611 -0.382522 0.802664 0 0 0 1 0 0 1 -1 
339.452 -97.0528 187.341 1.84762 0.74609 0.16336 0 0 0.398716 -0.499223 0 0.384045 0.306727 0.408198 -0.499223 -0.398716 0.769287 0 0 0 1 0 0 1 -1 
338.986 -97.4359 188.051 1.86989 0.684267 0.168222 0 0 0.427603 -0.492875 0 0.373491 0.324029 0.42577 -0.492875 -0.427603 0.757779 0 0 0 1 0 0 1 -1 
338.519 -97.8467 188.745 1.86175 0.559604 0.180495 0.807036 0 0.455201 -0.51601 0 0.374428 0.330303 0.473475 -0.51601 -0.455201 0.725621 0 0 0 1 0 0 1 -1 
338.057 -98.2765 189.43 1.83203 0.438337 0.1764 0.575907 0 0.448889 -0.450884 0 0.347854 0.346315 0.404798 -0.450884 -0.448889 0.771494 0 0 0 1 0 0 1 -1 
337.679 -98.6609 190.196 1.78826 0.415492 0.237616 0.655684 0 0.364594 -0.351341 0 0.302975 0.314404 0.256369 -0.351341 -0.364594 0.862341 0 0 0 1 0 0 1 -1 
337.406 -98.9497 191.061 1.74408 0.533648 0.196875 1.03329 0 0.243441 -0.229466 0 0.216244 0.229414 0.111918 -0.229466 -0.243441 0.942381 0 0 0 1 0 0 1 -1 
337.234 -99.1404 191.992 1.70894 0.551596 0.181201 1.27741 0 0.162707 -0.137178 0 0.134035 0.15898 0.0452912 -0.137178 -0.162707 0.977092 0 0 0 1 0 0 1 -1 
337.11 -99.2929 192.934 1.68788 0.57099 0.127663 1.25747 0 0.152446 -0.160867 0 0.156867 0.148655 0.0491181 -0.160867 -0.152446 0.975132 0 0 0 1 0 0 1 -1 
336.904 -99.4256 193.845 1.67852 0.366938 0.108055 1.03133 0 0.150087 -0.190062 0 0.184404 0.145619 0.0586496 -0.190062 -0.150087 0.970232 0 0 0 1 0 0 1 -1 
336.819 -99.6122 194.754 1.67559 0.313315 0.190044 0.955522 0 0.25799 -0.024196 0 0.0233696 0.249178 0.0671443 -0.024196 -0.25799 0.965845 0 0 0 1 0 0 1 -1 
336.851 -99.8984 195.64 1.67083 0.271165 0.191044 0.87538 0 0.338325 0.0798626 0 -0.0748819 0.317225 0.120842 0.0798626 -0.338325 0.937634 0 0 0 1 0 0 1 -1 
336.902 -100.21 196.519 1.65997 0.288033 0.202391 1.01878 0 0.304439 0.000829534 0 -0.000790157 0.289988 0.0926838 0.000829534 -0.304439 0.952531 0 0 0 1 0 0 1 -1 
336.86 -100.422 197.434 1.64304 0.383499 0.169517 1.10796 0 0.140749 -0.0627128 0 0.0619639 0.139068 0.0237431 -0.0627128 -0.140749 0.988057 0 0 0 1 0 0 1 -1 
336.826 -100.522 198.372 1.62294 0.553861 0.13303 1.20092 0 0.108837 0.00313542 0 -0.00311678 0.10819 0.0118553 0.00313542 -0.108837 0.994055 0 0 0 1 0 0 1 -1 
336.983 -100.669 199.276 1.60467 0.626598 0.149165 1.1322 0 0.17837 0.297108 0 -0.278698 0.167317 0.120089 0.297108 -0.17837 0.938036 0 0 0 1 0 0 1 -1 
337.219 -100.812 200.176 1.5959 0.658814 0.1531 0.720491 0 0.13675 0.210379 0 -0.203649 0.132375 0.0629599 0.210379 -0.13675 0.968008 0 0 0 1 0 0 1 -1 
337.401 -100.935 201.092 1.60683 0.586573 0.0996966 0.0965084 0 0.124024 0.182281 0 -0.177795 0.120972 0.0486082 0.182281 -0.124024 0.975393 0 0 0 1 0 0 1 -1 
337.565 -101.042 202.009 1.64296 0.499687 0.0657018 0 0 0.104843 0.163436 0 -0.160325 0.102847 0.0377032 0.163436 -0.104843 0.980967 0 0 0 1 0 0 1 -1 
337.693 -101.142 202.93 1.69702 0.448067 0.0886153 0 0 0.11648 0.1066 0 -0.105263 0.115019 0.0249312 0.1066 -0.11648 0.987456 0 0 0 1 0 0 1 -1 
337.769 -101.279 203.854 1.7506 0.43676 0.100949 0 0 0.181481 0.0613237 0 -0.060188 0.17812 0.0366959 0.0613237 -0.181481 0.981481 0 0 0 1 0 0 1 -1 
337.874 -101.461 204.759 1.78058 0.450704 0.0809871 0.277961 0 0.185766 0.218041 0 -0.208905 0.177982 0.0820512 0.218041 -0.185766 0.958096 0 0 0 1 0 0 1 -1 
338.166 -101.598 205.624 1.77146 0.66996 0.117025 0.23799 0 0.109343 0.389411 0 -0.356136 0.0999995 0.163597 0.389411 -0.109343 0.914551 0 0 0 1 0 0 1 -1 
338.575 -101.667 206.451 1.73031 0.771677 0.178231 0 0 0.0400935 0.476755 0 -0.418649 0.035207 0.228903 0.476755 -0.0400935 0.878121 0 0 0 1 0 0 1 -1 
339.027 -101.684 207.264 1.68069 0.779733 0.168953 0.282701 0 0.0145784 0.488793 0 -0.426363 0.0127164 0.239131 0.488793 -0.0145784 0.872278 0 0 0 1 0 0 1 -1 
339.487 -101.709 208.075 1.64616 0.829618 0.128762 0.43518 0 0.0355204 0.489697 0 -0.426609 0.0309442 0.241065 0.489697 -0.0355204 0.871169 0 0 0 1 0 0 1 -1 
339.911 -101.738 208.911 1.62434 0.869129 0.136051 0.228888 0 0.0214696 0.410449 0 -0.374178 0.0195723 0.168929 0.410449 -0.0214696 0.911631 0 0 0 1 0 0 1 -1 
340.279 -101.75 209.776 1.59412 0.906336 0.166763 0 0 0.00837244 0.364552 0 -0.339451 0.00779596 0.132968 0.364552 -0.00837244 0.931145 0 0 0 1 0 0 1 -1 
340.615 -101.706 210.646 1.52385 0.925663 0.109717 0.122163 0 -0.133116 0.385207 0 -0.351763 -0.121559 0.166105 0.385207 0.133116 0.913179 0 0 0 1 0 0 1 -1 
341.005 -101.533 211.468 1.4012 0.840942 0.0401996 0.497243 0 -0.245001 0.419991 0 -0.367002 -0.21409 0.236419 0.419991 0.245001 0.873832 0 0 0 1 0 0 1 -1 
341.324 -101.17 212.259 1.22128 0.731613 0.132839 0 0 -0.570504 0.308091 0 -0.234555 -0.434335 0.420395 0.308091 0.570504 0.761318 0 0 0 1 0 0 1 -1 
341.837 -100.589 212.765 1.01314 0.641378 0.122242 0 0 -0.476461 0.739834 0 -0.351425 -0.226321 0.77437 0.739834 0.476461 0.475005 0 0 0 1 0 0 1 -1 
342.56 -100.4 213.379 0.802038 0.735009 0.0135291 0 0 -0.0983193 0.832789 0 -0.453695 -0.0535633 0.703204 0.832789 0.0983193 0.54479 0 0 0 1 0 0 1 -1 
343.587 -100.05 213.417 0.615654 0.692285 0.137846 1.28993 0 -0.392633 0.904518 0 0.150503 0.0653305 0.972314 0.904518 0.392633 -0.166391 0 0 0 1 0 0 1 -1 
344.548 -99.6413 213.362 0.464501 0.661472 0.447645 0 0 -0.426402 0.904534 0 -0.000152699 -7.1983e-05 1 0.904534 0.426402 0.000168815 0 0 0 1 0 0 1 -1 
345.385 -99.1854 213.452 0.354596 0.486182 -0.00122807 0.8 0 -0.492618 0.836412 0 -0.200987 -0.118374 0.942258 0.836412 0.492618 0.240296 0 0 0 1 0 0 1 -1 
345.999 -98.9315 213.944 0.271963 0.780556 0.495792 0.652243 0 -0.0288932 0.528927 0 -0.448623 -0.0245065 0.280598 0.528927 0.0288932 0.848176 0 0 0 1 0 0 1 -1 
346.405 -99.0768 214.699 0.211309 0.730474 0.370283 0.792107 0 0.341345 0.458276 0 -0.376084 0.280125 0.326534 0.458276 -0.341345 0.82065 0 0 0 1 0 0 1 -1 
346.845 -99.4865 215.376 0.168429 0.718829 0.00636483 0.8 0 0.510028 0.528572 0 -0.358683 0.3461 0.539517 0.528572 -0.510028 0.678589 0 0 0 1 0 0 1 -1 
347.39 -99.9062 215.996 0.140613 0.864893 0 0 0 0.334873 0.663922 0 -0.443919 0.223906 0.552933 0.663922 -0.334873 0.668631 0 0 0 1 0 0 1 -1 
348.115 -100.173 216.575 0.128268 0.962143 0 0 0 0.282798 0.818916 0 -0.408968 0.14123 0.750598 0.818916 -0.282798 0.499401 0 0 0 1 0 0 1 -1 
348.341 -100.255 216.684 0.126426 0.809283 0 0 0 0.192386 -0.61825 0 0.471151 0.146612 0.419245 -0.61825 -0.192386 0.762073 0 0 0 1 0 0 1 -1 
ObjectType = Tube
ObjectSubType = Vessel
NDims = 3
ID = 40
ParentID = 50
Color = 0.1 0.8 0.8 1
BinaryData = False
TransformMatrix = 1 0 0 0 1 0 0 0 1
Offset = 0 0 0
CenterOfRotation = 0 0 0
ElementSpacing = 1 1 1
Root = False
Artery = True
PointDim = x y z r rn mn bn mk v1x v1y v1z v2x v2y v2z tx ty tz a1 a2 a3 red green blue alpha id
NPoints = 30
Points = 
335.477 -100.283 190 0.751247 0.207779 0.154068 1.1659 0 0.56703 -0.806846 0 -0.133741 -0.0939895 0.972524 -0.806846 -0.56703 -0.165757 0 0 0 1 0 0 1 -1 
334.941 -100.65 189.901 0.752618 0.261193 0.197303 0.466362 0 0.555228 -0.819895 0 -0.114476 -0.0775222 0.980506 -0.819895 -0.555228 -0.139622 0 0 0 1 0 0 1 -1 
334.247 -101.141 189.804 0.762405 0.390886 0.296773 0.0582588 0 0.604019 -0.795147 0 -0.0428311 -0.0325358 0.997099 -0.795147 -0.604019 -0.0538656 0 0 0 1 0 0 1 -1 
333.543 -101.713 189.869 0.782281 0.467285 0.27112 0.356512 0 0.633323 -0.75583 0 0.125621 0.10526 0.972377 -0.75583 -0.633323 0.166203 0 0 0 1 0 0 1 -1 
332.832 -102.288 190.015 0.808515 0.454164 0.200796 0.377407 0 0.602492 -0.787451 0 0.102441 0.0783797 0.983076 -0.787451 -0.602492 0.130092 0 0 0 1 0 0 1 -1 
332.072 -102.812 190.138 0.835979 0.500444 0.0510848 0 0 0.507165 -0.849415 0 0.123903 0.0739794 0.978722 -0.849415 -0.507165 0.145869 0 0 0 1 0 0 1 -1 
331.246 -103.252 190.21 0.857172 0.591036 0.199251 0 0 0.448506 -0.892361 0 -0.0449234 -0.0225788 0.997466 -0.892361 -0.448506 -0.0503422 0 0 0 1 0 0 1 -1 
330.419 -103.656 190.082 0.865517 0.629056 0.206678 0 0 0.434506 -0.889962 0 -0.123225 -0.060162 0.980829 -0.889962 -0.434506 -0.138461 0 0 0 1 0 0 1 -1 
329.609 -104.08 190.094 0.852714 0.555047 0.227661 0 0 0.478796 -0.857872 0 0.160055 0.0893302 0.965191 -0.857872 -0.478796 0.186572 0 0 0 1 0 0 1 -1 
328.836 -104.523 190.326 0.814115 0.642074 0.214454 0.579951 0 0.486056 -0.840245 0 0.2019 0.116793 0.942262 -0.840245 -0.486056 0.240288 0 0 0 1 0 0 1 -1 
328.045 -104.995 190.454 0.755897 0.606712 0.194015 0.928708 0 0.528915 -0.848113 0 0.0261784 0.0163258 0.999047 -0.848113 -0.528915 0.0308666 0 0 0 1 0 0 1 -1 
327.262 -105.504 190.446 0.695216 0.53703 0.233925 0.374828 0 0.562946 -0.826382 0 -0.011239 -0.00765623 0.999815 -0.826382 -0.562946 -0.0136003 0 0 0 1 0 0 1 -1 
326.497 -106.039 190.436 0.655533 0.540628 0.209814 0.297935 0 0.584744 -0.811118 0 0.0103215 0.00744087 0.999838 -0.811118 -0.584744 0.012725 0 0 0 1 0 0 1 -1 
325.803 -106.633 190.538 0.650547 0.604147 0.30137 0 0 0.715192 -0.673858 0 0.125011 0.13268 0.965584 -0.673858 -0.715192 0.185516 0 0 0 1 0 0 1 -1 
325.201 -107.318 190.67 0.669575 0.416461 0.174703 0.206811 0 0.724237 -0.688711 0 0.02344 0.0246491 0.998842 -0.688711 -0.724237 0.0340345 0 0 0 1 0 0 1 -1 
324.491 -107.862 190.569 0.686878 0.552382 0.209104 0 0 0.466969 -0.871238 0 -0.131796 -0.0706407 0.977116 -0.871238 -0.466969 -0.151275 0 0 0 1 0 0 1 -1 
323.671 -108.232 190.589 0.673387 0.544745 0.174593 0.315833 0 0.388215 -0.899317 0 0.181023 0.0781435 0.959483 -0.899317 -0.388215 0.201289 0 0 0 1 0 0 1 -1 
322.87 -108.611 190.84 0.627795 0.628759 0.275165 0.152883 0 0.440942 -0.861789 0 0.216119 0.110579 0.93711 -0.861789 -0.440942 0.25078 0 0 0 1 0 0 1 -1 
322.039 -109.03 190.932 0.561362 0.520984 0.351782 0.797411 0 0.424818 -0.904437 0 -0.0352943 -0.0165779 0.998477 -0.904437 -0.424818 -0.0390235 0 0 0 1 0 0 1 -1 
321.158 -109.386 190.885 0.496828 0.584535 0.326979 0.441741 0 0.326691 -0.94512 0 -0.00427248 -0.00147683 0.99998 -0.94512 -0.326691 -0.00452057 0 0 0 1 0 0 1 -1 
320.257 -109.698 190.913 0.445353 0.564635 0.130867 0.705051 0 0.362506 -0.930865 0 0.0424465 0.0165299 0.997921 -0.930865 -0.362506 0.045599 0 0 0 1 0 0 1 -1 
319.398 -110.068 190.963 0.407301 0.620555 0.221127 0.194371 0 0.415885 -0.902255 0 0.102773 0.047372 0.987025 -0.902255 -0.415885 0.113906 0 0 0 1 0 0 1 -1 
318.558 -110.404 191.171 0.37116 0.731796 0.320371 0.923383 0 0.158503 -0.968775 0 0.184709 0.0302205 0.963648 -0.968775 -0.158503 0.190662 0 0 0 1 0 0 1 -1 
317.522 -110.384 191.241 0.330323 0.763676 0.0581353 0.4 0 -0.0155329 -0.998114 0 0.0592864 -0.00092263 0.996472 -0.998114 0.0155329 0.0593985 0 0 0 1 0 0 1 -1 
316.601 -110.511 191.472 0.285866 0.94479 0.0673883 0 0 0.233402 -0.861914 0 0.387984 0.105064 0.797372 -0.861914 -0.233402 0.450142 0 0 0 1 0 0 1 -1 
315.805 -110.724 191.879 0.244007 0.957619 0.25329 0 0 0.248241 -0.922828 0 0.271828 0.0731219 0.913235 -0.922828 -0.248241 0.294559 0 0 0 1 0 0 1 -1 
314.969 -110.976 192.165 0.212429 0.478294 0.316974 1.02818 0 0.241642 -0.846125 0 0.40196 0.114794 0.774318 -0.846125 -0.241642 0.47506 0 0 0 1 0 0 1 -1 
314.195 -111.148 192.609 0.191679 0.631687 0.0763991 0.977366 0 0.206415 -0.891951 0 0.3588 0.0830336 0.838183 -0.891951 -0.206415 0.402265 0 0 0 1 0 0 1 -1 
313.374 -111.48 192.927 0.181054 0.26737 -0.0211568 0.963606 0 0.489489 -0.836242 0 0.206704 0.120993 0.938901 -0.836242 -0.489489 0.247182 0 0 0 1 0 0 1 -1 
313.172 -111.607 192.964 0.177752 0.182416 0.0607272 0 0 0.0204181 -0.365377 0 -0.340033 -0.0190018 0.133917 -0.365377 -0.0204181 -0.930636 0 0 0 1 0 0 1 -1 
ObjectType = Tube
ObjectSubType = Vessel
NDims = 3
ID = 41
ParentID = 50
Color = 0.1 0.8 0.8 1
BinaryData = False
TransformMatrix = 1 0 0 0 1 0 0 0 1
Offset = 0 0 0
CenterOfRotation = 0 0 0
ElementSpacing = 1 1 1
Root = False
Artery = True
PointDim = x y z r rn mn bn mk v1x v1y v1z v2x v2y v2z tx ty tz a1 a2 a3 red green blue alpha id
NPoints = 50
Points = 
362.969 -75.248 183.028 0.174997 0.858832 0 0 0 -0.532788 -0.312934 0 0.246048 -0.418911 0.38179 -0.312934 0.532788 0.786263 0 0 0 1 0 0 1 -1 
362.735 -74.8649 183.52 0.177359 0.74647 0 0 0 -0.634005 -0.42438 0 0.274354 -0.409873 0.58206 -0.42438 0.634005 0.646483 0 0 0 1 0 0 1 -1 
362.347 -74.2985 184.043 0.194827 0.773644 -0.00275288 0 0 -0.567505 -0.414125 0 0.29471 -0.403862 0.493562 -0.414125 0.567505 0.711645 0 0 0 1 0 0 1 -1 
361.983 -73.9899 184.779 0.233314 0.837924 0.0797971 0.342226 0 -0.182796 -0.51479 0 0.431189 -0.15311 0.298423 -0.51479 0.182796 0.837602 0 0 0 1 0 0 1 -1 
361.3 -74.013 185.328 0.29194 0.57974 0.0188027 0.703241 0 0.266151 -0.879539 0 0.346917 0.104978 0.844425 -0.879539 -0.266151 0.39443 0 0 0 1 0 0 1 -1 
360.544 -74.1938 185.835 0.366465 0.825248 -0.00219612 2 0 -0.0347493 -0.669359 0 0.496749 -0.0257884 0.449248 -0.669359 0.0347493 0.742126 0 0 0 1 0 0 1 -1 
359.977 -74.0617 186.482 0.453794 0.827685 0.136188 0.352467 0 -0.385244 -0.680604 0 0.424145 -0.24008 0.611635 -0.680604 0.385244 0.623189 0 0 0 1 0 0 1 -1 
359.72 -73.4732 186.601 0.545364 0.318539 0.0406249 0.691975 0 -0.98515 -0.109699 0 -0.0144889 0.130117 0.982555 -0.109699 0.98515 -0.132079 0 0 0 1 0 0 1 -1 
359.481 -72.6448 186.54 0.63384 0.41547 -0.00322371 0.4 0 -0.903734 -0.427938 0 -0.0049346 0.0104211 0.999867 -0.427938 0.903734 -0.0115311 0 0 0 1 0 0 1 -1 
359.127 -71.7801 186.502 0.712454 0.437763 -0.00516966 0 0 -0.953916 -0.269625 0 -0.0355105 0.125634 0.982654 -0.269625 0.953916 -0.131703 0 0 0 1 0 0 1 -1 
358.96 -70.9958 186.186 0.780165 0.649504 0.0548825 0.401345 0 -0.843595 -0.192968 0 -0.096698 0.422733 0.748889 -0.192968 0.843595 -0.501109 0 0 0 1 0 0 1 -1 
358.741 -70.229 185.727 0.834807 0.560919 0.0242171 1.17702 0 -0.799836 -0.280394 0 -0.148805 0.424472 0.718358 -0.280394 0.799836 -0.530699 0 0 0 1 0 0 1 -1 
358.43 -69.568 185.149 0.875527 0.657529 -0.015459 0 0 -0.636508 -0.3657 0 -0.248332 0.432226 0.53888 -0.3657 0.636508 -0.679058 0 0 0 1 0 0 1 -1 
358.011 -68.9462 184.594 0.897523 0.688554 -0.0113001 0 0 -0.643556 -0.623553 0 -0.276774 0.285653 0.802983 -0.623553 0.643556 -0.443866 0 0 0 1 0 0 1 -1 
357.293 -68.5181 184.251 0.902147 0.744144 0.056879 0 0 -0.329821 -0.868961 0 -0.320604 0.121687 0.863876 -0.868961 0.329821 -0.36895 0 0 0 1 0 0 1 -1 
356.474 -68.2335 183.919 0.898463 0.698619 0.092996 0 0 -0.28662 -0.898707 0 -0.298303 0.0951363 0.889826 -0.898707 0.28662 -0.331925 0 0 0 1 0 0 1 -1 
355.631 -67.9772 183.606 0.899711 0.736525 0.139959 0 0 -0.32988 -0.865582 0 -0.326115 0.124285 0.858053 -0.865582 0.32988 -0.376758 0 0 0 1 0 0 1 -1 
354.77 -67.595 183.288 0.915589 0.845971 0.189933 0 0 -0.299068 -0.938075 0 -0.164024 0.0522924 0.969427 -0.938075 0.299068 -0.174851 0 0 0 1 0 0 1 -1 
353.86 -67.5917 183.248 0.950864 0.829894 0.183313 0 0 0.248012 -0.968053 0 0.0357494 0.00915888 0.998636 -0.968053 -0.248012 0.0369292 0 0 0 1 0 0 1 -1 
353.004 -67.9168 183.301 1.00086 0.71019 0.136486 0 0 0.449562 -0.889787 0 0.0699151 0.0353244 0.993826 -0.889787 -0.449562 0.0785751 0 0 0 1 0 0 1 -1 
352.222 -68.3965 183.408 1.05698 0.669929 0.156126 0.367835 0 0.56692 -0.810518 0 0.119292 0.0834392 0.978338 -0.810518 -0.56692 0.14718 0 0 0 1 0 0 1 -1 
351.492 -68.9441 183.575 1.11536 0.626588 0.188261 0.0954136 0 0.606097 -0.765544 0 0.16524 0.130824 0.95341 -0.765544 -0.606097 0.215846 0 0 0 1 0 0 1 -1 
350.786 -69.5168 183.753 1.17883 0.502108 0.198292 0.0735524 0 0.620925 -0.772961 0 0.10073 0.0809168 0.983018 -0.772961 -0.620925 0.130316 0 0 0 1 0 0 1 -1 
350.053 -70.0772 183.811 1.25026 0.493757 0.221544 0.253945 0 0.589511 -0.807756 0 0.00227906 0.00166329 0.999992 -0.807756 -0.589511 0.00282148 0 0 0 1 0 0 1 -1 
349.289 -70.59 183.734 1.32006 0.490289 0.233202 0.237015 0 0.504541 -0.84369 0 -0.154711 -0.0925198 0.966374 -0.84369 -0.504541 -0.183374 0 0 0 1 0 0 1 -1 
348.5 -71.0082 183.494 1.37254 0.559893 0.234836 0.239548 0 0.406437 -0.866489 0 -0.251141 -0.1178 0.915995 -0.866489 -0.406437 -0.289837 0 0 0 1 0 0 1 -1 
347.678 -71.3974 183.398 1.39572 0.598716 0.199851 0.242924 0 0.453806 -0.873687 0 0.153162 0.0795546 0.969268 -0.873687 -0.453806 0.175305 0 0 0 1 0 0 1 -1 
346.909 -71.8227 183.721 1.41155 0.463492 0.163345 0.345129 0 0.445812 -0.767527 0 0.353524 0.205342 0.787846 -0.767527 -0.445812 0.460602 0 0 0 1 0 0 1 -1 
346.238 -72.2622 184.204 1.45161 0.503375 0.118636 0.717702 0 0.507192 -0.686931 0 0.357522 0.263975 0.729119 -0.686931 -0.507192 0.520462 0 0 0 1 0 0 1 -1 
345.608 -72.7641 184.666 1.53446 0.459221 0.0249129 1.44335 0 0.578641 -0.67112 0 0.311021 0.268163 0.785227 -0.67112 -0.578641 0.463436 0 0 0 1 0 0 1 -1 
344.998 -73.3079 185.102 1.64143 0.523859 0.0120803 0 0 0.471778 -0.643663 0 0.38787 0.284292 0.636877 -0.643663 -0.471778 0.602597 0 0 0 1 0 0 1 -1 
344.411 -73.7117 185.701 1.73585 0.610682 0.0437594 0 0 0.463505 -0.644946 0 0.391885 0.281637 0.630791 -0.644946 -0.463505 0.607625 0 0 0 1 0 0 1 -1 
343.778 -74.138 186.235 1.79991 0.530619 0.0882568 0 0 0.520653 -0.697283 0 0.343526 0.256506 0.757283 -0.697283 -0.520653 0.492663 0 0 0 1 0 0 1 -1 
343.117 -74.6031 186.736 1.83523 0.438906 0.108759 0 0 0.36252 -0.684167 0 0.432973 0.22942 0.599505 -0.684167 -0.36252 0.632847 0 0 0 1 0 0 1 -1 
342.514 -74.7906 187.404 1.84936 0.393174 0.171735 0 0 0.111725 -0.638553 0 0.48621 0.0850699 0.420232 -0.638553 -0.111725 0.761425 0 0 0 1 0 0 1 -1 
341.896 -74.9175 188.085 1.83775 0.343276 0.156422 0 0 0.17146 -0.694804 0 0.485294 0.119758 0.512152 -0.694804 -0.17146 0.698461 0 0 0 1 0 0 1 -1 
341.233 -75.0881 188.712 1.77737 0.291007 0.175604 0 0 0.212982 -0.741041 0 0.471885 0.135624 0.594503 -0.741041 -0.212982 0.636786 0 0 0 1 0 0 1 -1 
340.596 -75.3913 189.294 1.66589 0.261047 0.140318 0 0 0.415401 -0.55474 0 0.399915 0.299465 0.480295 -0.55474 -0.415401 0.720906 0 0 0 1 0 0 1 -1 
340.2 -75.7229 190.056 1.50496 0.783265 0.223006 0.663718 0 0.315159 -0.340274 0 0.301463 0.279211 0.215112 -0.340274 -0.315159 0.885939 0 0 0 1 0 0 1 -1 
340.006 -75.9797 190.935 1.3167 0.343859 0.274003 0.993232 0 0.192484 -0.066691 0 0.0652926 0.188448 0.0414979 -0.066691 -0.192484 0.979031 0 0 0 1 0 0 1 -1 
340.03 -76.057 191.86 1.12785 0.392195 0.233549 0.883905 0 -0.0115087 0.0761053 0 -0.0758796 -0.0114746 0.00592447 0.0761053 0.0115087 0.997033 0 0 0 1 0 0 1 -1 
340.122 -76.0051 192.78 0.966965 0.460126 0.353386 1.18504 0 -0.0780003 0.163024 0 -0.16034 -0.0767159 0.0326609 0.163024 0.0780003 0.983534 0 0 0 1 0 0 1 -1 
340.625 -75.8854 193.455 0.842697 0.29233 0.315161 1.24655 0 -0.137755 0.821937 0 -0.454259 -0.076133 0.694556 0.821937 0.137755 0.55267 0 0 0 1 0 0 1 -1 
341.185 -75.8804 194.15 0.75723 0.3211 0.261903 0.876332 0 0.119537 0.430093 0 -0.384863 0.106966 0.199269 0.430093 -0.119537 0.894835 0 0 0 1 0 0 1 -1 
341.562 -76.0865 194.959 0.699524 0.777667 0.237212 0.384011 0 0.356554 0.432589 0 -0.358224 0.295259 0.314264 0.432589 -0.356554 0.828092 0 0 0 1 0 0 1 -1 
342.048 -76.5184 195.585 0.655856 0.880385 0.059095 0.66473 0 0.524279 0.63348 0 -0.360491 0.298349 0.676165 0.63348 -0.524279 0.569065 0 0 0 1 0 0 1 -1 
342.691 -76.9908 196.068 0.619854 0.853718 -0.00767572 0 0 0.495665 0.69433 0 -0.362266 0.258613 0.727778 0.69433 -0.495665 0.521749 0 0 0 1 0 0 1 -1 
343.228 -77.4825 196.639 0.59359 0.860889 0 0 0 0.56757 0.504107 0 -0.32815 0.369462 0.576259 0.504107 -0.56757 0.650954 0 0 0 1 0 0 1 -1 
343.483 -77.759 196.944 0.586434 0.913764 0 0 0 0.537716 0.586599 0 -0.35525 0.325646 0.633237 0.586599 -0.537716 0.605609 0 0 0 1 0 0 1 -1 
343.477 -77.7518 196.937 0.586434 0.902056 0 0 0 0.537716 0.586599 0 -0.35525 0.325646 0.633237 0.586599 -0.537716 0.605609 0 0 0 1 0 0 1 -1 
ObjectType = Tube
ObjectSubType = Vessel
NDims = 3
ID = 42
ParentID = 50
Color = 0.1 0.8 0.8 1
BinaryData = False
TransformMatrix = 1 0 0 0 1 0 0 0 1
Offset = 0 0 0
CenterOfRotation = 0 0 0
ElementSpacing = 1 1 1
Root = False
Artery = True
PointDim = x y z r rn mn bn mk v1x v1y v1z v2x v2y v2z tx ty tz a1 a2 a3 red green blue alpha id
NPoints = 17
Points = 
334.773 -70.4259 199.066 1.0704 0.665238 -0.000486108 0 0 0.881004 0.0262232 0 0.0123874 -0.41617 0.776855 0.0262232 -0.881004 -0.472382 0 0 0 1 0 0 1 -1 
334.878 -70.883 198.667 1.07447 0.692094 -0.00200203 0 0 0.475388 0.308206 0 0.253969 -0.391731 0.320985 0.308206 -0.475388 -0.824024 0 0 0 1 0 0 1 -1 
335.12 -70.9864 197.779 1.10575 0.751586 0.00135483 0.4 0 -0.0539977 0.322931 0 0.305131 0.0510214 0.1072 0.322931 0.0539977 -0.944881 0 0 0 1 0 0 1 -1 
335.57 -70.9972 197.3 1.17917 0.582222 0.0204983 2 0 0.217272 0.737963 0 0.47149 -0.138817 0.591797 0.737963 -0.217272 -0.638908 0 0 0 1 0 0 1 -1 
335.885 -71.2235 196.68 1.29464 0.567869 0.00741657 0 0 0.199658 0.399076 0 0.35714 -0.178677 0.199125 0.399076 -0.199658 -0.894916 0 0 0 1 0 0 1 -1 
336.369 -71.3393 195.91 1.43355 0.686125 0.0315084 2 0 0.171733 0.623984 0 0.475684 -0.130918 0.418848 0.623984 -0.171733 -0.762333 0 0 0 1 0 0 1 -1 
337.008 -71.6237 195.322 1.56103 0.841697 0.0717958 1.63949 0 0.309099 0.764508 0 0.432461 -0.174849 0.680015 0.764508 -0.309099 -0.565673 0 0 0 1 0 0 1 -1 
337.74 -71.8147 194.791 1.64703 0.935858 0.113863 0.925574 0 0.223537 0.77986 0 0.455968 -0.130697 0.658151 0.77986 -0.223537 -0.584679 0 0 0 1 0 0 1 -1 
338.397 -72.1236 194.217 1.67905 0.823392 0.180154 0.497239 0 0.470876 0.593205 0 0.387351 -0.307473 0.573616 0.593205 -0.470876 -0.652981 0 0 0 1 0 0 1 -1 
338.81 -72.7025 193.639 1.68252 0.69951 0.11322 0.341885 0 0.717847 0.345325 0 0.208756 -0.433954 0.634554 0.345325 -0.717847 -0.604522 0 0 0 1 0 0 1 -1 
339.111 -73.3368 193.038 1.70161 0.561725 0.0322451 0 0 0.598805 0.343569 0 0.248558 -0.433211 0.476608 0.343569 -0.598805 -0.723459 0 0 0 1 0 0 1 -1 
339.441 -73.8245 192.326 1.78484 0.50705 -0.0117421 1.62306 0 0.499934 0.342943 0 0.272732 -0.397583 0.367544 0.342943 -0.499934 -0.795271 0 0 0 1 0 0 1 -1 
339.69 -74.3234 191.575 1.92099 0.475829 -0.0130012 1.89526 0 0.579484 0.15599 0 0.124779 -0.463538 0.360135 0.15599 -0.579484 -0.799916 0 0 0 1 0 0 1 -1 
339.848 -74.8131 190.765 2.07034 0.557684 0.0925816 0.901601 0 0.381293 0.252122 0 0.22424 -0.339126 0.20895 0.252122 -0.381293 -0.88941 0 0 0 1 0 0 1 -1 
340.175 -75.1026 189.932 2.17084 0.411474 0.144551 0.393387 0 0.234715 0.444312 0 0.384142 -0.202929 0.252504 0.444312 -0.234715 -0.864578 0 0 0 1 0 0 1 -1 
340.356 -75.178 189.609 2.19273 0.278363 0.156449 0.401065 0 -0.232398 0.785447 0 0.450565 0.133313 0.670936 0.785447 0.232398 -0.573641 0 0 0 1 0 0 1 -1 
340.356 -75.178 189.609 2.19273 0.278363 0.156449 0.401065 0 -0.232398 0.785447 0 0.450565 0.133313 0.670936 0.785447 0.232398 -0.573641 0 0 0 1 0 0 1 -1 
ObjectType = Tube
ObjectSubType = Vessel
NDims = 3
ID = 43
ParentID = 50
Color = 0.1 0.8 0.8 1
BinaryData = False
TransformMatrix = 1 0 0 0 1 0 0 0 1
Offset = 0 0 0
CenterOfRotation = 0 0 0
ElementSpacing = 1 1 1
Root = False
Artery = True
PointDim = x y z r rn mn bn mk v1x v1y v1z v2x v2y v2z tx ty tz a1 a2 a3 red green blue alpha id
NPoints = 30
Points = 
378.581 -122.198 204.414 0.174334 0.682091 0 0 0 0.605478 0.378153 0 0.264814 -0.424006 0.509604 0.378153 -0.605478 -0.700283 0 0 0 1 0 0 1 -1 
378.899 -122.562 203.962 0.17711 0.916666 0 0 0 0.507594 0.565685 0 0.367629 -0.329877 0.577651 0.565685 -0.507594 -0.649884 0 0 0 1 0 0 1 -1 
379.442 -122.95 203.427 0.197496 0.893064 0.0217656 1.6 0 0.528209 0.599183 0 0.360494 -0.317794 0.638025 0.599183 -0.528209 -0.601643 0 0 0 1 0 0 1 -1 
379.755 -123.584 202.95 0.241217 0.681756 0.195465 0.991738 0 0.827802 0.0315364 0 0.0176646 -0.46368 0.68625 0.0315364 -0.827802 -0.560134 0 0 0 1 0 0 1 -1 
379.485 -124.158 202.418 0.301955 0.779623 0.123016 0 0 0.515255 -0.526855 0 -0.356139 -0.348297 0.543064 -0.526855 -0.515255 -0.67597 0 0 0 1 0 0 1 -1 
379.036 -124.558 201.749 0.365866 0.609864 0.287227 0 0 0.406801 -0.485312 0 -0.375603 -0.31484 0.401014 -0.485312 -0.406801 -0.773942 0 0 0 1 0 0 1 -1 
378.457 -124.919 201.216 0.411647 0.40997 0.1853 0.88969 0 0.424586 -0.795838 0 -0.343566 -0.183295 0.813632 -0.795838 -0.424586 -0.431703 0 0 0 1 0 0 1 -1 
377.74 -125.329 200.829 0.429299 0.593943 0.253403 0.501047 0 0.468689 -0.759413 0 -0.342681 -0.211493 0.796378 -0.759413 -0.468689 -0.451245 0 0 0 1 0 0 1 -1 
377.099 -125.718 200.307 0.417829 0.683842 0.304516 0.34593 0 0.33033 -0.639125 0 -0.443905 -0.229431 0.517598 -0.639125 -0.33033 -0.694551 0 0 0 1 0 0 1 -1 
376.52 -125.932 199.621 0.391455 0.697512 0.29844 0.269609 0 0.152581 -0.631391 0 -0.48005 -0.116009 0.421935 -0.631391 -0.152581 -0.760306 0 0 0 1 0 0 1 -1 
375.934 -126.012 198.913 0.366748 0.780011 0.542763 0.355597 0 0.0290373 -0.626492 0 -0.487966 -0.0226168 0.393335 -0.626492 -0.0290373 -0.778887 0 0 0 1 0 0 1 -1 
375.404 -126.019 198.159 0.362044 0.884996 0.400041 0.128634 0 0.0313885 -0.458185 0 -0.407007 -0.0278825 0.210918 -0.458185 -0.0313885 -0.888303 0 0 0 1 0 0 1 -1 
375.132 -126.106 197.286 0.383651 0.740365 0.235557 0.204309 0 0.114904 -0.172544 0 -0.168796 -0.112408 0.0429745 -0.172544 -0.114904 -0.978277 0 0 0 1 0 0 1 -1 
375.028 -126.21 196.326 0.431674 0.833369 0.067494 0.998129 0 0.136843 -0.116951 0 -0.11504 -0.134608 0.0324035 -0.116951 -0.136843 -0.983665 0 0 0 1 0 0 1 -1 
374.789 -126.364 195.422 0.489849 0.860739 0.101496 0 0 0.131711 -0.366267 0 -0.337383 -0.121324 0.151499 -0.366267 -0.131711 -0.921141 0 0 0 1 0 0 1 -1 
374.393 -126.39 194.599 0.538656 0.972079 0.33153 0 0 -0.0905008 -0.522807 0 -0.443149 0.0767115 0.281517 -0.522807 0.0905008 -0.847634 0 0 0 1 0 0 1 -1 
373.841 -126.134 193.931 0.557811 0.798168 0.117667 0.0825627 0 -0.531981 -0.59201 0 -0.358408 0.322066 0.63348 -0.59201 0.531981 -0.605409 0 0 0 1 0 0 1 -1 
373.425 -125.41 193.421 0.546341 0.929815 0.00107067 0 0 -0.81491 -0.303273 0 -0.14979 0.402492 0.756053 -0.303273 0.81491 -0.49391 0 0 0 1 0 0 1 -1 
373.079 -124.673 192.899 0.50634 0.627213 0 0 0 -0.719283 -0.491639 0 -0.241316 0.353053 0.759076 -0.491639 0.719283 -0.49084 0 0 0 1 0 0 1 -1 
372.577 -124.018 192.434 0.451539 0.590233 0.00573356 0.631643 0 -0.606232 -0.406299 0 -0.277774 0.414462 0.532596 -0.406299 0.606232 -0.683669 0 0 0 1 0 0 1 -1 
372.482 -123.745 191.682 0.398485 0.831896 0.246835 0.287466 0 -0.0815819 0.0677934 0 0.067411 0.0811217 0.0112516 0.0677934 0.0815819 -0.994358 0 0 0 1 0 0 1 -1 
372.437 -123.788 190.818 0.364385 0.796684 0.459645 0.107129 0 0.137837 -0.449801 0 -0.396917 -0.121631 0.22132 -0.449801 -0.137837 -0.882428 0 0 0 1 0 0 1 -1 
371.69 -123.796 190.317 0.350195 0.392346 0.0619858 0 0 0.00934934 -0.937566 0 -0.325974 -0.00325058 0.879118 -0.937566 -0.00934934 -0.34768 0 0 0 1 0 0 1 -1 
371.096 -123.915 189.975 0.350406 0.563608 0.0144631 0 0 0.0249064 -0.713022 0 -0.499614 -0.0174519 0.50902 -0.713022 -0.0249064 -0.7007 0 0 0 1 0 0 1 -1 
370.717 -123.805 189.806 0.352983 0.576042 0.0711333 1.91397 0 -0.207404 -0.978231 0 0.0067775 -0.00143696 0.999952 -0.978231 0.207404 0.00692832 0 0 0 1 0 0 1 -1 
370.052 -123.742 190.035 0.350523 0.842665 0.015247 0 0 0.122554 -0.688554 0 0.492147 0.0875958 0.489126 -0.688554 -0.122554 0.714755 0 0 0 1 0 0 1 -1 
369.921 -124.02 190.691 0.339428 0.604853 0.0780729 0.349308 0 0.452992 0.15695 0 -0.137738 0.397541 0.229835 0.15695 -0.452992 0.877591 0 0 0 1 0 0 1 -1 
370.08 -124.395 191.493 0.324793 0.651874 0.124022 0.673553 0 0.402805 0.131781 0 -0.119361 0.364841 0.179618 0.131781 -0.402805 0.905749 0 0 0 1 0 0 1 -1 
370.202 -124.795 192.253 0.314287 0.942413 0.0948235 0.816236 0 0.514557 0.174135 0 -0.146201 0.432016 0.295092 0.174135 -0.514557 0.839588 0 0 0 1 0 0 1 -1 
370.251 -124.88 192.412 0.313319 0.84072 0.0689961 0.94363 0 -0.42974 0.774141 0 -0.359813 -0.199739 0.783971 0.774141 0.42974 0.464789 0 0 0 1 0 0 1 -1 
ObjectType = Tube
ObjectSubType = Vessel
NDims = 3
ID = 44
ParentID = 50
Color = 0.1 0.8 0.8 1
BinaryData = False
TransformMatrix = 1 0 0 0 1 0 0 0 1
Offset = 0 0 0
CenterOfRotation = 0 0 0
ElementSpacing = 1 1 1
Root = False
Artery = True
PointDim = x y z r rn mn bn mk v1x v1y v1z v2x v2y v2z tx ty tz a1 a2 a3 red green blue alpha id
NPoints = 20
Points = 
416.516 -97.2326 195.919 0.719055 0.902308 0.00852861 0 0 0.601233 -0.00924974 0 0.00739073 0.480397 0.361567 -0.00924974 -0.601233 0.79902 0 0 0 1 0 0 1 -1 
416.504 -97.5807 196.603 0.726731 0.743057 0.0182305 0 0 0.371259 -0.223808 0 0.201685 0.334561 0.187924 -0.223808 -0.371259 0.901153 0 0 0 1 0 0 1 -1 
415.825 -97.8212 197.221 0.788261 0.863997 -0.0565596 0 0 0.351098 -0.825211 0 0.36511 0.155341 0.804244 -0.825211 -0.351098 0.442444 0 0 0 1 0 0 1 -1 
415.418 -98.409 197.608 0.944789 0.946435 0.024366 0 0 0.840133 -0.275379 0 0.128677 0.39257 0.781658 -0.275379 -0.840133 0.467271 0 0 0 1 0 0 1 -1 
415.23 -99.2122 197.947 1.21745 0.864725 0.077918 0 0 0.911977 -0.0837835 0 0.033647 0.366244 0.838722 -0.0837835 -0.911977 0.401594 0 0 0 1 0 0 1 -1 
415.142 -99.9871 198.416 1.57811 0.693789 0.103377 0 0 0.782144 -0.145418 0 0.0881077 0.473894 0.632895 -0.145418 -0.782144 0.605892 0 0 0 1 0 0 1 -1 
415.015 -100.709 198.962 1.95469 0.678539 0.108945 0.287874 0 0.809392 -0.156465 0 0.0885659 0.458149 0.679597 -0.156465 -0.809392 0.566041 0 0 0 1 0 0 1 -1 
414.898 -101.428 199.521 2.25329 0.611162 0.0501116 0.627763 0 0.757532 -0.05593 0 0.0363767 0.492697 0.576984 -0.05593 -0.757532 0.650397 0 0 0 1 0 0 1 -1 
414.884 -102.174 200.064 2.41536 0.649539 0.00650874 0.924455 0 0.868495 0.018921 0 -0.00937227 0.430197 0.754642 0.018921 -0.868495 0.495336 0 0 0 1 0 0 1 -1 
414.902 -103.04 200.457 2.4505 0.816767 0.0376503 0.19975 0 0.929464 -0.0253686 0 0.00933663 0.342079 0.864548 -0.0253686 -0.929464 0.368039 0 0 0 1 0 0 1 -1 
414.826 -103.779 200.982 2.41244 0.720935 0.0396293 0 0 0.609696 -0.116797 0 0.091567 0.477991 0.38537 -0.116797 -0.609696 0.783983 0 0 0 1 0 0 1 -1 
414.677 -104.344 201.696 2.33902 0.626844 0.0529356 0 0 0.654902 -0.236083 0 0.169482 0.470149 0.484632 -0.236083 -0.654902 0.717891 0 0 0 1 0 0 1 -1 
414.441 -104.992 202.344 2.24733 0.761711 0.0639884 0 0 0.672991 -0.175499 0 0.126101 0.483563 0.483717 -0.175499 -0.672991 0.718529 0 0 0 1 0 0 1 -1 
414.331 -105.494 203.126 2.13035 0.790335 0.0200417 0.683039 0 0.368291 -0.111374 0 0.1028 0.339938 0.148043 -0.111374 -0.368291 0.923015 0 0 0 1 0 0 1 -1 
414.229 -105.739 204.015 1.99212 0.816342 0.0739683 0 0 0.212137 -0.116683 0 0.113211 0.205825 0.0586168 -0.116683 -0.212137 0.970249 0 0 0 1 0 0 1 -1 
414.137 -106.043 204.888 1.8522 0.708298 0.169068 0 0 0.462544 -0.0694007 0 0.0613416 0.408831 0.218763 -0.0694007 -0.462544 0.883876 0 0 0 1 0 0 1 -1 
414.07 -106.477 205.699 1.73613 0.748164 0.110914 0 0 0.46966 -0.126309 0 0.110364 0.410372 0.236534 -0.126309 -0.46966 0.873765 0 0 0 1 0 0 1 -1 
413.832 -106.935 206.444 1.65094 0.793611 0.118777 0.885946 0 0.519043 -0.353117 0 0.274865 0.404022 0.394097 -0.353117 -0.519043 0.778398 0 0 0 1 0 0 1 -1 
413.464 -107.258 207.192 1.59982 0.658196 0.138858 1.15285 0 0.0395191 -0.404595 0 0.369655 0.0361063 0.165259 -0.404595 -0.0395191 0.913642 0 0 0 1 0 0 1 -1 
413.387 -107.225 207.415 1.58192 0.341664 0.110143 0 0 -0.972279 0.229649 0 -0.0101025 -0.0427717 0.998065 0.229649 0.972279 0.0439911 0 0 0 1 0 0 1 -1 
ObjectType = Tube
ObjectSubType = Vessel
NDims = 3
ID = 45
ParentID = 50
Color = 0.1 0.8 0.8 1
BinaryData = False
TransformMatrix = 1 0 0 0 1 0 0 0 1
Offset = 0 0 0
CenterOfRotation = 0 0 0
ElementSpacing = 1 1 1
Root = False
Artery = True
PointDim = x y z r rn mn bn mk v1x v1y v1z v2x v2y v2z tx ty tz a1 a2 a3 red green blue alpha id
NPoints = 29
Points = 
360.614 -108.384 193.669 1.60344 0.217303 0.0472379 0 0 0.836273 -0.378123 0 0.150144 0.332065 0.842329 -0.378123 -0.836273 0.397078 0 0 0 1 0 0 1 -1 
360.399 -109.023 193.913 1.60185 0.383118 0.0261117 0 0 0.940308 -0.183042 0 0.0525163 0.269782 0.917684 -0.183042 -0.940308 0.286908 0 0 0 1 0 0 1 -1 
360.279 -109.888 194.176 1.59173 0.702928 0.0710245 0.438583 0 0.927888 -0.177001 0 0.0580863 0.304504 0.892305 -0.177001 -0.927888 0.328169 0 0 0 1 0 0 1 -1 
359.983 -110.696 194.53 1.57676 0.897705 0.128663 0.374886 0 0.799303 -0.433336 0 0.180413 0.332778 0.826665 -0.433336 -0.799303 0.416335 0 0 0 1 0 0 1 -1 
359.537 -111.404 194.925 1.56901 0.793059 0.222085 0.296114 0 0.740176 -0.521053 0 0.221459 0.314591 0.819357 -0.521053 -0.740176 0.425021 0 0 0 1 0 0 1 -1 
359.04 -112.088 195.302 1.57631 0.781357 0.252021 0.325772 0 0.757808 -0.526747 0 0.202825 0.291795 0.851735 -0.526747 -0.757808 0.385051 0 0 0 1 0 0 1 -1 
358.578 -112.813 195.655 1.60612 0.766471 0.231433 0.0946685 0 0.792429 -0.471347 0 0.182484 0.306792 0.850112 -0.471347 -0.792429 0.387154 0 0 0 1 0 0 1 -1 
358.16 -113.565 196.008 1.65109 0.668303 0.242645 0 0 0.829234 -0.42878 0 0.153716 0.297277 0.87148 -0.42878 -0.829234 0.358497 0 0 0 1 0 0 1 -1 
357.759 -114.338 196.34 1.69845 0.656193 0.197201 0 0 0.814672 -0.444973 0 0.165485 0.302975 0.861692 -0.444973 -0.814672 0.371898 0 0 0 1 0 0 1 -1 
357.328 -115.075 196.709 1.7259 0.614997 0.130956 0.115823 0 0.769391 -0.480198 0 0.202281 0.324102 0.822553 -0.480198 -0.769391 0.421244 0 0 0 1 0 0 1 -1 
356.867 -115.771 197.116 1.72131 0.665316 0.148586 0.221071 0 0.732552 -0.512372 0 0.229622 0.328296 0.799158 -0.512372 -0.732552 0.448154 0 0 0 1 0 0 1 -1 
356.375 -116.433 197.539 1.67801 0.699959 0.206538 0 0 0.706753 -0.527883 0 0.248632 0.33288 0.77816 -0.527883 -0.706753 0.470999 0 0 0 1 0 0 1 -1 
355.974 -117.152 197.954 1.61003 0.724719 0.175504 0.362336 0 0.866805 -0.325327 0 0.122942 0.327568 0.857189 -0.325327 -0.866805 0.377903 0 0 0 1 0 0 1 -1 
355.728 -118.016 198.238 1.52157 0.726272 0.152764 0.710503 0 0.944775 -0.206585 0 0.0525568 0.240358 0.935277 -0.206585 -0.944775 0.254408 0 0 0 1 0 0 1 -1 
355.562 -118.938 198.455 1.41461 0.675363 0.12207 0.907912 0 0.967038 -0.15544 0 0.0313497 0.195035 0.959324 -0.15544 -0.967038 0.201683 0 0 0 1 0 0 1 -1 
355.392 -119.871 198.666 1.29389 0.610564 0.196821 0 0 0.933953 -0.223246 0 0.0623067 0.260661 0.922106 -0.223246 -0.933953 0.279094 0 0 0 1 0 0 1 -1 
355.13 -120.671 199.065 1.16806 0.477407 0.172272 0 0 0.772362 -0.314004 0 0.173374 0.426452 0.695142 -0.314004 -0.772362 0.55214 0 0 0 1 0 0 1 -1 
354.815 -121.344 199.611 1.048 0.445646 0.162653 0.462977 0 0.69271 -0.349291 0 0.220399 0.437093 0.601852 -0.349291 -0.69271 0.63099 0 0 0 1 0 0 1 -1 
354.595 -121.959 200.254 0.940675 0.382754 0.16819 0.0848988 0 0.616876 -0.127058 0 0.0986908 0.47915 0.396679 -0.127058 -0.616876 0.776737 0 0 0 1 0 0 1 -1 
354.68 -122.471 200.967 0.851292 0.372002 0.237873 1.02948 0 0.537491 0.364073 0 -0.276924 0.408831 0.421445 0.364073 -0.537491 0.760628 0 0 0 1 0 0 1 -1 
355.153 -122.913 201.574 0.781605 0.756458 0.231769 1.20328 0 0.472626 0.724314 0 -0.363598 0.237253 0.748006 0.724314 -0.472626 0.50199 0 0 0 1 0 0 1 -1 
355.917 -123.293 201.861 0.732792 0.497197 0.131212 0.921624 0 0.361681 0.871014 0 -0.289568 0.12024 0.889477 0.871014 -0.361681 0.332449 0 0 0 1 0 0 1 -1 
356.645 -123.515 202.329 0.690729 0.712798 0.141094 0 0 0.0539508 0.776233 0 -0.487578 0.0338883 0.605448 0.776233 -0.0539508 0.628134 0 0 0 1 0 0 1 -1 
357.364 -123.382 202.83 0.639141 0.463569 0.376636 0 0 -0.245848 0.811536 0 -0.430166 -0.130315 0.719032 0.811536 0.245848 0.530064 0 0 0 1 0 0 1 -1 
358.077 -123.254 203.389 0.56428 0.641904 0.322234 0.463002 0 0.0164918 0.75775 0 -0.494308 0.0107582 0.574457 0.75775 -0.0164918 0.652336 0 0 0 1 0 0 1 -1 
358.756 -123.219 203.982 0.471566 0.565969 0.244794 0.500475 0 -0.277779 0.757535 0 -0.44751 -0.164096 0.65102 0.757535 0.277779 0.590746 0 0 0 1 0 0 1 -1 
359.432 -122.811 204.425 0.387365 0.878263 0.242244 0.0224508 0 -0.534906 0.696059 0 -0.333366 -0.256184 0.770623 0.696059 0.534906 0.478933 0 0 0 1 0 0 1 -1 
359.896 -122.4 204.834 0.344212 0.828332 0.0273908 0.037418 0 -0.535542 0.551161 0 -0.352664 -0.34267 0.590583 0.551161 0.535542 0.639857 0 0 0 1 0 0 1 -1 
359.945 -122.354 204.885 0.344212 0.895226 0.0273908 0.037418 0 -0.515704 0.787923 0 -0.26513 -0.173531 0.886773 0.787923 0.515704 0.336493 0 0 0 1 0 0 1 -1 
ObjectType = Tube
ObjectSubType = Vessel
NDims = 3
ID = 46
ParentID = 50
Color = 0.1 0.8 0.8 1
BinaryData = False
TransformMatrix = 1 0 0 0 1 0 0 0 1
Offset = 0 0 0
CenterOfRotation = 0 0 0
ElementSpacing = 1 1 1
Root = False
Artery = True
PointDim = x y z r rn mn bn mk v1x v1y v1z v2x v2y v2z tx ty tz a1 a2 a3 red green blue alpha id
NPoints = 22
Points = 
345.277 -61.1314 187.204 0.255597 0.281704 0.0237892 2 0 0.646117 -0.259958 0 0.186547 0.463656 0.485045 -0.259958 -0.646117 0.717604 0 0 0 1 0 0 1 -1 
345.045 -61.4606 187.706 0.25827 0.681865 0.191443 1.38157 0 0.319375 -0.357737 0 0.313918 0.280255 0.229977 -0.357737 -0.319375 0.87751 0 0 0 1 0 0 1 -1 
344.752 -61.5699 188.476 0.275647 0.869506 0.40315 0.494588 0 -0.0297953 -0.436311 0 0.392376 -0.026795 0.191255 -0.436311 0.0297953 0.899302 0 0 0 1 0 0 1 -1 
344.221 -61.431 189.161 0.303374 0.599129 0.143776 0.767663 0 -0.214125 -0.67961 0 0.476833 -0.150236 0.507719 -0.67961 0.214125 0.701627 0 0 0 1 0 0 1 -1 
343.722 -61.2877 189.901 0.326711 0.870237 0.157593 0.689496 0 -0.0829175 -0.360321 0 0.334787 -0.0770416 0.136707 -0.360321 0.0829175 0.929136 0 0 0 1 0 0 1 -1 
343.465 -61.2655 190.803 0.342001 0.887152 0.180546 1.48287 0 0.0488863 -0.285178 0 0.27298 0.0467953 0.0837165 -0.285178 -0.0488863 0.957227 0 0 0 1 0 0 1 -1 
343.121 -61.4871 191.613 0.359361 0.599597 0.154037 0.554627 0 0.434684 -0.428238 0 0.339272 0.344379 0.372338 -0.428238 -0.434684 0.792251 0 0 0 1 0 0 1 -1 
342.735 -61.886 192.343 0.393914 0.629946 -0.0351677 1.6 0 0.380625 -0.41402 0 0.34234 0.314727 0.316288 -0.41402 -0.380625 0.826869 0 0 0 1 0 0 1 -1 
342.482 -62.2022 193.155 0.452277 0.63263 0.169901 0 0 0.328731 -0.0933182 0 0.0877007 0.308942 0.116772 -0.0933182 -0.328731 0.939802 0 0 0 1 0 0 1 -1 
342.506 -62.5287 194.033 0.522266 0.389458 0.0743876 0.531751 0 0.367474 0.122249 0 -0.112709 0.338798 0.149982 0.122249 -0.367474 0.921964 0 0 0 1 0 0 1 -1 
342.516 -62.8991 194.925 0.587299 0.423955 0.12038 0.366391 0 0.428237 -0.282646 0 0.242602 0.367567 0.263275 -0.282646 -0.428237 0.858327 0 0 0 1 0 0 1 -1 
341.97 -63.3144 195.393 0.639044 0.34482 0.138358 0.789556 0 0.520228 -0.83435 0 0.15208 0.0948237 0.966776 -0.83435 -0.520228 0.182273 0 0 0 1 0 0 1 -1 
341.194 -63.8709 195.43 0.688548 0.324099 0.123741 0 0 0.6062 -0.785042 0 0.10001 0.0772269 0.983771 -0.785042 -0.6062 0.127395 0 0 0 1 0 0 1 -1 
340.524 -64.2993 195.832 0.747977 0.305305 0.18968 0.427063 0 0.350614 -0.66231 0 0.438535 0.232152 0.561585 -0.66231 -0.350614 0.662129 0 0 0 1 0 0 1 -1 
339.938 -64.6425 196.469 0.821352 0.290171 0.217512 0.390556 0 0.404197 -0.617206 0 0.41664 0.27285 0.544319 -0.617206 -0.404197 0.675042 0 0 0 1 0 0 1 -1 
339.347 -64.9946 197.114 0.901765 0.334475 0.183151 0.826504 0 0.281868 -0.62696 0 0.455344 0.204713 0.472528 -0.62696 -0.281868 0.726273 0 0 0 1 0 0 1 -1 
338.766 -65.1378 197.852 0.978617 0.410532 0.144669 1.40188 0 0.028812 -0.604406 0 0.481201 0.0229388 0.366137 -0.604406 -0.028812 0.796155 0 0 0 1 0 0 1 -1 
338.206 -64.9695 198.572 1.04432 0.827006 0.0999751 1.66258 0 -0.458939 -0.567995 0 0.388052 -0.313545 0.533243 -0.567995 0.458939 0.683196 0 0 0 1 0 0 1 -1 
337.65 -64.3733 199.052 1.09362 0.549175 0.0719968 1.95065 0 -0.707756 -0.684957 0 0.11847 -0.122414 0.970085 -0.684957 0.707756 0.17296 0 0 0 1 0 0 1 -1 
336.903 -63.6963 199.176 1.12551 0.406199 0.0268636 2 0 -0.608106 -0.69128 0 0.26981 -0.237347 0.847662 -0.69128 0.608106 0.390306 0 0 0 1 0 0 1 -1 
336.425 -63.1532 199.751 1.14308 0.713496 -0.0100044 2 0 -0.566764 -0.371908 0 0.273413 -0.416663 0.459537 -0.371908 0.566764 0.735162 0 0 0 1 0 0 1 -1 
336.339 -63.008 199.941 1.1473 0.658376 -0.00265927 0 0 -0.66093 0.244581 0 -0.173524 -0.468912 0.496648 0.244581 0.66093 0.709473 0 0 0 1 0 0 1 -1 
ObjectType = Tube
ObjectSubType = Vessel
NDims = 3
ID = 47
ParentID = 50
Color = 0.1 0.8 0.8 1
BinaryData = False
TransformMatrix = 1 0 0 0 1 0 0 0 1
Offset = 0 0 0
CenterOfRotation = 0 0 0
ElementSpacing = 1 1 1
Root = False
Artery = True
PointDim = x y z r rn mn bn mk v1x v1y v1z v2x v2y v2z tx ty tz a1 a2 a3 red green blue alpha id
NPoints = 23
Points = 
331.84 -67.5094 187.031 0.292545 0.583105 0 0 0 0.460009 -0.787831 0 0.32264 0.188387 0.832286 -0.787831 -0.460009 0.409529 0 0 0 1 0 0 1 -1 
331.3 -67.6918 187.411 0.29144 0.462407 -0.0091133 0 0 0.111847 -0.647306 0 0.488055 0.0843301 0.431514 -0.647306 -0.111847 0.75398 0 0 0 1 0 0 1 -1 
331.043 -67.7361 188.175 0.284096 0.622221 0.242981 0.386881 0 0.040284 -0.0826012 0 0.0822516 0.0401135 0.00844575 -0.0826012 -0.040284 0.995768 0 0 0 1 0 0 1 -1 
331.056 -67.7603 189.073 0.271648 0.57499 0.400705 0.269429 0 0.0130593 0.0649378 0 -0.0647952 0.0130306 0.00438746 0.0649378 -0.0130593 0.997804 0 0 0 1 0 0 1 -1 
331.114 -67.766 189.999 0.260207 0.63557 0.439425 0.287737 0 0.00218078 0.0495239 0 -0.049463 0.0021781 0.00245738 0.0495239 -0.00218078 0.998771 0 0 0 1 0 0 1 -1 
331.148 -67.767 190.926 0.254143 0.661116 0.535648 0.20946 0 0.000507002 0.0373914 0 -0.0373652 0.000506647 0.00139837 0.0373914 -0.000507002 0.999301 0 0 0 1 0 0 1 -1 
331.213 -67.7731 191.849 0.259144 0.799678 0.490763 0.267027 0 0.0472666 0.0287916 0 -0.0287474 0.0471941 0.00306309 0.0287916 -0.0472666 0.998467 0 0 0 1 0 0 1 -1 
331.075 -67.8775 192.718 0.278427 0.908238 0.261683 0.4 0 0.151761 -0.293589 0 0.277092 0.143233 0.109226 -0.293589 -0.151761 0.943808 0 0 0 1 0 0 1 -1 
330.773 -68.0109 193.588 0.319236 0.809425 -0.00489011 0.4 0 0.125159 -0.315081 0 0.29642 0.117747 0.114941 -0.315081 -0.125159 0.940776 0 0 0 1 0 0 1 -1 
330.525 -68.082 194.49 0.387933 0.950923 0.0802839 0 0 0.00445973 -0.198508 0 0.194556 0.00437094 0.0394254 -0.198508 -0.00445973 0.980089 0 0 0 1 0 0 1 -1 
330.514 -68.0696 195.483 0.48377 0.708302 0.0599734 0 0 0.0615543 0.20772 0 -0.202787 0.0600923 0.0469366 0.20772 -0.0615543 0.97625 0 0 0 1 0 0 1 -1 
330.648 -68.1757 196.598 0.60327 0.421323 0.0773961 0 0 0.041951 -0.17627 0 0.173353 0.0412566 0.0328312 -0.17627 -0.041951 0.983447 0 0 0 1 0 0 1 -1 
330.22 -68.1652 197.401 0.726347 0.492458 0.152819 0 0 -0.0253124 -0.685147 0 0.498763 -0.0184266 0.470067 -0.685147 0.0253124 0.727965 0 0 0 1 0 0 1 -1 
329.624 -68.294 198.047 0.829509 0.452449 0.135212 0 0 0.381735 -0.596441 0 0.42113 0.269532 0.501463 -0.596441 -0.381735 0.706071 0 0 0 1 0 0 1 -1 
329.113 -68.7704 198.608 0.881783 0.536913 0.0682338 0.795402 0 0.595931 -0.542716 0 0.321225 0.352721 0.649674 -0.542716 -0.595931 0.591883 0 0 0 1 0 0 1 -1 
328.541 -69.3111 199.084 0.8657 0.621056 0.0513862 1.37034 0 0.596559 -0.715986 0 0.259619 0.216314 0.868518 -0.715986 -0.596559 0.362604 0 0 0 1 0 0 1 -1 
327.866 -69.9059 199.365 0.763696 0.590126 -0.00483047 0 0 0.644371 -0.676767 0 0.240963 0.229429 0.873228 -0.676767 -0.644371 0.356051 0 0 0 1 0 0 1 -1 
327.344 -70.4251 199.871 0.611871 0.656653 0.0589872 0.0739011 0 0.439015 -0.4247 0 0.336264 0.347598 0.373104 -0.4247 -0.439015 0.791767 0 0 0 1 0 0 1 -1 
327.085 -70.6723 200.7 0.449272 0.935349 0.017564 0.0739011 0 0.19841 -0.189472 0 0.182202 0.190797 0.0752661 -0.189472 -0.19841 0.961631 0 0 0 1 0 0 1 -1 
326.964 -70.8149 201.638 0.320865 0.999312 0.270918 0 0 0.0524208 -0.0806183 0 0.0802447 0.0521778 0.00924725 -0.0806183 -0.0524208 0.995366 0 0 0 1 0 0 1 -1 
326.859 -70.7878 202.443 0.241833 0.640216 0.413394 0.734941 0 -0.0811432 -0.252874 0 0.243794 -0.0782294 0.0705297 -0.252874 0.0811432 0.96409 0 0 0 1 0 0 1 -1 
326.746 -70.7283 202.775 0.221736 0.845731 0.106459 0.770819 0 -0.694698 -0.242375 0 0.164145 -0.470475 0.54135 -0.242375 0.694698 0.677237 0 0 0 1 0 0 1 -1 
326.752 -70.715 202.771 0.221736 0.475207 0.106459 0.770819 0 -0.880496 0.41882 0 0.0930082 0.195534 0.950684 0.41882 0.880496 -0.222072 0 0 0 1 0 0 1 -1 
ObjectType = Tube
ObjectSubType = Vessel
NDims = 3
ID = 48
ParentID = 50
Color = 0.1 0.8 0.8 1
BinaryData = False
TransformMatrix = 1 0 0 0 1 0 0 0 1
Offset = 0 0 0
CenterOfRotation = 0 0 0
ElementSpacing = 1 1 1
Root = False
Artery = True
PointDim = x y z r rn mn bn mk v1x v1y v1z v2x v2y v2z tx ty tz a1 a2 a3 red green blue alpha id
NPoints = 26
Points = 
359.068 -63.1712 212.335 0.177566 0.903082 0 0 0 0.585684 0.488398 0 0.31593 -0.378862 0.581559 0.488398 -0.585684 -0.64687 0 0 0 1 0 0 1 -1 
359.394 -63.5641 211.922 0.178529 0.851723 0 0 0 0.605586 0.552939 0 0.316445 -0.346575 0.672476 0.552939 -0.605586 -0.572297 0 0 0 1 0 0 1 -1 
359.909 -64.1161 211.525 0.185573 0.678513 0.000489794 0.4 0 0.669927 0.655831 0 0.22821 -0.233115 0.878916 0.655831 -0.669927 -0.347971 0 0 0 1 0 0 1 -1 
360.597 -64.5683 211.211 0.200561 0.656962 0.462713 1.99825 0 0.254495 0.85516 0 0.386182 -0.114927 0.796066 0.85516 -0.254495 -0.45159 0 0 0 1 0 0 1 -1 
361.412 -64.7264 210.82 0.221365 0.724917 0.474545 0.34388 0 0.137323 0.902898 0 0.367777 -0.0559356 0.834083 0.902898 -0.137323 -0.407329 0 0 0 1 0 0 1 -1 
362.218 -64.789 210.362 0.243945 0.862338 -0.0315461 2 0 -0.00989614 0.844436 0 0.45225 0.00530002 0.713171 0.844436 0.00989614 -0.535565 0 0 0 1 0 0 1 -1 
362.799 -64.5774 209.765 0.26449 0.883387 0.274999 1.17164 0 -0.493 0.178241 0 0.151786 0.419827 0.274818 0.178241 0.493 -0.851576 0 0 0 1 0 0 1 -1 
362.654 -64.1871 208.879 0.286658 0.45765 -0.0153353 2 0 -0.195621 -0.158443 0 -0.153341 0.189321 0.0633718 -0.158443 0.195621 -0.967796 0 0 0 1 0 0 1 -1 
362.762 -64.0704 207.787 0.325279 0.562826 -0.00433266 0.4 0 -0.212711 0.204528 0 0.19542 0.203239 0.0870777 0.204528 0.212711 -0.95547 0 0 0 1 0 0 1 -1 
362.68 -63.7306 206.895 0.40436 0.854454 0.0729493 0.0754621 0 -0.291917 -0.304961 0 -0.276454 0.26463 0.178217 -0.304961 0.291917 -0.906523 0 0 0 1 0 0 1 -1 
362.417 -63.3153 206.032 0.531898 0.86184 0.0927824 0.155949 0 -0.520124 -0.177842 0 -0.148564 0.434496 0.302157 -0.177842 0.520124 -0.83537 0 0 0 1 0 0 1 -1 
362.449 -62.973 204.997 0.697666 0.613338 0.0359937 1.22841 0 -0.0485244 0.179418 0 0.176292 0.0476789 0.0345455 0.179418 0.0485244 -0.982575 0 0 0 1 0 0 1 -1 
362.558 -63.0604 203.959 0.854635 0.750467 0.0122009 1.30977 0 0.14452 -0.0326275 0 -0.0322674 -0.142925 0.0219505 -0.0326275 -0.14452 -0.988964 0 0 0 1 0 0 1 -1 
362.513 -63.3365 202.997 0.964084 0.642964 0.0344529 0.145953 0 0.470585 0.0343523 0 0.0302879 -0.414908 0.22263 0.0343523 -0.470585 -0.881686 0 0 0 1 0 0 1 -1 
362.437 -63.8812 202.167 1.01611 0.76879 0.150263 0 0 0.504097 -0.308676 0 -0.248978 -0.406605 0.349395 -0.308676 -0.504097 -0.806601 0 0 0 1 0 0 1 -1 
361.977 -64.2442 201.467 1.03064 0.768995 0.137249 0.305068 0 0.288611 -0.644619 0 -0.456348 -0.204317 0.49883 -0.644619 -0.288611 -0.707934 0 0 0 1 0 0 1 -1 
361.325 -64.396 200.852 1.01397 0.793784 0.200016 0.43808 0 0.0446382 -0.775673 0 -0.488328 -0.0281022 0.603662 -0.775673 -0.0446382 -0.629554 0 0 0 1 0 0 1 -1 
360.579 -64.348 200.322 0.956903 0.820124 0.141352 0.236897 0 -0.130511 -0.827492 0 -0.451892 0.071272 0.701777 -0.827492 0.130511 -0.546098 0 0 0 1 0 0 1 -1 
359.831 -64.1953 199.82 0.841068 0.943572 0.25581 0 0 -0.193308 -0.756273 0 -0.472706 0.120827 0.609317 -0.756273 0.193308 -0.625047 0 0 0 1 0 0 1 -1 
359.487 -64.0098 199.169 0.682082 0.547097 0.342422 0 0 -0.267631 -0.147866 0 -0.140784 0.254814 0.0934907 -0.147866 0.267631 -0.952108 0 0 0 1 0 0 1 -1 
359.41 -63.7458 198.328 0.519838 0.563675 0.315567 0 0 -0.339877 -0.0842862 0 -0.0789497 0.318358 0.122621 -0.0842862 0.339877 -0.936685 0 0 0 1 0 0 1 -1 
359.265 -63.3915 197.495 0.39621 0.59762 0.220797 0.168965 0 -0.431946 -0.32075 0 -0.270372 0.364103 0.289458 -0.32075 0.431946 -0.842936 0 0 0 1 0 0 1 -1 
358.775 -62.9771 196.837 0.316931 0.531509 -0.0145476 0 0 -0.49569 -0.615437 0 -0.377142 0.303761 0.62447 -0.615437 0.49569 -0.612805 0 0 0 1 0 0 1 -1 
358.368 -62.4188 196.21 0.277729 0.914799 0 0 0 -0.633442 -0.248595 0 -0.182163 0.464167 0.463049 -0.248595 0.633442 -0.73277 0 0 0 1 0 0 1 -1 
358.212 -62.056 195.706 0.265798 0.654207 0 0 0 -0.335726 -0.31428 0 -0.279075 0.29812 0.211484 -0.31428 0.335726 -0.887984 0 0 0 1 0 0 1 -1 
358.206 -62.0534 195.701 0.265798 0.979367 0 0 0 -0.327839 -0.773817 0 -0.419384 0.177678 0.706271 -0.773817 0.327839 -0.541967 0 0 0 1 0 0 1 -1 
ObjectType = Tube
ObjectSubType = Vessel
NDims = 3
ID = 49
ParentID = 50
Color = 0.1 0.8 0.8 1
BinaryData = False
TransformMatrix = 1 0 0 0 1 0 0 0 1
Offset = 0 0 0
CenterOfRotation = 0 0 0
ElementSpacing = 1 1 1
Root = False
Artery = True
PointDim = x y z r rn mn bn mk v1x v1y v1z v2x v2y v2z tx ty tz a1 a2 a3 red green blue alpha id
NPoints = 25
Points = 
337 -112.638 198.511 0.151225 0.482377 0.0781508 0 0 -0.420642 -0.90566 0 0.0482686 -0.0224188 0.997159 -0.90566 0.420642 0.0532966 0 0 0 1 0 0 1 -1 
336.329 -112.395 198.659 0.151193 0.371464 0.0369313 0 0 -0.225666 -0.89953 0 0.336477 -0.0844123 0.86008 -0.89953 0.225666 0.374059 0 0 0 1 0 0 1 -1 
335.63 -112.271 199.123 0.150981 0.474021 0.10765 0 0 -0.0812297 -0.741587 0 0.493838 -0.0540926 0.55655 -0.741587 0.0812297 0.66592 0 0 0 1 0 0 1 -1 
334.988 -112.293 199.761 0.150884 0.704777 0.347623 0.857189 0 0.143561 -0.726017 0 0.488264 0.0965481 0.547711 -0.726017 -0.143561 0.672524 0 0 0 1 0 0 1 -1 
334.253 -112.502 200.265 0.152698 0.685639 0.0130621 1.32322 0 0.273732 -0.858259 0 0.37259 0.118833 0.811537 -0.858259 -0.273732 0.434123 0 0 0 1 0 0 1 -1 
333.44 -112.763 200.651 0.159311 0.581228 0.244796 2 0 0.271559 -0.854455 0 0.37844 0.120274 0.803837 -0.854455 -0.271559 0.442903 0 0 0 1 0 0 1 -1 
332.643 -112.901 201.102 0.177386 0.820731 0.13718 1.4164 0 -0.0727326 -0.878594 0 0.414695 -0.0343297 0.777217 -0.878594 0.0727326 0.471999 0 0 0 1 0 0 1 -1 
331.809 -112.707 201.478 0.211732 0.774038 0.160024 0 0 -0.214293 -0.917447 0 0.307542 -0.0718343 0.887631 -0.917447 0.214293 0.335215 0 0 0 1 0 0 1 -1 
330.898 -112.547 201.745 0.270328 0.726234 0.158967 0 0 -0.138126 -0.956006 0 0.247407 -0.0357461 0.933026 -0.956006 0.138126 0.258793 0 0 0 1 0 0 1 -1 
330.007 -112.401 202.067 0.356861 0.59512 -0.0411279 0 0 -0.21849 -0.898969 0 0.341273 -0.0829444 0.855884 -0.898969 0.21849 0.379626 0 0 0 1 0 0 1 -1 
329.177 -112.082 202.315 0.465147 0.480256 0.268008 0 0 -0.438764 -0.887175 0 0.126734 -0.0626781 0.979593 -0.887175 0.438764 0.142852 0 0 0 1 0 0 1 -1 
328.359 -111.65 202.395 0.585289 0.424962 0.0756836 0.42345 0 -0.469806 -0.881334 0 0.044352 -0.0236424 0.997468 -0.881334 0.469806 0.0503237 0 0 0 1 0 0 1 -1 
327.525 -111.231 202.407 0.705449 0.352084 0.0261049 0 0 -0.41472 -0.909835 0 -0.0130905 0.00596689 0.999793 -0.909835 0.41472 -0.0143877 0 0 0 1 0 0 1 -1 
326.657 -110.9 202.438 0.823735 0.333791 0.161126 0 0 -0.29354 -0.949292 0 0.10689 -0.0330525 0.987321 -0.949292 0.29354 0.112599 0 0 0 1 0 0 1 -1 
325.77 -110.66 202.586 0.942979 0.383779 0.211101 0 0 -0.245743 -0.955264 0 0.157199 -0.0404397 0.97292 -0.955264 0.245743 0.164561 0 0 0 1 0 0 1 -1 
324.878 -110.405 202.689 1.06244 0.437222 0.177741 0 0 -0.31187 -0.949479 0 0.033258 -0.0109241 0.998773 -0.949479 0.31187 0.0350277 0 0 0 1 0 0 1 -1 
324.01 -110.073 202.637 1.17221 0.467089 0.214222 0 0 -0.399104 -0.905694 0 -0.129471 0.0570528 0.979565 -0.905694 0.399104 -0.142952 0 0 0 1 0 0 1 -1 
323.192 -109.663 202.461 1.25802 0.466714 0.190045 0.0483605 0 -0.470901 -0.861133 0 -0.164975 0.0902147 0.963297 -0.861133 0.470901 -0.191579 0 0 0 1 0 0 1 -1 
322.342 -109.267 202.382 1.2974 0.362477 0.175538 0.32254 0 -0.328839 -0.944358 0 0.00680861 -0.00237086 0.999948 -0.944358 0.328839 0.00720978 0 0 0 1 0 0 1 -1 
321.364 -109.062 202.401 1.26578 0.313658 0.0518303 0.653552 0 -0.109583 -0.993008 0 0.0435979 -0.00481121 0.998072 -0.993008 0.109583 0.0439049 0 0 0 1 0 0 1 -1 
320.467 -108.944 202.368 1.15754 0.350664 0.114004 0 0 -0.261822 -0.855423 0 -0.382271 0.117003 0.800299 -0.855423 0.261822 -0.446879 0 0 0 1 0 0 1 -1 
320.382 -108.711 201.898 0.979345 0.467297 0.185639 0 0 -0.515268 0.0991429 0 0.0843978 0.438635 0.275331 0.0991429 0.515268 -0.851275 0 0 0 1 0 0 1 -1 
320.381 -108.209 201.232 0.796539 0.63594 0.221651 0 0 -0.561023 -0.152474 0 -0.124058 0.456469 0.337995 -0.152474 0.561023 -0.813637 0 0 0 1 0 0 1 -1 
320.184 -107.826 200.578 0.681541 0.553845 0.0850456 0 0 -0.486019 -0.315867 0 -0.257391 0.396042 0.335987 -0.315867 0.486019 -0.81487 0 0 0 1 0 0 1 -1 
320.151 -107.77 200.476 0.671284 0.223467 0.0642278 0 0 0.494494 0.534712 0 0.366408 -0.338849 0.530441 0.534712 -0.494494 -0.685244 0 0 0 1 0 0 1 -1 
