ObjectType = Scene
NDims = 3
NObjects = 3
ObjectType = Group
NDims = 3
ID = 0
Color = 1 0 0 1
BinaryData = False
TransformMatrix = 1 0 0 0 1 0 0 0 1
Offset = 0 0 0
CenterOfRotation = 0 0 0
ElementSpacing = 1 1 1
EndGroup = 
ObjectType = Tube
ObjectSubType = Vessel
NDims = 3
ID = 1
ParentID = 0
Color = 0.8 0.1 0.8 1
BinaryData = False
TransformMatrix = 1 0 0 0 1 0 0 0 1
Offset = 0 0 0
CenterOfRotation = 0 0 0
ElementSpacing = 1 1 1
Root = False
Artery = True
PointDim = id x y z red green blue alpha mark r rn mn bn cv lv ro in tx ty tz v1x v1y v1z v2x v2y v2z a1 a2 a3
NPoints = 1001
Points = 
-1 2.9656 64.2757 53.8882 1 0 0 1 0 4.92137 0 0 0 0 0 0 0 0 0 0 0 0 0 0 0 0 0 0 0 
-1 2.96515 64.2765 53.9882 1 0 0 1 0 4.91252 0 0 0 0 0 0 0 0 0 0 0 0 0 0 0 0 0 0 0 
-1 2.96819 64.2773 54.0883 1 0 0 1 0 4.90366 0 0 0 0 0 0 0 0 0 0 0 0 0 0 0 0 0 0 0 
-1 2.97483 64.278 54.1884 1 0 0 1 0 4.8948 0 0 0 0 0 0 0 0 0 0 0 0 0 0 0 0 0 0 0 
-1 2.98498 64.2787 54.2887 1 0 0 1 0 4.88594 0 0 0 0 0 0 0 0 0 0 0 0 0 0 0 0 0 0 0 
-1 2.99872 64.2794 54.389 1 0 0 1 0 4.87708 0 0 0 0 0 0 0 0 0 0 0 0 0 0 0 0 0 0 0 
-1 3.01596 64.2801 54.4894 1 0 0 1 0 4.86822 0 0 0 0 0 0 0 0 0 0 0 0 0 0 0 0 0 0 0 
-1 3.0367 64.2807 54.5899 1 0 0 1 0 4.85936 0 0 0 0 0 0 0 0 0 0 0 0 0 0 0 0 0 0 0 
-1 3.06104 64.2814 54.6905 1 0 0 1 0 4.85051 0 0 0 0 0 0 0 0 0 0 0 0 0 0 0 0 0 0 0 
-1 3.08887 64.282 54.7911 1 0 0 1 0 4.84165 0 0 0 0 0 0 0 0 0 0 0 0 0 0 0 0 0 0 0 
-1 3.12011 64.2825 54.8919 1 0 0 1 0 4.83279 0 0 0 0 0 0 0 0 0 0 0 0 0 0 0 0 0 0 0 
-1 3.15494 64.2831 54.9927 1 0 0 1 0 4.82393 0 0 0 0 0 0 0 0 0 0 0 0 0 0 0 0 0 0 0 
-1 3.19318 64.2836 55.0936 1 0 0 1 0 4.81507 0 0 0 0 0 0 0 0 0 0 0 0 0 0 0 0 0 0 0 
-1 3.23491 64.2841 55.1945 1 0 0 1 0 4.80621 0 0 0 0 0 0 0 0 0 0 0 0 0 0 0 0 0 0 0 
-1 3.28015 64.2846 55.2956 1 0 0 1 0 4.79736 0 0 0 0 0 0 0 0 0 0 0 0 0 0 0 0 0 0 0 
-1 3.32878 64.285 55.3967 1 0 0 1 0 4.7885 0 0 0 0 0 0 0 0 0 0 0 0 0 0 0 0 0 0 0 
-1 3.38081 64.2854 55.4979 1 0 0 1 0 4.77964 0 0 0 0 0 0 0 0 0 0 0 0 0 0 0 0 0 0 0 
-1 3.43614 64.2858 55.5992 1 0 0 1 0 4.77078 0 0 0 0 0 0 0 0 0 0 0 0 0 0 0 0 0 0 0 
-1 3.49497 64.2862 55.7005 1 0 0 1 0 4.76192 0 0 0 0 0 0 0 0 0 0 0 0 0 0 0 0 0 0 0 
-1 3.55709 64.2866 55.8019 1 0 0 1 0 4.75306 0 0 0 0 0 0 0 0 0 0 0 0 0 0 0 0 0 0 0 
-1 3.62252 64.2869 55.9035 1 0 0 1 0 4.74421 0 0 0 0 0 0 0 0 0 0 0 0 0 0 0 0 0 0 0 
-1 3.69135 64.2872 56.005 1 0 0 1 0 4.73535 0 0 0 0 0 0 0 0 0 0 0 0 0 0 0 0 0 0 0 
-1 3.76337 64.2875 56.1067 1 0 0 1 0 4.72649 0 0 0 0 0 0 0 0 0 0 0 0 0 0 0 0 0 0 0 
-1 3.83869 64.2878 56.2084 1 0 0 1 0 4.71763 0 0 0 0 0 0 0 0 0 0 0 0 0 0 0 0 0 0 0 
-1 3.91712 64.288 56.3102 1 0 0 1 0 4.70877 0 0 0 0 0 0 0 0 0 0 0 0 0 0 0 0 0 0 0 
-1 3.99884 64.2882 56.4121 1 0 0 1 0 4.69991 0 0 0 0 0 0 0 0 0 0 0 0 0 0 0 0 0 0 0 
-1 4.08376 64.2884 56.514 1 0 0 1 0 4.69105 0 0 0 0 0 0 0 0 0 0 0 0 0 0 0 0 0 0 0 
-1 4.17178 64.2886 56.616 1 0 0 1 0 4.6822 0 0 0 0 0 0 0 0 0 0 0 0 0 0 0 0 0 0 0 
-1 4.2629 64.2887 56.7181 1 0 0 1 0 4.67334 0 0 0 0 0 0 0 0 0 0 0 0 0 0 0 0 0 0 0 
-1 4.35702 64.2889 56.8203 1 0 0 1 0 4.66448 0 0 0 0 0 0 0 0 0 0 0 0 0 0 0 0 0 0 0 
-1 4.45424 64.289 56.9225 1 0 0 1 0 4.65562 0 0 0 0 0 0 0 0 0 0 0 0 0 0 0 0 0 0 0 
-1 4.55446 64.2891 57.0248 1 0 0 1 0 4.64676 0 0 0 0 0 0 0 0 0 0 0 0 0 0 0 0 0 0 0 
-1 4.65767 64.2891 57.1271 1 0 0 1 0 4.6379 0 0 0 0 0 0 0 0 0 0 0 0 0 0 0 0 0 0 0 
-1 4.76379 64.2892 57.2295 1 0 0 1 0 4.62905 0 0 0 0 0 0 0 0 0 0 0 0 0 0 0 0 0 0 0 
-1 4.8727 64.2892 57.332 1 0 0 1 0 4.62019 0 0 0 0 0 0 0 0 0 0 0 0 0 0 0 0 0 0 0 
-1 4.98452 64.2892 57.4346 1 0 0 1 0 4.61133 0 0 0 0 0 0 0 0 0 0 0 0 0 0 0 0 0 0 0 
-1 5.09923 64.2892 57.5372 1 0 0 1 0 4.60247 0 0 0 0 0 0 0 0 0 0 0 0 0 0 0 0 0 0 0 
-1 5.21664 64.2892 57.6399 1 0 0 1 0 4.59361 0 0 0 0 0 0 0 0 0 0 0 0 0 0 0 0 0 0 0 
-1 5.33675 64.2892 57.7426 1 0 0 1 0 4.58475 0 0 0 0 0 0 0 0 0 0 0 0 0 0 0 0 0 0 0 
-1 5.45956 64.2891 57.8454 1 0 0 1 0 4.57589 0 0 0 0 0 0 0 0 0 0 0 0 0 0 0 0 0 0 0 
-1 5.58498 64.289 57.9483 1 0 0 1 0 4.56704 0 0 0 0 0 0 0 0 0 0 0 0 0 0 0 0 0 0 0 
-1 5.71298 64.2889 58.0512 1 0 0 1 0 4.55818 0 0 0 0 0 0 0 0 0 0 0 0 0 0 0 0 0 0 0 
-1 5.84359 64.2888 58.1541 1 0 0 1 0 4.54932 0 0 0 0 0 0 0 0 0 0 0 0 0 0 0 0 0 0 0 
-1 5.9767 64.2887 58.2572 1 0 0 1 0 4.54046 0 0 0 0 0 0 0 0 0 0 0 0 0 0 0 0 0 0 0 
-1 6.11221 64.2885 58.3603 1 0 0 1 0 4.5316 0 0 0 0 0 0 0 0 0 0 0 0 0 0 0 0 0 0 0 
-1 6.25012 64.2883 58.4634 1 0 0 1 0 4.52274 0 0 0 0 0 0 0 0 0 0 0 0 0 0 0 0 0 0 0 
-1 6.39032 64.2881 58.5666 1 0 0 1 0 4.51388 0 0 0 0 0 0 0 0 0 0 0 0 0 0 0 0 0 0 0 
-1 6.53293 64.2879 58.6698 1 0 0 1 0 4.50503 0 0 0 0 0 0 0 0 0 0 0 0 0 0 0 0 0 0 0 
-1 6.67773 64.2877 58.7731 1 0 0 1 0 4.49617 0 0 0 0 0 0 0 0 0 0 0 0 0 0 0 0 0 0 0 
-1 6.82473 64.2875 58.8765 1 0 0 1 0 4.48731 0 0 0 0 0 0 0 0 0 0 0 0 0 0 0 0 0 0 0 
-1 6.97384 64.2872 58.9799 1 0 0 1 0 4.47845 0 0 0 0 0 0 0 0 0 0 0 0 0 0 0 0 0 0 0 
-1 7.12514 64.287 59.0833 1 0 0 1 0 4.46959 0 0 0 0 0 0 0 0 0 0 0 0 0 0 0 0 0 0 0 
-1 7.27834 64.2867 59.1868 1 0 0 1 0 4.46073 0 0 0 0 0 0 0 0 0 0 0 0 0 0 0 0 0 0 0 
-1 7.43364 64.2864 59.2903 1 0 0 1 0 4.45188 0 0 0 0 0 0 0 0 0 0 0 0 0 0 0 0 0 0 0 
-1 7.59085 64.2861 59.3939 1 0 0 1 0 4.44302 0 0 0 0 0 0 0 0 0 0 0 0 0 0 0 0 0 0 0 
-1 7.74985 64.2858 59.4975 1 0 0 1 0 4.43416 0 0 0 0 0 0 0 0 0 0 0 0 0 0 0 0 0 0 0 
-1 7.91065 64.2855 59.6012 1 0 0 1 0 4.4253 0 0 0 0 0 0 0 0 0 0 0 0 0 0 0 0 0 0 0 
-1 8.07325 64.2851 59.7049 1 0 0 1 0 4.41644 0 0 0 0 0 0 0 0 0 0 0 0 0 0 0 0 0 0 0 
-1 8.23755 64.2848 59.8086 1 0 0 1 0 4.40758 0 0 0 0 0 0 0 0 0 0 0 0 0 0 0 0 0 0 0 
-1 8.40345 64.2844 59.9124 1 0 0 1 0 4.39872 0 0 0 0 0 0 0 0 0 0 0 0 0 0 0 0 0 0 0 
-1 8.57094 64.284 60.0162 1 0 0 1 0 4.38987 0 0 0 0 0 0 0 0 0 0 0 0 0 0 0 0 0 0 0 
-1 8.73994 64.2837 60.12 1 0 0 1 0 4.38101 0 0 0 0 0 0 0 0 0 0 0 0 0 0 0 0 0 0 0 
-1 8.91044 64.2833 60.2239 1 0 0 1 0 4.37215 0 0 0 0 0 0 0 0 0 0 0 0 0 0 0 0 0 0 0 
-1 9.08224 64.2829 60.3278 1 0 0 1 0 4.36329 0 0 0 0 0 0 0 0 0 0 0 0 0 0 0 0 0 0 0 
-1 9.25543 64.2824 60.4318 1 0 0 1 0 4.35443 0 0 0 0 0 0 0 0 0 0 0 0 0 0 0 0 0 0 0 
-1 9.42983 64.282 60.5357 1 0 0 1 0 4.34557 0 0 0 0 0 0 0 0 0 0 0 0 0 0 0 0 0 0 0 
-1 9.60553 64.2816 60.6397 1 0 0 1 0 4.33672 0 0 0 0 0 0 0 0 0 0 0 0 0 0 0 0 0 0 0 
-1 9.78222 64.2812 60.7437 1 0 0 1 0 4.32786 0 0 0 0 0 0 0 0 0 0 0 0 0 0 0 0 0 0 0 
-1 9.96012 64.2807 60.8478 1 0 0 1 0 4.319 0 0 0 0 0 0 0 0 0 0 0 0 0 0 0 0 0 0 0 
-1 10.139 64.2803 60.9518 1 0 0 1 0 4.31014 0 0 0 0 0 0 0 0 0 0 0 0 0 0 0 0 0 0 0 
-1 10.3188 64.2798 61.0559 1 0 0 1 0 4.30128 0 0 0 0 0 0 0 0 0 0 0 0 0 0 0 0 0 0 0 
-1 10.4995 64.2793 61.16 1 0 0 1 0 4.29242 0 0 0 0 0 0 0 0 0 0 0 0 0 0 0 0 0 0 0 
-1 10.681 64.2789 61.2642 1 0 0 1 0 4.28356 0 0 0 0 0 0 0 0 0 0 0 0 0 0 0 0 0 0 0 
-1 10.8633 64.2784 61.3683 1 0 0 1 0 4.27471 0 0 0 0 0 0 0 0 0 0 0 0 0 0 0 0 0 0 0 
-1 11.0463 64.2779 61.4725 1 0 0 1 0 4.26585 0 0 0 0 0 0 0 0 0 0 0 0 0 0 0 0 0 0 0 
-1 11.2299 64.2774 61.5766 1 0 0 1 0 4.25699 0 0 0 0 0 0 0 0 0 0 0 0 0 0 0 0 0 0 0 
-1 11.414 64.2769 61.6808 1 0 0 1 0 4.24813 0 0 0 0 0 0 0 0 0 0 0 0 0 0 0 0 0 0 0 
-1 11.5986 64.2764 61.785 1 0 0 1 0 4.23927 0 0 0 0 0 0 0 0 0 0 0 0 0 0 0 0 0 0 0 
-1 11.7837 64.2759 61.8892 1 0 0 1 0 4.23041 0 0 0 0 0 0 0 0 0 0 0 0 0 0 0 0 0 0 0 
-1 11.9691 64.2754 61.9934 1 0 0 1 0 4.22156 0 0 0 0 0 0 0 0 0 0 0 0 0 0 0 0 0 0 0 
-1 12.1547 64.2749 62.0977 1 0 0 1 0 4.2127 0 0 0 0 0 0 0 0 0 0 0 0 0 0 0 0 0 0 0 
-1 12.3406 64.2744 62.2019 1 0 0 1 0 4.20384 0 0 0 0 0 0 0 0 0 0 0 0 0 0 0 0 0 0 0 
-1 12.5267 64.2739 62.3061 1 0 0 1 0 4.19498 0 0 0 0 0 0 0 0 0 0 0 0 0 0 0 0 0 0 0 
-1 12.7129 64.2734 62.4103 1 0 0 1 0 4.18612 0 0 0 0 0 0 0 0 0 0 0 0 0 0 0 0 0 0 0 
-1 12.8991 64.2729 62.5146 1 0 0 1 0 4.17726 0 0 0 0 0 0 0 0 0 0 0 0 0 0 0 0 0 0 0 
-1 13.0852 64.2724 62.6188 1 0 0 1 0 4.1684 0 0 0 0 0 0 0 0 0 0 0 0 0 0 0 0 0 0 0 
-1 13.2712 64.2719 62.723 1 0 0 1 0 4.15955 0 0 0 0 0 0 0 0 0 0 0 0 0 0 0 0 0 0 0 
-1 13.4571 64.2714 62.8273 1 0 0 1 0 4.15069 0 0 0 0 0 0 0 0 0 0 0 0 0 0 0 0 0 0 0 
-1 13.6427 64.2709 62.9315 1 0 0 1 0 4.14183 0 0 0 0 0 0 0 0 0 0 0 0 0 0 0 0 0 0 0 
-1 13.828 64.2704 63.0357 1 0 0 1 0 4.13297 0 0 0 0 0 0 0 0 0 0 0 0 0 0 0 0 0 0 0 
-1 14.0129 64.2699 63.1399 1 0 0 1 0 4.12411 0 0 0 0 0 0 0 0 0 0 0 0 0 0 0 0 0 0 0 
-1 14.1974 64.2694 63.2441 1 0 0 1 0 4.11525 0 0 0 0 0 0 0 0 0 0 0 0 0 0 0 0 0 0 0 
-1 14.3814 64.269 63.3483 1 0 0 1 0 4.10639 0 0 0 0 0 0 0 0 0 0 0 0 0 0 0 0 0 0 0 
-1 14.5648 64.2685 63.4524 1 0 0 1 0 4.09754 0 0 0 0 0 0 0 0 0 0 0 0 0 0 0 0 0 0 0 
-1 14.7475 64.268 63.5566 1 0 0 1 0 4.08868 0 0 0 0 0 0 0 0 0 0 0 0 0 0 0 0 0 0 0 
-1 14.9294 64.2675 63.6607 1 0 0 1 0 4.07982 0 0 0 0 0 0 0 0 0 0 0 0 0 0 0 0 0 0 0 
-1 15.1107 64.267 63.7648 1 0 0 1 0 4.07096 0 0 0 0 0 0 0 0 0 0 0 0 0 0 0 0 0 0 0 
-1 15.2911 64.2666 63.8689 1 0 0 1 0 4.0621 0 0 0 0 0 0 0 0 0 0 0 0 0 0 0 0 0 0 0 
-1 15.4706 64.2661 63.973 1 0 0 1 0 4.05324 0 0 0 0 0 0 0 0 0 0 0 0 0 0 0 0 0 0 0 
-1 15.6492 64.2657 64.0771 1 0 0 1 0 4.04439 0 0 0 0 0 0 0 0 0 0 0 0 0 0 0 0 0 0 0 
-1 15.8267 64.2652 64.1811 1 0 0 1 0 4.03553 0 0 0 0 0 0 0 0 0 0 0 0 0 0 0 0 0 0 0 
-1 16.0031 64.2648 64.2851 1 0 0 1 0 4.02667 0 0 0 0 0 0 0 0 0 0 0 0 0 0 0 0 0 0 0 
-1 16.1783 64.2644 64.3891 1 0 0 1 0 4.01781 0 0 0 0 0 0 0 0 0 0 0 0 0 0 0 0 0 0 0 
-1 16.3524 64.2639 64.4931 1 0 0 1 0 4.00895 0 0 0 0 0 0 0 0 0 0 0 0 0 0 0 0 0 0 0 
-1 16.5251 64.2635 64.597 1 0 0 1 0 4.00009 0 0 0 0 0 0 0 0 0 0 0 0 0 0 0 0 0 0 0 
-1 16.6965 64.2631 64.7009 1 0 0 1 0 3.99123 0 0 0 0 0 0 0 0 0 0 0 0 0 0 0 0 0 0 0 
-1 16.8665 64.2627 64.8047 1 0 0 1 0 3.98238 0 0 0 0 0 0 0 0 0 0 0 0 0 0 0 0 0 0 0 
-1 17.035 64.2624 64.9086 1 0 0 1 0 3.97352 0 0 0 0 0 0 0 0 0 0 0 0 0 0 0 0 0 0 0 
-1 17.2019 64.262 65.0124 1 0 0 1 0 3.96466 0 0 0 0 0 0 0 0 0 0 0 0 0 0 0 0 0 0 0 
-1 17.3673 64.2616 65.1161 1 0 0 1 0 3.9558 0 0 0 0 0 0 0 0 0 0 0 0 0 0 0 0 0 0 0 
-1 17.531 64.2613 65.2198 1 0 0 1 0 3.94694 0 0 0 0 0 0 0 0 0 0 0 0 0 0 0 0 0 0 0 
-1 17.693 64.2609 65.3235 1 0 0 1 0 3.93808 0 0 0 0 0 0 0 0 0 0 0 0 0 0 0 0 0 0 0 
-1 17.8533 64.2606 65.4272 1 0 0 1 0 3.92923 0 0 0 0 0 0 0 0 0 0 0 0 0 0 0 0 0 0 0 
-1 18.0117 64.2603 65.5308 1 0 0 1 0 3.92037 0 0 0 0 0 0 0 0 0 0 0 0 0 0 0 0 0 0 0 
-1 18.1682 64.26 65.6343 1 0 0 1 0 3.91151 0 0 0 0 0 0 0 0 0 0 0 0 0 0 0 0 0 0 0 
-1 18.3228 64.2597 65.7379 1 0 0 1 0 3.90265 0 0 0 0 0 0 0 0 0 0 0 0 0 0 0 0 0 0 0 
-1 18.4754 64.2595 65.8413 1 0 0 1 0 3.89379 0 0 0 0 0 0 0 0 0 0 0 0 0 0 0 0 0 0 0 
-1 18.626 64.2592 65.9448 1 0 0 1 0 3.88493 0 0 0 0 0 0 0 0 0 0 0 0 0 0 0 0 0 0 0 
-1 18.7744 64.259 66.0481 1 0 0 1 0 3.87607 0 0 0 0 0 0 0 0 0 0 0 0 0 0 0 0 0 0 0 
-1 18.9207 64.2587 66.1515 1 0 0 1 0 3.86722 0 0 0 0 0 0 0 0 0 0 0 0 0 0 0 0 0 0 0 
-1 19.0647 64.2585 66.2547 1 0 0 1 0 3.85836 0 0 0 0 0 0 0 0 0 0 0 0 0 0 0 0 0 0 0 
-1 19.2065 64.2583 66.358 1 0 0 1 0 3.8495 0 0 0 0 0 0 0 0 0 0 0 0 0 0 0 0 0 0 0 
-1 19.346 64.2581 66.4612 1 0 0 1 0 3.84064 0 0 0 0 0 0 0 0 0 0 0 0 0 0 0 0 0 0 0 
-1 19.4831 64.258 66.5643 1 0 0 1 0 3.83178 0 0 0 0 0 0 0 0 0 0 0 0 0 0 0 0 0 0 0 
-1 19.6178 64.2578 66.6673 1 0 0 1 0 3.82292 0 0 0 0 0 0 0 0 0 0 0 0 0 0 0 0 0 0 0 
-1 19.7502 64.2577 66.7703 1 0 0 1 0 3.81407 0 0 0 0 0 0 0 0 0 0 0 0 0 0 0 0 0 0 0 
-1 19.8799 64.2576 66.8733 1 0 0 1 0 3.80521 0 0 0 0 0 0 0 0 0 0 0 0 0 0 0 0 0 0 0 
-1 20.0071 64.2575 66.9762 1 0 0 1 0 3.79635 0 0 0 0 0 0 0 0 0 0 0 0 0 0 0 0 0 0 0 
-1 20.1316 64.2574 67.079 1 0 0 1 0 3.78749 0 0 0 0 0 0 0 0 0 0 0 0 0 0 0 0 0 0 0 
-1 20.2535 64.2574 67.1818 1 0 0 1 0 3.77863 0 0 0 0 0 0 0 0 0 0 0 0 0 0 0 0 0 0 0 
-1 20.3727 64.2573 67.2845 1 0 0 1 0 3.76977 0 0 0 0 0 0 0 0 0 0 0 0 0 0 0 0 0 0 0 
-1 20.4892 64.2573 67.3872 1 0 0 1 0 3.76091 0 0 0 0 0 0 0 0 0 0 0 0 0 0 0 0 0 0 0 
-1 20.6029 64.2573 67.4898 1 0 0 1 0 3.75206 0 0 0 0 0 0 0 0 0 0 0 0 0 0 0 0 0 0 0 
-1 20.7139 64.2573 67.5923 1 0 0 1 0 3.7432 0 0 0 0 0 0 0 0 0 0 0 0 0 0 0 0 0 0 0 
-1 20.8219 64.2573 67.6948 1 0 0 1 0 3.73434 0 0 0 0 0 0 0 0 0 0 0 0 0 0 0 0 0 0 0 
-1 20.927 64.2574 67.7972 1 0 0 1 0 3.72548 0 0 0 0 0 0 0 0 0 0 0 0 0 0 0 0 0 0 0 
-1 21.0292 64.2575 67.8995 1 0 0 1 0 3.71662 0 0 0 0 0 0 0 0 0 0 0 0 0 0 0 0 0 0 0 
-1 21.1284 64.2576 68.0018 1 0 0 1 0 3.70776 0 0 0 0 0 0 0 0 0 0 0 0 0 0 0 0 0 0 0 
-1 21.2246 64.2577 68.104 1 0 0 1 0 3.6989 0 0 0 0 0 0 0 0 0 0 0 0 0 0 0 0 0 0 0 
-1 21.3178 64.2578 68.2061 1 0 0 1 0 3.69005 0 0 0 0 0 0 0 0 0 0 0 0 0 0 0 0 0 0 0 
-1 21.4079 64.258 68.3082 1 0 0 1 0 3.68119 0 0 0 0 0 0 0 0 0 0 0 0 0 0 0 0 0 0 0 
-1 21.4948 64.2582 68.4101 1 0 0 1 0 3.67233 0 0 0 0 0 0 0 0 0 0 0 0 0 0 0 0 0 0 0 
-1 21.5786 64.2584 68.5121 1 0 0 1 0 3.66347 0 0 0 0 0 0 0 0 0 0 0 0 0 0 0 0 0 0 0 
-1 21.6592 64.2586 68.6139 1 0 0 1 0 3.65461 0 0 0 0 0 0 0 0 0 0 0 0 0 0 0 0 0 0 0 
-1 21.7368 64.2589 68.7157 1 0 0 1 0 3.64575 0 0 0 0 0 0 0 0 0 0 0 0 0 0 0 0 0 0 0 
-1 21.8109 64.2591 68.8174 1 0 0 1 0 3.6369 0 0 0 0 0 0 0 0 0 0 0 0 0 0 0 0 0 0 0 
-1 21.8819 64.2594 68.919 1 0 0 1 0 3.62804 0 0 0 0 0 0 0 0 0 0 0 0 0 0 0 0 0 0 0 
-1 21.9495 64.2597 69.0206 1 0 0 1 0 3.61918 0 0 0 0 0 0 0 0 0 0 0 0 0 0 0 0 0 0 0 
-1 22.0139 64.2601 69.122 1 0 0 1 0 3.61032 0 0 0 0 0 0 0 0 0 0 0 0 0 0 0 0 0 0 0 
-1 22.0749 64.2604 69.2234 1 0 0 1 0 3.60146 0 0 0 0 0 0 0 0 0 0 0 0 0 0 0 0 0 0 0 
-1 22.1326 64.2608 69.3248 1 0 0 1 0 3.5926 0 0 0 0 0 0 0 0 0 0 0 0 0 0 0 0 0 0 0 
-1 22.1869 64.2612 69.426 1 0 0 1 0 3.58375 0 0 0 0 0 0 0 0 0 0 0 0 0 0 0 0 0 0 0 
-1 22.2378 64.2617 69.5272 1 0 0 1 0 3.57489 0 0 0 0 0 0 0 0 0 0 0 0 0 0 0 0 0 0 0 
-1 22.2852 64.2621 69.6283 1 0 0 1 0 3.56603 0 0 0 0 0 0 0 0 0 0 0 0 0 0 0 0 0 0 0 
-1 22.3292 64.2626 69.7293 1 0 0 1 0 3.55717 0 0 0 0 0 0 0 0 0 0 0 0 0 0 0 0 0 0 0 
-1 22.3699 64.2631 69.8302 1 0 0 1 0 3.54831 0 0 0 0 0 0 0 0 0 0 0 0 0 0 0 0 0 0 0 
-1 22.4069 64.2636 69.9311 1 0 0 1 0 3.53945 0 0 0 0 0 0 0 0 0 0 0 0 0 0 0 0 0 0 0 
-1 22.4406 64.2642 70.0319 1 0 0 1 0 3.53059 0 0 0 0 0 0 0 0 0 0 0 0 0 0 0 0 0 0 0 
-1 22.4708 64.2648 70.1326 1 0 0 1 0 3.52174 0 0 0 0 0 0 0 0 0 0 0 0 0 0 0 0 0 0 0 
-1 22.4974 64.2654 70.2332 1 0 0 1 0 3.51288 0 0 0 0 0 0 0 0 0 0 0 0 0 0 0 0 0 0 0 
-1 22.5205 64.266 70.3338 1 0 0 1 0 3.50402 0 0 0 0 0 0 0 0 0 0 0 0 0 0 0 0 0 0 0 
-1 22.5401 64.2666 70.4342 1 0 0 1 0 3.49516 0 0 0 0 0 0 0 0 0 0 0 0 0 0 0 0 0 0 0 
-1 22.5561 64.2673 70.5346 1 0 0 1 0 3.4863 0 0 0 0 0 0 0 0 0 0 0 0 0 0 0 0 0 0 0 
-1 22.5687 64.268 70.6349 1 0 0 1 0 3.47744 0 0 0 0 0 0 0 0 0 0 0 0 0 0 0 0 0 0 0 
-1 22.5777 64.2687 70.7351 1 0 0 1 0 3.46858 0 0 0 0 0 0 0 0 0 0 0 0 0 0 0 0 0 0 0 
-1 22.5832 64.2695 70.8353 1 0 0 1 0 3.45973 0 0 0 0 0 0 0 0 0 0 0 0 0 0 0 0 0 0 0 
-1 22.585 64.2703 70.9353 1 0 0 1 0 3.45087 0 0 0 0 0 0 0 0 0 0 0 0 0 0 0 0 0 0 0 
-1 22.5834 64.2711 71.0353 1 0 0 1 0 3.44201 0 0 0 0 0 0 0 0 0 0 0 0 0 0 0 0 0 0 0 
-1 22.5781 64.2719 71.1352 1 0 0 1 0 3.43315 0 0 0 0 0 0 0 0 0 0 0 0 0 0 0 0 0 0 0 
-1 22.5694 64.2727 71.2351 1 0 0 1 0 3.42429 0 0 0 0 0 0 0 0 0 0 0 0 0 0 0 0 0 0 0 
-1 22.5571 64.2736 71.3348 1 0 0 1 0 3.41543 0 0 0 0 0 0 0 0 0 0 0 0 0 0 0 0 0 0 0 
-1 22.5413 64.2745 71.4345 1 0 0 1 0 3.40658 0 0 0 0 0 0 0 0 0 0 0 0 0 0 0 0 0 0 0 
-1 22.5218 64.2754 71.534 1 0 0 1 0 3.39772 0 0 0 0 0 0 0 0 0 0 0 0 0 0 0 0 0 0 0 
-1 22.4989 64.2764 71.6336 1 0 0 1 0 3.38886 0 0 0 0 0 0 0 0 0 0 0 0 0 0 0 0 0 0 0 
-1 22.4724 64.2773 71.733 1 0 0 1 0 3.38 0 0 0 0 0 0 0 0 0 0 0 0 0 0 0 0 0 0 0 
-1 22.4425 64.2783 71.8323 1 0 0 1 0 3.37114 0 0 0 0 0 0 0 0 0 0 0 0 0 0 0 0 0 0 0 
-1 22.4089 64.2793 71.9316 1 0 0 1 0 3.36228 0 0 0 0 0 0 0 0 0 0 0 0 0 0 0 0 0 0 0 
-1 22.372 64.2804 72.0308 1 0 0 1 0 3.35342 0 0 0 0 0 0 0 0 0 0 0 0 0 0 0 0 0 0 0 
-1 22.3315 64.2814 72.1299 1 0 0 1 0 3.34457 0 0 0 0 0 0 0 0 0 0 0 0 0 0 0 0 0 0 0 
-1 22.2876 64.2825 72.2289 1 0 0 1 0 3.33571 0 0 0 0 0 0 0 0 0 0 0 0 0 0 0 0 0 0 0 
-1 22.2401 64.2836 72.3279 1 0 0 1 0 3.32685 0 0 0 0 0 0 0 0 0 0 0 0 0 0 0 0 0 0 0 
-1 22.1893 64.2848 72.4267 1 0 0 1 0 3.31799 0 0 0 0 0 0 0 0 0 0 0 0 0 0 0 0 0 0 0 
-1 22.1351 64.2859 72.5255 1 0 0 1 0 3.30913 0 0 0 0 0 0 0 0 0 0 0 0 0 0 0 0 0 0 0 
-1 22.0774 64.2871 72.6243 1 0 0 1 0 3.30027 0 0 0 0 0 0 0 0 0 0 0 0 0 0 0 0 0 0 0 
-1 22.0164 64.2883 72.7229 1 0 0 1 0 3.29142 0 0 0 0 0 0 0 0 0 0 0 0 0 0 0 0 0 0 0 
-1 21.9519 64.2896 72.8215 1 0 0 1 0 3.28256 0 0 0 0 0 0 0 0 0 0 0 0 0 0 0 0 0 0 0 
-1 21.8842 64.2908 72.92 1 0 0 1 0 3.2737 0 0 0 0 0 0 0 0 0 0 0 0 0 0 0 0 0 0 0 
-1 21.8132 64.2921 73.0184 1 0 0 1 0 3.26484 0 0 0 0 0 0 0 0 0 0 0 0 0 0 0 0 0 0 0 
-1 21.7387 64.2934 73.1167 1 0 0 1 0 3.25598 0 0 0 0 0 0 0 0 0 0 0 0 0 0 0 0 0 0 0 
-1 21.6611 64.2947 73.215 1 0 0 1 0 3.24712 0 0 0 0 0 0 0 0 0 0 0 0 0 0 0 0 0 0 0 
-1 21.5803 64.296 73.3132 1 0 0 1 0 3.23826 0 0 0 0 0 0 0 0 0 0 0 0 0 0 0 0 0 0 0 
-1 21.4961 64.2974 73.4113 1 0 0 1 0 3.22941 0 0 0 0 0 0 0 0 0 0 0 0 0 0 0 0 0 0 0 
-1 21.4089 64.2988 73.5093 1 0 0 1 0 3.22055 0 0 0 0 0 0 0 0 0 0 0 0 0 0 0 0 0 0 0 
-1 21.3185 64.3002 73.6073 1 0 0 1 0 3.21169 0 0 0 0 0 0 0 0 0 0 0 0 0 0 0 0 0 0 0 
-1 21.2249 64.3016 73.7052 1 0 0 1 0 3.20283 0 0 0 0 0 0 0 0 0 0 0 0 0 0 0 0 0 0 0 
-1 21.1282 64.3031 73.8031 1 0 0 1 0 3.19397 0 0 0 0 0 0 0 0 0 0 0 0 0 0 0 0 0 0 0 
-1 21.0285 64.3046 73.9008 1 0 0 1 0 3.18511 0 0 0 0 0 0 0 0 0 0 0 0 0 0 0 0 0 0 0 
-1 20.9258 64.3061 73.9985 1 0 0 1 0 3.17626 0 0 0 0 0 0 0 0 0 0 0 0 0 0 0 0 0 0 0 
-1 20.8202 64.3076 74.0962 1 0 0 1 0 3.1674 0 0 0 0 0 0 0 0 0 0 0 0 0 0 0 0 0 0 0 
-1 20.7114 64.3091 74.1937 1 0 0 1 0 3.15854 0 0 0 0 0 0 0 0 0 0 0 0 0 0 0 0 0 0 0 
-1 20.5999 64.3107 74.2912 1 0 0 1 0 3.14968 0 0 0 0 0 0 0 0 0 0 0 0 0 0 0 0 0 0 0 
-1 20.4854 64.3123 74.3887 1 0 0 1 0 3.14082 0 0 0 0 0 0 0 0 0 0 0 0 0 0 0 0 0 0 0 
-1 20.3682 64.3139 74.486 1 0 0 1 0 3.13196 0 0 0 0 0 0 0 0 0 0 0 0 0 0 0 0 0 0 0 
-1 20.248 64.3155 74.5834 1 0 0 1 0 3.1231 0 0 0 0 0 0 0 0 0 0 0 0 0 0 0 0 0 0 0 
-1 20.1252 64.3171 74.6806 1 0 0 1 0 3.11425 0 0 0 0 0 0 0 0 0 0 0 0 0 0 0 0 0 0 0 
-1 19.9997 64.3188 74.7778 1 0 0 1 0 3.10539 0 0 0 0 0 0 0 0 0 0 0 0 0 0 0 0 0 0 0 
-1 19.8715 64.3204 74.8749 1 0 0 1 0 3.09653 0 0 0 0 0 0 0 0 0 0 0 0 0 0 0 0 0 0 0 
-1 19.7407 64.3221 74.972 1 0 0 1 0 3.08767 0 0 0 0 0 0 0 0 0 0 0 0 0 0 0 0 0 0 0 
-1 19.6073 64.3238 75.069 1 0 0 1 0 3.07881 0 0 0 0 0 0 0 0 0 0 0 0 0 0 0 0 0 0 0 
-1 19.4714 64.3255 75.1659 1 0 0 1 0 3.06995 0 0 0 0 0 0 0 0 0 0 0 0 0 0 0 0 0 0 0 
-1 19.333 64.3273 75.2628 1 0 0 1 0 3.06109 0 0 0 0 0 0 0 0 0 0 0 0 0 0 0 0 0 0 0 
-1 19.1922 64.329 75.3597 1 0 0 1 0 3.05224 0 0 0 0 0 0 0 0 0 0 0 0 0 0 0 0 0 0 0 
-1 19.049 64.3308 75.4564 1 0 0 1 0 3.04338 0 0 0 0 0 0 0 0 0 0 0 0 0 0 0 0 0 0 0 
-1 18.9034 64.3326 75.5532 1 0 0 1 0 3.03452 0 0 0 0 0 0 0 0 0 0 0 0 0 0 0 0 0 0 0 
-1 18.7556 64.3344 75.6499 1 0 0 1 0 3.02566 0 0 0 0 0 0 0 0 0 0 0 0 0 0 0 0 0 0 0 
-1 18.6055 64.3363 75.7465 1 0 0 1 0 3.0168 0 0 0 0 0 0 0 0 0 0 0 0 0 0 0 0 0 0 0 
-1 18.4532 64.3381 75.8431 1 0 0 1 0 3.00794 0 0 0 0 0 0 0 0 0 0 0 0 0 0 0 0 0 0 0 
-1 18.2989 64.3399 75.9396 1 0 0 1 0 2.99909 0 0 0 0 0 0 0 0 0 0 0 0 0 0 0 0 0 0 0 
-1 18.1425 64.3418 76.0361 1 0 0 1 0 2.99023 0 0 0 0 0 0 0 0 0 0 0 0 0 0 0 0 0 0 0 
-1 17.9841 64.3437 76.1325 1 0 0 1 0 2.98137 0 0 0 0 0 0 0 0 0 0 0 0 0 0 0 0 0 0 0 
-1 17.8237 64.3456 76.2289 1 0 0 1 0 2.97251 0 0 0 0 0 0 0 0 0 0 0 0 0 0 0 0 0 0 0 
-1 17.6614 64.3475 76.3253 1 0 0 1 0 2.96365 0 0 0 0 0 0 0 0 0 0 0 0 0 0 0 0 0 0 0 
-1 17.4972 64.3494 76.4216 1 0 0 1 0 2.95479 0 0 0 0 0 0 0 0 0 0 0 0 0 0 0 0 0 0 0 
-1 17.3313 64.3513 76.5179 1 0 0 1 0 2.94593 0 0 0 0 0 0 0 0 0 0 0 0 0 0 0 0 0 0 0 
-1 17.1635 64.3533 76.6141 1 0 0 1 0 2.93708 0 0 0 0 0 0 0 0 0 0 0 0 0 0 0 0 0 0 0 
-1 16.9942 64.3552 76.7103 1 0 0 1 0 2.92822 0 0 0 0 0 0 0 0 0 0 0 0 0 0 0 0 0 0 0 
-1 16.8233 64.3572 76.8064 1 0 0 1 0 2.91936 0 0 0 0 0 0 0 0 0 0 0 0 0 0 0 0 0 0 0 
-1 16.6508 64.3592 76.9026 1 0 0 1 0 2.9105 0 0 0 0 0 0 0 0 0 0 0 0 0 0 0 0 0 0 0 
-1 16.4768 64.3612 76.9987 1 0 0 1 0 2.90164 0 0 0 0 0 0 0 0 0 0 0 0 0 0 0 0 0 0 0 
-1 16.3013 64.3632 77.0947 1 0 0 1 0 2.89278 0 0 0 0 0 0 0 0 0 0 0 0 0 0 0 0 0 0 0 
-1 16.1245 64.3652 77.1907 1 0 0 1 0 2.88393 0 0 0 0 0 0 0 0 0 0 0 0 0 0 0 0 0 0 0 
-1 15.9464 64.3672 77.2867 1 0 0 1 0 2.87507 0 0 0 0 0 0 0 0 0 0 0 0 0 0 0 0 0 0 0 
-1 15.7671 64.3692 77.3827 1 0 0 1 0 2.86621 0 0 0 0 0 0 0 0 0 0 0 0 0 0 0 0 0 0 0 
-1 15.5866 64.3713 77.4787 1 0 0 1 0 2.85735 0 0 0 0 0 0 0 0 0 0 0 0 0 0 0 0 0 0 0 
-1 15.4049 64.3733 77.5746 1 0 0 1 0 2.84849 0 0 0 0 0 0 0 0 0 0 0 0 0 0 0 0 0 0 0 
-1 15.2222 64.3754 77.6705 1 0 0 1 0 2.83963 0 0 0 0 0 0 0 0 0 0 0 0 0 0 0 0 0 0 0 
-1 15.0385 64.3774 77.7663 1 0 0 1 0 2.83077 0 0 0 0 0 0 0 0 0 0 0 0 0 0 0 0 0 0 0 
-1 14.8539 64.3795 77.8622 1 0 0 1 0 2.82192 0 0 0 0 0 0 0 0 0 0 0 0 0 0 0 0 0 0 0 
-1 14.6684 64.3815 77.958 1 0 0 1 0 2.81306 0 0 0 0 0 0 0 0 0 0 0 0 0 0 0 0 0 0 0 
-1 14.4821 64.3836 78.0538 1 0 0 1 0 2.8042 0 0 0 0 0 0 0 0 0 0 0 0 0 0 0 0 0 0 0 
-1 14.2951 64.3857 78.1496 1 0 0 1 0 2.79534 0 0 0 0 0 0 0 0 0 0 0 0 0 0 0 0 0 0 0 
-1 14.1074 64.3878 78.2454 1 0 0 1 0 2.78648 0 0 0 0 0 0 0 0 0 0 0 0 0 0 0 0 0 0 0 
-1 13.9192 64.3899 78.3412 1 0 0 1 0 2.77762 0 0 0 0 0 0 0 0 0 0 0 0 0 0 0 0 0 0 0 
-1 13.7303 64.392 78.4369 1 0 0 1 0 2.76877 0 0 0 0 0 0 0 0 0 0 0 0 0 0 0 0 0 0 0 
-1 13.5411 64.3941 78.5327 1 0 0 1 0 2.75991 0 0 0 0 0 0 0 0 0 0 0 0 0 0 0 0 0 0 0 
-1 13.3514 64.3961 78.6284 1 0 0 1 0 2.75105 0 0 0 0 0 0 0 0 0 0 0 0 0 0 0 0 0 0 0 
-1 13.1614 64.3982 78.7241 1 0 0 1 0 2.74219 0 0 0 0 0 0 0 0 0 0 0 0 0 0 0 0 0 0 0 
-1 12.9711 64.4004 78.8198 1 0 0 1 0 2.73333 0 0 0 0 0 0 0 0 0 0 0 0 0 0 0 0 0 0 0 
-1 12.7806 64.4025 78.9156 1 0 0 1 0 2.72447 0 0 0 0 0 0 0 0 0 0 0 0 0 0 0 0 0 0 0 
-1 12.5899 64.4046 79.0113 1 0 0 1 0 2.71561 0 0 0 0 0 0 0 0 0 0 0 0 0 0 0 0 0 0 0 
-1 12.3992 64.4067 79.107 1 0 0 1 0 2.70676 0 0 0 0 0 0 0 0 0 0 0 0 0 0 0 0 0 0 0 
-1 12.2085 64.4088 79.2027 1 0 0 1 0 2.6979 0 0 0 0 0 0 0 0 0 0 0 0 0 0 0 0 0 0 0 
-1 12.0179 64.4109 79.2984 1 0 0 1 0 2.68904 0 0 0 0 0 0 0 0 0 0 0 0 0 0 0 0 0 0 0 
-1 11.8274 64.413 79.3941 1 0 0 1 0 2.68018 0 0 0 0 0 0 0 0 0 0 0 0 0 0 0 0 0 0 0 
-1 11.6371 64.4151 79.4898 1 0 0 1 0 2.67132 0 0 0 0 0 0 0 0 0 0 0 0 0 0 0 0 0 0 0 
-1 11.4471 64.4172 79.5856 1 0 0 1 0 2.66246 0 0 0 0 0 0 0 0 0 0 0 0 0 0 0 0 0 0 0 
-1 11.2574 64.4193 79.6813 1 0 0 1 0 2.65361 0 0 0 0 0 0 0 0 0 0 0 0 0 0 0 0 0 0 0 
-1 11.0682 64.4214 79.7771 1 0 0 1 0 2.64475 0 0 0 0 0 0 0 0 0 0 0 0 0 0 0 0 0 0 0 
-1 10.8793 64.4235 79.8728 1 0 0 1 0 2.63589 0 0 0 0 0 0 0 0 0 0 0 0 0 0 0 0 0 0 0 
-1 10.6911 64.4255 79.9686 1 0 0 1 0 2.62703 0 0 0 0 0 0 0 0 0 0 0 0 0 0 0 0 0 0 0 
-1 10.5034 64.4276 80.0644 1 0 0 1 0 2.61817 0 0 0 0 0 0 0 0 0 0 0 0 0 0 0 0 0 0 0 
-1 10.3164 64.4297 80.1601 1 0 0 1 0 2.60931 0 0 0 0 0 0 0 0 0 0 0 0 0 0 0 0 0 0 0 
-1 10.1301 64.4318 80.256 1 0 0 1 0 2.60045 0 0 0 0 0 0 0 0 0 0 0 0 0 0 0 0 0 0 0 
-1 9.94462 64.4338 80.3518 1 0 0 1 0 2.5916 0 0 0 0 0 0 0 0 0 0 0 0 0 0 0 0 0 0 0 
-1 9.76002 64.4359 80.4476 1 0 0 1 0 2.58274 0 0 0 0 0 0 0 0 0 0 0 0 0 0 0 0 0 0 0 
-1 9.57631 64.438 80.5435 1 0 0 1 0 2.57388 0 0 0 0 0 0 0 0 0 0 0 0 0 0 0 0 0 0 0 
-1 9.39361 64.44 80.6394 1 0 0 1 0 2.56502 0 0 0 0 0 0 0 0 0 0 0 0 0 0 0 0 0 0 0 
-1 9.21191 64.4421 80.7353 1 0 0 1 0 2.55616 0 0 0 0 0 0 0 0 0 0 0 0 0 0 0 0 0 0 0 
-1 9.0314 64.4441 80.8313 1 0 0 1 0 2.5473 0 0 0 0 0 0 0 0 0 0 0 0 0 0 0 0 0 0 0 
-1 8.8521 64.4461 80.9272 1 0 0 1 0 2.53844 0 0 0 0 0 0 0 0 0 0 0 0 0 0 0 0 0 0 0 
-1 8.67399 64.4481 81.0232 1 0 0 1 0 2.52959 0 0 0 0 0 0 0 0 0 0 0 0 0 0 0 0 0 0 0 
-1 8.49718 64.4501 81.1192 1 0 0 1 0 2.52073 0 0 0 0 0 0 0 0 0 0 0 0 0 0 0 0 0 0 0 
-1 8.32168 64.4521 81.2153 1 0 0 1 0 2.51187 0 0 0 0 0 0 0 0 0 0 0 0 0 0 0 0 0 0 0 
-1 8.14767 64.4541 81.3114 1 0 0 1 0 2.50301 0 0 0 0 0 0 0 0 0 0 0 0 0 0 0 0 0 0 0 
-1 7.97517 64.4561 81.4075 1 0 0 1 0 2.49415 0 0 0 0 0 0 0 0 0 0 0 0 0 0 0 0 0 0 0 
-1 7.80426 64.4581 81.5037 1 0 0 1 0 2.48529 0 0 0 0 0 0 0 0 0 0 0 0 0 0 0 0 0 0 0 
-1 7.63495 64.46 81.5999 1 0 0 1 0 2.47644 0 0 0 0 0 0 0 0 0 0 0 0 0 0 0 0 0 0 0 
-1 7.46724 64.462 81.6961 1 0 0 1 0 2.46758 0 0 0 0 0 0 0 0 0 0 0 0 0 0 0 0 0 0 0 
-1 7.30133 64.4639 81.7924 1 0 0 1 0 2.45872 0 0 0 0 0 0 0 0 0 0 0 0 0 0 0 0 0 0 0 
-1 7.13713 64.4658 81.8887 1 0 0 1 0 2.44986 0 0 0 0 0 0 0 0 0 0 0 0 0 0 0 0 0 0 0 
-1 6.97482 64.4677 81.985 1 0 0 1 0 2.441 0 0 0 0 0 0 0 0 0 0 0 0 0 0 0 0 0 0 0 
-1 6.81441 64.4696 82.0814 1 0 0 1 0 2.43214 0 0 0 0 0 0 0 0 0 0 0 0 0 0 0 0 0 0 0 
-1 6.656 64.4715 82.1779 1 0 0 1 0 2.42328 0 0 0 0 0 0 0 0 0 0 0 0 0 0 0 0 0 0 0 
-1 6.49958 64.4734 82.2744 1 0 0 1 0 2.41443 0 0 0 0 0 0 0 0 0 0 0 0 0 0 0 0 0 0 0 
-1 6.34527 64.4752 82.3709 1 0 0 1 0 2.40557 0 0 0 0 0 0 0 0 0 0 0 0 0 0 0 0 0 0 0 
-1 6.19296 64.4771 82.4675 1 0 0 1 0 2.39671 0 0 0 0 0 0 0 0 0 0 0 0 0 0 0 0 0 0 0 
-1 6.04295 64.4789 82.5641 1 0 0 1 0 2.38785 0 0 0 0 0 0 0 0 0 0 0 0 0 0 0 0 0 0 0 
-1 5.89513 64.4807 82.6608 1 0 0 1 0 2.37899 0 0 0 0 0 0 0 0 0 0 0 0 0 0 0 0 0 0 0 
-1 5.74952 64.4825 82.7575 1 0 0 1 0 2.37013 0 0 0 0 0 0 0 0 0 0 0 0 0 0 0 0 0 0 0 
-1 5.6063 64.4843 82.8543 1 0 0 1 0 2.36128 0 0 0 0 0 0 0 0 0 0 0 0 0 0 0 0 0 0 0 
-1 5.46549 64.486 82.9511 1 0 0 1 0 2.35242 0 0 0 0 0 0 0 0 0 0 0 0 0 0 0 0 0 0 0 
-1 5.32707 64.4878 83.048 1 0 0 1 0 2.34356 0 0 0 0 0 0 0 0 0 0 0 0 0 0 0 0 0 0 0 
-1 5.19116 64.4895 83.145 1 0 0 1 0 2.3347 0 0 0 0 0 0 0 0 0 0 0 0 0 0 0 0 0 0 0 
-1 5.05784 64.4912 83.242 1 0 0 1 0 2.32584 0 0 0 0 0 0 0 0 0 0 0 0 0 0 0 0 0 0 0 
-1 4.92702 64.4929 83.3391 1 0 0 1 0 2.31698 0 0 0 0 0 0 0 0 0 0 0 0 0 0 0 0 0 0 0 
-1 4.7988 64.4946 83.4362 1 0 0 1 0 2.30812 0 0 0 0 0 0 0 0 0 0 0 0 0 0 0 0 0 0 0 
-1 4.67328 64.4962 83.5334 1 0 0 1 0 2.29927 0 0 0 0 0 0 0 0 0 0 0 0 0 0 0 0 0 0 0 
-1 4.55046 64.4979 83.6306 1 0 0 1 0 2.29041 0 0 0 0 0 0 0 0 0 0 0 0 0 0 0 0 0 0 0 
-1 4.43034 64.4995 83.7279 1 0 0 1 0 2.28155 0 0 0 0 0 0 0 0 0 0 0 0 0 0 0 0 0 0 0 
-1 4.31311 64.5011 83.8253 1 0 0 1 0 2.27269 0 0 0 0 0 0 0 0 0 0 0 0 0 0 0 0 0 0 0 
-1 4.19859 64.5026 83.9227 1 0 0 1 0 2.26383 0 0 0 0 0 0 0 0 0 0 0 0 0 0 0 0 0 0 0 
-1 4.08707 64.5042 84.0202 1 0 0 1 0 2.25497 0 0 0 0 0 0 0 0 0 0 0 0 0 0 0 0 0 0 0 
-1 3.97835 64.5057 84.1178 1 0 0 1 0 2.24612 0 0 0 0 0 0 0 0 0 0 0 0 0 0 0 0 0 0 0 
-1 3.87272 64.5073 84.2154 1 0 0 1 0 2.23726 0 0 0 0 0 0 0 0 0 0 0 0 0 0 0 0 0 0 0 
-1 3.76999 64.5088 84.3131 1 0 0 1 0 2.2284 0 0 0 0 0 0 0 0 0 0 0 0 0 0 0 0 0 0 0 
-1 3.67027 64.5102 84.4109 1 0 0 1 0 2.21954 0 0 0 0 0 0 0 0 0 0 0 0 0 0 0 0 0 0 0 
-1 3.57364 64.5117 84.5087 1 0 0 1 0 2.21068 0 0 0 0 0 0 0 0 0 0 0 0 0 0 0 0 0 0 0 
-1 3.48001 64.5131 84.6066 1 0 0 1 0 2.20182 0 0 0 0 0 0 0 0 0 0 0 0 0 0 0 0 0 0 0 
-1 3.38958 64.5145 84.7046 1 0 0 1 0 2.19296 0 0 0 0 0 0 0 0 0 0 0 0 0 0 0 0 0 0 0 
-1 3.30235 64.5159 84.8027 1 0 0 1 0 2.18411 0 0 0 0 0 0 0 0 0 0 0 0 0 0 0 0 0 0 0 
-1 3.21822 64.5173 84.9008 1 0 0 1 0 2.17525 0 0 0 0 0 0 0 0 0 0 0 0 0 0 0 0 0 0 0 
-1 3.13739 64.5186 84.999 1 0 0 1 0 2.16639 0 0 0 0 0 0 0 0 0 0 0 0 0 0 0 0 0 0 0 
-1 3.05975 64.5199 85.0973 1 0 0 1 0 2.15753 0 0 0 0 0 0 0 0 0 0 0 0 0 0 0 0 0 0 0 
-1 2.98532 64.5212 85.1956 1 0 0 1 0 2.14867 0 0 0 0 0 0 0 0 0 0 0 0 0 0 0 0 0 0 0 
-1 2.91428 64.5225 85.294 1 0 0 1 0 2.13981 0 0 0 0 0 0 0 0 0 0 0 0 0 0 0 0 0 0 0 
-1 2.84655 64.5238 85.3925 1 0 0 1 0 2.13096 0 0 0 0 0 0 0 0 0 0 0 0 0 0 0 0 0 0 0 
-1 2.78211 64.525 85.4911 1 0 0 1 0 2.1221 0 0 0 0 0 0 0 0 0 0 0 0 0 0 0 0 0 0 0 
-1 2.72107 64.5262 85.5897 1 0 0 1 0 2.11324 0 0 0 0 0 0 0 0 0 0 0 0 0 0 0 0 0 0 0 
-1 2.66343 64.5274 85.6884 1 0 0 1 0 2.10438 0 0 0 0 0 0 0 0 0 0 0 0 0 0 0 0 0 0 0 
-1 2.60919 64.5286 85.7872 1 0 0 1 0 2.09552 0 0 0 0 0 0 0 0 0 0 0 0 0 0 0 0 0 0 0 
-1 2.55835 64.5297 85.8861 1 0 0 1 0 2.08666 0 0 0 0 0 0 0 0 0 0 0 0 0 0 0 0 0 0 0 
-1 2.51091 64.5308 85.985 1 0 0 1 0 2.0778 0 0 0 0 0 0 0 0 0 0 0 0 0 0 0 0 0 0 0 
-1 2.46697 64.5319 86.0841 1 0 0 1 0 2.06895 0 0 0 0 0 0 0 0 0 0 0 0 0 0 0 0 0 0 0 
-1 2.42653 64.533 86.1832 1 0 0 1 0 2.06009 0 0 0 0 0 0 0 0 0 0 0 0 0 0 0 0 0 0 0 
-1 2.38958 64.534 86.2824 1 0 0 1 0 2.05123 0 0 0 0 0 0 0 0 0 0 0 0 0 0 0 0 0 0 0 
-1 2.35604 64.535 86.3816 1 0 0 1 0 2.04237 0 0 0 0 0 0 0 0 0 0 0 0 0 0 0 0 0 0 0 
-1 2.32609 64.536 86.481 1 0 0 1 0 2.03351 0 0 0 0 0 0 0 0 0 0 0 0 0 0 0 0 0 0 0 
-1 2.29964 64.537 86.5804 1 0 0 1 0 2.02465 0 0 0 0 0 0 0 0 0 0 0 0 0 0 0 0 0 0 0 
-1 2.27669 64.5379 86.6799 1 0 0 1 0 2.0158 0 0 0 0 0 0 0 0 0 0 0 0 0 0 0 0 0 0 0 
-1 2.25724 64.5388 86.7795 1 0 0 1 0 2.00694 0 0 0 0 0 0 0 0 0 0 0 0 0 0 0 0 0 0 0 
-1 2.24139 64.5397 86.8792 1 0 0 1 0 1.99808 0 0 0 0 0 0 0 0 0 0 0 0 0 0 0 0 0 0 0 
-1 2.22914 64.5406 86.9789 1 0 0 1 0 1.98922 0 0 0 0 0 0 0 0 0 0 0 0 0 0 0 0 0 0 0 
-1 2.22039 64.5415 87.0787 1 0 0 1 0 1.98036 0 0 0 0 0 0 0 0 0 0 0 0 0 0 0 0 0 0 0 
-1 2.21514 64.5423 87.1786 1 0 0 1 0 1.9715 0 0 0 0 0 0 0 0 0 0 0 0 0 0 0 0 0 0 0 
-1 2.21348 64.5431 87.2786 1 0 0 1 0 1.96264 0 0 0 0 0 0 0 0 0 0 0 0 0 0 0 0 0 0 0 
-1 2.21533 64.5438 87.3787 1 0 0 1 0 1.95379 0 0 0 0 0 0 0 0 0 0 0 0 0 0 0 0 0 0 0 
-1 2.22077 64.5446 87.4788 1 0 0 1 0 1.94493 0 0 0 0 0 0 0 0 0 0 0 0 0 0 0 0 0 0 0 
-1 2.22981 64.5453 87.5791 1 0 0 1 0 1.93607 0 0 0 0 0 0 0 0 0 0 0 0 0 0 0 0 0 0 0 
-1 2.24235 64.546 87.6794 1 0 0 1 0 1.92721 0 0 0 0 0 0 0 0 0 0 0 0 0 0 0 0 0 0 0 
-1 2.25839 64.5467 87.7797 1 0 0 1 0 1.91835 0 0 0 0 0 0 0 0 0 0 0 0 0 0 0 0 0 0 0 
-1 2.27803 64.5473 87.8802 1 0 0 1 0 1.90949 0 0 0 0 0 0 0 0 0 0 0 0 0 0 0 0 0 0 0 
-1 2.30107 64.548 87.9808 1 0 0 1 0 1.90063 0 0 0 0 0 0 0 0 0 0 0 0 0 0 0 0 0 0 0 
-1 2.32771 64.5486 88.0814 1 0 0 1 0 1.89178 0 0 0 0 0 0 0 0 0 0 0 0 0 0 0 0 0 0 0 
-1 2.35785 64.5491 88.1821 1 0 0 1 0 1.88292 0 0 0 0 0 0 0 0 0 0 0 0 0 0 0 0 0 0 0 
-1 2.39148 64.5497 88.2829 1 0 0 1 0 1.87406 0 0 0 0 0 0 0 0 0 0 0 0 0 0 0 0 0 0 0 
-1 2.42862 64.5502 88.3837 1 0 0 1 0 1.8652 0 0 0 0 0 0 0 0 0 0 0 0 0 0 0 0 0 0 0 
-1 2.46925 64.5507 88.4847 1 0 0 1 0 1.85634 0 0 0 0 0 0 0 0 0 0 0 0 0 0 0 0 0 0 0 
-1 2.51328 64.5512 88.5857 1 0 0 1 0 1.84748 0 0 0 0 0 0 0 0 0 0 0 0 0 0 0 0 0 0 0 
-1 2.56072 64.5517 88.6868 1 0 0 1 0 1.83863 0 0 0 0 0 0 0 0 0 0 0 0 0 0 0 0 0 0 0 
-1 2.61165 64.5521 88.788 1 0 0 1 0 1.82977 0 0 0 0 0 0 0 0 0 0 0 0 0 0 0 0 0 0 0 
-1 2.66588 64.5525 88.8892 1 0 0 1 0 1.82091 0 0 0 0 0 0 0 0 0 0 0 0 0 0 0 0 0 0 0 
-1 2.72361 64.5529 88.9905 1 0 0 1 0 1.81205 0 0 0 0 0 0 0 0 0 0 0 0 0 0 0 0 0 0 0 
-1 2.78463 64.5532 89.0919 1 0 0 1 0 1.80319 0 0 0 0 0 0 0 0 0 0 0 0 0 0 0 0 0 0 0 
-1 2.84896 64.5536 89.1934 1 0 0 1 0 1.79433 0 0 0 0 0 0 0 0 0 0 0 0 0 0 0 0 0 0 0 
-1 2.91659 64.5539 89.295 1 0 0 1 0 1.78547 0 0 0 0 0 0 0 0 0 0 0 0 0 0 0 0 0 0 0 
-1 2.98761 64.5542 89.3966 1 0 0 1 0 1.77662 0 0 0 0 0 0 0 0 0 0 0 0 0 0 0 0 0 0 0 
-1 3.06174 64.5545 89.4983 1 0 0 1 0 1.76776 0 0 0 0 0 0 0 0 0 0 0 0 0 0 0 0 0 0 0 
-1 3.13926 64.5547 89.6001 1 0 0 1 0 1.7589 0 0 0 0 0 0 0 0 0 0 0 0 0 0 0 0 0 0 0 
-1 3.21988 64.5549 89.7019 1 0 0 1 0 1.75004 0 0 0 0 0 0 0 0 0 0 0 0 0 0 0 0 0 0 0 
-1 3.3037 64.5551 89.8038 1 0 0 1 0 1.74118 0 0 0 0 0 0 0 0 0 0 0 0 0 0 0 0 0 0 0 
-1 3.39063 64.5553 89.9058 1 0 0 1 0 1.73232 0 0 0 0 0 0 0 0 0 0 0 0 0 0 0 0 0 0 0 
-1 3.48075 64.5555 90.0079 1 0 0 1 0 1.72347 0 0 0 0 0 0 0 0 0 0 0 0 0 0 0 0 0 0 0 
-1 3.57386 64.5556 90.11 1 0 0 1 0 1.71461 0 0 0 0 0 0 0 0 0 0 0 0 0 0 0 0 0 0 0 
-1 3.67008 64.5557 90.2122 1 0 0 1 0 1.70575 0 0 0 0 0 0 0 0 0 0 0 0 0 0 0 0 0 0 0 
-1 3.7693 64.5558 90.3145 1 0 0 1 0 1.69689 0 0 0 0 0 0 0 0 0 0 0 0 0 0 0 0 0 0 0 
-1 3.87152 64.5559 90.4168 1 0 0 1 0 1.68803 0 0 0 0 0 0 0 0 0 0 0 0 0 0 0 0 0 0 0 
-1 3.97663 64.556 90.5192 1 0 0 1 0 1.67917 0 0 0 0 0 0 0 0 0 0 0 0 0 0 0 0 0 0 0 
-1 4.08465 64.556 90.6217 1 0 0 1 0 1.67031 0 0 0 0 0 0 0 0 0 0 0 0 0 0 0 0 0 0 0 
-1 4.19556 64.556 90.7242 1 0 0 1 0 1.66146 0 0 0 0 0 0 0 0 0 0 0 0 0 0 0 0 0 0 0 
-1 4.30928 64.556 90.8268 1 0 0 1 0 1.6526 0 0 0 0 0 0 0 0 0 0 0 0 0 0 0 0 0 0 0 
-1 4.42579 64.556 90.9294 1 0 0 1 0 1.64374 0 0 0 0 0 0 0 0 0 0 0 0 0 0 0 0 0 0 0 
-1 4.545 64.556 91.0321 1 0 0 1 0 1.63488 0 0 0 0 0 0 0 0 0 0 0 0 0 0 0 0 0 0 0 
-1 4.66691 64.5559 91.1349 1 0 0 1 0 1.62602 0 0 0 0 0 0 0 0 0 0 0 0 0 0 0 0 0 0 0 
-1 4.79142 64.5558 91.2378 1 0 0 1 0 1.61716 0 0 0 0 0 0 0 0 0 0 0 0 0 0 0 0 0 0 0 
-1 4.91863 64.5557 91.3407 1 0 0 1 0 1.60831 0 0 0 0 0 0 0 0 0 0 0 0 0 0 0 0 0 0 0 
-1 5.04834 64.5556 91.4436 1 0 0 1 0 1.59945 0 0 0 0 0 0 0 0 0 0 0 0 0 0 0 0 0 0 0 
-1 5.18065 64.5555 91.5466 1 0 0 1 0 1.59059 0 0 0 0 0 0 0 0 0 0 0 0 0 0 0 0 0 0 0 
-1 5.31536 64.5554 91.6497 1 0 0 1 0 1.58173 0 0 0 0 0 0 0 0 0 0 0 0 0 0 0 0 0 0 0 
-1 5.45246 64.5552 91.7528 1 0 0 1 0 1.57287 0 0 0 0 0 0 0 0 0 0 0 0 0 0 0 0 0 0 0 
-1 5.59197 64.555 91.856 1 0 0 1 0 1.56401 0 0 0 0 0 0 0 0 0 0 0 0 0 0 0 0 0 0 0 
-1 5.73378 64.5548 91.9592 1 0 0 1 0 1.55515 0 0 0 0 0 0 0 0 0 0 0 0 0 0 0 0 0 0 0 
-1 5.87778 64.5546 92.0625 1 0 0 1 0 1.5463 0 0 0 0 0 0 0 0 0 0 0 0 0 0 0 0 0 0 0 
-1 6.02408 64.5544 92.1658 1 0 0 1 0 1.53744 0 0 0 0 0 0 0 0 0 0 0 0 0 0 0 0 0 0 0 
-1 6.17249 64.5541 92.2692 1 0 0 1 0 1.52858 0 0 0 0 0 0 0 0 0 0 0 0 0 0 0 0 0 0 0 
-1 6.32309 64.5539 92.3726 1 0 0 1 0 1.51972 0 0 0 0 0 0 0 0 0 0 0 0 0 0 0 0 0 0 0 
-1 6.47569 64.5536 92.4761 1 0 0 1 0 1.51086 0 0 0 0 0 0 0 0 0 0 0 0 0 0 0 0 0 0 0 
-1 6.63029 64.5533 92.5796 1 0 0 1 0 1.502 0 0 0 0 0 0 0 0 0 0 0 0 0 0 0 0 0 0 0 
-1 6.7868 64.553 92.6832 1 0 0 1 0 1.49314 0 0 0 0 0 0 0 0 0 0 0 0 0 0 0 0 0 0 0 
-1 6.9452 64.5527 92.7868 1 0 0 1 0 1.48429 0 0 0 0 0 0 0 0 0 0 0 0 0 0 0 0 0 0 0 
-1 7.1055 64.5524 92.8904 1 0 0 1 0 1.47543 0 0 0 0 0 0 0 0 0 0 0 0 0 0 0 0 0 0 0 
-1 7.2675 64.552 92.9941 1 0 0 1 0 1.46657 0 0 0 0 0 0 0 0 0 0 0 0 0 0 0 0 0 0 0 
-1 7.4312 64.5517 93.0978 1 0 0 1 0 1.45771 0 0 0 0 0 0 0 0 0 0 0 0 0 0 0 0 0 0 0 
-1 7.5966 64.5513 93.2016 1 0 0 1 0 1.44885 0 0 0 0 0 0 0 0 0 0 0 0 0 0 0 0 0 0 0 
-1 7.76349 64.551 93.3054 1 0 0 1 0 1.43999 0 0 0 0 0 0 0 0 0 0 0 0 0 0 0 0 0 0 0 
-1 7.93199 64.5506 93.4092 1 0 0 1 0 1.43114 0 0 0 0 0 0 0 0 0 0 0 0 0 0 0 0 0 0 0 
-1 8.10199 64.5502 93.5131 1 0 0 1 0 1.42228 0 0 0 0 0 0 0 0 0 0 0 0 0 0 0 0 0 0 0 
-1 8.27339 64.5498 93.617 1 0 0 1 0 1.41342 0 0 0 0 0 0 0 0 0 0 0 0 0 0 0 0 0 0 0 
-1 8.44609 64.5494 93.7209 1 0 0 1 0 1.40456 0 0 0 0 0 0 0 0 0 0 0 0 0 0 0 0 0 0 0 
-1 8.62018 64.549 93.8249 1 0 0 1 0 1.3957 0 0 0 0 0 0 0 0 0 0 0 0 0 0 0 0 0 0 0 
-1 8.79538 64.5485 93.9288 1 0 0 1 0 1.38684 0 0 0 0 0 0 0 0 0 0 0 0 0 0 0 0 0 0 0 
-1 8.97178 64.5481 94.0329 1 0 0 1 0 1.37798 0 0 0 0 0 0 0 0 0 0 0 0 0 0 0 0 0 0 0 
-1 9.14927 64.5477 94.1369 1 0 0 1 0 1.36913 0 0 0 0 0 0 0 0 0 0 0 0 0 0 0 0 0 0 0 
-1 9.32786 64.5472 94.241 1 0 0 1 0 1.36027 0 0 0 0 0 0 0 0 0 0 0 0 0 0 0 0 0 0 0 
-1 9.50736 64.5467 94.345 1 0 0 1 0 1.35141 0 0 0 0 0 0 0 0 0 0 0 0 0 0 0 0 0 0 0 
-1 9.68775 64.5463 94.4491 1 0 0 1 0 1.34255 0 0 0 0 0 0 0 0 0 0 0 0 0 0 0 0 0 0 0 
-1 9.86905 64.5458 94.5533 1 0 0 1 0 1.33369 0 0 0 0 0 0 0 0 0 0 0 0 0 0 0 0 0 0 0 
-1 10.051 64.5453 94.6574 1 0 0 1 0 1.32483 0 0 0 0 0 0 0 0 0 0 0 0 0 0 0 0 0 0 0 
-1 10.2337 64.5449 94.7615 1 0 0 1 0 1.31598 0 0 0 0 0 0 0 0 0 0 0 0 0 0 0 0 0 0 0 
-1 10.4171 64.5444 94.8657 1 0 0 1 0 1.30712 0 0 0 0 0 0 0 0 0 0 0 0 0 0 0 0 0 0 0 
-1 10.6011 64.5439 94.9699 1 0 0 1 0 1.29826 0 0 0 0 0 0 0 0 0 0 0 0 0 0 0 0 0 0 0 
-1 10.7856 64.5434 95.0741 1 0 0 1 0 1.2894 0 0 0 0 0 0 0 0 0 0 0 0 0 0 0 0 0 0 0 
-1 10.9705 64.5429 95.1783 1 0 0 1 0 1.28054 0 0 0 0 0 0 0 0 0 0 0 0 0 0 0 0 0 0 0 
-1 11.1558 64.5424 95.2825 1 0 0 1 0 1.27168 0 0 0 0 0 0 0 0 0 0 0 0 0 0 0 0 0 0 0 
-1 11.3414 64.5419 95.3867 1 0 0 1 0 1.26282 0 0 0 0 0 0 0 0 0 0 0 0 0 0 0 0 0 0 0 
-1 11.5273 64.5414 95.4909 1 0 0 1 0 1.25397 0 0 0 0 0 0 0 0 0 0 0 0 0 0 0 0 0 0 0 
-1 11.7133 64.5409 95.5952 1 0 0 1 0 1.24511 0 0 0 0 0 0 0 0 0 0 0 0 0 0 0 0 0 0 0 
-1 11.8994 64.5404 95.6994 1 0 0 1 0 1.23625 0 0 0 0 0 0 0 0 0 0 0 0 0 0 0 0 0 0 0 
-1 12.0856 64.5399 95.8036 1 0 0 1 0 1.22739 0 0 0 0 0 0 0 0 0 0 0 0 0 0 0 0 0 0 0 
-1 12.2718 64.5394 95.9079 1 0 0 1 0 1.21853 0 0 0 0 0 0 0 0 0 0 0 0 0 0 0 0 0 0 0 
-1 12.4579 64.5389 96.0121 1 0 0 1 0 1.20967 0 0 0 0 0 0 0 0 0 0 0 0 0 0 0 0 0 0 0 
-1 12.6438 64.5384 96.1163 1 0 0 1 0 1.20082 0 0 0 0 0 0 0 0 0 0 0 0 0 0 0 0 0 0 0 
-1 12.8294 64.5379 96.2205 1 0 0 1 0 1.19196 0 0 0 0 0 0 0 0 0 0 0 0 0 0 0 0 0 0 0 
-1 13.0148 64.5374 96.3247 1 0 0 1 0 1.1831 0 0 0 0 0 0 0 0 0 0 0 0 0 0 0 0 0 0 0 
-1 13.1999 64.5369 96.4289 1 0 0 1 0 1.17424 0 0 0 0 0 0 0 0 0 0 0 0 0 0 0 0 0 0 0 
-1 13.3845 64.5364 96.5331 1 0 0 1 0 1.16538 0 0 0 0 0 0 0 0 0 0 0 0 0 0 0 0 0 0 0 
-1 13.5686 64.5359 96.6373 1 0 0 1 0 1.15652 0 0 0 0 0 0 0 0 0 0 0 0 0 0 0 0 0 0 0 
-1 13.7522 64.5354 96.7415 1 0 0 1 0 1.14766 0 0 0 0 0 0 0 0 0 0 0 0 0 0 0 0 0 0 0 
-1 13.9352 64.5349 96.8457 1 0 0 1 0 1.13881 0 0 0 0 0 0 0 0 0 0 0 0 0 0 0 0 0 0 0 
-1 14.1175 64.5345 96.9498 1 0 0 1 0 1.12995 0 0 0 0 0 0 0 0 0 0 0 0 0 0 0 0 0 0 0 
-1 14.299 64.534 97.0539 1 0 0 1 0 1.12109 0 0 0 0 0 0 0 0 0 0 0 0 0 0 0 0 0 0 0 
-1 14.4797 64.5335 97.158 1 0 0 1 0 1.11223 0 0 0 0 0 0 0 0 0 0 0 0 0 0 0 0 0 0 0 
-1 14.6595 64.5331 97.2621 1 0 0 1 0 1.10337 0 0 0 0 0 0 0 0 0 0 0 0 0 0 0 0 0 0 0 
-1 14.8384 64.5326 97.3662 1 0 0 1 0 1.09451 0 0 0 0 0 0 0 0 0 0 0 0 0 0 0 0 0 0 0 
-1 15.0163 64.5322 97.4702 1 0 0 1 0 1.08566 0 0 0 0 0 0 0 0 0 0 0 0 0 0 0 0 0 0 0 
-1 15.193 64.5317 97.5742 1 0 0 1 0 1.0768 0 0 0 0 0 0 0 0 0 0 0 0 0 0 0 0 0 0 0 
-1 15.3687 64.5313 97.6782 1 0 0 1 0 1.06794 0 0 0 0 0 0 0 0 0 0 0 0 0 0 0 0 0 0 0 
-1 15.5431 64.5309 97.7822 1 0 0 1 0 1.05908 0 0 0 0 0 0 0 0 0 0 0 0 0 0 0 0 0 0 0 
-1 15.7163 64.5305 97.8861 1 0 0 1 0 1.05022 0 0 0 0 0 0 0 0 0 0 0 0 0 0 0 0 0 0 0 
-1 15.8881 64.5301 97.99 1 0 0 1 0 1.04136 0 0 0 0 0 0 0 0 0 0 0 0 0 0 0 0 0 0 0 
-1 16.0586 64.5297 98.0939 1 0 0 1 0 1.0325 0 0 0 0 0 0 0 0 0 0 0 0 0 0 0 0 0 0 0 
-1 16.2276 64.5293 98.1978 1 0 0 1 0 1.02365 0 0 0 0 0 0 0 0 0 0 0 0 0 0 0 0 0 0 0 
-1 16.3951 64.5289 98.3016 1 0 0 1 0 1.01479 0 0 0 0 0 0 0 0 0 0 0 0 0 0 0 0 0 0 0 
-1 16.5609 64.5285 98.4053 1 0 0 1 0 1.00593 0 0 0 0 0 0 0 0 0 0 0 0 0 0 0 0 0 0 0 
-1 16.7253 64.5282 98.5091 1 0 0 1 0 0.99707 0 0 0 0 0 0 0 0 0 0 0 0 0 0 0 0 0 0 0 
-1 16.8878 64.5279 98.6128 1 0 0 1 0 0.988212 0 0 0 0 0 0 0 0 0 0 0 0 0 0 0 0 0 0 0 
-1 17.0487 64.5275 98.7164 1 0 0 1 0 0.979354 0 0 0 0 0 0 0 0 0 0 0 0 0 0 0 0 0 0 0 
-1 17.2077 64.5272 98.8201 1 0 0 1 0 0.970495 0 0 0 0 0 0 0 0 0 0 0 0 0 0 0 0 0 0 0 
-1 17.3649 64.5269 98.9236 1 0 0 1 0 0.961637 0 0 0 0 0 0 0 0 0 0 0 0 0 0 0 0 0 0 0 
-1 17.5202 64.5266 99.0272 1 0 0 1 0 0.952778 0 0 0 0 0 0 0 0 0 0 0 0 0 0 0 0 0 0 0 
-1 17.6734 64.5263 99.1307 1 0 0 1 0 0.94392 0 0 0 0 0 0 0 0 0 0 0 0 0 0 0 0 0 0 0 
-1 17.8247 64.5261 99.2341 1 0 0 1 0 0.935061 0 0 0 0 0 0 0 0 0 0 0 0 0 0 0 0 0 0 0 
-1 17.9738 64.5258 99.3375 1 0 0 1 0 0.926203 0 0 0 0 0 0 0 0 0 0 0 0 0 0 0 0 0 0 0 
-1 18.1208 64.5256 99.4408 1 0 0 1 0 0.917344 0 0 0 0 0 0 0 0 0 0 0 0 0 0 0 0 0 0 0 
-1 18.2656 64.5254 99.5441 1 0 0 1 0 0.908486 0 0 0 0 0 0 0 0 0 0 0 0 0 0 0 0 0 0 0 
-1 18.4082 64.5252 99.6474 1 0 0 1 0 0.899627 0 0 0 0 0 0 0 0 0 0 0 0 0 0 0 0 0 0 0 
-1 18.5484 64.525 99.7506 1 0 0 1 0 0.890769 0 0 0 0 0 0 0 0 0 0 0 0 0 0 0 0 0 0 0 
-1 18.6863 64.5248 99.8537 1 0 0 1 0 0.88191 0 0 0 0 0 0 0 0 0 0 0 0 0 0 0 0 0 0 0 
-1 18.8218 64.5247 99.9568 1 0 0 1 0 0.873052 0 0 0 0 0 0 0 0 0 0 0 0 0 0 0 0 0 0 0 
-1 18.9549 64.5245 100.06 1 0 0 1 0 0.864193 0 0 0 0 0 0 0 0 0 0 0 0 0 0 0 0 0 0 0 
-1 19.0855 64.5244 100.163 1 0 0 1 0 0.855335 0 0 0 0 0 0 0 0 0 0 0 0 0 0 0 0 0 0 0 
-1 19.2135 64.5243 100.266 1 0 0 1 0 0.846476 0 0 0 0 0 0 0 0 0 0 0 0 0 0 0 0 0 0 0 
-1 19.3389 64.5242 100.369 1 0 0 1 0 0.837618 0 0 0 0 0 0 0 0 0 0 0 0 0 0 0 0 0 0 0 
-1 19.4617 64.5242 100.471 1 0 0 1 0 0.828759 0 0 0 0 0 0 0 0 0 0 0 0 0 0 0 0 0 0 0 
-1 19.5819 64.5241 100.574 1 0 0 1 0 0.819901 0 0 0 0 0 0 0 0 0 0 0 0 0 0 0 0 0 0 0 
-1 19.6993 64.5241 100.677 1 0 0 1 0 0.811043 0 0 0 0 0 0 0 0 0 0 0 0 0 0 0 0 0 0 0 
-1 19.814 64.5241 100.779 1 0 0 1 0 0.802184 0 0 0 0 0 0 0 0 0 0 0 0 0 0 0 0 0 0 0 
-1 19.9258 64.5241 100.882 1 0 0 1 0 0.793326 0 0 0 0 0 0 0 0 0 0 0 0 0 0 0 0 0 0 0 
-1 20.0347 64.5241 100.984 1 0 0 1 0 0.784467 0 0 0 0 0 0 0 0 0 0 0 0 0 0 0 0 0 0 0 
-1 20.1408 64.5242 101.087 1 0 0 1 0 0.775609 0 0 0 0 0 0 0 0 0 0 0 0 0 0 0 0 0 0 0 
-1 20.244 64.5243 101.189 1 0 0 1 0 0.76675 0 0 0 0 0 0 0 0 0 0 0 0 0 0 0 0 0 0 0 
-1 20.3443 64.5243 101.291 1 0 0 1 0 0.757892 0 0 0 0 0 0 0 0 0 0 0 0 0 0 0 0 0 0 0 
-1 20.4415 64.5245 101.394 1 0 0 1 0 0.749033 0 0 0 0 0 0 0 0 0 0 0 0 0 0 0 0 0 0 0 
-1 20.5356 64.5246 101.496 1 0 0 1 0 0.740175 0 0 0 0 0 0 0 0 0 0 0 0 0 0 0 0 0 0 0 
-1 20.6267 64.5247 101.598 1 0 0 1 0 0.731316 0 0 0 0 0 0 0 0 0 0 0 0 0 0 0 0 0 0 0 
-1 20.7147 64.5249 101.7 1 0 0 1 0 0.722458 0 0 0 0 0 0 0 0 0 0 0 0 0 0 0 0 0 0 0 
-1 20.7997 64.5251 101.802 1 0 0 1 0 0.713599 0 0 0 0 0 0 0 0 0 0 0 0 0 0 0 0 0 0 0 
-1 20.8814 64.5253 101.904 1 0 0 1 0 0.704741 0 0 0 0 0 0 0 0 0 0 0 0 0 0 0 0 0 0 0 
-1 20.9598 64.5256 102.006 1 0 0 1 0 0.695882 0 0 0 0 0 0 0 0 0 0 0 0 0 0 0 0 0 0 0 
-1 21.0351 64.5258 102.107 1 0 0 1 0 0.687024 0 0 0 0 0 0 0 0 0 0 0 0 0 0 0 0 0 0 0 
-1 21.1072 64.5261 102.209 1 0 0 1 0 0.678165 0 0 0 0 0 0 0 0 0 0 0 0 0 0 0 0 0 0 0 
-1 21.176 64.5264 102.311 1 0 0 1 0 0.669307 0 0 0 0 0 0 0 0 0 0 0 0 0 0 0 0 0 0 0 
-1 21.2414 64.5268 102.412 1 0 0 1 0 0.660448 0 0 0 0 0 0 0 0 0 0 0 0 0 0 0 0 0 0 0 
-1 21.3035 64.5271 102.513 1 0 0 1 0 0.65159 0 0 0 0 0 0 0 0 0 0 0 0 0 0 0 0 0 0 0 
-1 21.3624 64.5275 102.615 1 0 0 1 0 0.642732 0 0 0 0 0 0 0 0 0 0 0 0 0 0 0 0 0 0 0 
-1 21.4177 64.5279 102.716 1 0 0 1 0 0.633873 0 0 0 0 0 0 0 0 0 0 0 0 0 0 0 0 0 0 0 
-1 21.4697 64.5283 102.817 1 0 0 1 0 0.625015 0 0 0 0 0 0 0 0 0 0 0 0 0 0 0 0 0 0 0 
-1 21.5184 64.5288 102.918 1 0 0 1 0 0.616156 0 0 0 0 0 0 0 0 0 0 0 0 0 0 0 0 0 0 0 
-1 21.5636 64.5292 103.019 1 0 0 1 0 0.607298 0 0 0 0 0 0 0 0 0 0 0 0 0 0 0 0 0 0 0 
-1 21.6053 64.5297 103.12 1 0 0 1 0 0.598439 0 0 0 0 0 0 0 0 0 0 0 0 0 0 0 0 0 0 0 
-1 21.6436 64.5303 103.221 1 0 0 1 0 0.589581 0 0 0 0 0 0 0 0 0 0 0 0 0 0 0 0 0 0 0 
-1 21.6784 64.5308 103.322 1 0 0 1 0 0.580722 0 0 0 0 0 0 0 0 0 0 0 0 0 0 0 0 0 0 0 
-1 21.7096 64.5314 103.423 1 0 0 1 0 0.571864 0 0 0 0 0 0 0 0 0 0 0 0 0 0 0 0 0 0 0 
-1 21.7375 64.532 103.523 1 0 0 1 0 0.563005 0 0 0 0 0 0 0 0 0 0 0 0 0 0 0 0 0 0 0 
-1 21.7618 64.5326 103.624 1 0 0 1 0 0.554147 0 0 0 0 0 0 0 0 0 0 0 0 0 0 0 0 0 0 0 
-1 21.7825 64.5332 103.725 1 0 0 1 0 0.545288 0 0 0 0 0 0 0 0 0 0 0 0 0 0 0 0 0 0 0 
-1 21.7998 64.5339 103.825 1 0 0 1 0 0.53643 0 0 0 0 0 0 0 0 0 0 0 0 0 0 0 0 0 0 0 
-1 21.8135 64.5346 103.925 1 0 0 1 0 0.527571 0 0 0 0 0 0 0 0 0 0 0 0 0 0 0 0 0 0 0 
-1 21.8237 64.5353 104.026 1 0 0 1 0 0.518713 0 0 0 0 0 0 0 0 0 0 0 0 0 0 0 0 0 0 0 
-1 21.8303 64.536 104.126 1 0 0 1 0 0.509854 0 0 0 0 0 0 0 0 0 0 0 0 0 0 0 0 0 0 0 
-1 21.8334 64.5368 104.226 1 0 0 1 0 0.500996 0 0 0 0 0 0 0 0 0 0 0 0 0 0 0 0 0 0 0 
-1 21.8364 65.0376 104.322 1 0 0 1 0 0.492137 0 0 0 0 0 0 0 0 0 0 0 0 0 0 0 0 0 0 0 
-1 21.8327 65.0884 104.421 1 0 0 1 0 0.500996 0 0 0 0 0 0 0 0 0 0 0 0 0 0 0 0 0 0 0 
-1 21.8255 65.1392 104.521 1 0 0 1 0 0.509854 0 0 0 0 0 0 0 0 0 0 0 0 0 0 0 0 0 0 0 
-1 21.8148 65.1901 104.62 1 0 0 1 0 0.518713 0 0 0 0 0 0 0 0 0 0 0 0 0 0 0 0 0 0 0 
-1 21.8005 65.2409 104.72 1 0 0 1 0 0.527571 0 0 0 0 0 0 0 0 0 0 0 0 0 0 0 0 0 0 0 
-1 21.7826 65.2919 104.819 1 0 0 1 0 0.53643 0 0 0 0 0 0 0 0 0 0 0 0 0 0 0 0 0 0 0 
-1 21.7612 65.3428 104.918 1 0 0 1 0 0.545288 0 0 0 0 0 0 0 0 0 0 0 0 0 0 0 0 0 0 0 
-1 21.7363 65.3937 105.017 1 0 0 1 0 0.554147 0 0 0 0 0 0 0 0 0 0 0 0 0 0 0 0 0 0 0 
-1 21.7078 65.4447 105.116 1 0 0 1 0 0.563005 0 0 0 0 0 0 0 0 0 0 0 0 0 0 0 0 0 0 0 
-1 21.6758 65.4957 105.215 1 0 0 1 0 0.571864 0 0 0 0 0 0 0 0 0 0 0 0 0 0 0 0 0 0 0 
-1 21.6404 65.5468 105.314 1 0 0 1 0 0.580722 0 0 0 0 0 0 0 0 0 0 0 0 0 0 0 0 0 0 0 
-1 21.6014 65.5978 105.412 1 0 0 1 0 0.589581 0 0 0 0 0 0 0 0 0 0 0 0 0 0 0 0 0 0 0 
-1 21.559 65.6489 105.511 1 0 0 1 0 0.598439 0 0 0 0 0 0 0 0 0 0 0 0 0 0 0 0 0 0 0 
-1 21.5131 65.7 105.61 1 0 0 1 0 0.607298 0 0 0 0 0 0 0 0 0 0 0 0 0 0 0 0 0 0 0 
-1 21.4638 65.7511 105.708 1 0 0 1 0 0.616156 0 0 0 0 0 0 0 0 0 0 0 0 0 0 0 0 0 0 0 
-1 21.411 65.8023 105.807 1 0 0 1 0 0.625015 0 0 0 0 0 0 0 0 0 0 0 0 0 0 0 0 0 0 0 
-1 21.3548 65.8534 105.905 1 0 0 1 0 0.633873 0 0 0 0 0 0 0 0 0 0 0 0 0 0 0 0 0 0 0 
-1 21.2953 65.9046 106.003 1 0 0 1 0 0.642732 0 0 0 0 0 0 0 0 0 0 0 0 0 0 0 0 0 0 0 
-1 21.2323 65.9559 106.101 1 0 0 1 0 0.65159 0 0 0 0 0 0 0 0 0 0 0 0 0 0 0 0 0 0 0 
-1 21.166 66.0071 106.2 1 0 0 1 0 0.660448 0 0 0 0 0 0 0 0 0 0 0 0 0 0 0 0 0 0 0 
-1 21.0965 66.0584 106.298 1 0 0 1 0 0.669307 0 0 0 0 0 0 0 0 0 0 0 0 0 0 0 0 0 0 0 
-1 21.0235 66.1097 106.396 1 0 0 1 0 0.678165 0 0 0 0 0 0 0 0 0 0 0 0 0 0 0 0 0 0 0 
-1 20.9473 66.161 106.493 1 0 0 1 0 0.687024 0 0 0 0 0 0 0 0 0 0 0 0 0 0 0 0 0 0 0 
-1 20.8678 66.2123 106.591 1 0 0 1 0 0.695882 0 0 0 0 0 0 0 0 0 0 0 0 0 0 0 0 0 0 0 
-1 20.7852 66.2637 106.689 1 0 0 1 0 0.704741 0 0 0 0 0 0 0 0 0 0 0 0 0 0 0 0 0 0 0 
-1 20.6994 66.315 106.787 1 0 0 1 0 0.713599 0 0 0 0 0 0 0 0 0 0 0 0 0 0 0 0 0 0 0 
-1 20.6103 66.3664 106.884 1 0 0 1 0 0.722458 0 0 0 0 0 0 0 0 0 0 0 0 0 0 0 0 0 0 0 
-1 20.5181 66.4179 106.982 1 0 0 1 0 0.731316 0 0 0 0 0 0 0 0 0 0 0 0 0 0 0 0 0 0 0 
-1 20.4228 66.4693 107.079 1 0 0 1 0 0.740175 0 0 0 0 0 0 0 0 0 0 0 0 0 0 0 0 0 0 0 
-1 20.3246 66.5208 107.177 1 0 0 1 0 0.749033 0 0 0 0 0 0 0 0 0 0 0 0 0 0 0 0 0 0 0 
-1 20.2232 66.5723 107.274 1 0 0 1 0 0.757892 0 0 0 0 0 0 0 0 0 0 0 0 0 0 0 0 0 0 0 
-1 20.1188 66.6238 107.371 1 0 0 1 0 0.76675 0 0 0 0 0 0 0 0 0 0 0 0 0 0 0 0 0 0 0 
-1 20.0115 66.6753 107.469 1 0 0 1 0 0.775609 0 0 0 0 0 0 0 0 0 0 0 0 0 0 0 0 0 0 0 
-1 19.9012 66.7268 107.566 1 0 0 1 0 0.784467 0 0 0 0 0 0 0 0 0 0 0 0 0 0 0 0 0 0 0 
-1 19.7881 66.7784 107.663 1 0 0 1 0 0.793326 0 0 0 0 0 0 0 0 0 0 0 0 0 0 0 0 0 0 0 
-1 19.6721 66.83 107.76 1 0 0 1 0 0.802184 0 0 0 0 0 0 0 0 0 0 0 0 0 0 0 0 0 0 0 
-1 19.5533 66.8816 107.857 1 0 0 1 0 0.811043 0 0 0 0 0 0 0 0 0 0 0 0 0 0 0 0 0 0 0 
-1 19.4317 66.9332 107.954 1 0 0 1 0 0.819901 0 0 0 0 0 0 0 0 0 0 0 0 0 0 0 0 0 0 0 
-1 19.3075 66.9849 108.05 1 0 0 1 0 0.828759 0 0 0 0 0 0 0 0 0 0 0 0 0 0 0 0 0 0 0 
-1 19.1805 67.0365 108.147 1 0 0 1 0 0.837618 0 0 0 0 0 0 0 0 0 0 0 0 0 0 0 0 0 0 0 
-1 19.0509 67.0882 108.244 1 0 0 1 0 0.846476 0 0 0 0 0 0 0 0 0 0 0 0 0 0 0 0 0 0 0 
-1 18.9188 67.1399 108.34 1 0 0 1 0 0.855335 0 0 0 0 0 0 0 0 0 0 0 0 0 0 0 0 0 0 0 
-1 18.784 67.1916 108.437 1 0 0 1 0 0.864193 0 0 0 0 0 0 0 0 0 0 0 0 0 0 0 0 0 0 0 
-1 18.6467 67.2434 108.534 1 0 0 1 0 0.873052 0 0 0 0 0 0 0 0 0 0 0 0 0 0 0 0 0 0 0 
-1 18.5071 67.2951 108.63 1 0 0 1 0 0.88191 0 0 0 0 0 0 0 0 0 0 0 0 0 0 0 0 0 0 0 
-1 18.365 67.3469 108.726 1 0 0 1 0 0.890769 0 0 0 0 0 0 0 0 0 0 0 0 0 0 0 0 0 0 0 
-1 18.2207 67.3987 108.823 1 0 0 1 0 0.899627 0 0 0 0 0 0 0 0 0 0 0 0 0 0 0 0 0 0 0 
-1 18.0739 67.4505 108.919 1 0 0 1 0 0.908486 0 0 0 0 0 0 0 0 0 0 0 0 0 0 0 0 0 0 0 
-1 17.9249 67.5023 109.015 1 0 0 1 0 0.917344 0 0 0 0 0 0 0 0 0 0 0 0 0 0 0 0 0 0 0 
-1 17.7738 67.5541 109.112 1 0 0 1 0 0.926203 0 0 0 0 0 0 0 0 0 0 0 0 0 0 0 0 0 0 0 
-1 17.6205 67.6059 109.208 1 0 0 1 0 0.935061 0 0 0 0 0 0 0 0 0 0 0 0 0 0 0 0 0 0 0 
-1 17.4651 67.6578 109.304 1 0 0 1 0 0.94392 0 0 0 0 0 0 0 0 0 0 0 0 0 0 0 0 0 0 0 
-1 17.3077 67.7097 109.4 1 0 0 1 0 0.952778 0 0 0 0 0 0 0 0 0 0 0 0 0 0 0 0 0 0 0 
-1 17.1483 67.7616 109.496 1 0 0 1 0 0.961637 0 0 0 0 0 0 0 0 0 0 0 0 0 0 0 0 0 0 0 
-1 16.9869 67.8135 109.592 1 0 0 1 0 0.970495 0 0 0 0 0 0 0 0 0 0 0 0 0 0 0 0 0 0 0 
-1 16.8237 67.8654 109.688 1 0 0 1 0 0.979354 0 0 0 0 0 0 0 0 0 0 0 0 0 0 0 0 0 0 0 
-1 16.6588 67.9173 109.784 1 0 0 1 0 0.988212 0 0 0 0 0 0 0 0 0 0 0 0 0 0 0 0 0 0 0 
-1 16.492 67.9692 109.88 1 0 0 1 0 0.99707 0 0 0 0 0 0 0 0 0 0 0 0 0 0 0 0 0 0 0 
-1 16.3236 68.0212 109.975 1 0 0 1 0 1.00593 0 0 0 0 0 0 0 0 0 0 0 0 0 0 0 0 0 0 0 
-1 16.1535 68.0732 110.071 1 0 0 1 0 1.01479 0 0 0 0 0 0 0 0 0 0 0 0 0 0 0 0 0 0 0 
-1 15.9819 68.1251 110.167 1 0 0 1 0 1.02365 0 0 0 0 0 0 0 0 0 0 0 0 0 0 0 0 0 0 0 
-1 15.8087 68.1771 110.263 1 0 0 1 0 1.0325 0 0 0 0 0 0 0 0 0 0 0 0 0 0 0 0 0 0 0 
-1 15.6341 68.2291 110.358 1 0 0 1 0 1.04136 0 0 0 0 0 0 0 0 0 0 0 0 0 0 0 0 0 0 0 
-1 15.4581 68.2811 110.454 1 0 0 1 0 1.05022 0 0 0 0 0 0 0 0 0 0 0 0 0 0 0 0 0 0 0 
-1 15.2808 68.3331 110.55 1 0 0 1 0 1.05908 0 0 0 0 0 0 0 0 0 0 0 0 0 0 0 0 0 0 0 
-1 15.1022 68.3851 110.645 1 0 0 1 0 1.06794 0 0 0 0 0 0 0 0 0 0 0 0 0 0 0 0 0 0 0 
-1 14.9224 68.4372 110.741 1 0 0 1 0 1.0768 0 0 0 0 0 0 0 0 0 0 0 0 0 0 0 0 0 0 0 
-1 14.7415 68.4892 110.836 1 0 0 1 0 1.08566 0 0 0 0 0 0 0 0 0 0 0 0 0 0 0 0 0 0 0 
-1 14.5595 68.5413 110.932 1 0 0 1 0 1.09451 0 0 0 0 0 0 0 0 0 0 0 0 0 0 0 0 0 0 0 
-1 14.3764 68.5933 111.027 1 0 0 1 0 1.10337 0 0 0 0 0 0 0 0 0 0 0 0 0 0 0 0 0 0 0 
-1 14.1925 68.6454 111.123 1 0 0 1 0 1.11223 0 0 0 0 0 0 0 0 0 0 0 0 0 0 0 0 0 0 0 
-1 14.0076 68.6974 111.218 1 0 0 1 0 1.12109 0 0 0 0 0 0 0 0 0 0 0 0 0 0 0 0 0 0 0 
-1 13.822 68.7495 111.314 1 0 0 1 0 1.12995 0 0 0 0 0 0 0 0 0 0 0 0 0 0 0 0 0 0 0 
-1 13.6355 68.8016 111.409 1 0 0 1 0 1.13881 0 0 0 0 0 0 0 0 0 0 0 0 0 0 0 0 0 0 0 
-1 13.4484 68.8536 111.504 1 0 0 1 0 1.14766 0 0 0 0 0 0 0 0 0 0 0 0 0 0 0 0 0 0 0 
-1 13.2606 68.9057 111.6 1 0 0 1 0 1.15652 0 0 0 0 0 0 0 0 0 0 0 0 0 0 0 0 0 0 0 
-1 13.0724 68.9578 111.695 1 0 0 1 0 1.16538 0 0 0 0 0 0 0 0 0 0 0 0 0 0 0 0 0 0 0 
-1 12.8836 69.0099 111.79 1 0 0 1 0 1.17424 0 0 0 0 0 0 0 0 0 0 0 0 0 0 0 0 0 0 0 
-1 12.6944 69.062 111.886 1 0 0 1 0 1.1831 0 0 0 0 0 0 0 0 0 0 0 0 0 0 0 0 0 0 0 
-1 12.5049 69.1141 111.981 1 0 0 1 0 1.19196 0 0 0 0 0 0 0 0 0 0 0 0 0 0 0 0 0 0 0 
-1 12.315 69.1662 112.076 1 0 0 1 0 1.20082 0 0 0 0 0 0 0 0 0 0 0 0 0 0 0 0 0 0 0 
-1 12.125 69.2183 112.172 1 0 0 1 0 1.20967 0 0 0 0 0 0 0 0 0 0 0 0 0 0 0 0 0 0 0 
-1 11.9347 69.2704 112.267 1 0 0 1 0 1.21853 0 0 0 0 0 0 0 0 0 0 0 0 0 0 0 0 0 0 0 
-1 11.7444 69.3225 112.362 1 0 0 1 0 1.22739 0 0 0 0 0 0 0 0 0 0 0 0 0 0 0 0 0 0 0 
-1 11.554 69.3746 112.458 1 0 0 1 0 1.23625 0 0 0 0 0 0 0 0 0 0 0 0 0 0 0 0 0 0 0 
-1 11.3638 69.4267 112.553 1 0 0 1 0 1.24511 0 0 0 0 0 0 0 0 0 0 0 0 0 0 0 0 0 0 0 
-1 11.1736 69.4788 112.648 1 0 0 1 0 1.25397 0 0 0 0 0 0 0 0 0 0 0 0 0 0 0 0 0 0 0 
-1 10.9836 69.5309 112.744 1 0 0 1 0 1.26282 0 0 0 0 0 0 0 0 0 0 0 0 0 0 0 0 0 0 0 
-1 10.7938 69.583 112.839 1 0 0 1 0 1.27168 0 0 0 0 0 0 0 0 0 0 0 0 0 0 0 0 0 0 0 
-1 10.6044 69.6351 112.934 1 0 0 1 0 1.28054 0 0 0 0 0 0 0 0 0 0 0 0 0 0 0 0 0 0 0 
-1 10.4153 69.6872 113.03 1 0 0 1 0 1.2894 0 0 0 0 0 0 0 0 0 0 0 0 0 0 0 0 0 0 0 
-1 10.2267 69.7393 113.125 1 0 0 1 0 1.29826 0 0 0 0 0 0 0 0 0 0 0 0 0 0 0 0 0 0 0 
-1 10.0385 69.7914 113.22 1 0 0 1 0 1.30712 0 0 0 0 0 0 0 0 0 0 0 0 0 0 0 0 0 0 0 
-1 9.85099 69.8434 113.316 1 0 0 1 0 1.31598 0 0 0 0 0 0 0 0 0 0 0 0 0 0 0 0 0 0 0 
-1 9.66414 69.8955 113.411 1 0 0 1 0 1.32483 0 0 0 0 0 0 0 0 0 0 0 0 0 0 0 0 0 0 0 
-1 9.478 69.9476 113.507 1 0 0 1 0 1.33369 0 0 0 0 0 0 0 0 0 0 0 0 0 0 0 0 0 0 0 
-1 9.29255 69.9997 113.602 1 0 0 1 0 1.34255 0 0 0 0 0 0 0 0 0 0 0 0 0 0 0 0 0 0 0 
-1 9.108 70.0517 113.698 1 0 0 1 0 1.35141 0 0 0 0 0 0 0 0 0 0 0 0 0 0 0 0 0 0 0 
-1 8.92435 70.1038 113.793 1 0 0 1 0 1.36027 0 0 0 0 0 0 0 0 0 0 0 0 0 0 0 0 0 0 0 
-1 8.7416 70.1558 113.888 1 0 0 1 0 1.36913 0 0 0 0 0 0 0 0 0 0 0 0 0 0 0 0 0 0 0 
-1 8.55996 70.2079 113.984 1 0 0 1 0 1.37798 0 0 0 0 0 0 0 0 0 0 0 0 0 0 0 0 0 0 0 
-1 8.3794 70.2599 114.08 1 0 0 1 0 1.38684 0 0 0 0 0 0 0 0 0 0 0 0 0 0 0 0 0 0 0 
-1 8.20005 70.3119 114.175 1 0 0 1 0 1.3957 0 0 0 0 0 0 0 0 0 0 0 0 0 0 0 0 0 0 0 
-1 8.0218 70.3639 114.271 1 0 0 1 0 1.40456 0 0 0 0 0 0 0 0 0 0 0 0 0 0 0 0 0 0 0 
-1 7.84496 70.416 114.366 1 0 0 1 0 1.41342 0 0 0 0 0 0 0 0 0 0 0 0 0 0 0 0 0 0 0 
-1 7.6694 70.4679 114.462 1 0 0 1 0 1.42228 0 0 0 0 0 0 0 0 0 0 0 0 0 0 0 0 0 0 0 
-1 7.49525 70.5199 114.558 1 0 0 1 0 1.43114 0 0 0 0 0 0 0 0 0 0 0 0 0 0 0 0 0 0 0 
-1 7.3226 70.5719 114.653 1 0 0 1 0 1.43999 0 0 0 0 0 0 0 0 0 0 0 0 0 0 0 0 0 0 0 
-1 7.15155 70.6239 114.749 1 0 0 1 0 1.44885 0 0 0 0 0 0 0 0 0 0 0 0 0 0 0 0 0 0 0 
-1 6.98199 70.6758 114.845 1 0 0 1 0 1.45771 0 0 0 0 0 0 0 0 0 0 0 0 0 0 0 0 0 0 0 
-1 6.81414 70.7278 114.941 1 0 0 1 0 1.46657 0 0 0 0 0 0 0 0 0 0 0 0 0 0 0 0 0 0 0 
-1 6.64799 70.7797 115.037 1 0 0 1 0 1.47543 0 0 0 0 0 0 0 0 0 0 0 0 0 0 0 0 0 0 0 
-1 6.48353 70.8316 115.133 1 0 0 1 0 1.48429 0 0 0 0 0 0 0 0 0 0 0 0 0 0 0 0 0 0 0 
-1 6.32098 70.8836 115.228 1 0 0 1 0 1.49314 0 0 0 0 0 0 0 0 0 0 0 0 0 0 0 0 0 0 0 
-1 6.16032 70.9355 115.324 1 0 0 1 0 1.502 0 0 0 0 0 0 0 0 0 0 0 0 0 0 0 0 0 0 0 
-1 6.00157 70.9873 115.42 1 0 0 1 0 1.51086 0 0 0 0 0 0 0 0 0 0 0 0 0 0 0 0 0 0 0 
-1 5.84481 71.0392 115.517 1 0 0 1 0 1.51972 0 0 0 0 0 0 0 0 0 0 0 0 0 0 0 0 0 0 0 
-1 5.69005 71.0911 115.613 1 0 0 1 0 1.52858 0 0 0 0 0 0 0 0 0 0 0 0 0 0 0 0 0 0 0 
-1 5.5375 71.1429 115.709 1 0 0 1 0 1.53744 0 0 0 0 0 0 0 0 0 0 0 0 0 0 0 0 0 0 0 
-1 5.38704 71.1947 115.805 1 0 0 1 0 1.5463 0 0 0 0 0 0 0 0 0 0 0 0 0 0 0 0 0 0 0 
-1 5.23888 71.2465 115.901 1 0 0 1 0 1.55515 0 0 0 0 0 0 0 0 0 0 0 0 0 0 0 0 0 0 0 
-1 5.09292 71.2983 115.998 1 0 0 1 0 1.56401 0 0 0 0 0 0 0 0 0 0 0 0 0 0 0 0 0 0 0 
-1 4.94926 71.3501 116.094 1 0 0 1 0 1.57287 0 0 0 0 0 0 0 0 0 0 0 0 0 0 0 0 0 0 0 
-1 4.808 71.4019 116.19 1 0 0 1 0 1.58173 0 0 0 0 0 0 0 0 0 0 0 0 0 0 0 0 0 0 0 
-1 4.66914 71.4536 116.287 1 0 0 1 0 1.59059 0 0 0 0 0 0 0 0 0 0 0 0 0 0 0 0 0 0 0 
-1 4.53268 71.5053 116.384 1 0 0 1 0 1.59945 0 0 0 0 0 0 0 0 0 0 0 0 0 0 0 0 0 0 0 
-1 4.39882 71.5571 116.48 1 0 0 1 0 1.60831 0 0 0 0 0 0 0 0 0 0 0 0 0 0 0 0 0 0 0 
-1 4.26745 71.6087 116.577 1 0 0 1 0 1.61716 0 0 0 0 0 0 0 0 0 0 0 0 0 0 0 0 0 0 0 
-1 4.13879 71.6604 116.673 1 0 0 1 0 1.62602 0 0 0 0 0 0 0 0 0 0 0 0 0 0 0 0 0 0 0 
-1 4.01272 71.7121 116.77 1 0 0 1 0 1.63488 0 0 0 0 0 0 0 0 0 0 0 0 0 0 0 0 0 0 0 
-1 3.88936 71.7637 116.867 1 0 0 1 0 1.64374 0 0 0 0 0 0 0 0 0 0 0 0 0 0 0 0 0 0 0 
-1 3.76869 71.8153 116.964 1 0 0 1 0 1.6526 0 0 0 0 0 0 0 0 0 0 0 0 0 0 0 0 0 0 0 
-1 3.65083 71.8669 117.061 1 0 0 1 0 1.66146 0 0 0 0 0 0 0 0 0 0 0 0 0 0 0 0 0 0 0 
-1 3.53576 71.9185 117.158 1 0 0 1 0 1.67031 0 0 0 0 0 0 0 0 0 0 0 0 0 0 0 0 0 0 0 
-1 3.42359 71.9701 117.255 1 0 0 1 0 1.67917 0 0 0 0 0 0 0 0 0 0 0 0 0 0 0 0 0 0 0 
-1 3.31432 72.0216 117.352 1 0 0 1 0 1.68803 0 0 0 0 0 0 0 0 0 0 0 0 0 0 0 0 0 0 0 
-1 3.20795 72.0731 117.449 1 0 0 1 0 1.69689 0 0 0 0 0 0 0 0 0 0 0 0 0 0 0 0 0 0 0 
-1 3.10458 72.1246 117.547 1 0 0 1 0 1.70575 0 0 0 0 0 0 0 0 0 0 0 0 0 0 0 0 0 0 0 
-1 3.00421 72.1761 117.644 1 0 0 1 0 1.71461 0 0 0 0 0 0 0 0 0 0 0 0 0 0 0 0 0 0 0 
-1 2.90693 72.2276 117.741 1 0 0 1 0 1.72347 0 0 0 0 0 0 0 0 0 0 0 0 0 0 0 0 0 0 0 
-1 2.81266 72.279 117.839 1 0 0 1 0 1.73232 0 0 0 0 0 0 0 0 0 0 0 0 0 0 0 0 0 0 0 
-1 2.72158 72.3304 117.937 1 0 0 1 0 1.74118 0 0 0 0 0 0 0 0 0 0 0 0 0 0 0 0 0 0 0 
-1 2.63361 72.3818 118.034 1 0 0 1 0 1.75004 0 0 0 0 0 0 0 0 0 0 0 0 0 0 0 0 0 0 0 
-1 2.54883 72.4332 118.132 1 0 0 1 0 1.7589 0 0 0 0 0 0 0 0 0 0 0 0 0 0 0 0 0 0 0 
-1 2.46715 72.4845 118.23 1 0 0 1 0 1.76776 0 0 0 0 0 0 0 0 0 0 0 0 0 0 0 0 0 0 0 
-1 2.38888 72.5359 118.327 1 0 0 1 0 1.77662 0 0 0 0 0 0 0 0 0 0 0 0 0 0 0 0 0 0 0 
-1 2.3137 72.5872 118.425 1 0 0 1 0 1.78547 0 0 0 0 0 0 0 0 0 0 0 0 0 0 0 0 0 0 0 
-1 2.24192 72.6385 118.523 1 0 0 1 0 1.79433 0 0 0 0 0 0 0 0 0 0 0 0 0 0 0 0 0 0 0 
-1 2.17344 72.6897 118.621 1 0 0 1 0 1.80319 0 0 0 0 0 0 0 0 0 0 0 0 0 0 0 0 0 0 0 
-1 2.10826 72.741 118.72 1 0 0 1 0 1.81205 0 0 0 0 0 0 0 0 0 0 0 0 0 0 0 0 0 0 0 
-1 2.04637 72.7922 118.818 1 0 0 1 0 1.82091 0 0 0 0 0 0 0 0 0 0 0 0 0 0 0 0 0 0 0 
-1 1.98799 72.8433 118.916 1 0 0 1 0 1.82977 0 0 0 0 0 0 0 0 0 0 0 0 0 0 0 0 0 0 0 
-1 1.93291 72.8945 119.015 1 0 0 1 0 1.83863 0 0 0 0 0 0 0 0 0 0 0 0 0 0 0 0 0 0 0 
-1 1.88132 72.9457 119.113 1 0 0 1 0 1.84748 0 0 0 0 0 0 0 0 0 0 0 0 0 0 0 0 0 0 0 
-1 1.83313 72.9968 119.212 1 0 0 1 0 1.85634 0 0 0 0 0 0 0 0 0 0 0 0 0 0 0 0 0 0 0 
-1 1.78835 73.0479 119.31 1 0 0 1 0 1.8652 0 0 0 0 0 0 0 0 0 0 0 0 0 0 0 0 0 0 0 
-1 1.74706 73.0989 119.409 1 0 0 1 0 1.87406 0 0 0 0 0 0 0 0 0 0 0 0 0 0 0 0 0 0 0 
-1 1.70927 73.15 119.508 1 0 0 1 0 1.88292 0 0 0 0 0 0 0 0 0 0 0 0 0 0 0 0 0 0 0 
-1 1.67498 73.201 119.606 1 0 0 1 0 1.89178 0 0 0 0 0 0 0 0 0 0 0 0 0 0 0 0 0 0 0 
-1 1.64419 73.252 119.705 1 0 0 1 0 1.90063 0 0 0 0 0 0 0 0 0 0 0 0 0 0 0 0 0 0 0 
-1 1.61699 73.303 119.804 1 0 0 1 0 1.90949 0 0 0 0 0 0 0 0 0 0 0 0 0 0 0 0 0 0 0 
-1 1.5932 73.3539 119.903 1 0 0 1 0 1.91835 0 0 0 0 0 0 0 0 0 0 0 0 0 0 0 0 0 0 0 
-1 1.57301 73.4048 120.003 1 0 0 1 0 1.92721 0 0 0 0 0 0 0 0 0 0 0 0 0 0 0 0 0 0 0 
-1 1.55631 73.4557 120.102 1 0 0 1 0 1.93607 0 0 0 0 0 0 0 0 0 0 0 0 0 0 0 0 0 0 0 
-1 1.54311 73.5066 120.201 1 0 0 1 0 1.94493 0 0 0 0 0 0 0 0 0 0 0 0 0 0 0 0 0 0 0 
-1 1.53352 73.5575 120.301 1 0 0 1 0 1.95379 0 0 0 0 0 0 0 0 0 0 0 0 0 0 0 0 0 0 0 
-1 1.52752 73.6083 120.4 1 0 0 1 0 1.96264 0 0 0 0 0 0 0 0 0 0 0 0 0 0 0 0 0 0 0 
-1 1.52502 73.6591 120.5 1 0 0 1 0 1.9715 0 0 0 0 0 0 0 0 0 0 0 0 0 0 0 0 0 0 0 
-1 1.52612 73.7099 120.599 1 0 0 1 0 1.98036 0 0 0 0 0 0 0 0 0 0 0 0 0 0 0 0 0 0 0 
-1 1.53072 73.7606 120.699 1 0 0 1 0 1.98922 0 0 0 0 0 0 0 0 0 0 0 0 0 0 0 0 0 0 0 
-1 1.53882 73.8114 120.799 1 0 0 1 0 1.99808 0 0 0 0 0 0 0 0 0 0 0 0 0 0 0 0 0 0 0 
-1 1.55051 73.8621 120.899 1 0 0 1 0 2.00694 0 0 0 0 0 0 0 0 0 0 0 0 0 0 0 0 0 0 0 
-1 1.56581 73.9127 120.999 1 0 0 1 0 2.0158 0 0 0 0 0 0 0 0 0 0 0 0 0 0 0 0 0 0 0 
-1 1.5846 73.9634 121.099 1 0 0 1 0 2.02465 0 0 0 0 0 0 0 0 0 0 0 0 0 0 0 0 0 0 0 
-1 1.6069 74.014 121.199 1 0 0 1 0 2.03351 0 0 0 0 0 0 0 0 0 0 0 0 0 0 0 0 0 0 0 
-1 1.63269 74.0646 121.299 1 0 0 1 0 2.04237 0 0 0 0 0 0 0 0 0 0 0 0 0 0 0 0 0 0 0 
-1 1.66208 74.1152 121.399 1 0 0 1 0 2.05123 0 0 0 0 0 0 0 0 0 0 0 0 0 0 0 0 0 0 0 
-1 1.69487 74.1658 121.5 1 0 0 1 0 2.06009 0 0 0 0 0 0 0 0 0 0 0 0 0 0 0 0 0 0 0 
-1 1.73116 74.2163 121.6 1 0 0 1 0 2.06895 0 0 0 0 0 0 0 0 0 0 0 0 0 0 0 0 0 0 0 
-1 1.77095 74.2668 121.701 1 0 0 1 0 2.0778 0 0 0 0 0 0 0 0 0 0 0 0 0 0 0 0 0 0 0 
-1 1.81424 74.3173 121.801 1 0 0 1 0 2.08666 0 0 0 0 0 0 0 0 0 0 0 0 0 0 0 0 0 0 0 
-1 1.86093 74.3678 121.902 1 0 0 1 0 2.09552 0 0 0 0 0 0 0 0 0 0 0 0 0 0 0 0 0 0 0 
-1 1.91101 74.4182 122.003 1 0 0 1 0 2.10438 0 0 0 0 0 0 0 0 0 0 0 0 0 0 0 0 0 0 0 
-1 1.9645 74.4686 122.104 1 0 0 1 0 2.11324 0 0 0 0 0 0 0 0 0 0 0 0 0 0 0 0 0 0 0 
-1 2.02138 74.519 122.204 1 0 0 1 0 2.1221 0 0 0 0 0 0 0 0 0 0 0 0 0 0 0 0 0 0 0 
-1 2.08167 74.5694 122.305 1 0 0 1 0 2.13096 0 0 0 0 0 0 0 0 0 0 0 0 0 0 0 0 0 0 0 
-1 2.14525 74.6197 122.406 1 0 0 1 0 2.13981 0 0 0 0 0 0 0 0 0 0 0 0 0 0 0 0 0 0 0 
-1 2.21213 74.67 122.508 1 0 0 1 0 2.14867 0 0 0 0 0 0 0 0 0 0 0 0 0 0 0 0 0 0 0 
-1 2.28241 74.7203 122.609 1 0 0 1 0 2.15753 0 0 0 0 0 0 0 0 0 0 0 0 0 0 0 0 0 0 0 
-1 2.35589 74.7706 122.71 1 0 0 1 0 2.16639 0 0 0 0 0 0 0 0 0 0 0 0 0 0 0 0 0 0 0 
-1 2.43257 74.8209 122.811 1 0 0 1 0 2.17525 0 0 0 0 0 0 0 0 0 0 0 0 0 0 0 0 0 0 0 
-1 2.51255 74.8711 122.913 1 0 0 1 0 2.18411 0 0 0 0 0 0 0 0 0 0 0 0 0 0 0 0 0 0 0 
-1 2.59562 74.9213 123.014 1 0 0 1 0 2.19296 0 0 0 0 0 0 0 0 0 0 0 0 0 0 0 0 0 0 0 
-1 2.6819 74.9715 123.116 1 0 0 1 0 2.20182 0 0 0 0 0 0 0 0 0 0 0 0 0 0 0 0 0 0 0 
-1 2.77137 75.0217 123.218 1 0 0 1 0 2.21068 0 0 0 0 0 0 0 0 0 0 0 0 0 0 0 0 0 0 0 
-1 2.86385 75.0718 123.319 1 0 0 1 0 2.21954 0 0 0 0 0 0 0 0 0 0 0 0 0 0 0 0 0 0 0 
-1 2.95942 75.1219 123.421 1 0 0 1 0 2.2284 0 0 0 0 0 0 0 0 0 0 0 0 0 0 0 0 0 0 0 
-1 3.05799 75.172 123.523 1 0 0 1 0 2.23726 0 0 0 0 0 0 0 0 0 0 0 0 0 0 0 0 0 0 0 
-1 3.15947 75.2221 123.625 1 0 0 1 0 2.24612 0 0 0 0 0 0 0 0 0 0 0 0 0 0 0 0 0 0 0 
-1 3.26404 75.2722 123.727 1 0 0 1 0 2.25497 0 0 0 0 0 0 0 0 0 0 0 0 0 0 0 0 0 0 0 
-1 3.37141 75.3222 123.829 1 0 0 1 0 2.26383 0 0 0 0 0 0 0 0 0 0 0 0 0 0 0 0 0 0 0 
-1 3.48177 75.3722 123.931 1 0 0 1 0 2.27269 0 0 0 0 0 0 0 0 0 0 0 0 0 0 0 0 0 0 0 
-1 3.59484 75.4222 124.033 1 0 0 1 0 2.28155 0 0 0 0 0 0 0 0 0 0 0 0 0 0 0 0 0 0 0 
-1 3.71081 75.4722 124.135 1 0 0 1 0 2.29041 0 0 0 0 0 0 0 0 0 0 0 0 0 0 0 0 0 0 0 
-1 3.82948 75.5222 124.238 1 0 0 1 0 2.29927 0 0 0 0 0 0 0 0 0 0 0 0 0 0 0 0 0 0 0 
-1 3.95085 75.5721 124.34 1 0 0 1 0 2.30812 0 0 0 0 0 0 0 0 0 0 0 0 0 0 0 0 0 0 0 
-1 4.07491 75.6221 124.443 1 0 0 1 0 2.31698 0 0 0 0 0 0 0 0 0 0 0 0 0 0 0 0 0 0 0 
-1 4.20158 75.672 124.545 1 0 0 1 0 2.32584 0 0 0 0 0 0 0 0 0 0 0 0 0 0 0 0 0 0 0 
-1 4.33074 75.7219 124.648 1 0 0 1 0 2.3347 0 0 0 0 0 0 0 0 0 0 0 0 0 0 0 0 0 0 0 
-1 4.4625 75.7717 124.75 1 0 0 1 0 2.34356 0 0 0 0 0 0 0 0 0 0 0 0 0 0 0 0 0 0 0 
-1 4.59676 75.8216 124.853 1 0 0 1 0 2.35242 0 0 0 0 0 0 0 0 0 0 0 0 0 0 0 0 0 0 0 
-1 4.73342 75.8714 124.956 1 0 0 1 0 2.36128 0 0 0 0 0 0 0 0 0 0 0 0 0 0 0 0 0 0 0 
-1 4.87249 75.9212 125.058 1 0 0 1 0 2.37013 0 0 0 0 0 0 0 0 0 0 0 0 0 0 0 0 0 0 0 
-1 5.01395 75.971 125.161 1 0 0 1 0 2.37899 0 0 0 0 0 0 0 0 0 0 0 0 0 0 0 0 0 0 0 
-1 5.15761 76.0208 125.264 1 0 0 1 0 2.38785 0 0 0 0 0 0 0 0 0 0 0 0 0 0 0 0 0 0 0 
-1 5.30347 76.0706 125.367 1 0 0 1 0 2.39671 0 0 0 0 0 0 0 0 0 0 0 0 0 0 0 0 0 0 0 
-1 5.45163 76.1204 125.47 1 0 0 1 0 2.40557 0 0 0 0 0 0 0 0 0 0 0 0 0 0 0 0 0 0 0 
-1 5.60178 76.1701 125.573 1 0 0 1 0 2.41443 0 0 0 0 0 0 0 0 0 0 0 0 0 0 0 0 0 0 0 
-1 5.75404 76.2198 125.676 1 0 0 1 0 2.42328 0 0 0 0 0 0 0 0 0 0 0 0 0 0 0 0 0 0 0 
-1 5.9083 76.2696 125.779 1 0 0 1 0 2.43214 0 0 0 0 0 0 0 0 0 0 0 0 0 0 0 0 0 0 0 
-1 6.06456 76.3193 125.882 1 0 0 1 0 2.441 0 0 0 0 0 0 0 0 0 0 0 0 0 0 0 0 0 0 0 
-1 6.22271 76.369 125.985 1 0 0 1 0 2.44986 0 0 0 0 0 0 0 0 0 0 0 0 0 0 0 0 0 0 0 
-1 6.38276 76.4186 126.089 1 0 0 1 0 2.45872 0 0 0 0 0 0 0 0 0 0 0 0 0 0 0 0 0 0 0 
-1 6.54452 76.4683 126.192 1 0 0 1 0 2.46758 0 0 0 0 0 0 0 0 0 0 0 0 0 0 0 0 0 0 0 
-1 6.70808 76.518 126.295 1 0 0 1 0 2.47644 0 0 0 0 0 0 0 0 0 0 0 0 0 0 0 0 0 0 0 
-1 6.87323 76.5676 126.399 1 0 0 1 0 2.48529 0 0 0 0 0 0 0 0 0 0 0 0 0 0 0 0 0 0 0 
-1 7.03998 76.6172 126.502 1 0 0 1 0 2.49415 0 0 0 0 0 0 0 0 0 0 0 0 0 0 0 0 0 0 0 
-1 7.20833 76.6668 126.605 1 0 0 1 0 2.50301 0 0 0 0 0 0 0 0 0 0 0 0 0 0 0 0 0 0 0 
-1 7.37819 76.7165 126.709 1 0 0 1 0 2.51187 0 0 0 0 0 0 0 0 0 0 0 0 0 0 0 0 0 0 0 
-1 7.54954 76.7661 126.812 1 0 0 1 0 2.52073 0 0 0 0 0 0 0 0 0 0 0 0 0 0 0 0 0 0 0 
-1 7.72219 76.8156 126.916 1 0 0 1 0 2.52959 0 0 0 0 0 0 0 0 0 0 0 0 0 0 0 0 0 0 0 
-1 7.89615 76.8652 127.019 1 0 0 1 0 2.53844 0 0 0 0 0 0 0 0 0 0 0 0 0 0 0 0 0 0 0 
-1 8.07129 76.9148 127.123 1 0 0 1 0 2.5473 0 0 0 0 0 0 0 0 0 0 0 0 0 0 0 0 0 0 0 
-1 8.24765 76.9644 127.227 1 0 0 1 0 2.55616 0 0 0 0 0 0 0 0 0 0 0 0 0 0 0 0 0 0 0 
-1 8.42519 77.0139 127.33 1 0 0 1 0 2.56502 0 0 0 0 0 0 0 0 0 0 0 0 0 0 0 0 0 0 0 
-1 8.60375 77.0635 127.434 1 0 0 1 0 2.57388 0 0 0 0 0 0 0 0 0 0 0 0 0 0 0 0 0 0 0 
-1 8.7833 77.113 127.538 1 0 0 1 0 2.58274 0 0 0 0 0 0 0 0 0 0 0 0 0 0 0 0 0 0 0 
-1 8.96375 77.1625 127.641 1 0 0 1 0 2.5916 0 0 0 0 0 0 0 0 0 0 0 0 0 0 0 0 0 0 0 
-1 9.1451 77.2121 127.745 1 0 0 1 0 2.60045 0 0 0 0 0 0 0 0 0 0 0 0 0 0 0 0 0 0 0 
-1 9.32724 77.2616 127.849 1 0 0 1 0 2.60931 0 0 0 0 0 0 0 0 0 0 0 0 0 0 0 0 0 0 0 
-1 9.5101 77.3111 127.953 1 0 0 1 0 2.61817 0 0 0 0 0 0 0 0 0 0 0 0 0 0 0 0 0 0 0 
-1 9.69364 77.3606 128.056 1 0 0 1 0 2.62703 0 0 0 0 0 0 0 0 0 0 0 0 0 0 0 0 0 0 0 
-1 9.87769 77.4101 128.16 1 0 0 1 0 2.63589 0 0 0 0 0 0 0 0 0 0 0 0 0 0 0 0 0 0 0 
-1 10.0624 77.4596 128.264 1 0 0 1 0 2.64475 0 0 0 0 0 0 0 0 0 0 0 0 0 0 0 0 0 0 0 
-1 10.2475 77.5092 128.368 1 0 0 1 0 2.65361 0 0 0 0 0 0 0 0 0 0 0 0 0 0 0 0 0 0 0 
-1 10.433 77.5587 128.472 1 0 0 1 0 2.66246 0 0 0 0 0 0 0 0 0 0 0 0 0 0 0 0 0 0 0 
-1 10.6189 77.6081 128.575 1 0 0 1 0 2.67132 0 0 0 0 0 0 0 0 0 0 0 0 0 0 0 0 0 0 0 
-1 10.805 77.6576 128.679 1 0 0 1 0 2.68018 0 0 0 0 0 0 0 0 0 0 0 0 0 0 0 0 0 0 0 
-1 10.9914 77.7071 128.783 1 0 0 1 0 2.68904 0 0 0 0 0 0 0 0 0 0 0 0 0 0 0 0 0 0 0 
-1 11.1778 77.7566 128.887 1 0 0 1 0 2.6979 0 0 0 0 0 0 0 0 0 0 0 0 0 0 0 0 0 0 0 
-1 11.3644 77.8061 128.991 1 0 0 1 0 2.70676 0 0 0 0 0 0 0 0 0 0 0 0 0 0 0 0 0 0 0 
-1 11.5509 77.8556 129.095 1 0 0 1 0 2.71561 0 0 0 0 0 0 0 0 0 0 0 0 0 0 0 0 0 0 0 
-1 11.7374 77.9051 129.198 1 0 0 1 0 2.72447 0 0 0 0 0 0 0 0 0 0 0 0 0 0 0 0 0 0 0 
-1 11.9237 77.9546 129.302 1 0 0 1 0 2.73333 0 0 0 0 0 0 0 0 0 0 0 0 0 0 0 0 0 0 0 
-1 12.1099 78.0041 129.406 1 0 0 1 0 2.74219 0 0 0 0 0 0 0 0 0 0 0 0 0 0 0 0 0 0 0 
-1 12.2957 78.0536 129.51 1 0 0 1 0 2.75105 0 0 0 0 0 0 0 0 0 0 0 0 0 0 0 0 0 0 0 
-1 12.4813 78.1031 129.614 1 0 0 1 0 2.75991 0 0 0 0 0 0 0 0 0 0 0 0 0 0 0 0 0 0 0 
-1 12.6663 78.1526 129.717 1 0 0 1 0 2.76877 0 0 0 0 0 0 0 0 0 0 0 0 0 0 0 0 0 0 0 
-1 12.8511 78.2021 129.821 1 0 0 1 0 2.77762 0 0 0 0 0 0 0 0 0 0 0 0 0 0 0 0 0 0 0 
-1 13.0351 78.2516 129.925 1 0 0 1 0 2.78648 0 0 0 0 0 0 0 0 0 0 0 0 0 0 0 0 0 0 0 
-1 13.2187 78.3011 130.029 1 0 0 1 0 2.79534 0 0 0 0 0 0 0 0 0 0 0 0 0 0 0 0 0 0 0 
-1 13.4015 78.3507 130.133 1 0 0 1 0 2.8042 0 0 0 0 0 0 0 0 0 0 0 0 0 0 0 0 0 0 0 
-1 13.5837 78.4002 130.236 1 0 0 1 0 2.81306 0 0 0 0 0 0 0 0 0 0 0 0 0 0 0 0 0 0 0 
-1 13.765 78.4497 130.34 1 0 0 1 0 2.82192 0 0 0 0 0 0 0 0 0 0 0 0 0 0 0 0 0 0 0 
-1 13.9455 78.4993 130.444 1 0 0 1 0 2.83077 0 0 0 0 0 0 0 0 0 0 0 0 0 0 0 0 0 0 0 
-1 14.125 78.5488 130.547 1 0 0 1 0 2.83963 0 0 0 0 0 0 0 0 0 0 0 0 0 0 0 0 0 0 0 
-1 14.3036 78.5983 130.651 1 0 0 1 0 2.84849 0 0 0 0 0 0 0 0 0 0 0 0 0 0 0 0 0 0 0 
-1 14.4811 78.6479 130.755 1 0 0 1 0 2.85735 0 0 0 0 0 0 0 0 0 0 0 0 0 0 0 0 0 0 0 
-1 14.6575 78.6975 130.858 1 0 0 1 0 2.86621 0 0 0 0 0 0 0 0 0 0 0 0 0 0 0 0 0 0 0 
-1 14.8326 78.747 130.962 1 0 0 1 0 2.87507 0 0 0 0 0 0 0 0 0 0 0 0 0 0 0 0 0 0 0 
-1 15.0066 78.7966 131.065 1 0 0 1 0 2.88393 0 0 0 0 0 0 0 0 0 0 0 0 0 0 0 0 0 0 0 
-1 15.1792 78.8462 131.169 1 0 0 1 0 2.89278 0 0 0 0 0 0 0 0 0 0 0 0 0 0 0 0 0 0 0 
-1 15.3506 78.8958 131.272 1 0 0 1 0 2.90164 0 0 0 0 0 0 0 0 0 0 0 0 0 0 0 0 0 0 0 
-1 15.5204 78.9454 131.376 1 0 0 1 0 2.9105 0 0 0 0 0 0 0 0 0 0 0 0 0 0 0 0 0 0 0 
-1 15.6888 78.995 131.479 1 0 0 1 0 2.91936 0 0 0 0 0 0 0 0 0 0 0 0 0 0 0 0 0 0 0 
-1 15.8555 79.0447 131.583 1 0 0 1 0 2.92822 0 0 0 0 0 0 0 0 0 0 0 0 0 0 0 0 0 0 0 
-1 16.0207 79.0943 131.686 1 0 0 1 0 2.93708 0 0 0 0 0 0 0 0 0 0 0 0 0 0 0 0 0 0 0 
-1 16.1842 79.144 131.789 1 0 0 1 0 2.94593 0 0 0 0 0 0 0 0 0 0 0 0 0 0 0 0 0 0 0 
-1 16.346 79.1936 131.893 1 0 0 1 0 2.95479 0 0 0 0 0 0 0 0 0 0 0 0 0 0 0 0 0 0 0 
-1 16.506 79.2433 131.996 1 0 0 1 0 2.96365 0 0 0 0 0 0 0 0 0 0 0 0 0 0 0 0 0 0 0 
-1 16.6642 79.293 132.099 1 0 0 1 0 2.97251 0 0 0 0 0 0 0 0 0 0 0 0 0 0 0 0 0 0 0 
-1 16.8205 79.3427 132.202 1 0 0 1 0 2.98137 0 0 0 0 0 0 0 0 0 0 0 0 0 0 0 0 0 0 0 
-1 16.9747 79.3924 132.305 1 0 0 1 0 2.99023 0 0 0 0 0 0 0 0 0 0 0 0 0 0 0 0 0 0 0 
-1 17.127 79.4421 132.408 1 0 0 1 0 2.99909 0 0 0 0 0 0 0 0 0 0 0 0 0 0 0 0 0 0 0 
-1 17.2771 79.4919 132.511 1 0 0 1 0 3.00794 0 0 0 0 0 0 0 0 0 0 0 0 0 0 0 0 0 0 0 
-1 17.4253 79.5416 132.614 1 0 0 1 0 3.0168 0 0 0 0 0 0 0 0 0 0 0 0 0 0 0 0 0 0 0 
-1 17.5711 79.5914 132.717 1 0 0 1 0 3.02566 0 0 0 0 0 0 0 0 0 0 0 0 0 0 0 0 0 0 0 
-1 17.7148 79.6412 132.82 1 0 0 1 0 3.03452 0 0 0 0 0 0 0 0 0 0 0 0 0 0 0 0 0 0 0 
-1 17.8563 79.691 132.923 1 0 0 1 0 3.04338 0 0 0 0 0 0 0 0 0 0 0 0 0 0 0 0 0 0 0 
-1 17.9953 79.7408 133.026 1 0 0 1 0 3.05224 0 0 0 0 0 0 0 0 0 0 0 0 0 0 0 0 0 0 0 
-1 18.132 79.7907 133.129 1 0 0 1 0 3.06109 0 0 0 0 0 0 0 0 0 0 0 0 0 0 0 0 0 0 0 
-1 18.2663 79.8405 133.231 1 0 0 1 0 3.06995 0 0 0 0 0 0 0 0 0 0 0 0 0 0 0 0 0 0 0 
-1 18.398 79.8904 133.334 1 0 0 1 0 3.07881 0 0 0 0 0 0 0 0 0 0 0 0 0 0 0 0 0 0 0 
-1 18.5272 79.9403 133.436 1 0 0 1 0 3.08767 0 0 0 0 0 0 0 0 0 0 0 0 0 0 0 0 0 0 0 
-1 18.6538 79.9902 133.539 1 0 0 1 0 3.09653 0 0 0 0 0 0 0 0 0 0 0 0 0 0 0 0 0 0 0 
-1 18.7779 80.0401 133.641 1 0 0 1 0 3.10539 0 0 0 0 0 0 0 0 0 0 0 0 0 0 0 0 0 0 0 
-1 18.8993 80.0901 133.744 1 0 0 1 0 3.11425 0 0 0 0 0 0 0 0 0 0 0 0 0 0 0 0 0 0 0 
-1 19.0179 80.14 133.846 1 0 0 1 0 3.1231 0 0 0 0 0 0 0 0 0 0 0 0 0 0 0 0 0 0 0 
-1 19.1339 80.19 133.948 1 0 0 1 0 3.13196 0 0 0 0 0 0 0 0 0 0 0 0 0 0 0 0 0 0 0 
-1 19.247 80.24 134.05 1 0 0 1 0 3.14082 0 0 0 0 0 0 0 0 0 0 0 0 0 0 0 0 0 0 0 
-1 19.3573 80.29 134.152 1 0 0 1 0 3.14968 0 0 0 0 0 0 0 0 0 0 0 0 0 0 0 0 0 0 0 
-1 19.4647 80.3401 134.255 1 0 0 1 0 3.15854 0 0 0 0 0 0 0 0 0 0 0 0 0 0 0 0 0 0 0 
-1 19.5693 80.3901 134.356 1 0 0 1 0 3.1674 0 0 0 0 0 0 0 0 0 0 0 0 0 0 0 0 0 0 0 
-1 19.6708 80.4402 134.458 1 0 0 1 0 3.17626 0 0 0 0 0 0 0 0 0 0 0 0 0 0 0 0 0 0 0 
-1 19.7693 80.4903 134.56 1 0 0 1 0 3.18511 0 0 0 0 0 0 0 0 0 0 0 0 0 0 0 0 0 0 0 
-1 19.8649 80.5405 134.662 1 0 0 1 0 3.19397 0 0 0 0 0 0 0 0 0 0 0 0 0 0 0 0 0 0 0 
-1 19.9574 80.5906 134.764 1 0 0 1 0 3.20283 0 0 0 0 0 0 0 0 0 0 0 0 0 0 0 0 0 0 0 
-1 20.0469 80.6408 134.865 1 0 0 1 0 3.21169 0 0 0 0 0 0 0 0 0 0 0 0 0 0 0 0 0 0 0 
-1 20.1331 80.691 134.967 1 0 0 1 0 3.22055 0 0 0 0 0 0 0 0 0 0 0 0 0 0 0 0 0 0 0 
-1 20.2162 80.7412 135.068 1 0 0 1 0 3.22941 0 0 0 0 0 0 0 0 0 0 0 0 0 0 0 0 0 0 0 
-1 20.2962 80.7914 135.17 1 0 0 1 0 3.23826 0 0 0 0 0 0 0 0 0 0 0 0 0 0 0 0 0 0 0 
-1 20.3729 80.8417 135.271 1 0 0 1 0 3.24712 0 0 0 0 0 0 0 0 0 0 0 0 0 0 0 0 0 0 0 
-1 20.4463 80.8919 135.373 1 0 0 1 0 3.25598 0 0 0 0 0 0 0 0 0 0 0 0 0 0 0 0 0 0 0 
-1 20.5166 80.9422 135.474 1 0 0 1 0 3.26484 0 0 0 0 0 0 0 0 0 0 0 0 0 0 0 0 0 0 0 
-1 20.5835 80.9925 135.575 1 0 0 1 0 3.2737 0 0 0 0 0 0 0 0 0 0 0 0 0 0 0 0 0 0 0 
-1 20.6471 81.0429 135.676 1 0 0 1 0 3.28256 0 0 0 0 0 0 0 0 0 0 0 0 0 0 0 0 0 0 0 
-1 20.7074 81.0933 135.777 1 0 0 1 0 3.29142 0 0 0 0 0 0 0 0 0 0 0 0 0 0 0 0 0 0 0 
-1 20.7643 81.1436 135.878 1 0 0 1 0 3.30027 0 0 0 0 0 0 0 0 0 0 0 0 0 0 0 0 0 0 0 
-1 20.8177 81.1941 135.979 1 0 0 1 0 3.30913 0 0 0 0 0 0 0 0 0 0 0 0 0 0 0 0 0 0 0 
-1 20.8678 81.2445 136.079 1 0 0 1 0 3.31799 0 0 0 0 0 0 0 0 0 0 0 0 0 0 0 0 0 0 0 
-1 20.9145 81.295 136.18 1 0 0 1 0 3.32685 0 0 0 0 0 0 0 0 0 0 0 0 0 0 0 0 0 0 0 
-1 20.9578 81.3455 136.281 1 0 0 1 0 3.33571 0 0 0 0 0 0 0 0 0 0 0 0 0 0 0 0 0 0 0 
-1 20.9976 81.396 136.381 1 0 0 1 0 3.34457 0 0 0 0 0 0 0 0 0 0 0 0 0 0 0 0 0 0 0 
-1 21.0339 81.4465 136.482 1 0 0 1 0 3.35342 0 0 0 0 0 0 0 0 0 0 0 0 0 0 0 0 0 0 0 
-1 21.0667 81.497 136.582 1 0 0 1 0 3.36228 0 0 0 0 0 0 0 0 0 0 0 0 0 0 0 0 0 0 0 
-1 21.0961 81.5476 136.682 1 0 0 1 0 3.37114 0 0 0 0 0 0 0 0 0 0 0 0 0 0 0 0 0 0 0 
-1 21.1219 81.5982 136.783 1 0 0 1 0 3.38 0 0 0 0 0 0 0 0 0 0 0 0 0 0 0 0 0 0 0 
-1 21.1441 81.6489 136.883 1 0 0 1 0 3.38886 0 0 0 0 0 0 0 0 0 0 0 0 0 0 0 0 0 0 0 
-1 21.1629 81.6995 136.983 1 0 0 1 0 3.39772 0 0 0 0 0 0 0 0 0 0 0 0 0 0 0 0 0 0 0 
-1 21.1782 81.7502 137.083 1 0 0 1 0 3.40658 0 0 0 0 0 0 0 0 0 0 0 0 0 0 0 0 0 0 0 
-1 21.1899 81.8009 137.183 1 0 0 1 0 3.41543 0 0 0 0 0 0 0 0 0 0 0 0 0 0 0 0 0 0 0 
-1 21.198 81.8516 137.282 1 0 0 1 0 3.42429 0 0 0 0 0 0 0 0 0 0 0 0 0 0 0 0 0 0 0 
-1 21.2026 81.9024 137.382 1 0 0 1 0 3.43315 0 0 0 0 0 0 0 0 0 0 0 0 0 0 0 0 0 0 0 
-1 21.2037 81.9532 137.482 1 0 0 1 0 3.44201 0 0 0 0 0 0 0 0 0 0 0 0 0 0 0 0 0 0 0 
-1 21.2012 82.004 137.581 1 0 0 1 0 3.45087 0 0 0 0 0 0 0 0 0 0 0 0 0 0 0 0 0 0 0 
-1 21.1952 82.0548 137.681 1 0 0 1 0 3.45973 0 0 0 0 0 0 0 0 0 0 0 0 0 0 0 0 0 0 0 
-1 21.1856 82.1056 137.78 1 0 0 1 0 3.46858 0 0 0 0 0 0 0 0 0 0 0 0 0 0 0 0 0 0 0 
-1 21.1724 82.1565 137.88 1 0 0 1 0 3.47744 0 0 0 0 0 0 0 0 0 0 0 0 0 0 0 0 0 0 0 
-1 21.1557 82.2074 137.979 1 0 0 1 0 3.4863 0 0 0 0 0 0 0 0 0 0 0 0 0 0 0 0 0 0 0 
-1 21.1356 82.2583 138.078 1 0 0 1 0 3.49516 0 0 0 0 0 0 0 0 0 0 0 0 0 0 0 0 0 0 0 
-1 21.1118 82.3093 138.177 1 0 0 1 0 3.50402 0 0 0 0 0 0 0 0 0 0 0 0 0 0 0 0 0 0 0 
-1 21.0846 82.3603 138.276 1 0 0 1 0 3.51288 0 0 0 0 0 0 0 0 0 0 0 0 0 0 0 0 0 0 0 
-1 21.0538 82.4113 138.375 1 0 0 1 0 3.52174 0 0 0 0 0 0 0 0 0 0 0 0 0 0 0 0 0 0 0 
-1 21.0195 82.4623 138.474 1 0 0 1 0 3.53059 0 0 0 0 0 0 0 0 0 0 0 0 0 0 0 0 0 0 0 
-1 20.9816 82.5133 138.573 1 0 0 1 0 3.53945 0 0 0 0 0 0 0 0 0 0 0 0 0 0 0 0 0 0 0 
-1 20.9404 82.5644 138.671 1 0 0 1 0 3.54831 0 0 0 0 0 0 0 0 0 0 0 0 0 0 0 0 0 0 0 
-1 20.8956 82.6155 138.77 1 0 0 1 0 3.55717 0 0 0 0 0 0 0 0 0 0 0 0 0 0 0 0 0 0 0 
-1 20.8474 82.6666 138.868 1 0 0 1 0 3.56603 0 0 0 0 0 0 0 0 0 0 0 0 0 0 0 0 0 0 0 
-1 20.7958 82.7178 138.967 1 0 0 1 0 3.57489 0 0 0 0 0 0 0 0 0 0 0 0 0 0 0 0 0 0 0 
-1 20.7408 82.7689 139.065 1 0 0 1 0 3.58375 0 0 0 0 0 0 0 0 0 0 0 0 0 0 0 0 0 0 0 
-1 20.6824 82.8201 139.164 1 0 0 1 0 3.5926 0 0 0 0 0 0 0 0 0 0 0 0 0 0 0 0 0 0 0 
-1 20.6205 82.8713 139.262 1 0 0 1 0 3.60146 0 0 0 0 0 0 0 0 0 0 0 0 0 0 0 0 0 0 0 
-1 20.5553 82.9225 139.36 1 0 0 1 0 3.61032 0 0 0 0 0 0 0 0 0 0 0 0 0 0 0 0 0 0 0 
-1 20.4868 82.9738 139.458 1 0 0 1 0 3.61918 0 0 0 0 0 0 0 0 0 0 0 0 0 0 0 0 0 0 0 
-1 20.4151 83.0251 139.556 1 0 0 1 0 3.62804 0 0 0 0 0 0 0 0 0 0 0 0 0 0 0 0 0 0 0 
-1 20.3399 83.0764 139.654 1 0 0 1 0 3.6369 0 0 0 0 0 0 0 0 0 0 0 0 0 0 0 0 0 0 0 
-1 20.2616 83.1277 139.752 1 0 0 1 0 3.64575 0 0 0 0 0 0 0 0 0 0 0 0 0 0 0 0 0 0 0 
-1 20.1799 83.1791 139.85 1 0 0 1 0 3.65461 0 0 0 0 0 0 0 0 0 0 0 0 0 0 0 0 0 0 0 
-1 20.0951 83.2304 139.947 1 0 0 1 0 3.66347 0 0 0 0 0 0 0 0 0 0 0 0 0 0 0 0 0 0 0 
-1 20.0072 83.2818 140.045 1 0 0 1 0 3.67233 0 0 0 0 0 0 0 0 0 0 0 0 0 0 0 0 0 0 0 
-1 19.9161 83.3332 140.142 1 0 0 1 0 3.68119 0 0 0 0 0 0 0 0 0 0 0 0 0 0 0 0 0 0 0 
-1 19.8218 83.3847 140.24 1 0 0 1 0 3.69005 0 0 0 0 0 0 0 0 0 0 0 0 0 0 0 0 0 0 0 
-1 19.7245 83.4361 140.337 1 0 0 1 0 3.6989 0 0 0 0 0 0 0 0 0 0 0 0 0 0 0 0 0 0 0 
-1 19.6242 83.4876 140.435 1 0 0 1 0 3.70776 0 0 0 0 0 0 0 0 0 0 0 0 0 0 0 0 0 0 0 
-1 19.5208 83.5391 140.532 1 0 0 1 0 3.71662 0 0 0 0 0 0 0 0 0 0 0 0 0 0 0 0 0 0 0 
-1 19.4144 83.5906 140.629 1 0 0 1 0 3.72548 0 0 0 0 0 0 0 0 0 0 0 0 0 0 0 0 0 0 0 
-1 19.3052 83.6422 140.726 1 0 0 1 0 3.73434 0 0 0 0 0 0 0 0 0 0 0 0 0 0 0 0 0 0 0 
-1 19.193 83.6937 140.823 1 0 0 1 0 3.7432 0 0 0 0 0 0 0 0 0 0 0 0 0 0 0 0 0 0 0 
-1 19.0779 83.7453 140.92 1 0 0 1 0 3.75206 0 0 0 0 0 0 0 0 0 0 0 0 0 0 0 0 0 0 0 
-1 18.9601 83.7969 141.017 1 0 0 1 0 3.76091 0 0 0 0 0 0 0 0 0 0 0 0 0 0 0 0 0 0 0 
-1 18.8394 83.8485 141.114 1 0 0 1 0 3.76977 0 0 0 0 0 0 0 0 0 0 0 0 0 0 0 0 0 0 0 
-1 18.716 83.9002 141.211 1 0 0 1 0 3.77863 0 0 0 0 0 0 0 0 0 0 0 0 0 0 0 0 0 0 0 
-1 18.59 83.9518 141.308 1 0 0 1 0 3.78749 0 0 0 0 0 0 0 0 0 0 0 0 0 0 0 0 0 0 0 
-1 18.4613 84.0035 141.405 1 0 0 1 0 3.79635 0 0 0 0 0 0 0 0 0 0 0 0 0 0 0 0 0 0 0 
-1 18.3299 84.0552 141.501 1 0 0 1 0 3.80521 0 0 0 0 0 0 0 0 0 0 0 0 0 0 0 0 0 0 0 
-1 18.1961 84.1069 141.598 1 0 0 1 0 3.81407 0 0 0 0 0 0 0 0 0 0 0 0 0 0 0 0 0 0 0 
-1 18.0596 84.1586 141.694 1 0 0 1 0 3.82292 0 0 0 0 0 0 0 0 0 0 0 0 0 0 0 0 0 0 0 
-1 17.9208 84.2104 141.791 1 0 0 1 0 3.83178 0 0 0 0 0 0 0 0 0 0 0 0 0 0 0 0 0 0 0 
-1 17.7795 84.2622 141.887 1 0 0 1 0 3.84064 0 0 0 0 0 0 0 0 0 0 0 0 0 0 0 0 0 0 0 
-1 17.6358 84.3139 141.984 1 0 0 1 0 3.8495 0 0 0 0 0 0 0 0 0 0 0 0 0 0 0 0 0 0 0 
-1 17.4899 84.3657 142.08 1 0 0 1 0 3.85836 0 0 0 0 0 0 0 0 0 0 0 0 0 0 0 0 0 0 0 
-1 17.3417 84.4175 142.176 1 0 0 1 0 3.86722 0 0 0 0 0 0 0 0 0 0 0 0 0 0 0 0 0 0 0 
-1 17.1913 84.4694 142.273 1 0 0 1 0 3.87607 0 0 0 0 0 0 0 0 0 0 0 0 0 0 0 0 0 0 0 
-1 17.0387 84.5212 142.369 1 0 0 1 0 3.88493 0 0 0 0 0 0 0 0 0 0 0 0 0 0 0 0 0 0 0 
-1 16.8839 84.5731 142.465 1 0 0 1 0 3.89379 0 0 0 0 0 0 0 0 0 0 0 0 0 0 0 0 0 0 0 
-1 16.7272 84.6249 142.561 1 0 0 1 0 3.90265 0 0 0 0 0 0 0 0 0 0 0 0 0 0 0 0 0 0 0 
-1 16.5684 84.6768 142.657 1 0 0 1 0 3.91151 0 0 0 0 0 0 0 0 0 0 0 0 0 0 0 0 0 0 0 
-1 16.4078 84.7287 142.753 1 0 0 1 0 3.92037 0 0 0 0 0 0 0 0 0 0 0 0 0 0 0 0 0 0 0 
-1 16.2452 84.7806 142.849 1 0 0 1 0 3.92923 0 0 0 0 0 0 0 0 0 0 0 0 0 0 0 0 0 0 0 
-1 16.0808 84.8325 142.945 1 0 0 1 0 3.93808 0 0 0 0 0 0 0 0 0 0 0 0 0 0 0 0 0 0 0 
-1 15.9146 84.8845 143.041 1 0 0 1 0 3.94694 0 0 0 0 0 0 0 0 0 0 0 0 0 0 0 0 0 0 0 
-1 15.7468 84.9364 143.136 1 0 0 1 0 3.9558 0 0 0 0 0 0 0 0 0 0 0 0 0 0 0 0 0 0 0 
-1 15.5772 84.9884 143.232 1 0 0 1 0 3.96466 0 0 0 0 0 0 0 0 0 0 0 0 0 0 0 0 0 0 0 
-1 15.4062 85.0403 143.328 1 0 0 1 0 3.97352 0 0 0 0 0 0 0 0 0 0 0 0 0 0 0 0 0 0 0 
-1 15.2335 85.0923 143.424 1 0 0 1 0 3.98238 0 0 0 0 0 0 0 0 0 0 0 0 0 0 0 0 0 0 0 
-1 15.0594 85.1443 143.519 1 0 0 1 0 3.99123 0 0 0 0 0 0 0 0 0 0 0 0 0 0 0 0 0 0 0 
-1 14.8838 85.1963 143.615 1 0 0 1 0 4.00009 0 0 0 0 0 0 0 0 0 0 0 0 0 0 0 0 0 0 0 
-1 14.7069 85.2483 143.711 1 0 0 1 0 4.00895 0 0 0 0 0 0 0 0 0 0 0 0 0 0 0 0 0 0 0 
-1 14.5287 85.3003 143.806 1 0 0 1 0 4.01781 0 0 0 0 0 0 0 0 0 0 0 0 0 0 0 0 0 0 0 
-1 14.3494 85.3524 143.902 1 0 0 1 0 4.02667 0 0 0 0 0 0 0 0 0 0 0 0 0 0 0 0 0 0 0 
-1 14.1688 85.4044 143.997 1 0 0 1 0 4.03553 0 0 0 0 0 0 0 0 0 0 0 0 0 0 0 0 0 0 0 
-1 13.9872 85.4564 144.093 1 0 0 1 0 4.04439 0 0 0 0 0 0 0 0 0 0 0 0 0 0 0 0 0 0 0 
-1 13.8044 85.5085 144.188 1 0 0 1 0 4.05324 0 0 0 0 0 0 0 0 0 0 0 0 0 0 0 0 0 0 0 
-1 13.6208 85.5605 144.284 1 0 0 1 0 4.0621 0 0 0 0 0 0 0 0 0 0 0 0 0 0 0 0 0 0 0 
-1 13.4362 85.6126 144.379 1 0 0 1 0 4.07096 0 0 0 0 0 0 0 0 0 0 0 0 0 0 0 0 0 0 0 
-1 13.2508 85.6647 144.475 1 0 0 1 0 4.07982 0 0 0 0 0 0 0 0 0 0 0 0 0 0 0 0 0 0 0 
-1 13.0646 85.7167 144.57 1 0 0 1 0 4.08868 0 0 0 0 0 0 0 0 0 0 0 0 0 0 0 0 0 0 0 
-1 12.8778 85.7688 144.666 1 0 0 1 0 4.09754 0 0 0 0 0 0 0 0 0 0 0 0 0 0 0 0 0 0 0 
-1 12.6902 85.8209 144.761 1 0 0 1 0 4.10639 0 0 0 0 0 0 0 0 0 0 0 0 0 0 0 0 0 0 0 
-1 12.5021 85.873 144.856 1 0 0 1 0 4.11525 0 0 0 0 0 0 0 0 0 0 0 0 0 0 0 0 0 0 0 
-1 12.3134 85.9251 144.952 1 0 0 1 0 4.12411 0 0 0 0 0 0 0 0 0 0 0 0 0 0 0 0 0 0 0 
-1 12.1244 85.9772 145.047 1 0 0 1 0 4.13297 0 0 0 0 0 0 0 0 0 0 0 0 0 0 0 0 0 0 0 
-1 11.9349 86.0293 145.142 1 0 0 1 0 4.14183 0 0 0 0 0 0 0 0 0 0 0 0 0 0 0 0 0 0 0 
-1 11.7452 86.0814 145.238 1 0 0 1 0 4.15069 0 0 0 0 0 0 0 0 0 0 0 0 0 0 0 0 0 0 0 
-1 11.5551 86.1335 145.333 1 0 0 1 0 4.15955 0 0 0 0 0 0 0 0 0 0 0 0 0 0 0 0 0 0 0 
-1 11.365 86.1856 145.428 1 0 0 1 0 4.1684 0 0 0 0 0 0 0 0 0 0 0 0 0 0 0 0 0 0 0 
-1 11.1747 86.2377 145.524 1 0 0 1 0 4.17726 0 0 0 0 0 0 0 0 0 0 0 0 0 0 0 0 0 0 0 
-1 10.9844 86.2898 145.619 1 0 0 1 0 4.18612 0 0 0 0 0 0 0 0 0 0 0 0 0 0 0 0 0 0 0 
-1 10.794 86.3419 145.714 1 0 0 1 0 4.19498 0 0 0 0 0 0 0 0 0 0 0 0 0 0 0 0 0 0 0 
-1 10.6038 86.394 145.81 1 0 0 1 0 4.20384 0 0 0 0 0 0 0 0 0 0 0 0 0 0 0 0 0 0 0 
-1 10.4138 86.4461 145.905 1 0 0 1 0 4.2127 0 0 0 0 0 0 0 0 0 0 0 0 0 0 0 0 0 0 0 
-1 10.2239 86.4982 146 1 0 0 1 0 4.22156 0 0 0 0 0 0 0 0 0 0 0 0 0 0 0 0 0 0 0 
-1 10.0344 86.5503 146.096 1 0 0 1 0 4.23041 0 0 0 0 0 0 0 0 0 0 0 0 0 0 0 0 0 0 0 
-1 9.84511 86.6024 146.191 1 0 0 1 0 4.23927 0 0 0 0 0 0 0 0 0 0 0 0 0 0 0 0 0 0 0 
-1 9.65636 86.6544 146.286 1 0 0 1 0 4.24813 0 0 0 0 0 0 0 0 0 0 0 0 0 0 0 0 0 0 0 
-1 9.46811 86.7065 146.382 1 0 0 1 0 4.25699 0 0 0 0 0 0 0 0 0 0 0 0 0 0 0 0 0 0 0 
-1 9.28037 86.7586 146.477 1 0 0 1 0 4.26585 0 0 0 0 0 0 0 0 0 0 0 0 0 0 0 0 0 0 0 
-1 9.09322 86.8107 146.572 1 0 0 1 0 4.27471 0 0 0 0 0 0 0 0 0 0 0 0 0 0 0 0 0 0 0 
-1 8.90677 86.8628 146.668 1 0 0 1 0 4.28356 0 0 0 0 0 0 0 0 0 0 0 0 0 0 0 0 0 0 0 
-1 8.72112 86.9148 146.763 1 0 0 1 0 4.29242 0 0 0 0 0 0 0 0 0 0 0 0 0 0 0 0 0 0 0 
-1 8.53627 86.9669 146.859 1 0 0 1 0 4.30128 0 0 0 0 0 0 0 0 0 0 0 0 0 0 0 0 0 0 0 
-1 8.35233 87.019 146.954 1 0 0 1 0 4.31014 0 0 0 0 0 0 0 0 0 0 0 0 0 0 0 0 0 0 0 
-1 8.16928 87.071 147.05 1 0 0 1 0 4.319 0 0 0 0 0 0 0 0 0 0 0 0 0 0 0 0 0 0 0 
-1 7.98723 87.1231 147.145 1 0 0 1 0 4.32786 0 0 0 0 0 0 0 0 0 0 0 0 0 0 0 0 0 0 0 
-1 7.80638 87.1751 147.241 1 0 0 1 0 4.33672 0 0 0 0 0 0 0 0 0 0 0 0 0 0 0 0 0 0 0 
-1 7.62653 87.2271 147.336 1 0 0 1 0 4.34557 0 0 0 0 0 0 0 0 0 0 0 0 0 0 0 0 0 0 0 
-1 7.44798 87.2791 147.432 1 0 0 1 0 4.35443 0 0 0 0 0 0 0 0 0 0 0 0 0 0 0 0 0 0 0 
-1 7.27063 87.3311 147.527 1 0 0 1 0 4.36329 0 0 0 0 0 0 0 0 0 0 0 0 0 0 0 0 0 0 0 
-1 7.09468 87.3831 147.623 1 0 0 1 0 4.37215 0 0 0 0 0 0 0 0 0 0 0 0 0 0 0 0 0 0 0 
-1 6.92003 87.4351 147.719 1 0 0 1 0 4.38101 0 0 0 0 0 0 0 0 0 0 0 0 0 0 0 0 0 0 0 
-1 6.74687 87.4871 147.814 1 0 0 1 0 4.38987 0 0 0 0 0 0 0 0 0 0 0 0 0 0 0 0 0 0 0 
-1 6.57522 87.5391 147.91 1 0 0 1 0 4.39872 0 0 0 0 0 0 0 0 0 0 0 0 0 0 0 0 0 0 0 
-1 6.40517 87.5911 148.006 1 0 0 1 0 4.40758 0 0 0 0 0 0 0 0 0 0 0 0 0 0 0 0 0 0 0 
-1 6.23671 87.643 148.102 1 0 0 1 0 4.41644 0 0 0 0 0 0 0 0 0 0 0 0 0 0 0 0 0 0 0 
-1 6.06996 87.6949 148.198 1 0 0 1 0 4.4253 0 0 0 0 0 0 0 0 0 0 0 0 0 0 0 0 0 0 0 
-1 5.90501 87.7469 148.294 1 0 0 1 0 4.43416 0 0 0 0 0 0 0 0 0 0 0 0 0 0 0 0 0 0 0 
-1 5.74185 87.7988 148.39 1 0 0 1 0 4.44302 0 0 0 0 0 0 0 0 0 0 0 0 0 0 0 0 0 0 0 
-1 5.5805 87.8507 148.485 1 0 0 1 0 4.45188 0 0 0 0 0 0 0 0 0 0 0 0 0 0 0 0 0 0 0 
-1 5.42104 87.9026 148.582 1 0 0 1 0 4.46073 0 0 0 0 0 0 0 0 0 0 0 0 0 0 0 0 0 0 0 
-1 5.26369 87.9544 148.678 1 0 0 1 0 4.46959 0 0 0 0 0 0 0 0 0 0 0 0 0 0 0 0 0 0 0 
-1 5.10823 88.0063 148.774 1 0 0 1 0 4.47845 0 0 0 0 0 0 0 0 0 0 0 0 0 0 0 0 0 0 0 
-1 4.95497 88.0582 148.87 1 0 0 1 0 4.48731 0 0 0 0 0 0 0 0 0 0 0 0 0 0 0 0 0 0 0 
-1 4.80382 88.11 148.966 1 0 0 1 0 4.49617 0 0 0 0 0 0 0 0 0 0 0 0 0 0 0 0 0 0 0 
-1 4.65486 88.1618 149.062 1 0 0 1 0 4.50503 0 0 0 0 0 0 0 0 0 0 0 0 0 0 0 0 0 0 0 
-1 4.5081 88.2136 149.159 1 0 0 1 0 4.51388 0 0 0 0 0 0 0 0 0 0 0 0 0 0 0 0 0 0 0 
-1 4.36374 88.2654 149.255 1 0 0 1 0 4.52274 0 0 0 0 0 0 0 0 0 0 0 0 0 0 0 0 0 0 0 
-1 4.22168 88.3172 149.351 1 0 0 1 0 4.5316 0 0 0 0 0 0 0 0 0 0 0 0 0 0 0 0 0 0 0 
-1 4.08202 88.3689 149.448 1 0 0 1 0 4.54046 0 0 0 0 0 0 0 0 0 0 0 0 0 0 0 0 0 0 0 
-1 3.94476 88.4206 149.544 1 0 0 1 0 4.54932 0 0 0 0 0 0 0 0 0 0 0 0 0 0 0 0 0 0 0 
-1 3.80999 88.4724 149.641 1 0 0 1 0 4.55818 0 0 0 0 0 0 0 0 0 0 0 0 0 0 0 0 0 0 0 
-1 3.67783 88.524 149.738 1 0 0 1 0 4.56704 0 0 0 0 0 0 0 0 0 0 0 0 0 0 0 0 0 0 0 
-1 3.54827 88.5757 149.834 1 0 0 1 0 4.57589 0 0 0 0 0 0 0 0 0 0 0 0 0 0 0 0 0 0 0 
-1 3.4213 88.6274 149.931 1 0 0 1 0 4.58475 0 0 0 0 0 0 0 0 0 0 0 0 0 0 0 0 0 0 0 
-1 3.29704 88.679 150.028 1 0 0 1 0 4.59361 0 0 0 0 0 0 0 0 0 0 0 0 0 0 0 0 0 0 0 
-1 3.17547 88.7307 150.125 1 0 0 1 0 4.60247 0 0 0 0 0 0 0 0 0 0 0 0 0 0 0 0 0 0 0 
-1 3.0566 88.7823 150.222 1 0 0 1 0 4.61133 0 0 0 0 0 0 0 0 0 0 0 0 0 0 0 0 0 0 0 
-1 2.94064 88.8339 150.319 1 0 0 1 0 4.62019 0 0 0 0 0 0 0 0 0 0 0 0 0 0 0 0 0 0 0 
-1 2.82757 88.8854 150.416 1 0 0 1 0 4.62905 0 0 0 0 0 0 0 0 0 0 0 0 0 0 0 0 0 0 0 
-1 2.7173 88.937 150.513 1 0 0 1 0 4.6379 0 0 0 0 0 0 0 0 0 0 0 0 0 0 0 0 0 0 0 
-1 2.60993 88.9885 150.61 1 0 0 1 0 4.64676 0 0 0 0 0 0 0 0 0 0 0 0 0 0 0 0 0 0 0 
-1 2.50556 89.04 150.707 1 0 0 1 0 4.65562 0 0 0 0 0 0 0 0 0 0 0 0 0 0 0 0 0 0 0 
-1 2.40419 89.0915 150.805 1 0 0 1 0 4.66448 0 0 0 0 0 0 0 0 0 0 0 0 0 0 0 0 0 0 0 
-1 2.30591 89.143 150.902 1 0 0 1 0 4.67334 0 0 0 0 0 0 0 0 0 0 0 0 0 0 0 0 0 0 0 
-1 2.21064 89.1944 150.999 1 0 0 1 0 4.6822 0 0 0 0 0 0 0 0 0 0 0 0 0 0 0 0 0 0 0 
-1 2.11847 89.2458 151.097 1 0 0 1 0 4.69105 0 0 0 0 0 0 0 0 0 0 0 0 0 0 0 0 0 0 0 
-1 2.02939 89.2972 151.195 1 0 0 1 0 4.69991 0 0 0 0 0 0 0 0 0 0 0 0 0 0 0 0 0 0 0 
-1 1.94352 89.3486 151.292 1 0 0 1 0 4.70877 0 0 0 0 0 0 0 0 0 0 0 0 0 0 0 0 0 0 0 
-1 1.86094 89.4 151.39 1 0 0 1 0 4.71763 0 0 0 0 0 0 0 0 0 0 0 0 0 0 0 0 0 0 0 
-1 1.78146 89.4513 151.488 1 0 0 1 0 4.72649 0 0 0 0 0 0 0 0 0 0 0 0 0 0 0 0 0 0 0 
-1 1.70528 89.5026 151.586 1 0 0 1 0 4.73535 0 0 0 0 0 0 0 0 0 0 0 0 0 0 0 0 0 0 0 
-1 1.6323 89.5539 151.684 1 0 0 1 0 4.74421 0 0 0 0 0 0 0 0 0 0 0 0 0 0 0 0 0 0 0 
-1 1.56272 89.6052 151.782 1 0 0 1 0 4.75306 0 0 0 0 0 0 0 0 0 0 0 0 0 0 0 0 0 0 0 
-1 1.49644 89.6564 151.88 1 0 0 1 0 4.76192 0 0 0 0 0 0 0 0 0 0 0 0 0 0 0 0 0 0 0 
-1 1.43346 89.7076 151.978 1 0 0 1 0 4.77078 0 0 0 0 0 0 0 0 0 0 0 0 0 0 0 0 0 0 0 
-1 1.37398 89.7588 152.076 1 0 0 1 0 4.77964 0 0 0 0 0 0 0 0 0 0 0 0 0 0 0 0 0 0 0 
-1 1.31779 89.81 152.175 1 0 0 1 0 4.7885 0 0 0 0 0 0 0 0 0 0 0 0 0 0 0 0 0 0 0 
-1 1.26501 89.8611 152.273 1 0 0 1 0 4.79736 0 0 0 0 0 0 0 0 0 0 0 0 0 0 0 0 0 0 0 
-1 1.21562 89.9123 152.372 1 0 0 1 0 4.80621 0 0 0 0 0 0 0 0 0 0 0 0 0 0 0 0 0 0 0 
-1 1.16973 89.9634 152.47 1 0 0 1 0 4.81507 0 0 0 0 0 0 0 0 0 0 0 0 0 0 0 0 0 0 0 
-1 1.12734 90.0144 152.569 1 0 0 1 0 4.82393 0 0 0 0 0 0 0 0 0 0 0 0 0 0 0 0 0 0 0 
-1 1.08835 90.0655 152.668 1 0 0 1 0 4.83279 0 0 0 0 0 0 0 0 0 0 0 0 0 0 0 0 0 0 0 
-1 1.05297 90.1165 152.767 1 0 0 1 0 4.84165 0 0 0 0 0 0 0 0 0 0 0 0 0 0 0 0 0 0 0 
-1 1.02097 90.1675 152.865 1 0 0 1 0 4.85051 0 0 0 0 0 0 0 0 0 0 0 0 0 0 0 0 0 0 0 
-1 0.992482 90.2185 152.964 1 0 0 1 0 4.85936 0 0 0 0 0 0 0 0 0 0 0 0 0 0 0 0 0 0 0 
-1 0.967589 90.2695 153.063 1 0 0 1 0 4.86822 0 0 0 0 0 0 0 0 0 0 0 0 0 0 0 0 0 0 0 
-1 0.946194 90.3204 153.163 1 0 0 1 0 4.87708 0 0 0 0 0 0 0 0 0 0 0 0 0 0 0 0 0 0 0 
-1 0.9283 90.3713 153.262 1 0 0 1 0 4.88594 0 0 0 0 0 0 0 0 0 0 0 0 0 0 0 0 0 0 0 
-1 0.914005 90.4222 153.361 1 0 0 1 0 4.8948 0 0 0 0 0 0 0 0 0 0 0 0 0 0 0 0 0 0 0 
-1 0.903206 90.4731 153.46 1 0 0 1 0 4.90366 0 0 0 0 0 0 0 0 0 0 0 0 0 0 0 0 0 0 0 
-1 0.896009 90.5239 153.56 1 0 0 1 0 4.91252 0 0 0 0 0 0 0 0 0 0 0 0 0 0 0 0 0 0 0 
-1 0.89231 90.5747 153.659 1 0 0 1 0 4.92137 0 0 0 0 0 0 0 0 0 0 0 0 0 0 0 0 0 0 0 
ObjectType = Tube
ObjectSubType = Vessel
NDims = 3
ID = 2
ParentID = 0
Color = 0.8 0.1 0.8 1
BinaryData = False
TransformMatrix = 1 0 0 0 1 0 0 0 1
Offset = 0 0 0
CenterOfRotation = 0 0 0
ElementSpacing = 1 1 1
Root = False
Artery = True
PointDim = id x y z red green blue alpha mark r rn mn bn cv lv ro in tx ty tz v1x v1y v1z v2x v2y v2z a1 a2 a3
NPoints = 500
Points = 
-1 21.832 64.9884 104.422 1 0 0 1 0 0.500996 0 0 0 0 0 0 0 0 0 0 0 0 0 0 0 0 0 0 0 
-1 21.8241 64.9392 104.522 1 0 0 1 0 0.509854 0 0 0 0 0 0 0 0 0 0 0 0 0 0 0 0 0 0 0 
-1 21.8126 64.8901 104.623 1 0 0 1 0 0.518713 0 0 0 0 0 0 0 0 0 0 0 0 0 0 0 0 0 0 0 
-1 21.7976 64.841 104.723 1 0 0 1 0 0.527571 0 0 0 0 0 0 0 0 0 0 0 0 0 0 0 0 0 0 0 
-1 21.779 64.7919 104.823 1 0 0 1 0 0.53643 0 0 0 0 0 0 0 0 0 0 0 0 0 0 0 0 0 0 0 
-1 21.7569 64.7428 104.923 1 0 0 1 0 0.545288 0 0 0 0 0 0 0 0 0 0 0 0 0 0 0 0 0 0 0 
-1 21.7313 64.6938 105.022 1 0 0 1 0 0.554147 0 0 0 0 0 0 0 0 0 0 0 0 0 0 0 0 0 0 0 
-1 21.7021 64.6448 105.122 1 0 0 1 0 0.563005 0 0 0 0 0 0 0 0 0 0 0 0 0 0 0 0 0 0 0 
-1 21.6694 64.5958 105.222 1 0 0 1 0 0.571864 0 0 0 0 0 0 0 0 0 0 0 0 0 0 0 0 0 0 0 
-1 21.6333 64.5468 105.322 1 0 0 1 0 0.580722 0 0 0 0 0 0 0 0 0 0 0 0 0 0 0 0 0 0 0 
-1 21.5936 64.4979 105.421 1 0 0 1 0 0.589581 0 0 0 0 0 0 0 0 0 0 0 0 0 0 0 0 0 0 0 
-1 21.5505 64.449 105.521 1 0 0 1 0 0.598439 0 0 0 0 0 0 0 0 0 0 0 0 0 0 0 0 0 0 0 
-1 21.5039 64.4001 105.62 1 0 0 1 0 0.607298 0 0 0 0 0 0 0 0 0 0 0 0 0 0 0 0 0 0 0 
-1 21.4538 64.3512 105.719 1 0 0 1 0 0.616156 0 0 0 0 0 0 0 0 0 0 0 0 0 0 0 0 0 0 0 
-1 21.4003 64.3024 105.818 1 0 0 1 0 0.625015 0 0 0 0 0 0 0 0 0 0 0 0 0 0 0 0 0 0 0 
-1 21.3434 64.2535 105.918 1 0 0 1 0 0.633873 0 0 0 0 0 0 0 0 0 0 0 0 0 0 0 0 0 0 0 
-1 21.2832 64.2047 106.017 1 0 0 1 0 0.642732 0 0 0 0 0 0 0 0 0 0 0 0 0 0 0 0 0 0 0 
-1 21.2195 64.156 106.116 1 0 0 1 0 0.65159 0 0 0 0 0 0 0 0 0 0 0 0 0 0 0 0 0 0 0 
-1 21.1525 64.1072 106.214 1 0 0 1 0 0.660448 0 0 0 0 0 0 0 0 0 0 0 0 0 0 0 0 0 0 0 
-1 21.0823 64.0585 106.313 1 0 0 1 0 0.669307 0 0 0 0 0 0 0 0 0 0 0 0 0 0 0 0 0 0 0 
-1 21.0086 64.0098 106.412 1 0 0 1 0 0.678165 0 0 0 0 0 0 0 0 0 0 0 0 0 0 0 0 0 0 0 
-1 20.9317 63.9611 106.511 1 0 0 1 0 0.687024 0 0 0 0 0 0 0 0 0 0 0 0 0 0 0 0 0 0 0 
-1 20.8515 63.9124 106.609 1 0 0 1 0 0.695882 0 0 0 0 0 0 0 0 0 0 0 0 0 0 0 0 0 0 0 
-1 20.7682 63.8638 106.708 1 0 0 1 0 0.704741 0 0 0 0 0 0 0 0 0 0 0 0 0 0 0 0 0 0 0 
-1 20.6816 63.8152 106.806 1 0 0 1 0 0.713599 0 0 0 0 0 0 0 0 0 0 0 0 0 0 0 0 0 0 0 
-1 20.5918 63.7666 106.905 1 0 0 1 0 0.722458 0 0 0 0 0 0 0 0 0 0 0 0 0 0 0 0 0 0 0 
-1 20.499 63.718 107.003 1 0 0 1 0 0.731316 0 0 0 0 0 0 0 0 0 0 0 0 0 0 0 0 0 0 0 
-1 20.403 63.6695 107.101 1 0 0 1 0 0.740175 0 0 0 0 0 0 0 0 0 0 0 0 0 0 0 0 0 0 0 
-1 20.304 63.6209 107.2 1 0 0 1 0 0.749033 0 0 0 0 0 0 0 0 0 0 0 0 0 0 0 0 0 0 0 
-1 20.2019 63.5724 107.298 1 0 0 1 0 0.757892 0 0 0 0 0 0 0 0 0 0 0 0 0 0 0 0 0 0 0 
-1 20.0968 63.5239 107.396 1 0 0 1 0 0.76675 0 0 0 0 0 0 0 0 0 0 0 0 0 0 0 0 0 0 0 
-1 19.9887 63.4755 107.494 1 0 0 1 0 0.775609 0 0 0 0 0 0 0 0 0 0 0 0 0 0 0 0 0 0 0 
-1 19.8778 63.427 107.592 1 0 0 1 0 0.784467 0 0 0 0 0 0 0 0 0 0 0 0 0 0 0 0 0 0 0 
-1 19.764 63.3786 107.689 1 0 0 1 0 0.793326 0 0 0 0 0 0 0 0 0 0 0 0 0 0 0 0 0 0 0 
-1 19.6473 63.3302 107.787 1 0 0 1 0 0.802184 0 0 0 0 0 0 0 0 0 0 0 0 0 0 0 0 0 0 0 
-1 19.5277 63.2818 107.885 1 0 0 1 0 0.811043 0 0 0 0 0 0 0 0 0 0 0 0 0 0 0 0 0 0 0 
-1 19.4055 63.2334 107.983 1 0 0 1 0 0.819901 0 0 0 0 0 0 0 0 0 0 0 0 0 0 0 0 0 0 0 
-1 19.2805 63.1851 108.08 1 0 0 1 0 0.828759 0 0 0 0 0 0 0 0 0 0 0 0 0 0 0 0 0 0 0 
-1 19.1528 63.1367 108.178 1 0 0 1 0 0.837618 0 0 0 0 0 0 0 0 0 0 0 0 0 0 0 0 0 0 0 
-1 19.0225 63.0884 108.275 1 0 0 1 0 0.846476 0 0 0 0 0 0 0 0 0 0 0 0 0 0 0 0 0 0 0 
-1 18.8897 63.0401 108.373 1 0 0 1 0 0.855335 0 0 0 0 0 0 0 0 0 0 0 0 0 0 0 0 0 0 0 
-1 18.7542 62.9919 108.47 1 0 0 1 0 0.864193 0 0 0 0 0 0 0 0 0 0 0 0 0 0 0 0 0 0 0 
-1 18.6162 62.9436 108.567 1 0 0 1 0 0.873052 0 0 0 0 0 0 0 0 0 0 0 0 0 0 0 0 0 0 0 
-1 18.4759 62.8954 108.665 1 0 0 1 0 0.88191 0 0 0 0 0 0 0 0 0 0 0 0 0 0 0 0 0 0 0 
-1 18.3331 62.8471 108.762 1 0 0 1 0 0.890769 0 0 0 0 0 0 0 0 0 0 0 0 0 0 0 0 0 0 0 
-1 18.188 62.7989 108.859 1 0 0 1 0 0.899627 0 0 0 0 0 0 0 0 0 0 0 0 0 0 0 0 0 0 0 
-1 18.0405 62.7507 108.956 1 0 0 1 0 0.908486 0 0 0 0 0 0 0 0 0 0 0 0 0 0 0 0 0 0 0 
-1 17.8909 62.7025 109.053 1 0 0 1 0 0.917344 0 0 0 0 0 0 0 0 0 0 0 0 0 0 0 0 0 0 0 
-1 17.739 62.6544 109.15 1 0 0 1 0 0.926203 0 0 0 0 0 0 0 0 0 0 0 0 0 0 0 0 0 0 0 
-1 17.585 62.6062 109.247 1 0 0 1 0 0.935061 0 0 0 0 0 0 0 0 0 0 0 0 0 0 0 0 0 0 0 
-1 17.4289 62.5581 109.344 1 0 0 1 0 0.94392 0 0 0 0 0 0 0 0 0 0 0 0 0 0 0 0 0 0 0 
-1 17.2708 62.51 109.441 1 0 0 1 0 0.952778 0 0 0 0 0 0 0 0 0 0 0 0 0 0 0 0 0 0 0 
-1 17.1106 62.4619 109.537 1 0 0 1 0 0.961637 0 0 0 0 0 0 0 0 0 0 0 0 0 0 0 0 0 0 0 
-1 16.9486 62.4138 109.634 1 0 0 1 0 0.970495 0 0 0 0 0 0 0 0 0 0 0 0 0 0 0 0 0 0 0 
-1 16.7847 62.3657 109.731 1 0 0 1 0 0.979354 0 0 0 0 0 0 0 0 0 0 0 0 0 0 0 0 0 0 0 
-1 16.6191 62.3176 109.828 1 0 0 1 0 0.988212 0 0 0 0 0 0 0 0 0 0 0 0 0 0 0 0 0 0 0 
-1 16.4516 62.2696 109.924 1 0 0 1 0 0.99707 0 0 0 0 0 0 0 0 0 0 0 0 0 0 0 0 0 0 0 
-1 16.2824 62.2215 110.021 1 0 0 1 0 1.00593 0 0 0 0 0 0 0 0 0 0 0 0 0 0 0 0 0 0 0 
-1 16.1117 62.1735 110.117 1 0 0 1 0 1.01479 0 0 0 0 0 0 0 0 0 0 0 0 0 0 0 0 0 0 0 
-1 15.9393 62.1255 110.214 1 0 0 1 0 1.02365 0 0 0 0 0 0 0 0 0 0 0 0 0 0 0 0 0 0 0 
-1 15.7654 62.0775 110.31 1 0 0 1 0 1.0325 0 0 0 0 0 0 0 0 0 0 0 0 0 0 0 0 0 0 0 
-1 15.5901 62.0295 110.407 1 0 0 1 0 1.04136 0 0 0 0 0 0 0 0 0 0 0 0 0 0 0 0 0 0 0 
-1 15.4134 61.9815 110.503 1 0 0 1 0 1.05022 0 0 0 0 0 0 0 0 0 0 0 0 0 0 0 0 0 0 0 
-1 15.2354 61.9335 110.6 1 0 0 1 0 1.05908 0 0 0 0 0 0 0 0 0 0 0 0 0 0 0 0 0 0 0 
-1 15.0561 61.8855 110.696 1 0 0 1 0 1.06794 0 0 0 0 0 0 0 0 0 0 0 0 0 0 0 0 0 0 0 
-1 14.8755 61.8375 110.792 1 0 0 1 0 1.0768 0 0 0 0 0 0 0 0 0 0 0 0 0 0 0 0 0 0 0 
-1 14.694 61.7896 110.889 1 0 0 1 0 1.08566 0 0 0 0 0 0 0 0 0 0 0 0 0 0 0 0 0 0 0 
-1 14.5112 61.7416 110.985 1 0 0 1 0 1.09451 0 0 0 0 0 0 0 0 0 0 0 0 0 0 0 0 0 0 0 
-1 14.3275 61.6937 111.081 1 0 0 1 0 1.10337 0 0 0 0 0 0 0 0 0 0 0 0 0 0 0 0 0 0 0 
-1 14.1428 61.6458 111.178 1 0 0 1 0 1.11223 0 0 0 0 0 0 0 0 0 0 0 0 0 0 0 0 0 0 0 
-1 13.9572 61.5978 111.274 1 0 0 1 0 1.12109 0 0 0 0 0 0 0 0 0 0 0 0 0 0 0 0 0 0 0 
-1 13.7709 61.5499 111.37 1 0 0 1 0 1.12995 0 0 0 0 0 0 0 0 0 0 0 0 0 0 0 0 0 0 0 
-1 13.5837 61.502 111.466 1 0 0 1 0 1.13881 0 0 0 0 0 0 0 0 0 0 0 0 0 0 0 0 0 0 0 
-1 13.3959 61.4541 111.562 1 0 0 1 0 1.14766 0 0 0 0 0 0 0 0 0 0 0 0 0 0 0 0 0 0 0 
-1 13.2074 61.4062 111.659 1 0 0 1 0 1.15652 0 0 0 0 0 0 0 0 0 0 0 0 0 0 0 0 0 0 0 
-1 13.0185 61.3582 111.755 1 0 0 1 0 1.16538 0 0 0 0 0 0 0 0 0 0 0 0 0 0 0 0 0 0 0 
-1 12.829 61.3103 111.851 1 0 0 1 0 1.17424 0 0 0 0 0 0 0 0 0 0 0 0 0 0 0 0 0 0 0 
-1 12.639 61.2624 111.947 1 0 0 1 0 1.1831 0 0 0 0 0 0 0 0 0 0 0 0 0 0 0 0 0 0 0 
-1 12.4488 61.2145 112.043 1 0 0 1 0 1.19196 0 0 0 0 0 0 0 0 0 0 0 0 0 0 0 0 0 0 0 
-1 12.2582 61.1666 112.139 1 0 0 1 0 1.20082 0 0 0 0 0 0 0 0 0 0 0 0 0 0 0 0 0 0 0 
-1 12.0675 61.1188 112.235 1 0 0 1 0 1.20967 0 0 0 0 0 0 0 0 0 0 0 0 0 0 0 0 0 0 0 
-1 11.8765 61.0709 112.331 1 0 0 1 0 1.21853 0 0 0 0 0 0 0 0 0 0 0 0 0 0 0 0 0 0 0 
-1 11.6855 61.023 112.428 1 0 0 1 0 1.22739 0 0 0 0 0 0 0 0 0 0 0 0 0 0 0 0 0 0 0 
-1 11.4944 60.9751 112.524 1 0 0 1 0 1.23625 0 0 0 0 0 0 0 0 0 0 0 0 0 0 0 0 0 0 0 
-1 11.3035 60.9272 112.62 1 0 0 1 0 1.24511 0 0 0 0 0 0 0 0 0 0 0 0 0 0 0 0 0 0 0 
-1 11.1126 60.8793 112.716 1 0 0 1 0 1.25397 0 0 0 0 0 0 0 0 0 0 0 0 0 0 0 0 0 0 0 
-1 10.9218 60.8314 112.812 1 0 0 1 0 1.26282 0 0 0 0 0 0 0 0 0 0 0 0 0 0 0 0 0 0 0 
-1 10.7314 60.7835 112.908 1 0 0 1 0 1.27168 0 0 0 0 0 0 0 0 0 0 0 0 0 0 0 0 0 0 0 
-1 10.5412 60.7356 113.004 1 0 0 1 0 1.28054 0 0 0 0 0 0 0 0 0 0 0 0 0 0 0 0 0 0 0 
-1 10.3515 60.6877 113.1 1 0 0 1 0 1.2894 0 0 0 0 0 0 0 0 0 0 0 0 0 0 0 0 0 0 0 
-1 10.1621 60.6398 113.196 1 0 0 1 0 1.29826 0 0 0 0 0 0 0 0 0 0 0 0 0 0 0 0 0 0 0 
-1 9.97325 60.5919 113.293 1 0 0 1 0 1.30712 0 0 0 0 0 0 0 0 0 0 0 0 0 0 0 0 0 0 0 
-1 9.785 60.544 113.389 1 0 0 1 0 1.31598 0 0 0 0 0 0 0 0 0 0 0 0 0 0 0 0 0 0 0 
-1 9.59744 60.496 113.485 1 0 0 1 0 1.32483 0 0 0 0 0 0 0 0 0 0 0 0 0 0 0 0 0 0 0 
-1 9.41058 60.4481 113.581 1 0 0 1 0 1.33369 0 0 0 0 0 0 0 0 0 0 0 0 0 0 0 0 0 0 0 
-1 9.22442 60.4002 113.677 1 0 0 1 0 1.34255 0 0 0 0 0 0 0 0 0 0 0 0 0 0 0 0 0 0 0 
-1 9.03917 60.3523 113.774 1 0 0 1 0 1.35141 0 0 0 0 0 0 0 0 0 0 0 0 0 0 0 0 0 0 0 
-1 8.85481 60.3043 113.87 1 0 0 1 0 1.36027 0 0 0 0 0 0 0 0 0 0 0 0 0 0 0 0 0 0 0 
-1 8.67135 60.2564 113.966 1 0 0 1 0 1.36913 0 0 0 0 0 0 0 0 0 0 0 0 0 0 0 0 0 0 0 
-1 8.48899 60.2084 114.062 1 0 0 1 0 1.37798 0 0 0 0 0 0 0 0 0 0 0 0 0 0 0 0 0 0 0 
-1 8.30773 60.1605 114.159 1 0 0 1 0 1.38684 0 0 0 0 0 0 0 0 0 0 0 0 0 0 0 0 0 0 0 
-1 8.12767 60.1125 114.255 1 0 0 1 0 1.3957 0 0 0 0 0 0 0 0 0 0 0 0 0 0 0 0 0 0 0 
-1 7.94871 60.0645 114.352 1 0 0 1 0 1.40456 0 0 0 0 0 0 0 0 0 0 0 0 0 0 0 0 0 0 0 
-1 7.77115 60.0165 114.448 1 0 0 1 0 1.41342 0 0 0 0 0 0 0 0 0 0 0 0 0 0 0 0 0 0 0 
-1 7.59489 59.9685 114.544 1 0 0 1 0 1.42228 0 0 0 0 0 0 0 0 0 0 0 0 0 0 0 0 0 0 0 
-1 7.42003 59.9205 114.641 1 0 0 1 0 1.43114 0 0 0 0 0 0 0 0 0 0 0 0 0 0 0 0 0 0 0 
-1 7.24667 59.8725 114.737 1 0 0 1 0 1.43999 0 0 0 0 0 0 0 0 0 0 0 0 0 0 0 0 0 0 0 
-1 7.07491 59.8245 114.834 1 0 0 1 0 1.44885 0 0 0 0 0 0 0 0 0 0 0 0 0 0 0 0 0 0 0 
-1 6.90464 59.7765 114.93 1 0 0 1 0 1.45771 0 0 0 0 0 0 0 0 0 0 0 0 0 0 0 0 0 0 0 
-1 6.73608 59.7284 115.027 1 0 0 1 0 1.46657 0 0 0 0 0 0 0 0 0 0 0 0 0 0 0 0 0 0 0 
-1 6.56922 59.6803 115.124 1 0 0 1 0 1.47543 0 0 0 0 0 0 0 0 0 0 0 0 0 0 0 0 0 0 0 
-1 6.40405 59.6323 115.22 1 0 0 1 0 1.48429 0 0 0 0 0 0 0 0 0 0 0 0 0 0 0 0 0 0 0 
-1 6.24079 59.5842 115.317 1 0 0 1 0 1.49314 0 0 0 0 0 0 0 0 0 0 0 0 0 0 0 0 0 0 0 
-1 6.07942 59.5361 115.414 1 0 0 1 0 1.502 0 0 0 0 0 0 0 0 0 0 0 0 0 0 0 0 0 0 0 
-1 5.91996 59.488 115.511 1 0 0 1 0 1.51086 0 0 0 0 0 0 0 0 0 0 0 0 0 0 0 0 0 0 0 
-1 5.76249 59.4399 115.608 1 0 0 1 0 1.51972 0 0 0 0 0 0 0 0 0 0 0 0 0 0 0 0 0 0 0 
-1 5.60703 59.3917 115.704 1 0 0 1 0 1.52858 0 0 0 0 0 0 0 0 0 0 0 0 0 0 0 0 0 0 0 
-1 5.45376 59.3436 115.801 1 0 0 1 0 1.53744 0 0 0 0 0 0 0 0 0 0 0 0 0 0 0 0 0 0 0 
-1 5.30259 59.2954 115.898 1 0 0 1 0 1.5463 0 0 0 0 0 0 0 0 0 0 0 0 0 0 0 0 0 0 0 
-1 5.15373 59.2472 115.996 1 0 0 1 0 1.55515 0 0 0 0 0 0 0 0 0 0 0 0 0 0 0 0 0 0 0 
-1 5.00706 59.199 116.093 1 0 0 1 0 1.56401 0 0 0 0 0 0 0 0 0 0 0 0 0 0 0 0 0 0 0 
-1 4.86269 59.1508 116.19 1 0 0 1 0 1.57287 0 0 0 0 0 0 0 0 0 0 0 0 0 0 0 0 0 0 0 
-1 4.72072 59.1026 116.287 1 0 0 1 0 1.58173 0 0 0 0 0 0 0 0 0 0 0 0 0 0 0 0 0 0 0 
-1 4.58114 59.0543 116.384 1 0 0 1 0 1.59059 0 0 0 0 0 0 0 0 0 0 0 0 0 0 0 0 0 0 0 
-1 4.44397 59.006 116.482 1 0 0 1 0 1.59945 0 0 0 0 0 0 0 0 0 0 0 0 0 0 0 0 0 0 0 
-1 4.3094 58.9578 116.579 1 0 0 1 0 1.60831 0 0 0 0 0 0 0 0 0 0 0 0 0 0 0 0 0 0 0 
-1 4.17733 58.9095 116.676 1 0 0 1 0 1.61716 0 0 0 0 0 0 0 0 0 0 0 0 0 0 0 0 0 0 0 
-1 4.04795 58.8611 116.774 1 0 0 1 0 1.62602 0 0 0 0 0 0 0 0 0 0 0 0 0 0 0 0 0 0 0 
-1 3.92118 58.8128 116.871 1 0 0 1 0 1.63488 0 0 0 0 0 0 0 0 0 0 0 0 0 0 0 0 0 0 0 
-1 3.7971 58.7644 116.969 1 0 0 1 0 1.64374 0 0 0 0 0 0 0 0 0 0 0 0 0 0 0 0 0 0 0 
-1 3.67573 58.7161 117.067 1 0 0 1 0 1.6526 0 0 0 0 0 0 0 0 0 0 0 0 0 0 0 0 0 0 0 
-1 3.55715 58.6677 117.164 1 0 0 1 0 1.66146 0 0 0 0 0 0 0 0 0 0 0 0 0 0 0 0 0 0 0 
-1 3.44137 58.6193 117.262 1 0 0 1 0 1.67031 0 0 0 0 0 0 0 0 0 0 0 0 0 0 0 0 0 0 0 
-1 3.3285 58.5708 117.36 1 0 0 1 0 1.67917 0 0 0 0 0 0 0 0 0 0 0 0 0 0 0 0 0 0 0 
-1 3.21852 58.5224 117.458 1 0 0 1 0 1.68803 0 0 0 0 0 0 0 0 0 0 0 0 0 0 0 0 0 0 0 
-1 3.11144 58.4739 117.556 1 0 0 1 0 1.69689 0 0 0 0 0 0 0 0 0 0 0 0 0 0 0 0 0 0 0 
-1 3.00736 58.4254 117.654 1 0 0 1 0 1.70575 0 0 0 0 0 0 0 0 0 0 0 0 0 0 0 0 0 0 0 
-1 2.90628 58.3769 117.752 1 0 0 1 0 1.71461 0 0 0 0 0 0 0 0 0 0 0 0 0 0 0 0 0 0 0 
-1 2.80829 58.3284 117.851 1 0 0 1 0 1.72347 0 0 0 0 0 0 0 0 0 0 0 0 0 0 0 0 0 0 0 
-1 2.71331 58.2798 117.949 1 0 0 1 0 1.73232 0 0 0 0 0 0 0 0 0 0 0 0 0 0 0 0 0 0 0 
-1 2.62152 58.2312 118.047 1 0 0 1 0 1.74118 0 0 0 0 0 0 0 0 0 0 0 0 0 0 0 0 0 0 0 
-1 2.53284 58.1826 118.146 1 0 0 1 0 1.75004 0 0 0 0 0 0 0 0 0 0 0 0 0 0 0 0 0 0 0 
-1 2.44735 58.134 118.244 1 0 0 1 0 1.7589 0 0 0 0 0 0 0 0 0 0 0 0 0 0 0 0 0 0 0 
-1 2.36497 58.0853 118.343 1 0 0 1 0 1.76776 0 0 0 0 0 0 0 0 0 0 0 0 0 0 0 0 0 0 0 
-1 2.28598 58.0367 118.441 1 0 0 1 0 1.77662 0 0 0 0 0 0 0 0 0 0 0 0 0 0 0 0 0 0 0 
-1 2.21009 57.988 118.54 1 0 0 1 0 1.78547 0 0 0 0 0 0 0 0 0 0 0 0 0 0 0 0 0 0 0 
-1 2.1376 57.9393 118.639 1 0 0 1 0 1.79433 0 0 0 0 0 0 0 0 0 0 0 0 0 0 0 0 0 0 0 
-1 2.06841 57.8905 118.738 1 0 0 1 0 1.80319 0 0 0 0 0 0 0 0 0 0 0 0 0 0 0 0 0 0 0 
-1 2.00252 57.8418 118.837 1 0 0 1 0 1.81205 0 0 0 0 0 0 0 0 0 0 0 0 0 0 0 0 0 0 0 
-1 1.93993 57.793 118.936 1 0 0 1 0 1.82091 0 0 0 0 0 0 0 0 0 0 0 0 0 0 0 0 0 0 0 
-1 1.88083 57.7442 119.035 1 0 0 1 0 1.82977 0 0 0 0 0 0 0 0 0 0 0 0 0 0 0 0 0 0 0 
-1 1.82504 57.6954 119.134 1 0 0 1 0 1.83863 0 0 0 0 0 0 0 0 0 0 0 0 0 0 0 0 0 0 0 
-1 1.77274 57.6465 119.233 1 0 0 1 0 1.84748 0 0 0 0 0 0 0 0 0 0 0 0 0 0 0 0 0 0 0 
-1 1.72385 57.5976 119.332 1 0 0 1 0 1.85634 0 0 0 0 0 0 0 0 0 0 0 0 0 0 0 0 0 0 0 
-1 1.67835 57.5487 119.432 1 0 0 1 0 1.8652 0 0 0 0 0 0 0 0 0 0 0 0 0 0 0 0 0 0 0 
-1 1.63635 57.4998 119.531 1 0 0 1 0 1.87406 0 0 0 0 0 0 0 0 0 0 0 0 0 0 0 0 0 0 0 
-1 1.59785 57.4509 119.631 1 0 0 1 0 1.88292 0 0 0 0 0 0 0 0 0 0 0 0 0 0 0 0 0 0 0 
-1 1.56285 57.4019 119.73 1 0 0 1 0 1.89178 0 0 0 0 0 0 0 0 0 0 0 0 0 0 0 0 0 0 0 
-1 1.53135 57.3529 119.83 1 0 0 1 0 1.90063 0 0 0 0 0 0 0 0 0 0 0 0 0 0 0 0 0 0 0 
-1 1.50345 57.3039 119.93 1 0 0 1 0 1.90949 0 0 0 0 0 0 0 0 0 0 0 0 0 0 0 0 0 0 0 
-1 1.47895 57.2548 120.03 1 0 0 1 0 1.91835 0 0 0 0 0 0 0 0 0 0 0 0 0 0 0 0 0 0 0 
-1 1.45804 57.2058 120.13 1 0 0 1 0 1.92721 0 0 0 0 0 0 0 0 0 0 0 0 0 0 0 0 0 0 0 
-1 1.44064 57.1567 120.23 1 0 0 1 0 1.93607 0 0 0 0 0 0 0 0 0 0 0 0 0 0 0 0 0 0 0 
-1 1.42673 57.1075 120.33 1 0 0 1 0 1.94493 0 0 0 0 0 0 0 0 0 0 0 0 0 0 0 0 0 0 0 
-1 1.41643 57.0584 120.43 1 0 0 1 0 1.95379 0 0 0 0 0 0 0 0 0 0 0 0 0 0 0 0 0 0 0 
-1 1.40972 57.0092 120.53 1 0 0 1 0 1.96264 0 0 0 0 0 0 0 0 0 0 0 0 0 0 0 0 0 0 0 
-1 1.40651 56.96 120.631 1 0 0 1 0 1.9715 0 0 0 0 0 0 0 0 0 0 0 0 0 0 0 0 0 0 0 
-1 1.4069 56.9108 120.731 1 0 0 1 0 1.98036 0 0 0 0 0 0 0 0 0 0 0 0 0 0 0 0 0 0 0 
-1 1.41079 56.8616 120.832 1 0 0 1 0 1.98922 0 0 0 0 0 0 0 0 0 0 0 0 0 0 0 0 0 0 0 
-1 1.41818 56.8123 120.932 1 0 0 1 0 1.99808 0 0 0 0 0 0 0 0 0 0 0 0 0 0 0 0 0 0 0 
-1 1.42916 56.763 121.033 1 0 0 1 0 2.00694 0 0 0 0 0 0 0 0 0 0 0 0 0 0 0 0 0 0 0 
-1 1.44375 56.7137 121.134 1 0 0 1 0 2.0158 0 0 0 0 0 0 0 0 0 0 0 0 0 0 0 0 0 0 0 
-1 1.46183 56.6644 121.234 1 0 0 1 0 2.02465 0 0 0 0 0 0 0 0 0 0 0 0 0 0 0 0 0 0 0 
-1 1.48342 56.615 121.335 1 0 0 1 0 2.03351 0 0 0 0 0 0 0 0 0 0 0 0 0 0 0 0 0 0 0 
-1 1.5085 56.5656 121.436 1 0 0 1 0 2.04237 0 0 0 0 0 0 0 0 0 0 0 0 0 0 0 0 0 0 0 
-1 1.53718 56.5162 121.537 1 0 0 1 0 2.05123 0 0 0 0 0 0 0 0 0 0 0 0 0 0 0 0 0 0 0 
-1 1.56927 56.4668 121.639 1 0 0 1 0 2.06009 0 0 0 0 0 0 0 0 0 0 0 0 0 0 0 0 0 0 0 
-1 1.60485 56.4173 121.74 1 0 0 1 0 2.06895 0 0 0 0 0 0 0 0 0 0 0 0 0 0 0 0 0 0 0 
-1 1.64392 56.3678 121.841 1 0 0 1 0 2.0778 0 0 0 0 0 0 0 0 0 0 0 0 0 0 0 0 0 0 0 
-1 1.6865 56.3183 121.942 1 0 0 1 0 2.08666 0 0 0 0 0 0 0 0 0 0 0 0 0 0 0 0 0 0 0 
-1 1.73248 56.2688 122.044 1 0 0 1 0 2.09552 0 0 0 0 0 0 0 0 0 0 0 0 0 0 0 0 0 0 0 
-1 1.78186 56.2192 122.145 1 0 0 1 0 2.10438 0 0 0 0 0 0 0 0 0 0 0 0 0 0 0 0 0 0 0 
-1 1.83463 56.1696 122.247 1 0 0 1 0 2.11324 0 0 0 0 0 0 0 0 0 0 0 0 0 0 0 0 0 0 0 
-1 1.89081 56.12 122.349 1 0 0 1 0 2.1221 0 0 0 0 0 0 0 0 0 0 0 0 0 0 0 0 0 0 0 
-1 1.95038 56.0704 122.451 1 0 0 1 0 2.13096 0 0 0 0 0 0 0 0 0 0 0 0 0 0 0 0 0 0 0 
-1 2.01325 56.0208 122.552 1 0 0 1 0 2.13981 0 0 0 0 0 0 0 0 0 0 0 0 0 0 0 0 0 0 0 
-1 2.07943 55.9711 122.654 1 0 0 1 0 2.14867 0 0 0 0 0 0 0 0 0 0 0 0 0 0 0 0 0 0 0 
-1 2.149 55.9214 122.756 1 0 0 1 0 2.15753 0 0 0 0 0 0 0 0 0 0 0 0 0 0 0 0 0 0 0 
-1 2.22177 55.8717 122.858 1 0 0 1 0 2.16639 0 0 0 0 0 0 0 0 0 0 0 0 0 0 0 0 0 0 0 
-1 2.29774 55.8219 122.961 1 0 0 1 0 2.17525 0 0 0 0 0 0 0 0 0 0 0 0 0 0 0 0 0 0 0 
-1 2.377 55.7722 123.063 1 0 0 1 0 2.18411 0 0 0 0 0 0 0 0 0 0 0 0 0 0 0 0 0 0 0 
-1 2.45937 55.7224 123.165 1 0 0 1 0 2.19296 0 0 0 0 0 0 0 0 0 0 0 0 0 0 0 0 0 0 0 
-1 2.54494 55.6726 123.267 1 0 0 1 0 2.20182 0 0 0 0 0 0 0 0 0 0 0 0 0 0 0 0 0 0 0 
-1 2.6337 55.6227 123.37 1 0 0 1 0 2.21068 0 0 0 0 0 0 0 0 0 0 0 0 0 0 0 0 0 0 0 
-1 2.72547 55.5729 123.472 1 0 0 1 0 2.21954 0 0 0 0 0 0 0 0 0 0 0 0 0 0 0 0 0 0 0 
-1 2.82033 55.523 123.575 1 0 0 1 0 2.2284 0 0 0 0 0 0 0 0 0 0 0 0 0 0 0 0 0 0 0 
-1 2.91819 55.4731 123.678 1 0 0 1 0 2.23726 0 0 0 0 0 0 0 0 0 0 0 0 0 0 0 0 0 0 0 
-1 3.01896 55.4232 123.78 1 0 0 1 0 2.24612 0 0 0 0 0 0 0 0 0 0 0 0 0 0 0 0 0 0 0 
-1 3.12282 55.3733 123.883 1 0 0 1 0 2.25497 0 0 0 0 0 0 0 0 0 0 0 0 0 0 0 0 0 0 0 
-1 3.22948 55.3233 123.986 1 0 0 1 0 2.26383 0 0 0 0 0 0 0 0 0 0 0 0 0 0 0 0 0 0 0 
-1 3.33914 55.2734 124.089 1 0 0 1 0 2.27269 0 0 0 0 0 0 0 0 0 0 0 0 0 0 0 0 0 0 0 
-1 3.4515 55.2234 124.192 1 0 0 1 0 2.28155 0 0 0 0 0 0 0 0 0 0 0 0 0 0 0 0 0 0 0 
-1 3.56675 55.1734 124.295 1 0 0 1 0 2.29041 0 0 0 0 0 0 0 0 0 0 0 0 0 0 0 0 0 0 0 
-1 3.68471 55.1233 124.398 1 0 0 1 0 2.29927 0 0 0 0 0 0 0 0 0 0 0 0 0 0 0 0 0 0 0 
-1 3.80537 55.0733 124.501 1 0 0 1 0 2.30812 0 0 0 0 0 0 0 0 0 0 0 0 0 0 0 0 0 0 0 
-1 3.92872 55.0232 124.604 1 0 0 1 0 2.31698 0 0 0 0 0 0 0 0 0 0 0 0 0 0 0 0 0 0 0 
-1 4.05468 54.9731 124.707 1 0 0 1 0 2.32584 0 0 0 0 0 0 0 0 0 0 0 0 0 0 0 0 0 0 0 
-1 4.18313 54.923 124.811 1 0 0 1 0 2.3347 0 0 0 0 0 0 0 0 0 0 0 0 0 0 0 0 0 0 0 
-1 4.31419 54.8729 124.914 1 0 0 1 0 2.34356 0 0 0 0 0 0 0 0 0 0 0 0 0 0 0 0 0 0 0 
-1 4.44774 54.8228 125.018 1 0 0 1 0 2.35242 0 0 0 0 0 0 0 0 0 0 0 0 0 0 0 0 0 0 0 
-1 4.58369 54.7726 125.121 1 0 0 1 0 2.36128 0 0 0 0 0 0 0 0 0 0 0 0 0 0 0 0 0 0 0 
-1 4.72204 54.7224 125.225 1 0 0 1 0 2.37013 0 0 0 0 0 0 0 0 0 0 0 0 0 0 0 0 0 0 0 
-1 4.86279 54.6722 125.328 1 0 0 1 0 2.37899 0 0 0 0 0 0 0 0 0 0 0 0 0 0 0 0 0 0 0 
-1 5.00574 54.622 125.432 1 0 0 1 0 2.38785 0 0 0 0 0 0 0 0 0 0 0 0 0 0 0 0 0 0 0 
-1 5.15089 54.5718 125.536 1 0 0 1 0 2.39671 0 0 0 0 0 0 0 0 0 0 0 0 0 0 0 0 0 0 0 
-1 5.29834 54.5216 125.639 1 0 0 1 0 2.40557 0 0 0 0 0 0 0 0 0 0 0 0 0 0 0 0 0 0 0 
-1 5.44779 54.4713 125.743 1 0 0 1 0 2.41443 0 0 0 0 0 0 0 0 0 0 0 0 0 0 0 0 0 0 0 
-1 5.59934 54.4211 125.847 1 0 0 1 0 2.42328 0 0 0 0 0 0 0 0 0 0 0 0 0 0 0 0 0 0 0 
-1 5.75289 54.3708 125.951 1 0 0 1 0 2.43214 0 0 0 0 0 0 0 0 0 0 0 0 0 0 0 0 0 0 0 
-1 5.90843 54.3205 126.055 1 0 0 1 0 2.441 0 0 0 0 0 0 0 0 0 0 0 0 0 0 0 0 0 0 0 
-1 6.06588 54.2702 126.159 1 0 0 1 0 2.44986 0 0 0 0 0 0 0 0 0 0 0 0 0 0 0 0 0 0 0 
-1 6.22522 54.2199 126.263 1 0 0 1 0 2.45872 0 0 0 0 0 0 0 0 0 0 0 0 0 0 0 0 0 0 0 
-1 6.38627 54.1695 126.367 1 0 0 1 0 2.46758 0 0 0 0 0 0 0 0 0 0 0 0 0 0 0 0 0 0 0 
-1 6.54912 54.1192 126.471 1 0 0 1 0 2.47644 0 0 0 0 0 0 0 0 0 0 0 0 0 0 0 0 0 0 0 
-1 6.71356 54.0689 126.575 1 0 0 1 0 2.48529 0 0 0 0 0 0 0 0 0 0 0 0 0 0 0 0 0 0 0 
-1 6.8796 54.0185 126.679 1 0 0 1 0 2.49415 0 0 0 0 0 0 0 0 0 0 0 0 0 0 0 0 0 0 0 
-1 7.04725 53.9681 126.784 1 0 0 1 0 2.50301 0 0 0 0 0 0 0 0 0 0 0 0 0 0 0 0 0 0 0 
-1 7.21639 53.9177 126.888 1 0 0 1 0 2.51187 0 0 0 0 0 0 0 0 0 0 0 0 0 0 0 0 0 0 0 
-1 7.38703 53.8673 126.992 1 0 0 1 0 2.52073 0 0 0 0 0 0 0 0 0 0 0 0 0 0 0 0 0 0 0 
-1 7.55898 53.8169 127.096 1 0 0 1 0 2.52959 0 0 0 0 0 0 0 0 0 0 0 0 0 0 0 0 0 0 0 
-1 7.73222 53.7665 127.201 1 0 0 1 0 2.53844 0 0 0 0 0 0 0 0 0 0 0 0 0 0 0 0 0 0 0 
-1 7.90666 53.7161 127.305 1 0 0 1 0 2.5473 0 0 0 0 0 0 0 0 0 0 0 0 0 0 0 0 0 0 0 
-1 8.0823 53.6657 127.409 1 0 0 1 0 2.55616 0 0 0 0 0 0 0 0 0 0 0 0 0 0 0 0 0 0 0 
-1 8.25914 53.6152 127.514 1 0 0 1 0 2.56502 0 0 0 0 0 0 0 0 0 0 0 0 0 0 0 0 0 0 0 
-1 8.43698 53.5648 127.618 1 0 0 1 0 2.57388 0 0 0 0 0 0 0 0 0 0 0 0 0 0 0 0 0 0 0 
-1 8.61582 53.5143 127.723 1 0 0 1 0 2.58274 0 0 0 0 0 0 0 0 0 0 0 0 0 0 0 0 0 0 0 
-1 8.79556 53.4639 127.827 1 0 0 1 0 2.5916 0 0 0 0 0 0 0 0 0 0 0 0 0 0 0 0 0 0 0 
-1 8.9762 53.4134 127.932 1 0 0 1 0 2.60045 0 0 0 0 0 0 0 0 0 0 0 0 0 0 0 0 0 0 0 
-1 9.15764 53.3629 128.036 1 0 0 1 0 2.60931 0 0 0 0 0 0 0 0 0 0 0 0 0 0 0 0 0 0 0 
-1 9.33978 53.3125 128.141 1 0 0 1 0 2.61817 0 0 0 0 0 0 0 0 0 0 0 0 0 0 0 0 0 0 0 
-1 9.52262 53.262 128.245 1 0 0 1 0 2.62703 0 0 0 0 0 0 0 0 0 0 0 0 0 0 0 0 0 0 0 
-1 9.70596 53.2115 128.35 1 0 0 1 0 2.63589 0 0 0 0 0 0 0 0 0 0 0 0 0 0 0 0 0 0 0 
-1 9.89 53.161 128.455 1 0 0 1 0 2.64475 0 0 0 0 0 0 0 0 0 0 0 0 0 0 0 0 0 0 0 
-1 10.0743 53.1105 128.559 1 0 0 1 0 2.65361 0 0 0 0 0 0 0 0 0 0 0 0 0 0 0 0 0 0 0 
-1 10.2592 53.06 128.664 1 0 0 1 0 2.66246 0 0 0 0 0 0 0 0 0 0 0 0 0 0 0 0 0 0 0 
-1 10.4443 53.0095 128.768 1 0 0 1 0 2.67132 0 0 0 0 0 0 0 0 0 0 0 0 0 0 0 0 0 0 0 
-1 10.6298 52.959 128.873 1 0 0 1 0 2.68018 0 0 0 0 0 0 0 0 0 0 0 0 0 0 0 0 0 0 0 
-1 10.8154 52.9085 128.978 1 0 0 1 0 2.68904 0 0 0 0 0 0 0 0 0 0 0 0 0 0 0 0 0 0 0 
-1 11.0011 52.858 129.082 1 0 0 1 0 2.6979 0 0 0 0 0 0 0 0 0 0 0 0 0 0 0 0 0 0 0 
-1 11.187 52.8075 129.187 1 0 0 1 0 2.70676 0 0 0 0 0 0 0 0 0 0 0 0 0 0 0 0 0 0 0 
-1 11.3728 52.757 129.291 1 0 0 1 0 2.71561 0 0 0 0 0 0 0 0 0 0 0 0 0 0 0 0 0 0 0 
-1 11.5585 52.7065 129.396 1 0 0 1 0 2.72447 0 0 0 0 0 0 0 0 0 0 0 0 0 0 0 0 0 0 0 
-1 11.7442 52.656 129.501 1 0 0 1 0 2.73333 0 0 0 0 0 0 0 0 0 0 0 0 0 0 0 0 0 0 0 
-1 11.9296 52.6055 129.605 1 0 0 1 0 2.74219 0 0 0 0 0 0 0 0 0 0 0 0 0 0 0 0 0 0 0 
-1 12.1148 52.555 129.71 1 0 0 1 0 2.75105 0 0 0 0 0 0 0 0 0 0 0 0 0 0 0 0 0 0 0 
-1 12.2996 52.5045 129.815 1 0 0 1 0 2.75991 0 0 0 0 0 0 0 0 0 0 0 0 0 0 0 0 0 0 0 
-1 12.4839 52.4541 129.919 1 0 0 1 0 2.76877 0 0 0 0 0 0 0 0 0 0 0 0 0 0 0 0 0 0 0 
-1 12.668 52.4036 130.024 1 0 0 1 0 2.77762 0 0 0 0 0 0 0 0 0 0 0 0 0 0 0 0 0 0 0 
-1 12.8513 52.3531 130.128 1 0 0 1 0 2.78648 0 0 0 0 0 0 0 0 0 0 0 0 0 0 0 0 0 0 0 
-1 13.0342 52.3026 130.233 1 0 0 1 0 2.79534 0 0 0 0 0 0 0 0 0 0 0 0 0 0 0 0 0 0 0 
-1 13.2163 52.2521 130.337 1 0 0 1 0 2.8042 0 0 0 0 0 0 0 0 0 0 0 0 0 0 0 0 0 0 0 
-1 13.3977 52.2017 130.442 1 0 0 1 0 2.81306 0 0 0 0 0 0 0 0 0 0 0 0 0 0 0 0 0 0 0 
-1 13.5784 52.1512 130.546 1 0 0 1 0 2.82192 0 0 0 0 0 0 0 0 0 0 0 0 0 0 0 0 0 0 0 
-1 13.7581 52.1007 130.651 1 0 0 1 0 2.83077 0 0 0 0 0 0 0 0 0 0 0 0 0 0 0 0 0 0 0 
-1 13.937 52.0503 130.755 1 0 0 1 0 2.83963 0 0 0 0 0 0 0 0 0 0 0 0 0 0 0 0 0 0 0 
-1 14.1148 51.9998 130.86 1 0 0 1 0 2.84849 0 0 0 0 0 0 0 0 0 0 0 0 0 0 0 0 0 0 0 
-1 14.2916 51.9494 130.964 1 0 0 1 0 2.85735 0 0 0 0 0 0 0 0 0 0 0 0 0 0 0 0 0 0 0 
-1 14.4673 51.899 131.069 1 0 0 1 0 2.86621 0 0 0 0 0 0 0 0 0 0 0 0 0 0 0 0 0 0 0 
-1 14.6417 51.8485 131.173 1 0 0 1 0 2.87507 0 0 0 0 0 0 0 0 0 0 0 0 0 0 0 0 0 0 0 
-1 14.815 51.7981 131.277 1 0 0 1 0 2.88393 0 0 0 0 0 0 0 0 0 0 0 0 0 0 0 0 0 0 0 
-1 14.9869 51.7477 131.382 1 0 0 1 0 2.89278 0 0 0 0 0 0 0 0 0 0 0 0 0 0 0 0 0 0 0 
-1 15.1575 51.6973 131.486 1 0 0 1 0 2.90164 0 0 0 0 0 0 0 0 0 0 0 0 0 0 0 0 0 0 0 
-1 15.3267 51.6469 131.59 1 0 0 1 0 2.9105 0 0 0 0 0 0 0 0 0 0 0 0 0 0 0 0 0 0 0 
-1 15.4943 51.5966 131.694 1 0 0 1 0 2.91936 0 0 0 0 0 0 0 0 0 0 0 0 0 0 0 0 0 0 0 
-1 15.6604 51.5462 131.799 1 0 0 1 0 2.92822 0 0 0 0 0 0 0 0 0 0 0 0 0 0 0 0 0 0 0 
-1 15.8248 51.4959 131.903 1 0 0 1 0 2.93708 0 0 0 0 0 0 0 0 0 0 0 0 0 0 0 0 0 0 0 
-1 15.9877 51.4455 132.007 1 0 0 1 0 2.94593 0 0 0 0 0 0 0 0 0 0 0 0 0 0 0 0 0 0 0 
-1 16.1487 51.3952 132.111 1 0 0 1 0 2.95479 0 0 0 0 0 0 0 0 0 0 0 0 0 0 0 0 0 0 0 
-1 16.3081 51.3449 132.215 1 0 0 1 0 2.96365 0 0 0 0 0 0 0 0 0 0 0 0 0 0 0 0 0 0 0 
-1 16.4655 51.2946 132.319 1 0 0 1 0 2.97251 0 0 0 0 0 0 0 0 0 0 0 0 0 0 0 0 0 0 0 
-1 16.621 51.2443 132.423 1 0 0 1 0 2.98137 0 0 0 0 0 0 0 0 0 0 0 0 0 0 0 0 0 0 0 
-1 16.7746 51.194 132.527 1 0 0 1 0 2.99023 0 0 0 0 0 0 0 0 0 0 0 0 0 0 0 0 0 0 0 
-1 16.9261 51.1437 132.631 1 0 0 1 0 2.99909 0 0 0 0 0 0 0 0 0 0 0 0 0 0 0 0 0 0 0 
-1 17.0756 51.0935 132.734 1 0 0 1 0 3.00794 0 0 0 0 0 0 0 0 0 0 0 0 0 0 0 0 0 0 0 
-1 17.223 51.0432 132.838 1 0 0 1 0 3.0168 0 0 0 0 0 0 0 0 0 0 0 0 0 0 0 0 0 0 0 
-1 17.3682 50.993 132.942 1 0 0 1 0 3.02566 0 0 0 0 0 0 0 0 0 0 0 0 0 0 0 0 0 0 0 
-1 17.5111 50.9428 133.045 1 0 0 1 0 3.03452 0 0 0 0 0 0 0 0 0 0 0 0 0 0 0 0 0 0 0 
-1 17.6519 50.8926 133.149 1 0 0 1 0 3.04338 0 0 0 0 0 0 0 0 0 0 0 0 0 0 0 0 0 0 0 
-1 17.7902 50.8425 133.253 1 0 0 1 0 3.05224 0 0 0 0 0 0 0 0 0 0 0 0 0 0 0 0 0 0 0 
-1 17.9262 50.7923 133.356 1 0 0 1 0 3.06109 0 0 0 0 0 0 0 0 0 0 0 0 0 0 0 0 0 0 0 
-1 18.0597 50.7422 133.46 1 0 0 1 0 3.06995 0 0 0 0 0 0 0 0 0 0 0 0 0 0 0 0 0 0 0 
-1 18.1908 50.692 133.563 1 0 0 1 0 3.07881 0 0 0 0 0 0 0 0 0 0 0 0 0 0 0 0 0 0 0 
-1 18.3193 50.6419 133.666 1 0 0 1 0 3.08767 0 0 0 0 0 0 0 0 0 0 0 0 0 0 0 0 0 0 0 
-1 18.4452 50.5919 133.77 1 0 0 1 0 3.09653 0 0 0 0 0 0 0 0 0 0 0 0 0 0 0 0 0 0 0 
-1 18.5686 50.5418 133.873 1 0 0 1 0 3.10539 0 0 0 0 0 0 0 0 0 0 0 0 0 0 0 0 0 0 0 
-1 18.6892 50.4917 133.976 1 0 0 1 0 3.11425 0 0 0 0 0 0 0 0 0 0 0 0 0 0 0 0 0 0 0 
-1 18.8072 50.4417 134.079 1 0 0 1 0 3.1231 0 0 0 0 0 0 0 0 0 0 0 0 0 0 0 0 0 0 0 
-1 18.9224 50.3917 134.182 1 0 0 1 0 3.13196 0 0 0 0 0 0 0 0 0 0 0 0 0 0 0 0 0 0 0 
-1 19.0348 50.3417 134.285 1 0 0 1 0 3.14082 0 0 0 0 0 0 0 0 0 0 0 0 0 0 0 0 0 0 0 
-1 19.1445 50.2917 134.388 1 0 0 1 0 3.14968 0 0 0 0 0 0 0 0 0 0 0 0 0 0 0 0 0 0 0 
-1 19.2511 50.2418 134.491 1 0 0 1 0 3.15854 0 0 0 0 0 0 0 0 0 0 0 0 0 0 0 0 0 0 0 
-1 19.355 50.1918 134.593 1 0 0 1 0 3.1674 0 0 0 0 0 0 0 0 0 0 0 0 0 0 0 0 0 0 0 
-1 19.4557 50.1419 134.696 1 0 0 1 0 3.17626 0 0 0 0 0 0 0 0 0 0 0 0 0 0 0 0 0 0 0 
-1 19.5536 50.092 134.799 1 0 0 1 0 3.18511 0 0 0 0 0 0 0 0 0 0 0 0 0 0 0 0 0 0 0 
-1 19.6485 50.0422 134.901 1 0 0 1 0 3.19397 0 0 0 0 0 0 0 0 0 0 0 0 0 0 0 0 0 0 0 
-1 19.7402 49.9923 135.004 1 0 0 1 0 3.20283 0 0 0 0 0 0 0 0 0 0 0 0 0 0 0 0 0 0 0 
-1 19.829 49.9425 135.106 1 0 0 1 0 3.21169 0 0 0 0 0 0 0 0 0 0 0 0 0 0 0 0 0 0 0 
-1 19.9146 49.8927 135.209 1 0 0 1 0 3.22055 0 0 0 0 0 0 0 0 0 0 0 0 0 0 0 0 0 0 0 
-1 19.9969 49.8429 135.311 1 0 0 1 0 3.22941 0 0 0 0 0 0 0 0 0 0 0 0 0 0 0 0 0 0 0 
-1 20.0762 49.7931 135.413 1 0 0 1 0 3.23826 0 0 0 0 0 0 0 0 0 0 0 0 0 0 0 0 0 0 0 
-1 20.1522 49.7434 135.515 1 0 0 1 0 3.24712 0 0 0 0 0 0 0 0 0 0 0 0 0 0 0 0 0 0 0 
-1 20.2249 49.6937 135.617 1 0 0 1 0 3.25598 0 0 0 0 0 0 0 0 0 0 0 0 0 0 0 0 0 0 0 
-1 20.2945 49.644 135.719 1 0 0 1 0 3.26484 0 0 0 0 0 0 0 0 0 0 0 0 0 0 0 0 0 0 0 
-1 20.3607 49.5943 135.821 1 0 0 1 0 3.2737 0 0 0 0 0 0 0 0 0 0 0 0 0 0 0 0 0 0 0 
-1 20.4235 49.5447 135.923 1 0 0 1 0 3.28256 0 0 0 0 0 0 0 0 0 0 0 0 0 0 0 0 0 0 0 
-1 20.4831 49.495 136.025 1 0 0 1 0 3.29142 0 0 0 0 0 0 0 0 0 0 0 0 0 0 0 0 0 0 0 
-1 20.5393 49.4454 136.127 1 0 0 1 0 3.30027 0 0 0 0 0 0 0 0 0 0 0 0 0 0 0 0 0 0 0 
-1 20.5921 49.3958 136.228 1 0 0 1 0 3.30913 0 0 0 0 0 0 0 0 0 0 0 0 0 0 0 0 0 0 0 
-1 20.6415 49.3463 136.33 1 0 0 1 0 3.31799 0 0 0 0 0 0 0 0 0 0 0 0 0 0 0 0 0 0 0 
-1 20.6874 49.2968 136.431 1 0 0 1 0 3.32685 0 0 0 0 0 0 0 0 0 0 0 0 0 0 0 0 0 0 0 
-1 20.73 49.2472 136.533 1 0 0 1 0 3.33571 0 0 0 0 0 0 0 0 0 0 0 0 0 0 0 0 0 0 0 
-1 20.7691 49.1978 136.634 1 0 0 1 0 3.34457 0 0 0 0 0 0 0 0 0 0 0 0 0 0 0 0 0 0 0 
-1 20.8047 49.1483 136.735 1 0 0 1 0 3.35342 0 0 0 0 0 0 0 0 0 0 0 0 0 0 0 0 0 0 0 
-1 20.8367 49.0989 136.836 1 0 0 1 0 3.36228 0 0 0 0 0 0 0 0 0 0 0 0 0 0 0 0 0 0 0 
-1 20.8654 49.0494 136.937 1 0 0 1 0 3.37114 0 0 0 0 0 0 0 0 0 0 0 0 0 0 0 0 0 0 0 
-1 20.8905 49.0001 137.038 1 0 0 1 0 3.38 0 0 0 0 0 0 0 0 0 0 0 0 0 0 0 0 0 0 0 
-1 20.9121 48.9507 137.139 1 0 0 1 0 3.38886 0 0 0 0 0 0 0 0 0 0 0 0 0 0 0 0 0 0 0 
-1 20.9302 48.9014 137.24 1 0 0 1 0 3.39772 0 0 0 0 0 0 0 0 0 0 0 0 0 0 0 0 0 0 0 
-1 20.9448 48.852 137.341 1 0 0 1 0 3.40658 0 0 0 0 0 0 0 0 0 0 0 0 0 0 0 0 0 0 0 
-1 20.9558 48.8027 137.441 1 0 0 1 0 3.41543 0 0 0 0 0 0 0 0 0 0 0 0 0 0 0 0 0 0 0 
-1 20.9631 48.7535 137.542 1 0 0 1 0 3.42429 0 0 0 0 0 0 0 0 0 0 0 0 0 0 0 0 0 0 0 
-1 20.967 48.7042 137.643 1 0 0 1 0 3.43315 0 0 0 0 0 0 0 0 0 0 0 0 0 0 0 0 0 0 0 
-1 20.9674 48.655 137.743 1 0 0 1 0 3.44201 0 0 0 0 0 0 0 0 0 0 0 0 0 0 0 0 0 0 0 
-1 20.9642 48.6058 137.843 1 0 0 1 0 3.45087 0 0 0 0 0 0 0 0 0 0 0 0 0 0 0 0 0 0 0 
-1 20.9575 48.5567 137.944 1 0 0 1 0 3.45973 0 0 0 0 0 0 0 0 0 0 0 0 0 0 0 0 0 0 0 
-1 20.9472 48.5075 138.044 1 0 0 1 0 3.46858 0 0 0 0 0 0 0 0 0 0 0 0 0 0 0 0 0 0 0 
-1 20.9333 48.4584 138.144 1 0 0 1 0 3.47744 0 0 0 0 0 0 0 0 0 0 0 0 0 0 0 0 0 0 0 
-1 20.9159 48.4093 138.244 1 0 0 1 0 3.4863 0 0 0 0 0 0 0 0 0 0 0 0 0 0 0 0 0 0 0 
-1 20.895 48.3602 138.344 1 0 0 1 0 3.49516 0 0 0 0 0 0 0 0 0 0 0 0 0 0 0 0 0 0 0 
-1 20.8705 48.3112 138.444 1 0 0 1 0 3.50402 0 0 0 0 0 0 0 0 0 0 0 0 0 0 0 0 0 0 0 
-1 20.8426 48.2622 138.544 1 0 0 1 0 3.51288 0 0 0 0 0 0 0 0 0 0 0 0 0 0 0 0 0 0 0 
-1 20.8111 48.2132 138.643 1 0 0 1 0 3.52174 0 0 0 0 0 0 0 0 0 0 0 0 0 0 0 0 0 0 0 
-1 20.7761 48.1642 138.743 1 0 0 1 0 3.53059 0 0 0 0 0 0 0 0 0 0 0 0 0 0 0 0 0 0 0 
-1 20.7375 48.1152 138.842 1 0 0 1 0 3.53945 0 0 0 0 0 0 0 0 0 0 0 0 0 0 0 0 0 0 0 
-1 20.6956 48.0663 138.942 1 0 0 1 0 3.54831 0 0 0 0 0 0 0 0 0 0 0 0 0 0 0 0 0 0 0 
-1 20.6501 48.0174 139.041 1 0 0 1 0 3.55717 0 0 0 0 0 0 0 0 0 0 0 0 0 0 0 0 0 0 0 
-1 20.6012 47.9685 139.141 1 0 0 1 0 3.56603 0 0 0 0 0 0 0 0 0 0 0 0 0 0 0 0 0 0 0 
-1 20.5489 47.9197 139.24 1 0 0 1 0 3.57489 0 0 0 0 0 0 0 0 0 0 0 0 0 0 0 0 0 0 0 
-1 20.4931 47.8709 139.339 1 0 0 1 0 3.58375 0 0 0 0 0 0 0 0 0 0 0 0 0 0 0 0 0 0 0 
-1 20.434 47.8221 139.438 1 0 0 1 0 3.5926 0 0 0 0 0 0 0 0 0 0 0 0 0 0 0 0 0 0 0 
-1 20.3714 47.7733 139.537 1 0 0 1 0 3.60146 0 0 0 0 0 0 0 0 0 0 0 0 0 0 0 0 0 0 0 
-1 20.3055 47.7245 139.636 1 0 0 1 0 3.61032 0 0 0 0 0 0 0 0 0 0 0 0 0 0 0 0 0 0 0 
-1 20.2363 47.6758 139.735 1 0 0 1 0 3.61918 0 0 0 0 0 0 0 0 0 0 0 0 0 0 0 0 0 0 0 
-1 20.1638 47.6271 139.834 1 0 0 1 0 3.62804 0 0 0 0 0 0 0 0 0 0 0 0 0 0 0 0 0 0 0 
-1 20.088 47.5784 139.932 1 0 0 1 0 3.6369 0 0 0 0 0 0 0 0 0 0 0 0 0 0 0 0 0 0 0 
-1 20.009 47.5297 140.031 1 0 0 1 0 3.64575 0 0 0 0 0 0 0 0 0 0 0 0 0 0 0 0 0 0 0 
-1 19.9266 47.4811 140.13 1 0 0 1 0 3.65461 0 0 0 0 0 0 0 0 0 0 0 0 0 0 0 0 0 0 0 
-1 19.8411 47.4324 140.228 1 0 0 1 0 3.66347 0 0 0 0 0 0 0 0 0 0 0 0 0 0 0 0 0 0 0 
-1 19.7524 47.3838 140.327 1 0 0 1 0 3.67233 0 0 0 0 0 0 0 0 0 0 0 0 0 0 0 0 0 0 0 
-1 19.6606 47.3353 140.425 1 0 0 1 0 3.68119 0 0 0 0 0 0 0 0 0 0 0 0 0 0 0 0 0 0 0 
-1 19.5656 47.2867 140.523 1 0 0 1 0 3.69005 0 0 0 0 0 0 0 0 0 0 0 0 0 0 0 0 0 0 0 
-1 19.4677 47.2382 140.621 1 0 0 1 0 3.6989 0 0 0 0 0 0 0 0 0 0 0 0 0 0 0 0 0 0 0 
-1 19.3666 47.1897 140.719 1 0 0 1 0 3.70776 0 0 0 0 0 0 0 0 0 0 0 0 0 0 0 0 0 0 0 
-1 19.2625 47.1412 140.818 1 0 0 1 0 3.71662 0 0 0 0 0 0 0 0 0 0 0 0 0 0 0 0 0 0 0 
-1 19.1554 47.0927 140.916 1 0 0 1 0 3.72548 0 0 0 0 0 0 0 0 0 0 0 0 0 0 0 0 0 0 0 
-1 19.0454 47.0442 141.013 1 0 0 1 0 3.73434 0 0 0 0 0 0 0 0 0 0 0 0 0 0 0 0 0 0 0 
-1 18.9326 46.9958 141.111 1 0 0 1 0 3.7432 0 0 0 0 0 0 0 0 0 0 0 0 0 0 0 0 0 0 0 
-1 18.8168 46.9474 141.209 1 0 0 1 0 3.75206 0 0 0 0 0 0 0 0 0 0 0 0 0 0 0 0 0 0 0 
-1 18.6982 46.899 141.307 1 0 0 1 0 3.76091 0 0 0 0 0 0 0 0 0 0 0 0 0 0 0 0 0 0 0 
-1 18.5768 46.8506 141.405 1 0 0 1 0 3.76977 0 0 0 0 0 0 0 0 0 0 0 0 0 0 0 0 0 0 0 
-1 18.4528 46.8023 141.502 1 0 0 1 0 3.77863 0 0 0 0 0 0 0 0 0 0 0 0 0 0 0 0 0 0 0 
-1 18.326 46.7539 141.6 1 0 0 1 0 3.78749 0 0 0 0 0 0 0 0 0 0 0 0 0 0 0 0 0 0 0 
-1 18.1966 46.7056 141.697 1 0 0 1 0 3.79635 0 0 0 0 0 0 0 0 0 0 0 0 0 0 0 0 0 0 0 
-1 18.0645 46.6573 141.795 1 0 0 1 0 3.80521 0 0 0 0 0 0 0 0 0 0 0 0 0 0 0 0 0 0 0 
-1 17.93 46.609 141.892 1 0 0 1 0 3.81407 0 0 0 0 0 0 0 0 0 0 0 0 0 0 0 0 0 0 0 
-1 17.7928 46.5607 141.989 1 0 0 1 0 3.82292 0 0 0 0 0 0 0 0 0 0 0 0 0 0 0 0 0 0 0 
-1 17.6532 46.5125 142.087 1 0 0 1 0 3.83178 0 0 0 0 0 0 0 0 0 0 0 0 0 0 0 0 0 0 0 
-1 17.5112 46.4643 142.184 1 0 0 1 0 3.84064 0 0 0 0 0 0 0 0 0 0 0 0 0 0 0 0 0 0 0 
-1 17.3669 46.416 142.281 1 0 0 1 0 3.8495 0 0 0 0 0 0 0 0 0 0 0 0 0 0 0 0 0 0 0 
-1 17.2202 46.3679 142.378 1 0 0 1 0 3.85836 0 0 0 0 0 0 0 0 0 0 0 0 0 0 0 0 0 0 0 
-1 17.0713 46.3197 142.475 1 0 0 1 0 3.86722 0 0 0 0 0 0 0 0 0 0 0 0 0 0 0 0 0 0 0 
-1 16.9202 46.2715 142.572 1 0 0 1 0 3.87607 0 0 0 0 0 0 0 0 0 0 0 0 0 0 0 0 0 0 0 
-1 16.7669 46.2233 142.669 1 0 0 1 0 3.88493 0 0 0 0 0 0 0 0 0 0 0 0 0 0 0 0 0 0 0 
-1 16.6114 46.1752 142.766 1 0 0 1 0 3.89379 0 0 0 0 0 0 0 0 0 0 0 0 0 0 0 0 0 0 0 
-1 16.454 46.1271 142.863 1 0 0 1 0 3.90265 0 0 0 0 0 0 0 0 0 0 0 0 0 0 0 0 0 0 0 
-1 16.2945 46.079 142.96 1 0 0 1 0 3.91151 0 0 0 0 0 0 0 0 0 0 0 0 0 0 0 0 0 0 0 
-1 16.1331 46.0309 143.057 1 0 0 1 0 3.92037 0 0 0 0 0 0 0 0 0 0 0 0 0 0 0 0 0 0 0 
-1 15.9699 45.9828 143.153 1 0 0 1 0 3.92923 0 0 0 0 0 0 0 0 0 0 0 0 0 0 0 0 0 0 0 
-1 15.8047 45.9347 143.25 1 0 0 1 0 3.93808 0 0 0 0 0 0 0 0 0 0 0 0 0 0 0 0 0 0 0 
-1 15.6379 45.8867 143.347 1 0 0 1 0 3.94694 0 0 0 0 0 0 0 0 0 0 0 0 0 0 0 0 0 0 0 
-1 15.4693 45.8386 143.443 1 0 0 1 0 3.9558 0 0 0 0 0 0 0 0 0 0 0 0 0 0 0 0 0 0 0 
-1 15.299 45.7906 143.54 1 0 0 1 0 3.96466 0 0 0 0 0 0 0 0 0 0 0 0 0 0 0 0 0 0 0 
-1 15.1273 45.7425 143.636 1 0 0 1 0 3.97352 0 0 0 0 0 0 0 0 0 0 0 0 0 0 0 0 0 0 0 
-1 14.9539 45.6945 143.733 1 0 0 1 0 3.98238 0 0 0 0 0 0 0 0 0 0 0 0 0 0 0 0 0 0 0 
-1 14.779 45.6465 143.829 1 0 0 1 0 3.99123 0 0 0 0 0 0 0 0 0 0 0 0 0 0 0 0 0 0 0 
-1 14.6028 45.5985 143.926 1 0 0 1 0 4.00009 0 0 0 0 0 0 0 0 0 0 0 0 0 0 0 0 0 0 0 
-1 14.4252 45.5505 144.022 1 0 0 1 0 4.00895 0 0 0 0 0 0 0 0 0 0 0 0 0 0 0 0 0 0 0 
-1 14.2463 45.5026 144.119 1 0 0 1 0 4.01781 0 0 0 0 0 0 0 0 0 0 0 0 0 0 0 0 0 0 0 
-1 14.0662 45.4546 144.215 1 0 0 1 0 4.02667 0 0 0 0 0 0 0 0 0 0 0 0 0 0 0 0 0 0 0 
-1 13.8849 45.4066 144.311 1 0 0 1 0 4.03553 0 0 0 0 0 0 0 0 0 0 0 0 0 0 0 0 0 0 0 
-1 13.7026 45.3587 144.408 1 0 0 1 0 4.04439 0 0 0 0 0 0 0 0 0 0 0 0 0 0 0 0 0 0 0 
-1 13.5191 45.3107 144.504 1 0 0 1 0 4.05324 0 0 0 0 0 0 0 0 0 0 0 0 0 0 0 0 0 0 0 
-1 13.3348 45.2628 144.6 1 0 0 1 0 4.0621 0 0 0 0 0 0 0 0 0 0 0 0 0 0 0 0 0 0 0 
-1 13.1495 45.2149 144.696 1 0 0 1 0 4.07096 0 0 0 0 0 0 0 0 0 0 0 0 0 0 0 0 0 0 0 
-1 12.9634 45.1669 144.792 1 0 0 1 0 4.07982 0 0 0 0 0 0 0 0 0 0 0 0 0 0 0 0 0 0 0 
-1 12.7765 45.119 144.889 1 0 0 1 0 4.08868 0 0 0 0 0 0 0 0 0 0 0 0 0 0 0 0 0 0 0 
-1 12.5889 45.0711 144.985 1 0 0 1 0 4.09754 0 0 0 0 0 0 0 0 0 0 0 0 0 0 0 0 0 0 0 
-1 12.4007 45.0232 145.081 1 0 0 1 0 4.10639 0 0 0 0 0 0 0 0 0 0 0 0 0 0 0 0 0 0 0 
-1 12.2118 44.9753 145.177 1 0 0 1 0 4.11525 0 0 0 0 0 0 0 0 0 0 0 0 0 0 0 0 0 0 0 
-1 12.0225 44.9274 145.273 1 0 0 1 0 4.12411 0 0 0 0 0 0 0 0 0 0 0 0 0 0 0 0 0 0 0 
-1 11.8327 44.8795 145.369 1 0 0 1 0 4.13297 0 0 0 0 0 0 0 0 0 0 0 0 0 0 0 0 0 0 0 
-1 11.6426 44.8316 145.466 1 0 0 1 0 4.14183 0 0 0 0 0 0 0 0 0 0 0 0 0 0 0 0 0 0 0 
-1 11.4521 44.7837 145.562 1 0 0 1 0 4.15069 0 0 0 0 0 0 0 0 0 0 0 0 0 0 0 0 0 0 0 
-1 11.2613 44.7358 145.658 1 0 0 1 0 4.15955 0 0 0 0 0 0 0 0 0 0 0 0 0 0 0 0 0 0 0 
-1 11.0705 44.6879 145.754 1 0 0 1 0 4.1684 0 0 0 0 0 0 0 0 0 0 0 0 0 0 0 0 0 0 0 
-1 10.8795 44.64 145.85 1 0 0 1 0 4.17726 0 0 0 0 0 0 0 0 0 0 0 0 0 0 0 0 0 0 0 
-1 10.6885 44.5921 145.946 1 0 0 1 0 4.18612 0 0 0 0 0 0 0 0 0 0 0 0 0 0 0 0 0 0 0 
-1 10.4974 44.5442 146.042 1 0 0 1 0 4.19498 0 0 0 0 0 0 0 0 0 0 0 0 0 0 0 0 0 0 0 
-1 10.3065 44.4963 146.138 1 0 0 1 0 4.20384 0 0 0 0 0 0 0 0 0 0 0 0 0 0 0 0 0 0 0 
-1 10.1157 44.4484 146.234 1 0 0 1 0 4.2127 0 0 0 0 0 0 0 0 0 0 0 0 0 0 0 0 0 0 0 
-1 9.92514 44.4005 146.331 1 0 0 1 0 4.22156 0 0 0 0 0 0 0 0 0 0 0 0 0 0 0 0 0 0 0 
-1 9.73489 44.3526 146.427 1 0 0 1 0 4.23041 0 0 0 0 0 0 0 0 0 0 0 0 0 0 0 0 0 0 0 
-1 9.54493 44.3047 146.523 1 0 0 1 0 4.23927 0 0 0 0 0 0 0 0 0 0 0 0 0 0 0 0 0 0 0 
-1 9.35547 44.2568 146.619 1 0 0 1 0 4.24813 0 0 0 0 0 0 0 0 0 0 0 0 0 0 0 0 0 0 0 
-1 9.16652 44.2089 146.715 1 0 0 1 0 4.25699 0 0 0 0 0 0 0 0 0 0 0 0 0 0 0 0 0 0 0 
-1 8.97806 44.161 146.811 1 0 0 1 0 4.26585 0 0 0 0 0 0 0 0 0 0 0 0 0 0 0 0 0 0 0 
-1 8.7902 44.1131 146.907 1 0 0 1 0 4.27471 0 0 0 0 0 0 0 0 0 0 0 0 0 0 0 0 0 0 0 
-1 8.60305 44.0652 147.004 1 0 0 1 0 4.28356 0 0 0 0 0 0 0 0 0 0 0 0 0 0 0 0 0 0 0 
-1 8.41668 44.0172 147.1 1 0 0 1 0 4.29242 0 0 0 0 0 0 0 0 0 0 0 0 0 0 0 0 0 0 0 
-1 8.23113 43.9693 147.196 1 0 0 1 0 4.30128 0 0 0 0 0 0 0 0 0 0 0 0 0 0 0 0 0 0 0 
-1 8.04647 43.9214 147.292 1 0 0 1 0 4.31014 0 0 0 0 0 0 0 0 0 0 0 0 0 0 0 0 0 0 0 
-1 7.86271 43.8734 147.389 1 0 0 1 0 4.319 0 0 0 0 0 0 0 0 0 0 0 0 0 0 0 0 0 0 0 
-1 7.67995 43.8255 147.485 1 0 0 1 0 4.32786 0 0 0 0 0 0 0 0 0 0 0 0 0 0 0 0 0 0 0 
-1 7.49839 43.7775 147.581 1 0 0 1 0 4.33672 0 0 0 0 0 0 0 0 0 0 0 0 0 0 0 0 0 0 0 
-1 7.31783 43.7296 147.678 1 0 0 1 0 4.34557 0 0 0 0 0 0 0 0 0 0 0 0 0 0 0 0 0 0 0 
-1 7.13858 43.6816 147.774 1 0 0 1 0 4.35443 0 0 0 0 0 0 0 0 0 0 0 0 0 0 0 0 0 0 0 
-1 6.96051 43.6336 147.87 1 0 0 1 0 4.36329 0 0 0 0 0 0 0 0 0 0 0 0 0 0 0 0 0 0 0 
-1 6.78385 43.5856 147.967 1 0 0 1 0 4.37215 0 0 0 0 0 0 0 0 0 0 0 0 0 0 0 0 0 0 0 
-1 6.60849 43.5376 148.063 1 0 0 1 0 4.38101 0 0 0 0 0 0 0 0 0 0 0 0 0 0 0 0 0 0 0 
-1 6.43463 43.4896 148.16 1 0 0 1 0 4.38987 0 0 0 0 0 0 0 0 0 0 0 0 0 0 0 0 0 0 0 
-1 6.26227 43.4416 148.256 1 0 0 1 0 4.39872 0 0 0 0 0 0 0 0 0 0 0 0 0 0 0 0 0 0 0 
-1 6.09151 43.3935 148.353 1 0 0 1 0 4.40758 0 0 0 0 0 0 0 0 0 0 0 0 0 0 0 0 0 0 0 
-1 5.92234 43.3455 148.449 1 0 0 1 0 4.41644 0 0 0 0 0 0 0 0 0 0 0 0 0 0 0 0 0 0 0 
-1 5.75488 43.2974 148.546 1 0 0 1 0 4.4253 0 0 0 0 0 0 0 0 0 0 0 0 0 0 0 0 0 0 0 
-1 5.58922 43.2494 148.643 1 0 0 1 0 4.43416 0 0 0 0 0 0 0 0 0 0 0 0 0 0 0 0 0 0 0 
-1 5.42535 43.2013 148.739 1 0 0 1 0 4.44302 0 0 0 0 0 0 0 0 0 0 0 0 0 0 0 0 0 0 0 
-1 5.26329 43.1532 148.836 1 0 0 1 0 4.45188 0 0 0 0 0 0 0 0 0 0 0 0 0 0 0 0 0 0 0 
-1 5.10312 43.1051 148.933 1 0 0 1 0 4.46073 0 0 0 0 0 0 0 0 0 0 0 0 0 0 0 0 0 0 0 
-1 4.94506 43.057 149.03 1 0 0 1 0 4.46959 0 0 0 0 0 0 0 0 0 0 0 0 0 0 0 0 0 0 0 
-1 4.78889 43.0088 149.127 1 0 0 1 0 4.47845 0 0 0 0 0 0 0 0 0 0 0 0 0 0 0 0 0 0 0 
-1 4.63492 42.9607 149.224 1 0 0 1 0 4.48731 0 0 0 0 0 0 0 0 0 0 0 0 0 0 0 0 0 0 0 
-1 4.48306 42.9125 149.321 1 0 0 1 0 4.49617 0 0 0 0 0 0 0 0 0 0 0 0 0 0 0 0 0 0 0 
-1 4.33339 42.8643 149.418 1 0 0 1 0 4.50503 0 0 0 0 0 0 0 0 0 0 0 0 0 0 0 0 0 0 0 
-1 4.18592 42.8161 149.515 1 0 0 1 0 4.51388 0 0 0 0 0 0 0 0 0 0 0 0 0 0 0 0 0 0 0 
-1 4.04085 42.7679 149.612 1 0 0 1 0 4.52274 0 0 0 0 0 0 0 0 0 0 0 0 0 0 0 0 0 0 0 
-1 3.89808 42.7197 149.709 1 0 0 1 0 4.5316 0 0 0 0 0 0 0 0 0 0 0 0 0 0 0 0 0 0 0 
-1 3.75771 42.6715 149.806 1 0 0 1 0 4.54046 0 0 0 0 0 0 0 0 0 0 0 0 0 0 0 0 0 0 0 
-1 3.61974 42.6232 149.904 1 0 0 1 0 4.54932 0 0 0 0 0 0 0 0 0 0 0 0 0 0 0 0 0 0 0 
-1 3.48427 42.5749 150.001 1 0 0 1 0 4.55818 0 0 0 0 0 0 0 0 0 0 0 0 0 0 0 0 0 0 0 
-1 3.3514 42.5266 150.098 1 0 0 1 0 4.56704 0 0 0 0 0 0 0 0 0 0 0 0 0 0 0 0 0 0 0 
-1 3.22112 42.4783 150.196 1 0 0 1 0 4.57589 0 0 0 0 0 0 0 0 0 0 0 0 0 0 0 0 0 0 0 
-1 3.09345 42.43 150.293 1 0 0 1 0 4.58475 0 0 0 0 0 0 0 0 0 0 0 0 0 0 0 0 0 0 0 
-1 2.96847 42.3816 150.391 1 0 0 1 0 4.59361 0 0 0 0 0 0 0 0 0 0 0 0 0 0 0 0 0 0 0 
-1 2.8462 42.3333 150.489 1 0 0 1 0 4.60247 0 0 0 0 0 0 0 0 0 0 0 0 0 0 0 0 0 0 0 
-1 2.72662 42.2849 150.586 1 0 0 1 0 4.61133 0 0 0 0 0 0 0 0 0 0 0 0 0 0 0 0 0 0 0 
-1 2.60994 42.2365 150.684 1 0 0 1 0 4.62019 0 0 0 0 0 0 0 0 0 0 0 0 0 0 0 0 0 0 0 
-1 2.49617 42.188 150.782 1 0 0 1 0 4.62905 0 0 0 0 0 0 0 0 0 0 0 0 0 0 0 0 0 0 0 
-1 2.38519 42.1396 150.88 1 0 0 1 0 4.6379 0 0 0 0 0 0 0 0 0 0 0 0 0 0 0 0 0 0 0 
-1 2.27711 42.0911 150.978 1 0 0 1 0 4.64676 0 0 0 0 0 0 0 0 0 0 0 0 0 0 0 0 0 0 0 
-1 2.17203 42.0426 151.076 1 0 0 1 0 4.65562 0 0 0 0 0 0 0 0 0 0 0 0 0 0 0 0 0 0 0 
-1 2.06994 41.9941 151.174 1 0 0 1 0 4.66448 0 0 0 0 0 0 0 0 0 0 0 0 0 0 0 0 0 0 0 
-1 1.97096 41.9456 151.272 1 0 0 1 0 4.67334 0 0 0 0 0 0 0 0 0 0 0 0 0 0 0 0 0 0 0 
-1 1.87498 41.897 151.371 1 0 0 1 0 4.6822 0 0 0 0 0 0 0 0 0 0 0 0 0 0 0 0 0 0 0 
-1 1.7821 41.8485 151.469 1 0 0 1 0 4.69105 0 0 0 0 0 0 0 0 0 0 0 0 0 0 0 0 0 0 0 
-1 1.69231 41.7999 151.567 1 0 0 1 0 4.69991 0 0 0 0 0 0 0 0 0 0 0 0 0 0 0 0 0 0 0 
-1 1.60573 41.7513 151.666 1 0 0 1 0 4.70877 0 0 0 0 0 0 0 0 0 0 0 0 0 0 0 0 0 0 0 
-1 1.52244 41.7026 151.764 1 0 0 1 0 4.71763 0 0 0 0 0 0 0 0 0 0 0 0 0 0 0 0 0 0 0 
-1 1.44225 41.654 151.863 1 0 0 1 0 4.72649 0 0 0 0 0 0 0 0 0 0 0 0 0 0 0 0 0 0 0 
-1 1.36536 41.6053 151.962 1 0 0 1 0 4.73535 0 0 0 0 0 0 0 0 0 0 0 0 0 0 0 0 0 0 0 
-1 1.29167 41.5566 152.06 1 0 0 1 0 4.74421 0 0 0 0 0 0 0 0 0 0 0 0 0 0 0 0 0 0 0 
-1 1.22138 41.5079 152.159 1 0 0 1 0 4.75306 0 0 0 0 0 0 0 0 0 0 0 0 0 0 0 0 0 0 0 
-1 1.15439 41.4591 152.258 1 0 0 1 0 4.76192 0 0 0 0 0 0 0 0 0 0 0 0 0 0 0 0 0 0 0 
-1 1.0907 41.4103 152.357 1 0 0 1 0 4.77078 0 0 0 0 0 0 0 0 0 0 0 0 0 0 0 0 0 0 0 
-1 1.03051 41.3615 152.456 1 0 0 1 0 4.77964 0 0 0 0 0 0 0 0 0 0 0 0 0 0 0 0 0 0 0 
-1 0.973615 41.3127 152.555 1 0 0 1 0 4.7885 0 0 0 0 0 0 0 0 0 0 0 0 0 0 0 0 0 0 0 
-1 0.92012 41.2639 152.655 1 0 0 1 0 4.79736 0 0 0 0 0 0 0 0 0 0 0 0 0 0 0 0 0 0 0 
-1 0.870024 41.215 152.754 1 0 0 1 0 4.80621 0 0 0 0 0 0 0 0 0 0 0 0 0 0 0 0 0 0 0 
-1 0.823426 41.1661 152.853 1 0 0 1 0 4.81507 0 0 0 0 0 0 0 0 0 0 0 0 0 0 0 0 0 0 0 
-1 0.780328 41.1172 152.953 1 0 0 1 0 4.82393 0 0 0 0 0 0 0 0 0 0 0 0 0 0 0 0 0 0 0 
-1 0.740629 41.0682 153.052 1 0 0 1 0 4.83279 0 0 0 0 0 0 0 0 0 0 0 0 0 0 0 0 0 0 0 
-1 0.704531 41.0193 153.152 1 0 0 1 0 4.84165 0 0 0 0 0 0 0 0 0 0 0 0 0 0 0 0 0 0 0 
-1 0.671831 40.9703 153.251 1 0 0 1 0 4.85051 0 0 0 0 0 0 0 0 0 0 0 0 0 0 0 0 0 0 0 
-1 0.642629 40.9213 153.351 1 0 0 1 0 4.85936 0 0 0 0 0 0 0 0 0 0 0 0 0 0 0 0 0 0 0 
-1 0.617025 40.8722 153.451 1 0 0 1 0 4.86822 0 0 0 0 0 0 0 0 0 0 0 0 0 0 0 0 0 0 0 
-1 0.594921 40.8232 153.551 1 0 0 1 0 4.87708 0 0 0 0 0 0 0 0 0 0 0 0 0 0 0 0 0 0 0 
-1 0.576318 40.7741 153.651 1 0 0 1 0 4.88594 0 0 0 0 0 0 0 0 0 0 0 0 0 0 0 0 0 0 0 
-1 0.561312 40.725 153.751 1 0 0 1 0 4.8948 0 0 0 0 0 0 0 0 0 0 0 0 0 0 0 0 0 0 0 
-1 0.549804 40.6758 153.851 1 0 0 1 0 4.90366 0 0 0 0 0 0 0 0 0 0 0 0 0 0 0 0 0 0 0 
-1 0.541898 40.6267 153.951 1 0 0 1 0 4.91252 0 0 0 0 0 0 0 0 0 0 0 0 0 0 0 0 0 0 0 
-1 0.537489 40.5775 154.052 1 0 0 1 0 4.92137 0 0 0 0 0 0 0 0 0 0 0 0 0 0 0 0 0 0 0 
